Raw ERP/Planning Export - intentionally messy,,,,,,,,
,,,,,,,,
Date,Dept,Account,Vendor / Customer,Amount EUR,Source,Owner,Status,Manual note
01-Jan-26,COGS,Materials,Walmart,"1,318",Check,M. Chen,late invoice,One-off item
01/3/26,R&D,Payroll - eng,Payroll,"8,369",ERP,,,
01/3/26,Marketing,Customer appr.,Amazon gift c.,520,manual Entry,M. Chen,,Check sign
2026-04-01,Sales,CRM / RevOps tools,Salesforce / Outreach,"3,920",manual Entry,Alex - FP&A,needs mapping,Timing issue
2026-03-28,Services,Prof services,Implementation clients,121,ERP,TBD,accrual,One-off item
01/2/26,Mktg,Paid media,Google / LinkedIn,"8,584",Pos,Alex - FP&A,posted,Timing issue
15 Apr-26,Sales,Sales commission,Payroll,"1,690",ERP,,,Check sign
01/1/26,Sales,Sales commission,Payroll,"8,388",Check,Andres,,Check sign
01/2/26,Sales,Sales commission,Payroll,"2,026",Pos,,late invoice,Ask owner
01/4/26,Marketing,Customer appr.,Soccer Ticket,"8,409",ERP,Andres,needs mapping,Map to GL 6100
15 Apr-26,Revenue,Subscr. revenue,Corp. clients,"2,659",manual Entry,M. Chen,manual adj,Timing issue
01/4/26,Marketing,Google Ads,Google / LinkedIn,"(6,182)",Pos,TBD,late invoice,Vendor invoice late
01/1/26,G&A,Legal fees,Europa Law firm,"6,166",Pos,M. Chen,manual adj,Ask owner
01/1/26,R&D,AI automation,n8n,"3,945",ERP,Alex - FP&A,needs mapping,
01/4/26,Revenue,Service,Retail Customer,"4,463",Pos,Andres,,Timing issue
2026-01-25,COGS,Payroll - eng,Payroll,"(5,382)",ERP,Erikfinance ops,posted,
2026-02-26,Sales,CRM / RevOps tools,Salesforce / Outreach,"4,477",ERP,TBD,Posted,
2026-01-25,Sales,CRM / RevOps tools,Salesforce / Outreach,"5,143",Pos,Andres,posted,
15 Apr-26,Sales,Payroll - sales,Payroll,"6,414",ERP,M. Chen,posted,Check sign
2026-01-25,Mktg,Customer appr.,Gift hamper,"(8,562)",manual Entry,TBD,late invoice,Timing issue
2026-01-25,Sales,Payroll - sales,Payroll,"9,652",Check,,manual adj,Timing issue
01-Jan-26,COGS,Payroll - eng,Payroll,"3,476",cash,,accrual,One-off item
2026-01-25,Revenue,Service,Corp. clients,430,ERP,M. Chen,posted,Vendor invoice late
2026-04-01,Services,Prof services,Implementation clients,"9,646",Pos,M. Chen,Posted,Check sign
01/2/26,Services,Support tools,Zendesk / Gainsight,"5,349",manual Entry,Alex - FP&A,posted,Timing issue
15 Apr-26,Services,Prof services,Implementation clients,343,Pos,Erikfinance ops,,Timing issue
15 Feb-26,Revenue,Service,Corp. clients,"(6,696)",Check,,,Timing issue
25 Mar-26,G&A,Accounting fees,Brandon,"7,662",ERP,Alex - FP&A,,Timing issue
2026-03-28,G&A,Office rent,Landlord,"2,093",ERP,M. Chen,Posted,Ask owner
2026-03-28,Marketing,Events & webinars,Various,"5,744",Check,TBD,posted,Vendor invoice late
01/2/26,Services,Support tools,Zendesk / Gainsight,"7,330",Pos,Andres,accrual,Check sign
01/3/26,R&D,AI automation,n8n,"9,799",Pos,TBD,manual adj,Map to GL 6100
2026-01-25,COGS,Payroll - eng,Payroll,"4,016",Pos,M. Chen,Posted,Ask owner
01-Jan-26,Services,Support tools,Zendesk / Gainsight,"9,702",ERP,M. Chen,Posted,Vendor invoice late
01/1/26,R&D,Cloud hosting,AWS / Datadog,"6,040",cash,Erikfinance ops,late invoice,Vendor invoice late
2026-01-25,G&A,Office rent,Landlord,"3,033",cash,M. Chen,needs mapping,One-off item
2026-04-01,Revenue,Product sales,Retail Customer,"(5,350)",cash,,Posted,Check sign
2026-04-01,G&A,Office rent,Landlord,"(8,778)",cash,Erikfinance ops,Posted,Timing issue
01-Jan-26,COGS,Cloud hosting,AWS / Datadog,650,ERP,,late invoice,Timing issue
01/3/26,Marketing,Customer appr.,Gift hamper,"6,195",Pos,Erikfinance ops,,Check sign
2026-01-25,COGS,Materials,Walmart,"9,637",manual Entry,M. Chen,late invoice,Vendor invoice late
2026-01-25,R&D,Payroll - eng,Payroll,400,Check,M. Chen,Posted,Ask owner
2026-03-28,Mktg,Events & webinars,Various,"9,597",manual Entry,Erikfinance ops,manual adj,One-off item
25 Mar-26,COGS,Payroll - eng,Payroll,"7,207",cash,M. Chen,Posted,Timing issue
01/1/26,Services,Support tools,Zendesk / Gainsight,"(6,344)",cash,Andres,,
2026-02-26,Mktg,Customer appr.,Soccer Ticket,"9,600",cash,M. Chen,accrual,One-off item
15 Apr-26,Services,Prof services,Implementation clients,"(1,383)",ERP,Andres,needs mapping,Vendor invoice late
2026-04-01,Marketing,Events & webinars,Various,"8,951",cash,Andres,needs mapping,Timing issue
01/4/26,COGS,Materials,Johnsons Supply,"1,457",manual Entry,Andres,manual adj,Ask owner
15 Apr-26,Revenue,Service,Retail Customer,"3,554",ERP,Erikfinance ops,,
01-Jan-26,G&A,Accounting fees,Brandon,500,Check,Erikfinance ops,late invoice,Vendor invoice late
01/2/26,G&A,Legal fees,Buchalter,"2,708",ERP,Erikfinance ops,Posted,
15 Feb-26,COGS,Payroll - eng,Payroll,"(7,050)",ERP,M. Chen,accrual,Check sign
2026-02-26,R&D,Payroll - eng,Payroll,"1,254",ERP,Erikfinance ops,manual adj,Vendor invoice late
2026-01-25,Sales,Sales commission,Payroll,"7,138",manual Entry,M. Chen,needs mapping,One-off item
2026-03-28,Mktg,Events & webinars,Various,"9,221",manual Entry,Andres,manual adj,Timing issue
01/4/26,Mktg,Events & webinars,Various,"(9,150)",Pos,TBD,manual adj,Map to GL 6100
01/4/26,Marketing,Events & webinars,Various,"5,450",manual Entry,Erikfinance ops,accrual,Vendor invoice late
2026-03-28,Mktg,Events & webinars,Various,"6,021",manual Entry,Alex - FP&A,,Map to GL 6100
2026-01-25,COGS,Materials,Electric house,"9,614",Pos,Erikfinance ops,late invoice,One-off item
01/3/26,Mktg,Customer appr.,Amazon gift c.,"9,552",cash,TBD,,Map to GL 6100
01/1/26,G&A,Office rent,Landlord,"6,611",manual Entry,Andres,posted,Ask owner
01-Jan-26,G&A,Legal fees,Buchalter,"(6,917)",ERP,Andres,Posted,Check sign
25 Mar-26,Marketing,Customer appr.,Gift hamper,"(6,476)",Pos,,accrual,Check sign
2026-04-01,Services,Prof services,Implementation clients,"(5,248)",ERP,TBD,accrual,One-off item
01-Jan-26,Revenue,Subscr. revenue,Retail Customer,"6,695",ERP,Andres,accrual,Vendor invoice late
01/4/26,Services,Prof services,Implementation clients,"8,026",cash,Andres,late invoice,Timing issue
2026-03-28,G&A,Office rent,Landlord,"4,075",Pos,M. Chen,manual adj,Map to GL 6100
01/4/26,R&D,Payroll - eng,Payroll,"(4,552)",Check,M. Chen,accrual,Vendor invoice late
01/4/26,Revenue,Revenue,Retail Customer,"3,567",Check,TBD,late invoice,Timing issue
25 Mar-26,Mktg,Events & webinars,Various,"(1,181)",cash,Andres,manual adj,Vendor invoice late
2026-01-25,Sales,Sales commission,Payroll,"4,638",manual Entry,Andres,needs mapping,
2026-04-01,Sales,CRM / RevOps tools,Salesforce / Outreach,"2,572",manual Entry,M. Chen,manual adj,
01/4/26,Mktg,Customer appr.,Soccer Ticket,"3,405",ERP,Andres,accrual,Vendor invoice late
01/3/26,Marketing,Customer appr.,Gift hamper,"(2,571)",Check,TBD,needs mapping,Ask owner
01-Jan-26,Revenue,Service,Retail Customer,"6,512",manual Entry,Erikfinance ops,,Ask owner
2026-03-28,Marketing,Customer appr.,Amazon gift c.,"1,870",cash,Erikfinance ops,,Vendor invoice late
01/4/26,Mktg,Events & webinars,Various,"6,918",manual Entry,Andres,,Map to GL 6100
2026-04-01,Marketing,Google Ads,Google / LinkedIn,"9,799",cash,Andres,needs mapping,One-off item
01/1/26,Marketing,Events & webinars,Various,"(7,400)",Pos,M. Chen,late invoice,
01/4/26,Marketing,Customer appr.,Gift hamper,"1,855",Pos,,posted,Ask owner
01/3/26,Revenue,Subscr. revenue,Corp. clients,"9,804",manual Entry,,manual adj,
01-Jan-26,Revenue,Revenue,Retail Customer,"3,710",manual Entry,M. Chen,needs mapping,One-off item
15 Apr-26,Marketing,Google Ads,Google / LinkedIn,"7,449",Pos,Erikfinance ops,Posted,
2026-02-26,COGS,Cloud hosting,AWS / Datadog,"5,720",ERP,TBD,manual adj,Ask owner
15 Apr-26,Mktg,Customer appr.,Amazon gift c.,"1,634",ERP,M. Chen,Posted,Vendor invoice late
2026-01-25,R&D,Cloud hosting,AWS / Datadog,190,cash,Erikfinance ops,posted,Vendor invoice late
01/3/26,Mktg,Customer appr.,Soccer Ticket,"8,578",manual Entry,,accrual,
01/2/26,Revenue,Product sales,Retail Customer,"9,531",Check,Alex - FP&A,,Timing issue
01/4/26,Revenue,Service,Corp. clients,"1,079",Check,Erikfinance ops,needs mapping,Timing issue
2026-04-01,Marketing,Customer appr.,Soccer Ticket,"2,199",Check,M. Chen,posted,Timing issue
2026-01-25,Mktg,Customer appr.,Gift hamper,"9,225",manual Entry,,,Check sign
01-Jan-26,Revenue,Subscr. revenue,Corp. clients,"2,863",Check,M. Chen,late invoice,One-off item
2026-01-25,G&A,Legal fees,Buchalter,754,Pos,TBD,accrual,Timing issue
01/1/26,R&D,Cloud hosting,AWS / Datadog,"(8,449)",Check,Erikfinance ops,,One-off item
01/1/26,R&D,AI automation,n8n,"3,003",cash,,,Check sign
01/4/26,Services,Support tools,Zendesk / Gainsight,"2,496",Pos,Erikfinance ops,,Vendor invoice late
2026-04-01,Services,Support tools,Zendesk / Gainsight,"5,836",cash,TBD,manual adj,Vendor invoice late
15 Feb-26,R&D,Cloud hosting,AWS / Datadog,"6,325",manual Entry,TBD,late invoice,Timing issue
25 Mar-26,G&A,Office rent,Landlord,"3,645",Check,Andres,needs mapping,
15 Feb-26,Mktg,Paid media,Google / LinkedIn,99,Check,M. Chen,manual adj,Map to GL 6100
15 Feb-26,R&D,Payroll - eng,Payroll,"(3,875)",Check,Alex - FP&A,needs mapping,Timing issue
01/1/26,Sales,Payroll - sales,Payroll,"2,333",ERP,Erikfinance ops,Posted,Map to GL 6100
01-Jan-26,Sales,Payroll - sales,Payroll,"9,763",cash,Erikfinance ops,Posted,Vendor invoice late
2026-04-01,COGS,Materials,Home Depot,"5,202",ERP,Andres,,
15 Feb-26,Marketing,Events & webinars,Various,"1,262",manual Entry,Alex - FP&A,,One-off item
01/3/26,Revenue,Product sales,Corp. clients,"3,502",Pos,TBD,accrual,Check sign
15 Apr-26,R&D,Cloud hosting,AWS / Datadog,629,Check,Alex - FP&A,posted,Timing issue
2026-01-25,Services,Support tools,Zendesk / Gainsight,"9,839",Check,Alex - FP&A,Posted,Check sign
25 Mar-26,COGS,Payroll - eng,Payroll,"7,269",cash,Andres,posted,One-off item
2026-03-28,Services,Prof services,Implementation clients,(409),manual Entry,M. Chen,posted,Check sign
15 Feb-26,COGS,Cloud hosting,AWS / Datadog,"1,530",manual Entry,Erikfinance ops,posted,Ask owner
2026-01-25,Mktg,Events & webinars,Various,"8,204",Check,TBD,late invoice,Map to GL 6100
2026-01-25,R&D,AI automation,n8n,231,Pos,,accrual,Timing issue
01/2/26,Marketing,Customer appr.,Soccer Ticket,"6,171",Check,M. Chen,Posted,
15 Apr-26,Services,Support tools,Zendesk / Gainsight,920,manual Entry,TBD,posted,Ask owner
2026-01-25,G&A,Legal fees,Buchalter,"8,170",Check,Alex - FP&A,late invoice,
01/3/26,G&A,Office rent,Landlord,"4,244",manual Entry,TBD,needs mapping,Timing issue
01/2/26,Revenue,Product sales,Retail Customer,"(2,977)",manual Entry,M. Chen,posted,Check sign
2026-02-26,Marketing,Customer appr.,Amazon gift c.,744,manual Entry,,late invoice,Ask owner
2026-03-28,Revenue,Subscr. revenue,Corp. clients,"3,048",ERP,Erikfinance ops,accrual,Map to GL 6100
2026-03-28,Mktg,Events & webinars,Various,"9,094",Pos,Erikfinance ops,late invoice,One-off item
01/1/26,COGS,Materials,Home Depot,"3,049",cash,M. Chen,manual adj,Check sign
15 Feb-26,Mktg,Paid media,Google / LinkedIn,"6,056",manual Entry,TBD,,Check sign
01-Jan-26,Revenue,Revenue,Retail Customer,"6,626",manual Entry,M. Chen,needs mapping,Map to GL 6100
01/4/26,Sales,Sales commission,Payroll,"5,067",Check,M. Chen,manual adj,One-off item
15 Feb-26,Sales,CRM / RevOps tools,Salesforce / Outreach,"(2,747)",manual Entry,TBD,Posted,Ask owner
01/2/26,COGS,Cloud hosting,AWS / Datadog,"3,582",Pos,Erikfinance ops,manual adj,Timing issue
2026-03-28,G&A,Office rent,Landlord,"3,478",ERP,M. Chen,,Ask owner
15 Apr-26,Revenue,Revenue,Retail Customer,"(3,781)",cash,TBD,accrual,Vendor invoice late
01/4/26,Mktg,Events & webinars,Various,"5,348",Check,TBD,manual adj,Timing issue
2026-02-26,Marketing,Events & webinars,Various,"6,337",ERP,M. Chen,manual adj,One-off item
01/4/26,G&A,Office rent,Landlord,"7,148",manual Entry,Erikfinance ops,late invoice,Map to GL 6100
15 Apr-26,COGS,Cloud hosting,AWS / Datadog,"(6,342)",cash,Andres,accrual,
2026-04-01,COGS,Cloud hosting,AWS / Datadog,"7,107",Pos,,accrual,
01-Jan-26,Sales,CRM / RevOps tools,Salesforce / Outreach,"1,820",Check,M. Chen,posted,Timing issue
2026-01-25,Services,Prof services,Implementation clients,"5,749",Pos,M. Chen,needs mapping,Map to GL 6100
2026-03-28,Sales,CRM / RevOps tools,Salesforce / Outreach,"8,915",ERP,M. Chen,late invoice,One-off item
01/1/26,Services,Support tools,Zendesk / Gainsight,"5,112",manual Entry,TBD,Posted,Map to GL 6100
2026-01-25,Mktg,Events & webinars,Various,"(2,443)",ERP,Erikfinance ops,manual adj,Timing issue
2026-04-01,Revenue,Product sales,Corp. clients,"3,358",manual Entry,Erikfinance ops,accrual,
01/3/26,Mktg,Events & webinars,Various,"(6,411)",cash,Andres,manual adj,Map to GL 6100
01/4/26,Services,Support tools,Zendesk / Gainsight,"9,102",cash,Alex - FP&A,,Timing issue
15 Apr-26,COGS,Materials,Home Depot,"(6,426)",ERP,,,Check sign
2026-02-26,Revenue,Subscr. revenue,Corp. clients,"1,682",Check,Erikfinance ops,late invoice,Map to GL 6100
2026-02-26,Services,Prof services,Implementation clients,"8,072",ERP,TBD,late invoice,Vendor invoice late
2026-04-01,COGS,Payroll - eng,Payroll,"3,563",Check,Erikfinance ops,manual adj,Map to GL 6100
01-Jan-26,Mktg,Paid media,Google / LinkedIn,"1,342",manual Entry,TBD,accrual,One-off item
01/4/26,Sales,CRM / RevOps tools,Salesforce / Outreach,945,manual Entry,M. Chen,,Vendor invoice late
01/3/26,R&D,Payroll - eng,Payroll,754,Check,TBD,needs mapping,One-off item
01/4/26,Mktg,Paid media,Google / LinkedIn,"2,119",ERP,M. Chen,posted,Timing issue
01/4/26,Revenue,Revenue,Retail Customer,"9,023",Pos,Erikfinance ops,needs mapping,Map to GL 6100
2026-01-25,COGS,Materials,Johnsons Supply,"6,966",Pos,M. Chen,,Check sign
2026-04-01,Sales,CRM / RevOps tools,Salesforce / Outreach,"3,160",manual Entry,,late invoice,
01/3/26,COGS,Materials,Walmart,"7,661",Check,,,Check sign
2026-01-25,Marketing,Google Ads,Google / LinkedIn,"1,011",Pos,Erikfinance ops,accrual,Ask owner
01/2/26,Mktg,Paid media,Google / LinkedIn,"5,357",cash,TBD,late invoice,Check sign
2026-01-25,R&D,Cloud hosting,AWS / Datadog,"(4,888)",manual Entry,M. Chen,late invoice,One-off item
2026-03-28,Marketing,Events & webinars,Various,"4,383",Check,Alex - FP&A,Posted,Vendor invoice late
01-Jan-26,Marketing,Google Ads,Google / LinkedIn,"1,065",cash,Alex - FP&A,needs mapping,
15 Apr-26,Sales,Sales commission,Payroll,779,Check,TBD,needs mapping,Timing issue
01/3/26,G&A,Legal fees,Buchalter,"2,277",manual Entry,Andres,manual adj,Ask owner
01-Jan-26,R&D,Cloud hosting,AWS / Datadog,"5,182",ERP,Erikfinance ops,needs mapping,Map to GL 6100
2026-01-25,Sales,Payroll - sales,Payroll,"4,466",cash,M. Chen,late invoice,Map to GL 6100
15 Feb-26,R&D,Cloud hosting,AWS / Datadog,"4,526",Pos,Erikfinance ops,,Vendor invoice late
2026-01-25,COGS,Cloud hosting,AWS / Datadog,"2,728",Pos,TBD,,One-off item
15 Apr-26,Services,Prof services,Implementation clients,"6,998",manual Entry,Alex - FP&A,accrual,Timing issue
01/2/26,Sales,Payroll - sales,Payroll,"3,745",cash,,late invoice,Map to GL 6100
2026-03-28,COGS,Materials,Electric house,"6,099",Check,Alex - FP&A,,Vendor invoice late
15 Feb-26,Revenue,Revenue,Retail Customer,"5,179",ERP,M. Chen,late invoice,Map to GL 6100
2026-02-26,Marketing,Customer appr.,Gift hamper,"1,312",manual Entry,M. Chen,manual adj,Check sign
15 Feb-26,R&D,Cloud hosting,AWS / Datadog,"4,678",Pos,Alex - FP&A,needs mapping,
2026-01-25,Mktg,Customer appr.,Gift hamper,(567),Check,,,Check sign
25 Mar-26,R&D,AI automation,n8n,"6,224",cash,M. Chen,,
2026-02-26,COGS,Cloud hosting,AWS / Datadog,"7,816",Check,,late invoice,
2026-02-26,Sales,CRM / RevOps tools,Salesforce / Outreach,"9,688",cash,TBD,,Timing issue
2026-02-26,Services,Support tools,Zendesk / Gainsight,"9,442",ERP,Erikfinance ops,accrual,Vendor invoice late
01/1/26,Marketing,Google Ads,Google / LinkedIn,"1,865",Check,Andres,manual adj,One-off item
15 Apr-26,COGS,Materials,Electric house,"5,341",Pos,Alex - FP&A,late invoice,
15 Apr-26,Sales,Sales commission,Payroll,"1,542",cash,Alex - FP&A,late invoice,Ask owner
01/4/26,Revenue,Subscr. revenue,Retail Customer,"6,937",cash,TBD,Posted,Timing issue
2026-04-01,COGS,Payroll - eng,Payroll,"7,230",ERP,TBD,,Check sign
01/2/26,Revenue,Revenue,Retail Customer,"4,954",ERP,Erikfinance ops,needs mapping,Timing issue
15 Feb-26,COGS,Payroll - eng,Payroll,"5,923",ERP,,accrual,Timing issue
01/4/26,Marketing,Paid media,Google / LinkedIn,"(3,504)",manual Entry,Andres,late invoice,One-off item
01/1/26,Revenue,Service,Corp. clients,"1,238",Pos,TBD,late invoice,Ask owner
01/1/26,R&D,AI automation,n8n,"(8,299)",manual Entry,Alex - FP&A,accrual,Timing issue
01-Jan-26,Marketing,Customer appr.,Amazon gift c.,"7,943",Check,TBD,posted,Map to GL 6100
2026-02-26,Services,Prof services,Implementation clients,"7,672",Pos,Andres,needs mapping,Vendor invoice late
2026-02-26,G&A,Legal fees,Europa Law firm,(313),ERP,M. Chen,manual adj,Map to GL 6100
2026-01-25,Mktg,Customer appr.,Amazon gift c.,"9,324",Pos,Alex - FP&A,needs mapping,Map to GL 6100
01/3/26,COGS,Cloud hosting,AWS / Datadog,"7,725",ERP,TBD,needs mapping,
01/2/26,Services,Prof services,Implementation clients,"5,706",manual Entry,Alex - FP&A,late invoice,Check sign
01-Jan-26,Services,Support tools,Zendesk / Gainsight,"9,429",ERP,,late invoice,One-off item
25 Mar-26,COGS,Cloud hosting,AWS / Datadog,"5,412",Check,Alex - FP&A,manual adj,Check sign
2026-03-28,Marketing,Google Ads,Google / LinkedIn,"4,312",cash,Erikfinance ops,accrual,Ask owner
01/2/26,Services,Support tools,Zendesk / Gainsight,"(7,252)",ERP,TBD,accrual,Ask owner
15 Apr-26,COGS,Cloud hosting,AWS / Datadog,"8,284",manual Entry,M. Chen,needs mapping,Vendor invoice late
2026-03-28,Sales,CRM / RevOps tools,Salesforce / Outreach,"7,723",cash,M. Chen,manual adj,One-off item
01/1/26,R&D,Payroll - eng,Payroll,"9,921",cash,Andres,needs mapping,
01/1/26,G&A,Accounting fees,Jason CPA,"5,098",cash,TBD,Posted,
01/4/26,Sales,Payroll - sales,Payroll,"(9,150)",ERP,Alex - FP&A,accrual,One-off item
15 Feb-26,Sales,Payroll - sales,Payroll,"1,500",Check,Andres,,Timing issue
01-Jan-26,R&D,Payroll - eng,Payroll,"(1,440)",manual Entry,Alex - FP&A,late invoice,One-off item
2026-01-25,Sales,Sales commission,Payroll,"6,311",Check,TBD,,Ask owner
01-Jan-26,COGS,Materials,Electric house,170,ERP,,needs mapping,Timing issue
01/2/26,G&A,Office rent,Landlord,"5,044",manual Entry,Erikfinance ops,Posted,Timing issue
15 Feb-26,Revenue,Product sales,Corp. clients,284,ERP,M. Chen,posted,One-off item
01/4/26,R&D,Payroll - eng,Payroll,"4,951",Pos,TBD,posted,
2026-02-26,Marketing,Events & webinars,Various,"3,769",Check,M. Chen,posted,
2026-03-28,Sales,Sales commission,Payroll,"5,305",Pos,TBD,manual adj,Map to GL 6100
2026-04-01,COGS,Cloud hosting,AWS / Datadog,"8,829",Pos,Andres,late invoice,Check sign
01/1/26,Mktg,Customer appr.,Gift hamper,"9,917",manual Entry,M. Chen,posted,
01/3/26,Sales,Payroll - sales,Payroll,"2,042",Check,Andres,accrual,
2026-02-26,Mktg,Customer appr.,Soccer Ticket,"4,021",cash,M. Chen,Posted,Map to GL 6100
01-Jan-26,G&A,Legal fees,Buchalter,"8,638",ERP,Alex - FP&A,Posted,Vendor invoice late
25 Mar-26,Revenue,Service,Corp. clients,"6,879",Check,Erikfinance ops,manual adj,Timing issue
01/4/26,Revenue,Revenue,Corp. clients,"2,231",manual Entry,TBD,Posted,One-off item
01/1/26,Sales,Payroll - sales,Payroll,"(5,161)",Pos,TBD,accrual,Ask owner
01/1/26,Mktg,Events & webinars,Various,"9,788",cash,Andres,Posted,Map to GL 6100
01/1/26,Services,Support tools,Zendesk / Gainsight,"2,307",ERP,TBD,posted,Vendor invoice late
01/4/26,Revenue,Revenue,Retail Customer,"6,523",Check,TBD,needs mapping,Ask owner
01/4/26,COGS,Materials,Johnsons Supply,"1,580",Check,M. Chen,needs mapping,One-off item
2026-03-28,Marketing,Events & webinars,Various,"5,323",manual Entry,M. Chen,posted,One-off item
2026-02-26,Marketing,Customer appr.,Soccer Ticket,"8,992",Check,Erikfinance ops,late invoice,
01-Jan-26,Services,Prof services,Implementation clients,"2,821",ERP,Alex - FP&A,manual adj,Vendor invoice late
2026-02-26,Marketing,Customer appr.,Amazon gift c.,"8,914",Pos,Andres,Posted,Map to GL 6100
01/4/26,Mktg,Events & webinars,Various,"2,551",ERP,,manual adj,Map to GL 6100
01/4/26,Marketing,Paid media,Google / LinkedIn,"2,455",manual Entry,Andres,,Timing issue
2026-02-26,G&A,Accounting fees,Brandon,"2,577",Pos,,late invoice,One-off item
25 Mar-26,Marketing,Paid media,Google / LinkedIn,"(7,674)",Pos,M. Chen,manual adj,Map to GL 6100
2026-03-28,Sales,Sales commission,Payroll,"(5,182)",cash,,posted,Map to GL 6100
01/3/26,Services,Prof services,Implementation clients,"5,010",manual Entry,Andres,manual adj,
2026-04-01,R&D,Cloud hosting,AWS / Datadog,"1,244",Pos,,late invoice,Check sign
01/1/26,Sales,Payroll - sales,Payroll,"5,460",manual Entry,M. Chen,accrual,Timing issue
01-Jan-26,Sales,Sales commission,Payroll,"8,675",Pos,,posted,Timing issue
15 Feb-26,Services,Prof services,Implementation clients,"8,562",Pos,M. Chen,,
25 Mar-26,G&A,Legal fees,Buchalter,"1,889",manual Entry,Erikfinance ops,,Timing issue
25 Mar-26,Mktg,Events & webinars,Various,"8,884",ERP,M. Chen,needs mapping,Timing issue
01/3/26,COGS,Payroll - eng,Payroll,"5,603",Pos,TBD,posted,Check sign
01/1/26,COGS,Materials,Home Depot,"5,502",Check,,posted,Ask owner
15 Apr-26,Revenue,Service,Retail Customer,"6,718",Check,Alex - FP&A,accrual,Ask owner
01/3/26,Mktg,Paid media,Google / LinkedIn,"9,889",cash,,manual adj,
2026-01-25,Services,Support tools,Zendesk / Gainsight,"6,505",Pos,Alex - FP&A,accrual,Ask owner
2026-04-01,Mktg,Customer appr.,Amazon gift c.,970,Pos,Alex - FP&A,accrual,Ask owner
25 Mar-26,Sales,Sales commission,Payroll,"2,764",Check,,posted,Check sign
15 Apr-26,Mktg,Customer appr.,Soccer Ticket,"7,509",manual Entry,,manual adj,Check sign
01-Jan-26,Services,Support tools,Zendesk / Gainsight,(706),Pos,,Posted,Ask owner
01/1/26,Sales,Payroll - sales,Payroll,"1,319",cash,Alex - FP&A,posted,Map to GL 6100
2026-04-01,R&D,Cloud hosting,AWS / Datadog,"5,886",cash,Alex - FP&A,posted,Ask owner
01/1/26,G&A,Legal fees,Buchalter,"(9,096)",cash,Andres,manual adj,Vendor invoice late
01/3/26,G&A,Legal fees,Buchalter,"2,305",Pos,Andres,posted,Ask owner
01/3/26,Revenue,Service,Retail Customer,"4,903",manual Entry,TBD,late invoice,
01/4/26,Mktg,Customer appr.,Amazon gift c.,"3,537",Pos,,posted,Timing issue
01/1/26,Sales,Payroll - sales,Payroll,"(9,444)",Pos,,late invoice,Check sign
2026-03-28,Services,Support tools,Zendesk / Gainsight,"7,503",manual Entry,,accrual,
15 Apr-26,COGS,Cloud hosting,AWS / Datadog,"8,940",ERP,Alex - FP&A,manual adj,Check sign
01-Jan-26,G&A,Office rent,Landlord,"7,168",Pos,Erikfinance ops,needs mapping,Timing issue
01-Jan-26,COGS,Materials,Home Depot,"7,197",manual Entry,Erikfinance ops,,Vendor invoice late
01/1/26,Marketing,Customer appr.,Soccer Ticket,"7,066",manual Entry,Alex - FP&A,manual adj,Map to GL 6100
01/4/26,Revenue,Revenue,Retail Customer,"1,914",manual Entry,M. Chen,posted,Map to GL 6100
01/2/26,Revenue,Service,Retail Customer,290,ERP,Alex - FP&A,needs mapping,Map to GL 6100
01-Jan-26,Marketing,Google Ads,Google / LinkedIn,"6,697",Pos,Andres,needs mapping,Ask owner
15 Apr-26,R&D,Payroll - eng,Payroll,"3,157",manual Entry,Alex - FP&A,,Ask owner
2026-01-25,Mktg,Paid media,Google / LinkedIn,"4,342",Check,M. Chen,late invoice,One-off item
01/1/26,COGS,Materials,Walmart,"5,195",Check,M. Chen,manual adj,One-off item
2026-02-26,R&D,Cloud hosting,AWS / Datadog,"(1,248)",ERP,M. Chen,,Check sign
15 Feb-26,Sales,Sales commission,Payroll,"8,115",Check,TBD,accrual,One-off item
01/1/26,COGS,Materials,Walmart,"9,751",Check,Erikfinance ops,posted,Vendor invoice late
01-Jan-26,Revenue,Product sales,Retail Customer,"2,676",manual Entry,Alex - FP&A,posted,Map to GL 6100
2026-01-25,Revenue,Revenue,Retail Customer,"5,956",ERP,Alex - FP&A,,
2026-02-26,COGS,Payroll - eng,Payroll,"9,202",manual Entry,Andres,late invoice,Vendor invoice late
2026-04-01,G&A,Legal fees,Buchalter,11,ERP,TBD,late invoice,Ask owner
01/3/26,Services,Support tools,Zendesk / Gainsight,"(6,438)",Pos,M. Chen,posted,Map to GL 6100
01/3/26,COGS,Materials,Johnsons Supply,"6,024",cash,Andres,,Check sign
25 Mar-26,Marketing,Google Ads,Google / LinkedIn,"6,831",manual Entry,Alex - FP&A,manual adj,One-off item
25 Mar-26,Mktg,Customer appr.,Gift hamper,"6,634",Check,Andres,needs mapping,Check sign
25 Mar-26,G&A,Legal fees,Buchalter,"(6,412)",ERP,Alex - FP&A,,Map to GL 6100
25 Mar-26,COGS,Materials,Home Depot,"6,817",manual Entry,TBD,needs mapping,Vendor invoice late
01/2/26,Marketing,Events & webinars,Various,"(1,624)",manual Entry,Alex - FP&A,posted,One-off item
2026-03-28,G&A,Legal fees,Europa Law firm,"3,547",ERP,Andres,late invoice,Vendor invoice late
2026-01-25,Sales,Payroll - sales,Payroll,"4,677",Pos,TBD,,Vendor invoice late
2026-03-28,G&A,Legal fees,Europa Law firm,"5,474",Pos,Andres,posted,One-off item
2026-01-25,Sales,Payroll - sales,Payroll,"1,645",ERP,M. Chen,Posted,
01/4/26,G&A,Legal fees,Buchalter,"9,853",ERP,,,Check sign
01/1/26,R&D,Payroll - eng,Payroll,"7,405",Pos,M. Chen,Posted,
01/1/26,Mktg,Paid media,Google / LinkedIn,458,Check,TBD,needs mapping,Ask owner
01-Jan-26,COGS,Cloud hosting,AWS / Datadog,"3,931",manual Entry,,accrual,Vendor invoice late
15 Feb-26,R&D,Cloud hosting,AWS / Datadog,"2,801",ERP,TBD,,Map to GL 6100
01/1/26,G&A,Accounting fees,Brandon,444,Check,,needs mapping,Map to GL 6100
01/2/26,Sales,Payroll - sales,Payroll,"(6,267)",Pos,M. Chen,needs mapping,One-off item
2026-02-26,R&D,AI automation,n8n,"1,752",cash,Alex - FP&A,manual adj,Vendor invoice late
2026-01-25,Mktg,Customer appr.,Amazon gift c.,"2,202",Check,,accrual,Check sign
25 Mar-26,Sales,Sales commission,Payroll,"2,764",Check,TBD,manual adj,One-off item
01/1/26,Marketing,Google Ads,Google / LinkedIn,"(7,374)",ERP,Erikfinance ops,accrual,Map to GL 6100
01/2/26,Sales,Payroll - sales,Payroll,399,cash,TBD,posted,Timing issue
2026-01-25,G&A,Office rent,Landlord,"8,703",Pos,M. Chen,Posted,
01/4/26,Revenue,Revenue,Corp. clients,(130),manual Entry,TBD,needs mapping,
01/2/26,Sales,Sales commission,Payroll,"(1,366)",Check,Erikfinance ops,late invoice,Timing issue
2026-03-28,Services,Prof services,Implementation clients,929,ERP,Erikfinance ops,manual adj,Map to GL 6100
15 Feb-26,R&D,Payroll - eng,Payroll,"7,520",ERP,TBD,manual adj,Map to GL 6100
2026-04-01,Sales,Payroll - sales,Payroll,"9,282",ERP,,,Map to GL 6100
2026-04-01,Sales,Sales commission,Payroll,"2,209",Pos,TBD,needs mapping,Map to GL 6100
2026-03-28,G&A,Office rent,Landlord,"3,411",manual Entry,,late invoice,Vendor invoice late
2026-02-26,Services,Support tools,Zendesk / Gainsight,"8,855",cash,Alex - FP&A,posted,Check sign
01/1/26,Sales,Sales commission,Payroll,(39),Check,Andres,needs mapping,Check sign
25 Mar-26,Sales,Payroll - sales,Payroll,"5,192",Check,,needs mapping,
01/1/26,R&D,AI automation,n8n,"4,979",manual Entry,TBD,late invoice,Map to GL 6100
25 Mar-26,Sales,CRM / RevOps tools,Salesforce / Outreach,"5,992",cash,Erikfinance ops,late invoice,
01/4/26,R&D,Payroll - eng,Payroll,"2,349",Check,,late invoice,Map to GL 6100
01/1/26,Sales,CRM / RevOps tools,Salesforce / Outreach,"1,206",manual Entry,,Posted,Ask owner
15 Feb-26,Services,Prof services,Implementation clients,"1,545",cash,,posted,Map to GL 6100
01/4/26,Marketing,Google Ads,Google / LinkedIn,680,ERP,Andres,Posted,Map to GL 6100
2026-03-28,Mktg,Customer appr.,Amazon gift c.,"7,939",Check,,accrual,Map to GL 6100
2026-02-26,Revenue,Revenue,Retail Customer,"8,614",manual Entry,,Posted,
2026-03-28,Marketing,Customer appr.,Soccer Ticket,"8,691",cash,M. Chen,posted,One-off item
2026-01-25,Sales,CRM / RevOps tools,Salesforce / Outreach,144,cash,Alex - FP&A,Posted,Ask owner
2026-02-26,Marketing,Google Ads,Google / LinkedIn,"2,625",Check,Alex - FP&A,manual adj,Vendor invoice late
01-Jan-26,Mktg,Events & webinars,Various,"6,634",ERP,Alex - FP&A,posted,Check sign
01-Jan-26,Services,Support tools,Zendesk / Gainsight,"1,774",Check,Alex - FP&A,posted,Ask owner
01/1/26,Mktg,Customer appr.,Soccer Ticket,"7,097",Pos,Andres,manual adj,Vendor invoice late
01/4/26,Mktg,Customer appr.,Amazon gift c.,"1,473",Pos,,late invoice,Ask owner
01/1/26,Marketing,Paid media,Google / LinkedIn,"(2,542)",Check,M. Chen,manual adj,One-off item
2026-02-26,R&D,AI automation,n8n,"2,704",cash,TBD,manual adj,Vendor invoice late
01/1/26,R&D,Payroll - eng,Payroll,"9,517",ERP,,manual adj,
2026-04-01,R&D,Cloud hosting,AWS / Datadog,"5,391",cash,TBD,Posted,Ask owner
2026-03-28,Services,Support tools,Zendesk / Gainsight,"7,484",ERP,TBD,,Timing issue
01/3/26,Sales,Sales commission,Payroll,"2,903",ERP,,,Vendor invoice late
01/4/26,COGS,Materials,Electric house,"8,448",ERP,Alex - FP&A,late invoice,Vendor invoice late
2026-01-25,G&A,Office rent,Landlord,"5,753",cash,TBD,posted,Timing issue
01-Jan-26,Revenue,Revenue,Corp. clients,"2,946",Check,M. Chen,accrual,Ask owner
15 Feb-26,G&A,Legal fees,Buchalter,"(8,755)",cash,M. Chen,posted,One-off item
01/4/26,Mktg,Paid media,Google / LinkedIn,(667),Check,,,Vendor invoice late
01-Jan-26,Mktg,Customer appr.,Soccer Ticket,"3,454",Check,Erikfinance ops,Posted,One-off item
2026-02-26,COGS,Payroll - eng,Payroll,"6,964",cash,Erikfinance ops,,One-off item
01-Jan-26,G&A,Accounting fees,Brandon,"9,957",ERP,Erikfinance ops,accrual,
01/4/26,Revenue,Subscr. revenue,Retail Customer,"9,281",Pos,TBD,manual adj,Ask owner
01/4/26,R&D,Payroll - eng,Payroll,"1,867",ERP,M. Chen,late invoice,Vendor invoice late
01/3/26,Revenue,Product sales,Corp. clients,"2,693",manual Entry,Alex - FP&A,needs mapping,Ask owner
15 Apr-26,Mktg,Customer appr.,Amazon gift c.,"4,860",Check,Erikfinance ops,late invoice,Timing issue
2026-01-25,Services,Support tools,Zendesk / Gainsight,"2,539",Pos,,late invoice,Vendor invoice late
2026-03-28,G&A,Accounting fees,Brandon,"6,544",Pos,Andres,needs mapping,Vendor invoice late
15 Feb-26,Services,Support tools,Zendesk / Gainsight,338,cash,,posted,Ask owner
01/3/26,Revenue,Revenue,Retail Customer,"9,646",cash,TBD,accrual,Ask owner
01/4/26,G&A,Office rent,Landlord,"5,750",Check,Alex - FP&A,needs mapping,Timing issue
2026-04-01,R&D,Payroll - eng,Payroll,"7,133",Check,,,Map to GL 6100
01/3/26,COGS,Cloud hosting,AWS / Datadog,"5,491",ERP,Alex - FP&A,accrual,Timing issue
25 Mar-26,COGS,Materials,Electric house,"6,495",Check,M. Chen,needs mapping,Vendor invoice late
01/1/26,R&D,Payroll - eng,Payroll,734,manual Entry,,manual adj,Ask owner
25 Mar-26,G&A,Legal fees,Europa Law firm,"5,075",Pos,Andres,posted,One-off item
01/4/26,Mktg,Events & webinars,Various,"3,188",Pos,TBD,posted,Vendor invoice late
01/1/26,Sales,CRM / RevOps tools,Salesforce / Outreach,"5,814",manual Entry,M. Chen,needs mapping,
2026-04-01,Revenue,Product sales,Corp. clients,"5,531",ERP,Alex - FP&A,Posted,Ask owner
25 Mar-26,G&A,Legal fees,Europa Law firm,"9,845",Check,Erikfinance ops,posted,
01-Jan-26,Sales,Payroll - sales,Payroll,"(1,508)",Check,M. Chen,late invoice,Map to GL 6100
01/4/26,G&A,Office rent,Landlord,"(9,730)",manual Entry,Andres,,
2026-01-25,R&D,AI automation,n8n,"6,582",manual Entry,Erikfinance ops,late invoice,Check sign
01/3/26,COGS,Cloud hosting,AWS / Datadog,"3,782",Check,M. Chen,posted,Vendor invoice late
01/3/26,R&D,Payroll - eng,Payroll,"9,315",Check,M. Chen,,Vendor invoice late
2026-03-28,Sales,Sales commission,Payroll,"9,782",ERP,Alex - FP&A,Posted,Check sign
2026-01-25,Sales,Sales commission,Payroll,"1,137",Check,,Posted,Vendor invoice late
15 Feb-26,COGS,Payroll - eng,Payroll,"(6,593)",cash,M. Chen,,Ask owner
2026-01-25,Mktg,Paid media,Google / LinkedIn,"1,039",ERP,Erikfinance ops,late invoice,Map to GL 6100
2026-04-01,COGS,Payroll - eng,Payroll,"7,086",manual Entry,Erikfinance ops,,Timing issue
15 Apr-26,Marketing,Google Ads,Google / LinkedIn,"9,749",Check,Alex - FP&A,manual adj,Timing issue
01/2/26,Sales,CRM / RevOps tools,Salesforce / Outreach,"5,038",manual Entry,Andres,needs mapping,
15 Apr-26,Revenue,Subscr. revenue,Corp. clients,"(5,493)",Check,Alex - FP&A,posted,Ask owner
01/2/26,Sales,Payroll - sales,Payroll,"6,841",Check,Erikfinance ops,,Timing issue
2026-01-25,R&D,Cloud hosting,AWS / Datadog,"2,050",Check,,,Timing issue
2026-03-28,Sales,Sales commission,Payroll,"1,494",cash,Alex - FP&A,needs mapping,One-off item
01/3/26,Mktg,Customer appr.,Soccer Ticket,320,Check,Andres,posted,
15 Feb-26,Sales,Sales commission,Payroll,"9,012",Check,M. Chen,Posted,Map to GL 6100
01/1/26,COGS,Materials,Home Depot,388,cash,M. Chen,manual adj,One-off item
01/3/26,R&D,AI automation,n8n,"4,791",Pos,Andres,accrual,Check sign
2026-04-01,Mktg,Customer appr.,Soccer Ticket,"2,843",Pos,M. Chen,needs mapping,Check sign
15 Apr-26,Sales,Sales commission,Payroll,"8,990",Pos,Alex - FP&A,Posted,Timing issue
15 Feb-26,Revenue,Subscr. revenue,Retail Customer,"2,526",Check,Erikfinance ops,late invoice,
01/4/26,Revenue,Revenue,Corp. clients,"9,511",Pos,Alex - FP&A,accrual,Vendor invoice late
15 Apr-26,Services,Prof services,Implementation clients,"2,177",Pos,Andres,late invoice,Check sign
15 Apr-26,Mktg,Paid media,Google / LinkedIn,"9,214",ERP,M. Chen,manual adj,Timing issue
01/3/26,Marketing,Events & webinars,Various,"9,857",ERP,M. Chen,manual adj,One-off item
15 Feb-26,Sales,Payroll - sales,Payroll,"9,953",Pos,M. Chen,,Vendor invoice late
2026-01-25,Marketing,Customer appr.,Amazon gift c.,"5,575",Check,Andres,needs mapping,
25 Mar-26,Services,Support tools,Zendesk / Gainsight,414,Check,TBD,Posted,Check sign
15 Feb-26,Mktg,Customer appr.,Gift hamper,"7,165",ERP,TBD,,
01/3/26,Marketing,Google Ads,Google / LinkedIn,"4,221",manual Entry,Erikfinance ops,late invoice,Map to GL 6100
2026-04-01,Sales,Sales commission,Payroll,"1,721",Check,Alex - FP&A,late invoice,Vendor invoice late
01-Jan-26,COGS,Materials,Walmart,"8,964",manual Entry,Erikfinance ops,needs mapping,Ask owner
01-Jan-26,Marketing,Events & webinars,Various,(845),Check,Alex - FP&A,Posted,Check sign
2026-04-01,Revenue,Service,Retail Customer,"(1,096)",Check,M. Chen,late invoice,Vendor invoice late
2026-01-25,COGS,Cloud hosting,AWS / Datadog,"8,715",cash,Alex - FP&A,manual adj,One-off item
01/1/26,COGS,Materials,Johnsons Supply,"8,207",cash,Andres,posted,Map to GL 6100
15 Feb-26,Marketing,Paid media,Google / LinkedIn,"2,573",cash,Alex - FP&A,posted,
01-Jan-26,Services,Prof services,Implementation clients,"1,753",Check,Andres,posted,Vendor invoice late
2026-03-28,COGS,Cloud hosting,AWS / Datadog,"8,180",Pos,M. Chen,posted,Timing issue
15 Apr-26,R&D,AI automation,n8n,"2,296",ERP,Erikfinance ops,manual adj,Map to GL 6100
15 Apr-26,G&A,Legal fees,Buchalter,"5,295",manual Entry,Erikfinance ops,manual adj,Ask owner
2026-03-28,R&D,Cloud hosting,AWS / Datadog,"(5,327)",cash,TBD,accrual,Vendor invoice late
2026-01-25,COGS,Payroll - eng,Payroll,"1,462",manual Entry,Alex - FP&A,needs mapping,Check sign
2026-03-28,R&D,Payroll - eng,Payroll,"6,594",Pos,Andres,posted,One-off item
01/4/26,Sales,Sales commission,Payroll,"4,924",manual Entry,Andres,,
01-Jan-26,Mktg,Events & webinars,Various,"2,422",Pos,Alex - FP&A,needs mapping,Timing issue
25 Mar-26,Services,Support tools,Zendesk / Gainsight,"3,720",Check,TBD,,Check sign
15 Feb-26,COGS,Materials,Electric house,"2,293",ERP,Erikfinance ops,accrual,Timing issue
15 Feb-26,Sales,Sales commission,Payroll,"5,774",cash,,late invoice,Check sign
2026-04-01,Marketing,Google Ads,Google / LinkedIn,"5,137",ERP,M. Chen,needs mapping,Vendor invoice late
2026-02-26,Services,Prof services,Implementation clients,"(7,603)",cash,M. Chen,posted,
15 Apr-26,COGS,Cloud hosting,AWS / Datadog,"(7,955)",manual Entry,Andres,,Timing issue
15 Feb-26,Services,Prof services,Implementation clients,"(6,012)",ERP,Andres,posted,
01-Jan-26,Marketing,Paid media,Google / LinkedIn,"7,573",Pos,M. Chen,,One-off item
01-Jan-26,COGS,Materials,Electric house,"(5,554)",Pos,TBD,late invoice,Ask owner
01/4/26,G&A,Accounting fees,Jason CPA,"9,099",ERP,M. Chen,posted,Vendor invoice late
2026-01-25,Services,Prof services,Implementation clients,"(5,192)",Check,Andres,manual adj,Timing issue
15 Apr-26,Revenue,Service,Corp. clients,"4,036",Pos,Erikfinance ops,late invoice,Check sign
15 Apr-26,R&D,AI automation,n8n,535,cash,,manual adj,Map to GL 6100
01-Jan-26,COGS,Payroll - eng,Payroll,"3,877",Pos,,,Ask owner
25 Mar-26,G&A,Legal fees,Buchalter,"8,666",ERP,M. Chen,late invoice,Timing issue
01/2/26,R&D,AI automation,n8n,"9,740",cash,,accrual,Ask owner
2026-01-25,Revenue,Subscr. revenue,Retail Customer,"(4,415)",Pos,Alex - FP&A,accrual,Vendor invoice late
01/1/26,Services,Prof services,Implementation clients,(419),Check,Erikfinance ops,needs mapping,Ask owner
25 Mar-26,Mktg,Paid media,Google / LinkedIn,"(7,626)",Pos,TBD,late invoice,Ask owner
01/1/26,G&A,Legal fees,Buchalter,"6,063",Pos,Andres,Posted,Ask owner
2026-01-25,G&A,Accounting fees,Jason CPA,"9,695",Check,,,Timing issue
15 Feb-26,Services,Support tools,Zendesk / Gainsight,"5,807",Check,Andres,late invoice,Map to GL 6100
2026-02-26,COGS,Cloud hosting,AWS / Datadog,"5,574",cash,Alex - FP&A,Posted,One-off item
2026-04-01,Mktg,Paid media,Google / LinkedIn,"6,410",ERP,Erikfinance ops,,Ask owner
2026-01-25,Sales,CRM / RevOps tools,Salesforce / Outreach,"9,735",manual Entry,Erikfinance ops,accrual,
25 Mar-26,G&A,Legal fees,Europa Law firm,"1,470",ERP,Erikfinance ops,posted,Check sign
01/2/26,Services,Support tools,Zendesk / Gainsight,"1,622",ERP,,late invoice,Check sign
01-Jan-26,Services,Prof services,Implementation clients,"3,906",manual Entry,TBD,needs mapping,Ask owner
01/2/26,G&A,Office rent,Landlord,"8,193",cash,,accrual,
2026-03-28,R&D,Cloud hosting,AWS / Datadog,"(9,573)",manual Entry,Alex - FP&A,Posted,Ask owner
2026-04-01,Marketing,Customer appr.,Gift hamper,"(9,497)",Check,M. Chen,needs mapping,
01/2/26,Services,Prof services,Implementation clients,"7,693",manual Entry,M. Chen,manual adj,Map to GL 6100
2026-03-28,Mktg,Events & webinars,Various,"9,800",Check,Erikfinance ops,posted,Check sign
01-Jan-26,Mktg,Events & webinars,Various,"(2,217)",cash,Andres,Posted,One-off item
01/3/26,COGS,Payroll - eng,Payroll,"9,096",Check,M. Chen,posted,Check sign
15 Feb-26,G&A,Accounting fees,Brandon,"4,243",Check,TBD,needs mapping,Ask owner
01-Jan-26,R&D,Payroll - eng,Payroll,"5,424",Pos,Andres,needs mapping,Map to GL 6100
2026-01-25,R&D,Cloud hosting,AWS / Datadog,328,cash,TBD,posted,Check sign
15 Apr-26,G&A,Accounting fees,Jason CPA,(975),Check,TBD,,Check sign
01/1/26,COGS,Cloud hosting,AWS / Datadog,"8,634",Check,M. Chen,manual adj,Check sign
2026-03-28,Mktg,Events & webinars,Various,"3,451",ERP,Alex - FP&A,late invoice,Map to GL 6100
01/4/26,G&A,Legal fees,Buchalter,"7,833",Pos,Alex - FP&A,Posted,Map to GL 6100
2026-04-01,Services,Prof services,Implementation clients,"8,164",Pos,Andres,,Vendor invoice late
2026-03-28,R&D,AI automation,n8n,"(1,086)",cash,Andres,needs mapping,Vendor invoice late
25 Mar-26,Services,Support tools,Zendesk / Gainsight,772,ERP,M. Chen,manual adj,Vendor invoice late
01/2/26,G&A,Accounting fees,Brandon,"1,953",manual Entry,Erikfinance ops,manual adj,Check sign
01-Jan-26,Marketing,Events & webinars,Various,"3,798",Check,Andres,posted,Check sign
15 Apr-26,Services,Prof services,Implementation clients,523,manual Entry,M. Chen,accrual,Check sign
2026-01-25,G&A,Legal fees,Europa Law firm,"7,125",cash,Andres,,Check sign
2026-03-28,Sales,Sales commission,Payroll,"1,585",manual Entry,Alex - FP&A,manual adj,Ask owner
2026-01-25,G&A,Accounting fees,Brandon,"9,867",manual Entry,TBD,posted,One-off item
01/4/26,Revenue,Subscr. revenue,Corp. clients,"6,030",manual Entry,M. Chen,Posted,Vendor invoice late
01/1/26,Sales,Sales commission,Payroll,926,cash,Alex - FP&A,posted,Map to GL 6100
01-Jan-26,G&A,Office rent,Landlord,"1,846",ERP,Andres,accrual,Vendor invoice late
01/3/26,Revenue,Service,Retail Customer,"7,568",Check,TBD,accrual,One-off item
2026-02-26,Sales,Sales commission,Payroll,"4,899",cash,Alex - FP&A,late invoice,Ask owner
15 Feb-26,Marketing,Events & webinars,Various,"4,328",manual Entry,Alex - FP&A,needs mapping,Check sign
01/1/26,Services,Prof services,Implementation clients,"7,531",ERP,Erikfinance ops,Posted,Timing issue
2026-01-25,G&A,Legal fees,Buchalter,617,cash,,accrual,Timing issue
2026-01-25,Mktg,Paid media,Google / LinkedIn,"1,312",manual Entry,Andres,posted,Vendor invoice late
25 Mar-26,R&D,AI automation,n8n,"6,533",cash,Alex - FP&A,Posted,Map to GL 6100
25 Mar-26,Mktg,Events & webinars,Various,"(4,256)",cash,TBD,Posted,Vendor invoice late
2026-02-26,G&A,Accounting fees,Brandon,"3,216",manual Entry,Erikfinance ops,Posted,
15 Feb-26,R&D,Payroll - eng,Payroll,"3,862",Pos,TBD,needs mapping,One-off item
2026-01-25,Marketing,Paid media,Google / LinkedIn,913,cash,Erikfinance ops,manual adj,One-off item
01/4/26,Marketing,Google Ads,Google / LinkedIn,"1,342",Pos,M. Chen,late invoice,Vendor invoice late
2026-04-01,Mktg,Customer appr.,Amazon gift c.,"8,865",cash,,Posted,
2026-03-28,Services,Prof services,Implementation clients,"(7,858)",ERP,M. Chen,needs mapping,Timing issue
15 Apr-26,Marketing,Events & webinars,Various,"7,869",manual Entry,Erikfinance ops,Posted,Ask owner
25 Mar-26,Revenue,Product sales,Corp. clients,"3,830",ERP,,needs mapping,Map to GL 6100
01/2/26,Services,Support tools,Zendesk / Gainsight,"4,936",manual Entry,,needs mapping,Map to GL 6100
2026-03-28,G&A,Legal fees,Buchalter,"(7,547)",manual Entry,,Posted,Timing issue
01/4/26,Revenue,Revenue,Corp. clients,"2,150",ERP,M. Chen,late invoice,Ask owner
2026-03-28,Sales,Payroll - sales,Payroll,"3,516",Pos,Andres,accrual,Timing issue
15 Feb-26,Services,Prof services,Implementation clients,"1,116",Check,,,Check sign
01-Jan-26,G&A,Accounting fees,Jason CPA,"4,974",cash,Andres,Posted,Timing issue
01/4/26,Mktg,Events & webinars,Various,"8,102",manual Entry,,accrual,Check sign
01/2/26,Sales,Sales commission,Payroll,"4,659",ERP,Alex - FP&A,needs mapping,
2026-01-25,Revenue,Revenue,Corp. clients,"2,451",manual Entry,Andres,Posted,Vendor invoice late
01/4/26,Revenue,Product sales,Retail Customer,"2,743",ERP,Erikfinance ops,Posted,Timing issue
01/1/26,Marketing,Customer appr.,Soccer Ticket,898,manual Entry,Andres,accrual,Ask owner
15 Feb-26,COGS,Payroll - eng,Payroll,"7,490",cash,Alex - FP&A,Posted,Ask owner
01/3/26,Mktg,Events & webinars,Various,"1,168",Pos,M. Chen,accrual,Vendor invoice late
01/4/26,Marketing,Google Ads,Google / LinkedIn,"(1,097)",Check,Alex - FP&A,Posted,Timing issue
2026-04-01,COGS,Materials,Walmart,"4,254",cash,Alex - FP&A,posted,One-off item
01-Jan-26,COGS,Payroll - eng,Payroll,"3,415",Pos,TBD,manual adj,Map to GL 6100
2026-04-01,Sales,Sales commission,Payroll,"(6,135)",cash,Andres,manual adj,One-off item
01/3/26,G&A,Office rent,Landlord,"2,349",Pos,M. Chen,,Ask owner
2026-04-01,Revenue,Subscr. revenue,Retail Customer,"5,557",ERP,M. Chen,Posted,One-off item
01-Jan-26,COGS,Cloud hosting,AWS / Datadog,"(7,450)",cash,Andres,manual adj,Timing issue
01/3/26,Mktg,Customer appr.,Soccer Ticket,"2,023",Check,Erikfinance ops,posted,Check sign
2026-02-26,Sales,Sales commission,Payroll,"7,382",manual Entry,M. Chen,posted,
15 Feb-26,Marketing,Events & webinars,Various,"(5,868)",Pos,Erikfinance ops,Posted,Map to GL 6100
15 Apr-26,Marketing,Google Ads,Google / LinkedIn,"3,951",ERP,Andres,late invoice,Vendor invoice late
01/1/26,Sales,Sales commission,Payroll,"8,666",Pos,Alex - FP&A,needs mapping,
2026-01-25,Sales,Payroll - sales,Payroll,"(2,781)",Check,Alex - FP&A,needs mapping,Timing issue
2026-04-01,COGS,Payroll - eng,Payroll,"(2,670)",manual Entry,Andres,accrual,
2026-01-25,R&D,Payroll - eng,Payroll,"2,926",Check,M. Chen,Posted,Map to GL 6100
2026-04-01,R&D,Cloud hosting,AWS / Datadog,"4,497",Check,M. Chen,posted,Ask owner
25 Mar-26,Services,Prof services,Implementation clients,"7,081",Pos,Erikfinance ops,posted,Timing issue
01-Jan-26,Services,Support tools,Zendesk / Gainsight,"7,714",ERP,,,One-off item
01/4/26,Marketing,Customer appr.,Gift hamper,"4,289",cash,M. Chen,manual adj,
01/2/26,Mktg,Customer appr.,Soccer Ticket,"6,030",Check,Erikfinance ops,needs mapping,One-off item
2026-04-01,Sales,Sales commission,Payroll,"1,422",ERP,Erikfinance ops,late invoice,One-off item
01/4/26,Services,Support tools,Zendesk / Gainsight,"3,315",ERP,,accrual,
2026-02-26,Services,Prof services,Implementation clients,"2,961",ERP,Alex - FP&A,posted,
2026-04-01,COGS,Cloud hosting,AWS / Datadog,"(2,924)",cash,Alex - FP&A,late invoice,
01/4/26,Revenue,Subscr. revenue,Retail Customer,"4,068",manual Entry,Erikfinance ops,,One-off item
01/2/26,G&A,Office rent,Landlord,"(5,462)",ERP,Alex - FP&A,needs mapping,Timing issue
01/1/26,R&D,Payroll - eng,Payroll,"8,278",Pos,Alex - FP&A,needs mapping,One-off item
2026-02-26,Sales,Sales commission,Payroll,"3,850",manual Entry,Andres,needs mapping,Map to GL 6100
15 Apr-26,Mktg,Customer appr.,Soccer Ticket,"(8,317)",ERP,Andres,posted,Map to GL 6100
2026-02-26,Services,Prof services,Implementation clients,"(9,102)",manual Entry,M. Chen,manual adj,
2026-01-25,Sales,Payroll - sales,Payroll,"8,083",manual Entry,TBD,,Vendor invoice late
2026-03-28,R&D,AI automation,n8n,"5,321",Check,M. Chen,needs mapping,Check sign
2026-02-26,Sales,CRM / RevOps tools,Salesforce / Outreach,"(9,726)",manual Entry,Alex - FP&A,late invoice,Timing issue
25 Mar-26,Marketing,Paid media,Google / LinkedIn,950,Check,M. Chen,late invoice,
2026-02-26,R&D,Payroll - eng,Payroll,"3,382",Check,Erikfinance ops,manual adj,
01/1/26,Sales,CRM / RevOps tools,Salesforce / Outreach,"7,518",ERP,Alex - FP&A,late invoice,Vendor invoice late
01-Jan-26,R&D,AI automation,n8n,"(5,668)",manual Entry,Andres,needs mapping,Map to GL 6100
15 Apr-26,Sales,CRM / RevOps tools,Salesforce / Outreach,"3,264",cash,TBD,accrual,Vendor invoice late
01/2/26,R&D,Cloud hosting,AWS / Datadog,"2,658",Pos,,,Check sign
15 Feb-26,Mktg,Events & webinars,Various,"2,776",cash,Alex - FP&A,posted,Timing issue
01-Jan-26,R&D,Cloud hosting,AWS / Datadog,"5,790",Pos,TBD,posted,
01/3/26,Sales,Sales commission,Payroll,"(1,474)",Check,Erikfinance ops,accrual,One-off item
01/1/26,Sales,Payroll - sales,Payroll,673,Pos,TBD,posted,Timing issue
01/2/26,R&D,Cloud hosting,AWS / Datadog,587,cash,TBD,,Map to GL 6100
01/2/26,Sales,CRM / RevOps tools,Salesforce / Outreach,"6,639",cash,TBD,Posted,Timing issue
25 Mar-26,COGS,Payroll - eng,Payroll,"9,383",Check,,,Ask owner
2026-04-01,Revenue,Revenue,Retail Customer,"5,820",Pos,TBD,Posted,One-off item
2026-04-01,Marketing,Paid media,Google / LinkedIn,"5,910",Pos,TBD,,
2026-04-01,R&D,Payroll - eng,Payroll,"2,392",Pos,Alex - FP&A,accrual,
01/2/26,Revenue,Revenue,Corp. clients,"6,130",Pos,Erikfinance ops,posted,Map to GL 6100
01/1/26,COGS,Cloud hosting,AWS / Datadog,131,Check,Erikfinance ops,posted,Timing issue
2026-02-26,G&A,Office rent,Landlord,"6,372",manual Entry,TBD,late invoice,
15 Feb-26,COGS,Materials,Home Depot,"1,337",cash,Alex - FP&A,Posted,
01/1/26,G&A,Legal fees,Buchalter,"9,517",Pos,M. Chen,accrual,
01/3/26,Marketing,Customer appr.,Soccer Ticket,"7,517",ERP,TBD,manual adj,Timing issue
15 Apr-26,R&D,Payroll - eng,Payroll,11,manual Entry,M. Chen,manual adj,Ask owner
25 Mar-26,Services,Prof services,Implementation clients,"2,903",Check,M. Chen,late invoice,Map to GL 6100
01/2/26,Services,Support tools,Zendesk / Gainsight,"8,278",Check,,posted,Check sign
2026-03-28,COGS,Payroll - eng,Payroll,"(1,786)",Check,Andres,Posted,Timing issue
15 Feb-26,COGS,Materials,Walmart,"2,597",cash,TBD,needs mapping,Check sign
25 Mar-26,Services,Support tools,Zendesk / Gainsight,"(2,498)",ERP,M. Chen,needs mapping,Timing issue
01/4/26,Sales,CRM / RevOps tools,Salesforce / Outreach,"9,293",cash,Andres,manual adj,Ask owner
15 Apr-26,G&A,Legal fees,Europa Law firm,815,manual Entry,Erikfinance ops,,Vendor invoice late
2026-04-01,Sales,Payroll - sales,Payroll,"2,923",cash,M. Chen,manual adj,One-off item
01/3/26,Sales,CRM / RevOps tools,Salesforce / Outreach,"5,707",Check,M. Chen,manual adj,Check sign
01/4/26,Services,Support tools,Zendesk / Gainsight,"3,439",Check,TBD,Posted,Vendor invoice late
2026-01-25,COGS,Payroll - eng,Payroll,"(9,920)",ERP,Erikfinance ops,accrual,Check sign
25 Mar-26,Sales,Payroll - sales,Payroll,"3,778",Pos,TBD,,Ask owner
01/2/26,Mktg,Paid media,Google / LinkedIn,"1,572",manual Entry,Alex - FP&A,needs mapping,Check sign
01/4/26,COGS,Materials,Johnsons Supply,"(7,395)",Pos,TBD,manual adj,Timing issue
2026-03-28,R&D,Payroll - eng,Payroll,"(1,051)",Check,TBD,late invoice,Map to GL 6100
01/4/26,Sales,Sales commission,Payroll,"2,120",manual Entry,TBD,,Check sign
15 Apr-26,R&D,Payroll - eng,Payroll,"1,508",ERP,Erikfinance ops,manual adj,Map to GL 6100
2026-03-28,Marketing,Customer appr.,Amazon gift c.,"(2,284)",Pos,Alex - FP&A,needs mapping,
15 Feb-26,G&A,Legal fees,Europa Law firm,"(6,968)",ERP,Alex - FP&A,Posted,Map to GL 6100
01/2/26,Marketing,Paid media,Google / LinkedIn,"2,318",cash,,late invoice,Ask owner
01/2/26,Mktg,Customer appr.,Amazon gift c.,"8,421",ERP,,needs mapping,Map to GL 6100
01/3/26,Mktg,Paid media,Google / LinkedIn,"9,711",Check,,posted,Ask owner
01/2/26,Marketing,Paid media,Google / LinkedIn,"5,166",ERP,,late invoice,
2026-02-26,Revenue,Product sales,Retail Customer,"7,904",cash,TBD,late invoice,Vendor invoice late
25 Mar-26,G&A,Legal fees,Europa Law firm,"7,705",manual Entry,M. Chen,,
2026-04-01,COGS,Payroll - eng,Payroll,493,Check,M. Chen,,Map to GL 6100
15 Feb-26,COGS,Cloud hosting,AWS / Datadog,"6,614",cash,Erikfinance ops,late invoice,Vendor invoice late
01/3/26,R&D,Cloud hosting,AWS / Datadog,"7,505",cash,Erikfinance ops,Posted,Check sign
01/1/26,Sales,Payroll - sales,Payroll,"6,618",ERP,Erikfinance ops,Posted,One-off item
01/1/26,COGS,Cloud hosting,AWS / Datadog,"3,406",manual Entry,TBD,posted,One-off item
15 Feb-26,G&A,Legal fees,Europa Law firm,"2,206",Check,Andres,,
2026-01-25,G&A,Legal fees,Europa Law firm,"2,162",manual Entry,Alex - FP&A,late invoice,Vendor invoice late
15 Apr-26,Revenue,Product sales,Retail Customer,"6,254",manual Entry,M. Chen,,One-off item
15 Feb-26,R&D,Cloud hosting,AWS / Datadog,67,manual Entry,,late invoice,Timing issue
2026-03-28,R&D,Cloud hosting,AWS / Datadog,"7,358",cash,,,Map to GL 6100
2026-03-28,Services,Support tools,Zendesk / Gainsight,959,Pos,Erikfinance ops,late invoice,Check sign
2026-01-25,COGS,Materials,Walmart,"6,791",ERP,Erikfinance ops,needs mapping,
2026-02-26,Mktg,Paid media,Google / LinkedIn,"8,044",manual Entry,Alex - FP&A,late invoice,One-off item
15 Feb-26,Sales,Sales commission,Payroll,"(3,569)",manual Entry,,manual adj,Timing issue
15 Feb-26,Services,Support tools,Zendesk / Gainsight,"6,047",cash,Alex - FP&A,late invoice,
01/3/26,Services,Prof services,Implementation clients,"5,761",cash,Erikfinance ops,manual adj,Ask owner
2026-02-26,Revenue,Revenue,Corp. clients,"(3,182)",cash,TBD,Posted,
01/4/26,Revenue,Service,Retail Customer,"1,428",Pos,M. Chen,late invoice,Check sign
01/2/26,Mktg,Paid media,Google / LinkedIn,"8,105",cash,,,Vendor invoice late
01/2/26,Revenue,Subscr. revenue,Corp. clients,"(7,172)",Check,Alex - FP&A,manual adj,Vendor invoice late
25 Mar-26,G&A,Office rent,Landlord,"8,027",Check,Alex - FP&A,Posted,Timing issue
01/4/26,Mktg,Customer appr.,Soccer Ticket,"5,166",manual Entry,,late invoice,Ask owner
2026-04-01,Sales,CRM / RevOps tools,Salesforce / Outreach,"8,435",Pos,TBD,needs mapping,Map to GL 6100
25 Mar-26,Marketing,Paid media,Google / LinkedIn,523,manual Entry,Andres,,Check sign
2026-02-26,Services,Prof services,Implementation clients,"3,685",Check,TBD,late invoice,One-off item
01/3/26,R&D,Payroll - eng,Payroll,"4,932",ERP,Alex - FP&A,posted,Map to GL 6100
01/3/26,Sales,CRM / RevOps tools,Salesforce / Outreach,78,cash,Andres,Posted,Vendor invoice late
2026-02-26,R&D,AI automation,n8n,"9,661",manual Entry,,needs mapping,One-off item
01/4/26,Revenue,Subscr. revenue,Retail Customer,"8,871",manual Entry,,late invoice,Timing issue
01/2/26,COGS,Payroll - eng,Payroll,"9,329",ERP,Erikfinance ops,manual adj,Timing issue
2026-03-28,Mktg,Paid media,Google / LinkedIn,"6,938",Pos,Erikfinance ops,Posted,
2026-02-26,Revenue,Subscr. revenue,Corp. clients,686,cash,Erikfinance ops,late invoice,Check sign
01-Jan-26,COGS,Materials,Walmart,"4,685",manual Entry,Andres,needs mapping,Map to GL 6100
01/1/26,Mktg,Events & webinars,Various,"7,916",manual Entry,M. Chen,Posted,Ask owner
15 Apr-26,Services,Prof services,Implementation clients,"7,677",cash,Erikfinance ops,manual adj,Ask owner
2026-04-01,G&A,Office rent,Landlord,"2,070",cash,TBD,manual adj,Vendor invoice late
2026-01-25,COGS,Payroll - eng,Payroll,"4,979",Check,M. Chen,Posted,Vendor invoice late
2026-01-25,Marketing,Paid media,Google / LinkedIn,"2,597",manual Entry,M. Chen,late invoice,
2026-02-26,R&D,AI automation,n8n,"9,184",ERP,Alex - FP&A,needs mapping,Check sign
2026-01-25,R&D,Payroll - eng,Payroll,"9,991",cash,,accrual,Timing issue
01/4/26,G&A,Legal fees,Europa Law firm,"6,588",Check,TBD,manual adj,
01/4/26,COGS,Materials,Electric house,"3,379",Pos,TBD,manual adj,Ask owner
2026-02-26,Marketing,Customer appr.,Soccer Ticket,"6,380",ERP,,accrual,Check sign
01/2/26,Marketing,Paid media,Google / LinkedIn,"3,883",ERP,TBD,late invoice,Timing issue
01-Jan-26,R&D,Payroll - eng,Payroll,"6,869",Pos,Erikfinance ops,Posted,Vendor invoice late
15 Apr-26,Sales,Sales commission,Payroll,"(9,605)",Check,M. Chen,,One-off item
2026-02-26,Sales,Sales commission,Payroll,"(4,706)",manual Entry,TBD,Posted,Check sign
15 Feb-26,G&A,Accounting fees,Brandon,"8,761",Pos,Erikfinance ops,accrual,One-off item
2026-02-26,Marketing,Paid media,Google / LinkedIn,610,manual Entry,Erikfinance ops,posted,
15 Apr-26,R&D,AI automation,n8n,"8,407",Pos,Alex - FP&A,,Ask owner
01/1/26,Revenue,Product sales,Retail Customer,"8,857",ERP,M. Chen,needs mapping,Map to GL 6100
2026-04-01,Marketing,Events & webinars,Various,"6,570",Pos,,Posted,Vendor invoice late
15 Apr-26,Marketing,Customer appr.,Soccer Ticket,"2,810",ERP,Alex - FP&A,needs mapping,Timing issue
15 Feb-26,R&D,Payroll - eng,Payroll,"(5,303)",manual Entry,TBD,needs mapping,Vendor invoice late
2026-03-28,Services,Prof services,Implementation clients,"9,833",manual Entry,M. Chen,Posted,Vendor invoice late
01/2/26,R&D,Cloud hosting,AWS / Datadog,"7,939",cash,M. Chen,manual adj,Check sign
01/1/26,G&A,Accounting fees,Brandon,"9,125",cash,TBD,manual adj,Vendor invoice late
2026-01-25,Revenue,Revenue,Retail Customer,324,Pos,TBD,accrual,Timing issue
15 Feb-26,Sales,Sales commission,Payroll,"(4,340)",Check,TBD,manual adj,Map to GL 6100
15 Apr-26,Services,Support tools,Zendesk / Gainsight,"1,642",Check,Alex - FP&A,needs mapping,Map to GL 6100
01/1/26,G&A,Office rent,Landlord,"1,332",Check,M. Chen,Posted,One-off item
15 Feb-26,Marketing,Events & webinars,Various,"6,126",ERP,M. Chen,manual adj,Map to GL 6100
2026-02-26,Sales,CRM / RevOps tools,Salesforce / Outreach,"1,037",manual Entry,,late invoice,Timing issue
01/4/26,COGS,Cloud hosting,AWS / Datadog,"3,887",ERP,TBD,needs mapping,Timing issue
2026-01-25,Services,Support tools,Zendesk / Gainsight,"2,823",ERP,Alex - FP&A,late invoice,Ask owner
01/4/26,R&D,AI automation,n8n,"1,757",cash,TBD,,Check sign
2026-02-26,COGS,Payroll - eng,Payroll,"5,799",Pos,,late invoice,Map to GL 6100
01/2/26,Marketing,Paid media,Google / LinkedIn,"6,492",cash,Alex - FP&A,,Vendor invoice late
25 Mar-26,Sales,CRM / RevOps tools,Salesforce / Outreach,"(5,662)",Check,,late invoice,Ask owner
01/4/26,Services,Support tools,Zendesk / Gainsight,"1,580",cash,,accrual,Timing issue
15 Apr-26,Marketing,Customer appr.,Soccer Ticket,"4,863",Check,Alex - FP&A,late invoice,Check sign
01/4/26,R&D,AI automation,n8n,"2,023",manual Entry,TBD,,Vendor invoice late
15 Apr-26,R&D,AI automation,n8n,"(8,925)",cash,Andres,posted,Timing issue
2026-02-26,Revenue,Subscr. revenue,Corp. clients,"(1,873)",manual Entry,,Posted,Vendor invoice late
2026-03-28,R&D,Payroll - eng,Payroll,"5,474",Check,Alex - FP&A,posted,Vendor invoice late
01/1/26,COGS,Cloud hosting,AWS / Datadog,"8,857",cash,Andres,late invoice,Vendor invoice late
01/3/26,R&D,AI automation,n8n,"7,672",manual Entry,Andres,manual adj,Vendor invoice late
15 Feb-26,Sales,CRM / RevOps tools,Salesforce / Outreach,"8,410",manual Entry,Alex - FP&A,posted,
2026-01-25,Services,Prof services,Implementation clients,"2,224",cash,Andres,,Vendor invoice late
01-Jan-26,Revenue,Revenue,Retail Customer,"9,896",cash,Erikfinance ops,Posted,One-off item
2026-04-01,COGS,Materials,Home Depot,"(1,913)",ERP,Erikfinance ops,Posted,One-off item
01/3/26,Services,Support tools,Zendesk / Gainsight,"7,253",Pos,,posted,Timing issue
01/1/26,Revenue,Subscr. revenue,Corp. clients,"6,840",manual Entry,Andres,needs mapping,Ask owner
2026-03-28,Revenue,Subscr. revenue,Retail Customer,"3,598",manual Entry,M. Chen,manual adj,
01/3/26,R&D,Cloud hosting,AWS / Datadog,"6,561",Pos,M. Chen,,Check sign
01/1/26,COGS,Payroll - eng,Payroll,"6,017",cash,,manual adj,One-off item
01/3/26,Revenue,Subscr. revenue,Retail Customer,"2,905",cash,,,One-off item
01-Jan-26,Revenue,Service,Retail Customer,"(8,727)",ERP,Andres,posted,Map to GL 6100
2026-03-28,Services,Prof services,Implementation clients,"(5,269)",cash,TBD,accrual,
15 Apr-26,Sales,CRM / RevOps tools,Salesforce / Outreach,"6,753",manual Entry,Alex - FP&A,late invoice,Ask owner
01/1/26,R&D,Cloud hosting,AWS / Datadog,"8,852",Check,Andres,late invoice,Ask owner
01-Jan-26,COGS,Materials,Johnsons Supply,"7,047",Check,Erikfinance ops,late invoice,Check sign
2026-03-28,Sales,CRM / RevOps tools,Salesforce / Outreach,"7,117",Pos,TBD,needs mapping,One-off item
01/2/26,R&D,Cloud hosting,AWS / Datadog,"7,914",manual Entry,Alex - FP&A,late invoice,Map to GL 6100
01/2/26,Mktg,Events & webinars,Various,"(5,864)",Pos,M. Chen,posted,
15 Apr-26,R&D,AI automation,n8n,"4,477",Check,M. Chen,accrual,Vendor invoice late
15 Feb-26,G&A,Legal fees,Buchalter,"8,882",ERP,Andres,accrual,Map to GL 6100
2026-03-28,G&A,Accounting fees,Jason CPA,"5,212",Check,Andres,Posted,
01/3/26,Sales,CRM / RevOps tools,Salesforce / Outreach,"3,844",Pos,Andres,accrual,Check sign
01/4/26,Sales,Sales commission,Payroll,"(6,296)",cash,M. Chen,needs mapping,Timing issue
01/4/26,G&A,Office rent,Landlord,"7,714",ERP,M. Chen,manual adj,Ask owner
15 Apr-26,Services,Support tools,Zendesk / Gainsight,"7,050",Check,,late invoice,Vendor invoice late
2026-04-01,Mktg,Events & webinars,Various,217,ERP,M. Chen,,Vendor invoice late
15 Apr-26,Marketing,Google Ads,Google / LinkedIn,"9,858",Check,M. Chen,Posted,Ask owner
01-Jan-26,Sales,Sales commission,Payroll,"3,205",Pos,Andres,accrual,Ask owner
15 Feb-26,COGS,Materials,Johnsons Supply,"9,085",Pos,Andres,manual adj,Check sign
15 Apr-26,Sales,CRM / RevOps tools,Salesforce / Outreach,"(8,587)",ERP,TBD,Posted,
01/1/26,R&D,Payroll - eng,Payroll,"(9,143)",Check,Alex - FP&A,manual adj,One-off item
2026-02-26,COGS,Materials,Home Depot,"6,834",ERP,TBD,,
15 Apr-26,COGS,Payroll - eng,Payroll,"3,276",Check,Andres,Posted,
01/4/26,Services,Support tools,Zendesk / Gainsight,"7,405",Pos,Andres,needs mapping,Map to GL 6100
25 Mar-26,R&D,Payroll - eng,Payroll,"(6,602)",Pos,,late invoice,Check sign
2026-02-26,Services,Prof services,Implementation clients,"6,456",manual Entry,Erikfinance ops,manual adj,One-off item
15 Apr-26,Services,Support tools,Zendesk / Gainsight,"(8,429)",cash,Andres,late invoice,Timing issue
01-Jan-26,Marketing,Events & webinars,Various,"3,956",manual Entry,Alex - FP&A,accrual,Ask owner
01/2/26,G&A,Office rent,Landlord,"8,308",Check,Alex - FP&A,accrual,Timing issue
01/1/26,Services,Prof services,Implementation clients,124,Pos,M. Chen,late invoice,
01/4/26,Services,Prof services,Implementation clients,"9,403",Check,Alex - FP&A,Posted,
01/2/26,G&A,Legal fees,Buchalter,"8,150",manual Entry,TBD,needs mapping,Timing issue
2026-01-25,Marketing,Google Ads,Google / LinkedIn,"3,815",cash,TBD,needs mapping,One-off item
01/1/26,Marketing,Paid media,Google / LinkedIn,"5,127",manual Entry,M. Chen,manual adj,Vendor invoice late
2026-03-28,COGS,Cloud hosting,AWS / Datadog,"(3,431)",ERP,TBD,needs mapping,Check sign
01/3/26,G&A,Legal fees,Europa Law firm,"3,807",cash,TBD,posted,Vendor invoice late
01/3/26,Mktg,Events & webinars,Various,"5,274",ERP,Alex - FP&A,manual adj,One-off item
25 Mar-26,Mktg,Events & webinars,Various,"3,795",manual Entry,Erikfinance ops,posted,Ask owner
2026-04-01,COGS,Materials,Home Depot,"2,126",Pos,M. Chen,manual adj,Map to GL 6100
01/3/26,COGS,Cloud hosting,AWS / Datadog,"(8,058)",cash,TBD,,One-off item
2026-01-25,G&A,Office rent,Landlord,"4,825",manual Entry,TBD,,One-off item
01/1/26,R&D,AI automation,n8n,"5,262",ERP,Andres,late invoice,Timing issue
2026-03-28,Mktg,Customer appr.,Amazon gift c.,"3,762",manual Entry,Erikfinance ops,late invoice,One-off item
01/4/26,Mktg,Paid media,Google / LinkedIn,"(1,861)",manual Entry,Andres,,
01/3/26,R&D,Cloud hosting,AWS / Datadog,900,manual Entry,Erikfinance ops,Posted,
25 Mar-26,R&D,AI automation,n8n,"3,440",cash,,,Vendor invoice late
2026-03-28,G&A,Office rent,Landlord,24,Pos,TBD,manual adj,Check sign
25 Mar-26,Services,Support tools,Zendesk / Gainsight,"5,897",manual Entry,Erikfinance ops,late invoice,Ask owner
01/4/26,Sales,CRM / RevOps tools,Salesforce / Outreach,737,Check,Alex - FP&A,Posted,Map to GL 6100
2026-01-25,Revenue,Product sales,Corp. clients,"2,836",Check,Alex - FP&A,posted,
25 Mar-26,Services,Prof services,Implementation clients,"3,083",Pos,Andres,needs mapping,Check sign
15 Feb-26,Services,Prof services,Implementation clients,"5,480",Pos,,Posted,Ask owner
15 Feb-26,Services,Prof services,Implementation clients,"7,946",cash,Alex - FP&A,,Vendor invoice late
25 Mar-26,Services,Prof services,Implementation clients,"4,794",manual Entry,Andres,posted,Map to GL 6100
01-Jan-26,Services,Support tools,Zendesk / Gainsight,"5,217",manual Entry,Erikfinance ops,Posted,One-off item
01/4/26,Sales,Sales commission,Payroll,"8,555",Pos,Erikfinance ops,posted,
01/2/26,Mktg,Customer appr.,Soccer Ticket,"3,185",manual Entry,Erikfinance ops,late invoice,Ask owner
01/4/26,G&A,Accounting fees,Jason CPA,"(2,927)",ERP,TBD,posted,Check sign
01-Jan-26,Services,Prof services,Implementation clients,"9,643",ERP,M. Chen,posted,Ask owner
2026-03-28,Services,Prof services,Implementation clients,"2,799",manual Entry,Erikfinance ops,late invoice,Ask owner
2026-02-26,Marketing,Google Ads,Google / LinkedIn,"(3,494)",cash,Erikfinance ops,Posted,Map to GL 6100
2026-04-01,G&A,Office rent,Landlord,"1,783",Check,TBD,manual adj,
15 Apr-26,G&A,Office rent,Landlord,"9,964",cash,TBD,manual adj,Map to GL 6100
25 Mar-26,R&D,AI automation,n8n,"5,594",manual Entry,Alex - FP&A,needs mapping,One-off item
15 Feb-26,Marketing,Events & webinars,Various,"7,836",cash,Andres,Posted,Timing issue
2026-03-28,Revenue,Revenue,Corp. clients,"7,632",Pos,Erikfinance ops,,Map to GL 6100
01/3/26,Sales,Sales commission,Payroll,"8,101",Pos,Erikfinance ops,needs mapping,
2026-02-26,Sales,CRM / RevOps tools,Salesforce / Outreach,"4,041",ERP,Andres,manual adj,Ask owner
01/3/26,Mktg,Customer appr.,Gift hamper,"9,753",cash,Andres,needs mapping,Vendor invoice late
2026-02-26,Services,Support tools,Zendesk / Gainsight,"6,606",cash,Erikfinance ops,,
01/3/26,G&A,Legal fees,Europa Law firm,"8,682",ERP,M. Chen,,
25 Mar-26,R&D,Payroll - eng,Payroll,32,Pos,TBD,manual adj,Ask owner
01/2/26,Sales,Payroll - sales,Payroll,"8,778",cash,TBD,late invoice,Timing issue
2026-01-25,Services,Prof services,Implementation clients,"2,621",manual Entry,Erikfinance ops,posted,Map to GL 6100
15 Feb-26,COGS,Cloud hosting,AWS / Datadog,"1,338",ERP,M. Chen,accrual,Check sign
25 Mar-26,Services,Prof services,Implementation clients,"8,903",ERP,Alex - FP&A,manual adj,Vendor invoice late
01/3/26,COGS,Cloud hosting,AWS / Datadog,"5,626",Check,Erikfinance ops,posted,Ask owner
2026-01-25,G&A,Legal fees,Buchalter,"4,290",ERP,M. Chen,manual adj,Ask owner
01/1/26,COGS,Cloud hosting,AWS / Datadog,"4,625",Check,Erikfinance ops,posted,One-off item
2026-03-28,Marketing,Customer appr.,Soccer Ticket,"9,355",Check,TBD,,Vendor invoice late
2026-01-25,Revenue,Revenue,Corp. clients,"5,290",manual Entry,Andres,manual adj,Timing issue
01/1/26,Sales,Sales commission,Payroll,"4,607",ERP,Alex - FP&A,needs mapping,Ask owner
15 Apr-26,COGS,Payroll - eng,Payroll,"8,600",ERP,,Posted,Ask owner
2026-04-01,Sales,Payroll - sales,Payroll,"(5,199)",Pos,M. Chen,needs mapping,Vendor invoice late
01/3/26,Sales,Sales commission,Payroll,649,manual Entry,Alex - FP&A,accrual,Vendor invoice late
2026-01-25,Revenue,Product sales,Corp. clients,"5,270",manual Entry,Andres,Posted,Ask owner
01-Jan-26,Revenue,Service,Retail Customer,"(9,104)",manual Entry,Andres,accrual,One-off item
01/4/26,COGS,Cloud hosting,AWS / Datadog,"5,459",ERP,M. Chen,Posted,One-off item
15 Apr-26,R&D,Payroll - eng,Payroll,"2,824",Pos,TBD,accrual,Ask owner
2026-01-25,Services,Support tools,Zendesk / Gainsight,675,Check,Alex - FP&A,needs mapping,Vendor invoice late
01/1/26,Services,Support tools,Zendesk / Gainsight,"6,505",cash,,late invoice,Ask owner
01/1/26,Mktg,Customer appr.,Soccer Ticket,"3,047",Pos,TBD,accrual,Ask owner
2026-01-25,Services,Prof services,Implementation clients,"6,494",Pos,Alex - FP&A,manual adj,Timing issue
01/2/26,COGS,Payroll - eng,Payroll,347,ERP,Alex - FP&A,late invoice,Vendor invoice late
01-Jan-26,R&D,AI automation,n8n,"3,496",ERP,TBD,posted,Ask owner
15 Feb-26,Revenue,Subscr. revenue,Retail Customer,726,cash,Erikfinance ops,late invoice,Map to GL 6100
25 Mar-26,Services,Prof services,Implementation clients,"8,243",Check,Erikfinance ops,late invoice,
2026-04-01,Services,Support tools,Zendesk / Gainsight,"2,422",manual Entry,Erikfinance ops,,
25 Mar-26,Mktg,Paid media,Google / LinkedIn,"1,086",cash,TBD,needs mapping,Vendor invoice late
01-Jan-26,R&D,AI automation,n8n,"8,088",Check,Alex - FP&A,needs mapping,Ask owner
01-Jan-26,Marketing,Google Ads,Google / LinkedIn,"4,610",Pos,M. Chen,accrual,Timing issue
01/3/26,COGS,Cloud hosting,AWS / Datadog,"4,776",ERP,,Posted,Check sign
25 Mar-26,Services,Support tools,Zendesk / Gainsight,"1,114",ERP,,,Vendor invoice late
01/2/26,R&D,AI automation,n8n,"1,648",Pos,TBD,accrual,Map to GL 6100
15 Apr-26,Marketing,Customer appr.,Soccer Ticket,"(9,797)",ERP,M. Chen,posted,Vendor invoice late
01/2/26,Sales,Payroll - sales,Payroll,"8,862",ERP,Alex - FP&A,,Vendor invoice late
15 Apr-26,COGS,Cloud hosting,AWS / Datadog,"1,532",manual Entry,Andres,late invoice,One-off item
15 Apr-26,Sales,Sales commission,Payroll,"4,535",ERP,Alex - FP&A,accrual,Vendor invoice late
01/4/26,Sales,Sales commission,Payroll,"6,568",Check,Andres,,Ask owner
25 Mar-26,Mktg,Events & webinars,Various,"(5,915)",Pos,Andres,needs mapping,
2026-03-28,R&D,Cloud hosting,AWS / Datadog,"9,656",Check,Erikfinance ops,needs mapping,Vendor invoice late
25 Mar-26,R&D,Cloud hosting,AWS / Datadog,"(7,495)",Pos,TBD,needs mapping,Check sign
15 Feb-26,Marketing,Google Ads,Google / LinkedIn,"6,411",manual Entry,TBD,manual adj,Vendor invoice late
2026-02-26,Revenue,Subscr. revenue,Retail Customer,"6,828",ERP,Erikfinance ops,posted,Check sign
15 Apr-26,COGS,Payroll - eng,Payroll,"(1,369)",manual Entry,Erikfinance ops,late invoice,One-off item
2026-01-25,COGS,Payroll - eng,Payroll,"1,017",Pos,,needs mapping,Ask owner
15 Apr-26,Mktg,Customer appr.,Soccer Ticket,"(6,156)",manual Entry,Erikfinance ops,posted,Map to GL 6100
01-Jan-26,COGS,Payroll - eng,Payroll,"(9,773)",ERP,Erikfinance ops,posted,Vendor invoice late
2026-03-28,Services,Prof services,Implementation clients,"4,191",ERP,TBD,,One-off item
01/2/26,COGS,Cloud hosting,AWS / Datadog,"9,962",Pos,Andres,,Timing issue
01-Jan-26,Services,Prof services,Implementation clients,"3,102",Pos,M. Chen,accrual,Ask owner
2026-04-01,G&A,Office rent,Landlord,"8,339",cash,Andres,,Map to GL 6100
01/1/26,COGS,Cloud hosting,AWS / Datadog,"5,869",ERP,Erikfinance ops,accrual,
15 Apr-26,Sales,Payroll - sales,Payroll,"6,588",Pos,TBD,needs mapping,Vendor invoice late
01/2/26,R&D,AI automation,n8n,"9,887",Check,Andres,late invoice,Check sign
25 Mar-26,Mktg,Paid media,Google / LinkedIn,"6,388",Check,Erikfinance ops,,
01/3/26,Sales,Payroll - sales,Payroll,"(7,418)",Pos,Erikfinance ops,needs mapping,Map to GL 6100
2026-04-01,Marketing,Paid media,Google / LinkedIn,"5,817",cash,Andres,manual adj,Ask owner
01/1/26,COGS,Cloud hosting,AWS / Datadog,"6,859",manual Entry,TBD,needs mapping,One-off item
01-Jan-26,Revenue,Revenue,Corp. clients,"7,426",Check,Erikfinance ops,,One-off item
01/4/26,G&A,Accounting fees,Jason CPA,"6,649",Pos,Alex - FP&A,accrual,Vendor invoice late
01/2/26,Marketing,Google Ads,Google / LinkedIn,"5,144",cash,TBD,accrual,Ask owner
01/2/26,Services,Support tools,Zendesk / Gainsight,"7,308",ERP,M. Chen,needs mapping,Check sign
01/4/26,Sales,CRM / RevOps tools,Salesforce / Outreach,"1,709",Check,TBD,Posted,Check sign
2026-03-28,Mktg,Events & webinars,Various,"6,973",manual Entry,TBD,manual adj,Timing issue
2026-02-26,Revenue,Service,Retail Customer,"7,211",Check,Alex - FP&A,accrual,Map to GL 6100
2026-02-26,Mktg,Customer appr.,Gift hamper,"6,504",ERP,Erikfinance ops,manual adj,
01/1/26,COGS,Materials,Johnsons Supply,"3,757",manual Entry,,manual adj,Timing issue
2026-01-25,Revenue,Revenue,Corp. clients,725,ERP,,needs mapping,Map to GL 6100
15 Apr-26,Sales,Sales commission,Payroll,"1,095",cash,Alex - FP&A,Posted,Ask owner
2026-01-25,G&A,Office rent,Landlord,"9,275",Pos,,posted,One-off item
2026-03-28,Revenue,Service,Retail Customer,"7,727",Pos,Andres,posted,Check sign
01/3/26,Mktg,Paid media,Google / LinkedIn,"8,657",ERP,Andres,needs mapping,Check sign
01/1/26,COGS,Cloud hosting,AWS / Datadog,"8,650",ERP,Erikfinance ops,,Vendor invoice late
2026-03-28,Sales,CRM / RevOps tools,Salesforce / Outreach,"(5,291)",Check,,needs mapping,One-off item
2026-04-01,Services,Prof services,Implementation clients,"2,926",Check,Alex - FP&A,accrual,Timing issue
01/4/26,R&D,Payroll - eng,Payroll,"1,857",Pos,TBD,,Ask owner
2026-03-28,Services,Support tools,Zendesk / Gainsight,"9,691",manual Entry,,Posted,
01/1/26,Mktg,Customer appr.,Gift hamper,"(2,498)",ERP,,manual adj,Vendor invoice late
01/1/26,COGS,Payroll - eng,Payroll,"4,924",ERP,Alex - FP&A,needs mapping,One-off item
01/4/26,Mktg,Customer appr.,Soccer Ticket,"2,623",ERP,,late invoice,Ask owner
2026-02-26,G&A,Office rent,Landlord,"2,779",ERP,Erikfinance ops,needs mapping,Vendor invoice late
2026-04-01,G&A,Office rent,Landlord,"5,835",ERP,M. Chen,late invoice,Timing issue
01-Jan-26,R&D,AI automation,n8n,"9,281",ERP,Alex - FP&A,needs mapping,Check sign
01/1/26,Services,Prof services,Implementation clients,"(8,939)",cash,Andres,needs mapping,Check sign
2026-02-26,G&A,Accounting fees,Brandon,"4,837",manual Entry,TBD,Posted,
01/3/26,Services,Prof services,Implementation clients,"(4,286)",manual Entry,M. Chen,Posted,Ask owner
01/1/26,Marketing,Customer appr.,Gift hamper,"2,409",ERP,Erikfinance ops,accrual,Check sign
15 Feb-26,G&A,Office rent,Landlord,"6,731",Check,M. Chen,accrual,Ask owner
01/4/26,G&A,Accounting fees,Brandon,"6,631",Check,Erikfinance ops,needs mapping,Ask owner
2026-01-25,Marketing,Google Ads,Google / LinkedIn,"6,905",Check,,Posted,One-off item
01-Jan-26,Marketing,Events & webinars,Various,530,cash,M. Chen,accrual,Ask owner
01/3/26,Marketing,Google Ads,Google / LinkedIn,"4,967",Check,Andres,late invoice,Vendor invoice late
01/2/26,Services,Support tools,Zendesk / Gainsight,"(9,897)",cash,Alex - FP&A,,Vendor invoice late
2026-02-26,Marketing,Events & webinars,Various,"2,921",manual Entry,M. Chen,manual adj,
01-Jan-26,Revenue,Subscr. revenue,Corp. clients,759,Check,,posted,
01/1/26,G&A,Office rent,Landlord,"3,319",cash,Erikfinance ops,Posted,Check sign
01/4/26,Sales,CRM / RevOps tools,Salesforce / Outreach,"8,740",cash,M. Chen,manual adj,Vendor invoice late
15 Feb-26,Services,Support tools,Zendesk / Gainsight,"8,607",manual Entry,,Posted,Timing issue
15 Apr-26,Marketing,Paid media,Google / LinkedIn,"2,459",ERP,Andres,,Check sign
01/2/26,Marketing,Google Ads,Google / LinkedIn,"(1,549)",cash,,,Timing issue
25 Mar-26,Services,Prof services,Implementation clients,"2,677",cash,Andres,needs mapping,
2026-03-28,Revenue,Product sales,Corp. clients,"(6,843)",Pos,Erikfinance ops,manual adj,One-off item
2026-01-25,R&D,AI automation,n8n,596,cash,,Posted,Vendor invoice late
2026-03-28,R&D,AI automation,n8n,"6,613",Check,M. Chen,posted,Check sign
25 Mar-26,Marketing,Paid media,Google / LinkedIn,"3,517",Pos,Andres,Posted,Vendor invoice late
2026-01-25,Revenue,Service,Corp. clients,"2,279",cash,TBD,,Map to GL 6100
01/2/26,Sales,Sales commission,Payroll,"8,507",Pos,,,Map to GL 6100
15 Apr-26,Services,Support tools,Zendesk / Gainsight,507,cash,Erikfinance ops,manual adj,Map to GL 6100
2026-02-26,Services,Prof services,Implementation clients,"4,856",manual Entry,,needs mapping,Ask owner
25 Mar-26,Sales,CRM / RevOps tools,Salesforce / Outreach,"5,453",ERP,M. Chen,,Check sign
15 Apr-26,Revenue,Subscr. revenue,Retail Customer,"(2,502)",ERP,Erikfinance ops,,
25 Mar-26,COGS,Materials,Electric house,"2,993",ERP,M. Chen,late invoice,Ask owner
2026-02-26,Marketing,Paid media,Google / LinkedIn,"8,735",Pos,,manual adj,Timing issue
2026-03-28,Mktg,Customer appr.,Soccer Ticket,"9,617",Pos,,Posted,Vendor invoice late
25 Mar-26,COGS,Payroll - eng,Payroll,"9,009",Check,M. Chen,late invoice,Map to GL 6100
2026-02-26,Marketing,Events & webinars,Various,"8,637",manual Entry,Andres,manual adj,One-off item
15 Feb-26,Services,Prof services,Implementation clients,"6,390",cash,TBD,late invoice,Map to GL 6100
15 Apr-26,Revenue,Service,Corp. clients,"2,620",cash,Alex - FP&A,,Timing issue
2026-04-01,Services,Support tools,Zendesk / Gainsight,"5,366",cash,Alex - FP&A,needs mapping,Ask owner
01/4/26,Marketing,Events & webinars,Various,"5,988",cash,Andres,late invoice,Check sign
01/1/26,Revenue,Revenue,Corp. clients,"6,759",ERP,M. Chen,manual adj,One-off item
2026-04-01,COGS,Payroll - eng,Payroll,"1,409",manual Entry,Erikfinance ops,posted,Ask owner
01/4/26,Services,Support tools,Zendesk / Gainsight,"(3,192)",Pos,TBD,Posted,Map to GL 6100
15 Feb-26,Marketing,Events & webinars,Various,"(5,701)",ERP,Erikfinance ops,manual adj,Timing issue
01/2/26,Marketing,Google Ads,Google / LinkedIn,653,ERP,Erikfinance ops,,
01/3/26,G&A,Legal fees,Europa Law firm,"7,658",Pos,M. Chen,posted,Check sign
15 Apr-26,Services,Support tools,Zendesk / Gainsight,"9,535",Check,,Posted,Map to GL 6100
01-Jan-26,Mktg,Events & webinars,Various,"1,510",ERP,Andres,accrual,Timing issue
01/4/26,G&A,Legal fees,Europa Law firm,"3,841",Pos,Alex - FP&A,,Map to GL 6100
2026-03-28,R&D,Payroll - eng,Payroll,"8,358",ERP,TBD,posted,One-off item
2026-03-28,R&D,Cloud hosting,AWS / Datadog,"(1,241)",ERP,TBD,posted,Ask owner
25 Mar-26,Mktg,Customer appr.,Gift hamper,"(8,366)",cash,Erikfinance ops,Posted,
01/2/26,R&D,Cloud hosting,AWS / Datadog,"1,902",Check,M. Chen,Posted,Map to GL 6100
15 Apr-26,R&D,Payroll - eng,Payroll,"7,878",Check,M. Chen,manual adj,One-off item
2026-04-01,G&A,Accounting fees,Brandon,"5,154",ERP,Alex - FP&A,Posted,One-off item
2026-03-28,Mktg,Customer appr.,Amazon gift c.,"1,409",ERP,M. Chen,needs mapping,Vendor invoice late
01/3/26,COGS,Payroll - eng,Payroll,"7,476",cash,,manual adj,Map to GL 6100
15 Apr-26,R&D,Cloud hosting,AWS / Datadog,"7,039",Check,TBD,Posted,Check sign
01-Jan-26,Revenue,Subscr. revenue,Retail Customer,"5,922",Pos,Alex - FP&A,accrual,Ask owner
01/4/26,Revenue,Product sales,Corp. clients,"7,744",cash,,manual adj,Check sign
25 Mar-26,Marketing,Events & webinars,Various,"8,522",Check,TBD,,Timing issue
2026-04-01,Revenue,Service,Retail Customer,"1,144",Check,TBD,,
01/3/26,G&A,Accounting fees,Brandon,"(9,270)",cash,Andres,manual adj,Check sign
25 Mar-26,Sales,Sales commission,Payroll,"(7,508)",Pos,Erikfinance ops,needs mapping,Check sign
15 Feb-26,Sales,Sales commission,Payroll,"(4,805)",Check,,needs mapping,Timing issue
01/3/26,G&A,Accounting fees,Jason CPA,(180),Check,Alex - FP&A,accrual,
01/2/26,Revenue,Revenue,Retail Customer,"1,944",Check,Alex - FP&A,needs mapping,Timing issue
2026-03-28,Sales,Sales commission,Payroll,580,manual Entry,TBD,Posted,Check sign
2026-01-25,Mktg,Customer appr.,Soccer Ticket,"5,034",Pos,Andres,Posted,
15 Apr-26,R&D,Cloud hosting,AWS / Datadog,"1,896",cash,Alex - FP&A,manual adj,One-off item
2026-01-25,G&A,Accounting fees,Jason CPA,"6,911",Pos,,posted,One-off item
01/3/26,Sales,Payroll - sales,Payroll,(481),cash,TBD,posted,Timing issue
15 Feb-26,Mktg,Paid media,Google / LinkedIn,"3,370",manual Entry,M. Chen,,One-off item
01/3/26,G&A,Legal fees,Buchalter,"9,428",manual Entry,,late invoice,Map to GL 6100
01/2/26,R&D,Cloud hosting,AWS / Datadog,"2,691",ERP,,accrual,Check sign
15 Feb-26,Sales,Sales commission,Payroll,"(1,806)",cash,TBD,posted,
2026-03-28,Mktg,Customer appr.,Gift hamper,415,cash,TBD,manual adj,
15 Feb-26,COGS,Cloud hosting,AWS / Datadog,"3,898",ERP,,accrual,Check sign
15 Apr-26,Sales,Sales commission,Payroll,"6,715",Pos,Erikfinance ops,Posted,Ask owner
01-Jan-26,COGS,Cloud hosting,AWS / Datadog,"7,039",cash,TBD,,Ask owner
01/3/26,R&D,Cloud hosting,AWS / Datadog,"2,454",Check,Alex - FP&A,needs mapping,Ask owner
01/2/26,Mktg,Paid media,Google / LinkedIn,512,Pos,M. Chen,manual adj,Check sign
01/2/26,Mktg,Events & webinars,Various,"5,899",cash,Alex - FP&A,accrual,Ask owner
15 Apr-26,G&A,Accounting fees,Brandon,"(9,295)",manual Entry,M. Chen,accrual,Check sign
2026-04-01,Marketing,Events & webinars,Various,"1,968",Pos,,late invoice,Vendor invoice late
15 Apr-26,G&A,Legal fees,Europa Law firm,794,Pos,Andres,accrual,
01/1/26,Mktg,Customer appr.,Soccer Ticket,"3,747",Pos,M. Chen,,Vendor invoice late
2026-02-26,Marketing,Paid media,Google / LinkedIn,"6,074",cash,Alex - FP&A,Posted,
01/2/26,COGS,Payroll - eng,Payroll,"7,524",cash,Alex - FP&A,manual adj,
2026-02-26,Sales,Sales commission,Payroll,"4,155",ERP,M. Chen,accrual,Check sign
15 Apr-26,G&A,Office rent,Landlord,"6,668",ERP,Erikfinance ops,Posted,Timing issue
15 Apr-26,Mktg,Events & webinars,Various,"4,368",Check,Erikfinance ops,needs mapping,One-off item
2026-04-01,Sales,Sales commission,Payroll,"3,318",Pos,TBD,,Ask owner
15 Feb-26,Revenue,Revenue,Corp. clients,"2,161",ERP,Alex - FP&A,late invoice,Timing issue
2026-02-26,R&D,Payroll - eng,Payroll,178,Check,Alex - FP&A,posted,Vendor invoice late
01/4/26,R&D,AI automation,n8n,"(9,076)",cash,Andres,manual adj,Ask owner
01/1/26,COGS,Cloud hosting,AWS / Datadog,"2,962",cash,M. Chen,Posted,Check sign
15 Feb-26,Revenue,Revenue,Retail Customer,"7,132",ERP,Alex - FP&A,accrual,
01/1/26,Services,Prof services,Implementation clients,"6,368",manual Entry,TBD,Posted,Map to GL 6100
2026-03-28,R&D,AI automation,n8n,"3,543",cash,,needs mapping,Ask owner
15 Feb-26,Sales,CRM / RevOps tools,Salesforce / Outreach,"6,858",Check,TBD,posted,Vendor invoice late
2026-03-28,Marketing,Paid media,Google / LinkedIn,"5,360",ERP,Alex - FP&A,late invoice,One-off item
2026-02-26,COGS,Payroll - eng,Payroll,"6,881",ERP,Andres,Posted,
01/4/26,G&A,Accounting fees,Brandon,"4,331",ERP,M. Chen,manual adj,Ask owner
01/3/26,G&A,Office rent,Landlord,"8,328",Check,Alex - FP&A,posted,Vendor invoice late
2026-01-25,COGS,Cloud hosting,AWS / Datadog,"1,650",manual Entry,Andres,,Vendor invoice late
01/2/26,Services,Support tools,Zendesk / Gainsight,"2,938",Check,Andres,manual adj,Ask owner
01/1/26,G&A,Legal fees,Buchalter,"8,316",manual Entry,TBD,posted,Map to GL 6100
2026-04-01,COGS,Materials,Walmart,"(2,511)",Pos,TBD,,Vendor invoice late
01/3/26,G&A,Accounting fees,Brandon,(421),Check,Erikfinance ops,manual adj,Ask owner
15 Feb-26,Sales,CRM / RevOps tools,Salesforce / Outreach,"(5,135)",Check,Andres,accrual,Map to GL 6100
01-Jan-26,Services,Prof services,Implementation clients,"4,409",Pos,Alex - FP&A,manual adj,One-off item
2026-03-28,Revenue,Subscr. revenue,Corp. clients,"(4,556)",cash,Alex - FP&A,manual adj,Timing issue
15 Feb-26,Mktg,Customer appr.,Amazon gift c.,"8,198",ERP,TBD,accrual,Timing issue
01/4/26,COGS,Materials,Walmart,"(3,390)",Check,,manual adj,Check sign
01/4/26,Mktg,Events & webinars,Various,"5,206",Check,,accrual,Vendor invoice late
2026-02-26,Services,Prof services,Implementation clients,"(9,826)",cash,Erikfinance ops,posted,One-off item
2026-02-26,Services,Support tools,Zendesk / Gainsight,"(8,967)",cash,Alex - FP&A,Posted,Map to GL 6100
01-Jan-26,Revenue,Product sales,Corp. clients,"(1,805)",ERP,,late invoice,Vendor invoice late
01-Jan-26,Services,Support tools,Zendesk / Gainsight,"8,536",cash,M. Chen,,
2026-03-28,Mktg,Customer appr.,Soccer Ticket,"9,149",manual Entry,M. Chen,late invoice,One-off item
2026-04-01,Revenue,Product sales,Retail Customer,"5,949",cash,Andres,manual adj,
25 Mar-26,COGS,Cloud hosting,AWS / Datadog,"8,203",Pos,TBD,posted,
01/4/26,Services,Support tools,Zendesk / Gainsight,"6,724",cash,Alex - FP&A,posted,Vendor invoice late
01/4/26,Services,Support tools,Zendesk / Gainsight,"(3,545)",cash,TBD,late invoice,Vendor invoice late
01/3/26,COGS,Materials,Johnsons Supply,"5,191",cash,Erikfinance ops,posted,Check sign
2026-04-01,Revenue,Product sales,Retail Customer,"7,214",Pos,TBD,posted,Vendor invoice late
2026-04-01,G&A,Legal fees,Buchalter,"7,202",ERP,M. Chen,needs mapping,Map to GL 6100
01/4/26,COGS,Materials,Walmart,397,Check,,accrual,Timing issue
01/2/26,Revenue,Revenue,Retail Customer,(644),manual Entry,,late invoice,Check sign
2026-01-25,G&A,Accounting fees,Jason CPA,"3,124",cash,TBD,posted,Timing issue
01-Jan-26,R&D,Cloud hosting,AWS / Datadog,"(8,353)",manual Entry,,,Ask owner
15 Apr-26,Marketing,Customer appr.,Gift hamper,436,cash,,posted,Vendor invoice late
01-Jan-26,Revenue,Product sales,Corp. clients,"4,079",cash,TBD,manual adj,One-off item
15 Apr-26,COGS,Payroll - eng,Payroll,"(6,833)",ERP,Andres,Posted,One-off item
2026-04-01,Revenue,Revenue,Corp. clients,"2,029",ERP,Erikfinance ops,posted,Vendor invoice late
2026-04-01,Sales,Sales commission,Payroll,143,manual Entry,TBD,manual adj,Vendor invoice late
01/3/26,Mktg,Customer appr.,Soccer Ticket,"8,669",Pos,TBD,,Check sign
25 Mar-26,COGS,Cloud hosting,AWS / Datadog,(5),manual Entry,Alex - FP&A,manual adj,Check sign
2026-03-28,COGS,Cloud hosting,AWS / Datadog,"5,841",Check,,late invoice,One-off item
01/3/26,COGS,Payroll - eng,Payroll,"9,791",manual Entry,Erikfinance ops,needs mapping,Map to GL 6100
25 Mar-26,Mktg,Customer appr.,Gift hamper,"6,334",Check,Alex - FP&A,posted,Ask owner
2026-03-28,Mktg,Paid media,Google / LinkedIn,"8,604",Pos,Alex - FP&A,,Vendor invoice late
15 Apr-26,COGS,Materials,Home Depot,"4,778",Pos,,,Timing issue
01/2/26,Mktg,Paid media,Google / LinkedIn,"3,629",Check,Alex - FP&A,accrual,Timing issue
2026-03-28,G&A,Accounting fees,Jason CPA,232,Check,TBD,manual adj,One-off item
2026-04-01,Revenue,Revenue,Corp. clients,"4,150",Pos,Alex - FP&A,Posted,One-off item
01-Jan-26,R&D,AI automation,n8n,"(4,222)",ERP,TBD,needs mapping,Vendor invoice late
15 Feb-26,Marketing,Google Ads,Google / LinkedIn,454,cash,,posted,Timing issue
25 Mar-26,R&D,AI automation,n8n,"7,084",Check,TBD,accrual,Vendor invoice late
01/3/26,COGS,Payroll - eng,Payroll,"4,200",Pos,Alex - FP&A,,Ask owner
2026-02-26,R&D,AI automation,n8n,"3,392",ERP,Alex - FP&A,late invoice,One-off item
2026-03-28,Marketing,Paid media,Google / LinkedIn,"8,071",Pos,M. Chen,,Timing issue
2026-03-28,COGS,Materials,Walmart,"(7,766)",Pos,Andres,late invoice,Timing issue
01/3/26,COGS,Materials,Walmart,"6,837",ERP,Alex - FP&A,accrual,Check sign
25 Mar-26,Services,Support tools,Zendesk / Gainsight,"8,481",cash,Alex - FP&A,Posted,One-off item
2026-04-01,Revenue,Service,Retail Customer,"(4,352)",Check,Andres,manual adj,Check sign
01/4/26,Services,Prof services,Implementation clients,"5,892",ERP,TBD,posted,
2026-01-25,R&D,Payroll - eng,Payroll,"4,430",manual Entry,Erikfinance ops,needs mapping,
01/3/26,Revenue,Product sales,Retail Customer,"4,313",ERP,M. Chen,manual adj,
01/3/26,Services,Support tools,Zendesk / Gainsight,"(6,206)",cash,Andres,late invoice,Ask owner
2026-02-26,Revenue,Revenue,Corp. clients,"7,877",cash,Andres,accrual,Vendor invoice late
01-Jan-26,Marketing,Paid media,Google / LinkedIn,"(4,234)",Pos,Alex - FP&A,manual adj,Check sign
01/3/26,Services,Prof services,Implementation clients,"4,531",Check,M. Chen,needs mapping,Ask owner
25 Mar-26,R&D,AI automation,n8n,"9,151",Pos,,posted,Vendor invoice late
2026-02-26,Sales,Payroll - sales,Payroll,"4,611",manual Entry,TBD,,One-off item
2026-04-01,Marketing,Paid media,Google / LinkedIn,"(4,673)",Check,Alex - FP&A,posted,Ask owner
2026-03-28,G&A,Office rent,Landlord,"9,720",ERP,Andres,accrual,Timing issue
2026-01-25,Services,Prof services,Implementation clients,"4,249",ERP,M. Chen,accrual,Map to GL 6100
2026-04-01,Revenue,Revenue,Retail Customer,"6,001",manual Entry,TBD,Posted,Map to GL 6100
01/3/26,Services,Support tools,Zendesk / Gainsight,"5,470",Check,,posted,Vendor invoice late
2026-02-26,Sales,CRM / RevOps tools,Salesforce / Outreach,6,cash,Alex - FP&A,,
2026-03-28,Sales,CRM / RevOps tools,Salesforce / Outreach,"2,643",Check,,,Vendor invoice late
01-Jan-26,Sales,Payroll - sales,Payroll,"(6,822)",cash,M. Chen,Posted,Map to GL 6100
15 Feb-26,G&A,Accounting fees,Jason CPA,(286),Check,TBD,,Vendor invoice late
01/3/26,Services,Support tools,Zendesk / Gainsight,"3,828",Pos,TBD,late invoice,Check sign
01/3/26,Services,Prof services,Implementation clients,"(8,148)",Pos,Andres,needs mapping,
15 Feb-26,Marketing,Paid media,Google / LinkedIn,"(6,297)",ERP,TBD,manual adj,One-off item
01/3/26,Mktg,Paid media,Google / LinkedIn,"7,322",Pos,TBD,accrual,Timing issue
01/2/26,COGS,Payroll - eng,Payroll,"6,176",manual Entry,TBD,,One-off item
2026-03-28,COGS,Materials,Johnsons Supply,"(1,025)",ERP,Erikfinance ops,accrual,Map to GL 6100
2026-04-01,G&A,Legal fees,Buchalter,"7,453",Pos,Andres,needs mapping,Timing issue
01/3/26,Mktg,Customer appr.,Soccer Ticket,"3,467",Pos,,accrual,
01/4/26,COGS,Materials,Walmart,"5,918",cash,,Posted,Check sign
2026-01-25,COGS,Materials,Home Depot,216,manual Entry,M. Chen,accrual,Map to GL 6100
15 Apr-26,Sales,Sales commission,Payroll,"(6,373)",cash,M. Chen,accrual,
01/3/26,Mktg,Events & webinars,Various,"(4,153)",Check,TBD,needs mapping,Vendor invoice late
15 Feb-26,R&D,AI automation,n8n,"6,897",manual Entry,Alex - FP&A,,Check sign
01/4/26,Mktg,Paid media,Google / LinkedIn,"2,246",ERP,TBD,needs mapping,
2026-02-26,G&A,Office rent,Landlord,(257),manual Entry,M. Chen,accrual,Vendor invoice late
01/1/26,Mktg,Customer appr.,Gift hamper,"9,548",Pos,Andres,late invoice,Ask owner
2026-04-01,Revenue,Subscr. revenue,Retail Customer,"1,517",Check,Erikfinance ops,late invoice,Map to GL 6100
2026-01-25,Services,Prof services,Implementation clients,"3,726",Pos,Alex - FP&A,posted,Map to GL 6100
01/1/26,G&A,Legal fees,Buchalter,"3,153",Check,M. Chen,Posted,Check sign
2026-03-28,R&D,AI automation,n8n,341,Pos,TBD,Posted,Timing issue
2026-02-26,Revenue,Service,Corp. clients,"8,120",Check,,accrual,
2026-01-25,Services,Support tools,Zendesk / Gainsight,"(9,714)",cash,Andres,manual adj,
2026-03-28,COGS,Materials,Electric house,"(5,529)",ERP,Alex - FP&A,posted,Check sign
2026-04-01,Services,Support tools,Zendesk / Gainsight,"6,842",cash,M. Chen,,
2026-02-26,Services,Support tools,Zendesk / Gainsight,"7,380",Check,M. Chen,Posted,Ask owner
2026-01-25,Revenue,Product sales,Corp. clients,"6,557",Pos,TBD,Posted,Vendor invoice late
01/1/26,COGS,Cloud hosting,AWS / Datadog,"7,583",cash,TBD,posted,Check sign
01/1/26,Revenue,Revenue,Corp. clients,"1,620",Pos,TBD,,
25 Mar-26,Revenue,Service,Corp. clients,"(1,301)",manual Entry,TBD,,Vendor invoice late
2026-01-25,Sales,CRM / RevOps tools,Salesforce / Outreach,"2,222",manual Entry,Andres,accrual,Vendor invoice late
01-Jan-26,Sales,Payroll - sales,Payroll,"6,383",cash,Alex - FP&A,late invoice,One-off item
25 Mar-26,Revenue,Product sales,Corp. clients,"2,923",Check,M. Chen,posted,Map to GL 6100
2026-04-01,R&D,AI automation,n8n,"8,804",ERP,Erikfinance ops,Posted,One-off item
2026-02-26,Sales,Sales commission,Payroll,"1,502",manual Entry,Andres,accrual,One-off item
2026-04-01,Sales,Payroll - sales,Payroll,"(5,535)",Pos,M. Chen,late invoice,Ask owner
15 Apr-26,COGS,Cloud hosting,AWS / Datadog,"6,673",Pos,Erikfinance ops,accrual,One-off item
15 Feb-26,Sales,Payroll - sales,Payroll,"2,692",Pos,M. Chen,,Check sign
25 Mar-26,Mktg,Customer appr.,Soccer Ticket,"3,141",manual Entry,M. Chen,needs mapping,Map to GL 6100
2026-04-01,Sales,CRM / RevOps tools,Salesforce / Outreach,"(9,182)",ERP,TBD,accrual,
01-Jan-26,Mktg,Customer appr.,Gift hamper,"(4,299)",cash,,Posted,Timing issue
01/4/26,G&A,Office rent,Landlord,"3,033",Pos,Andres,Posted,Vendor invoice late
2026-04-01,G&A,Accounting fees,Jason CPA,"5,345",ERP,TBD,,Timing issue
2026-02-26,Marketing,Customer appr.,Soccer Ticket,"7,934",manual Entry,M. Chen,,Map to GL 6100
15 Feb-26,Sales,CRM / RevOps tools,Salesforce / Outreach,"7,566",cash,,accrual,One-off item
15 Feb-26,G&A,Legal fees,Buchalter,"9,290",ERP,Andres,manual adj,Map to GL 6100
2026-02-26,Marketing,Customer appr.,Soccer Ticket,"1,928",ERP,,posted,
2026-01-25,Sales,Sales commission,Payroll,"4,483",ERP,TBD,,Vendor invoice late
01/2/26,Mktg,Events & webinars,Various,"2,986",Pos,Erikfinance ops,late invoice,Check sign
2026-03-28,Revenue,Subscr. revenue,Retail Customer,"5,255",Check,Andres,needs mapping,Map to GL 6100
15 Apr-26,Sales,Payroll - sales,Payroll,"(1,971)",Check,M. Chen,late invoice,Map to GL 6100
15 Apr-26,COGS,Cloud hosting,AWS / Datadog,"5,700",ERP,TBD,posted,Check sign
15 Feb-26,Services,Support tools,Zendesk / Gainsight,"(1,600)",ERP,TBD,posted,
01/3/26,Revenue,Product sales,Retail Customer,"7,490",ERP,TBD,manual adj,One-off item
2026-02-26,Marketing,Paid media,Google / LinkedIn,"6,492",manual Entry,Erikfinance ops,late invoice,Timing issue
15 Apr-26,G&A,Accounting fees,Brandon,"4,290",manual Entry,M. Chen,posted,Ask owner
15 Apr-26,Revenue,Revenue,Corp. clients,"5,056",manual Entry,Andres,late invoice,Timing issue
2026-04-01,COGS,Payroll - eng,Payroll,"8,549",Check,Erikfinance ops,accrual,Ask owner
2026-02-26,R&D,AI automation,n8n,"3,002",Check,Erikfinance ops,needs mapping,Ask owner
25 Mar-26,Sales,Payroll - sales,Payroll,"8,587",Pos,Alex - FP&A,,Vendor invoice late
2026-03-28,COGS,Payroll - eng,Payroll,"1,970",ERP,Alex - FP&A,needs mapping,Check sign
2026-03-28,Revenue,Product sales,Retail Customer,"5,161",manual Entry,M. Chen,posted,Vendor invoice late
15 Apr-26,R&D,Payroll - eng,Payroll,"3,999",manual Entry,Erikfinance ops,,
25 Mar-26,Services,Prof services,Implementation clients,"1,045",manual Entry,Erikfinance ops,needs mapping,Map to GL 6100
2026-04-01,R&D,Payroll - eng,Payroll,(740),cash,Alex - FP&A,accrual,Ask owner
01/3/26,COGS,Materials,Electric house,"7,316",cash,Andres,manual adj,Map to GL 6100
2026-04-01,Sales,Sales commission,Payroll,"7,848",ERP,M. Chen,needs mapping,Vendor invoice late
2026-03-28,R&D,Cloud hosting,AWS / Datadog,"4,480",Pos,Erikfinance ops,accrual,
15 Feb-26,COGS,Payroll - eng,Payroll,886,ERP,Erikfinance ops,Posted,Timing issue
15 Feb-26,Services,Support tools,Zendesk / Gainsight,"1,889",Pos,M. Chen,late invoice,Check sign
25 Mar-26,Marketing,Customer appr.,Gift hamper,"(9,657)",manual Entry,M. Chen,needs mapping,Vendor invoice late
15 Apr-26,Services,Support tools,Zendesk / Gainsight,"5,884",manual Entry,M. Chen,Posted,Map to GL 6100
01/2/26,Mktg,Customer appr.,Gift hamper,"1,514",Pos,,manual adj,Ask owner
2026-02-26,Sales,CRM / RevOps tools,Salesforce / Outreach,141,cash,,manual adj,Map to GL 6100
01-Jan-26,G&A,Legal fees,Buchalter,"5,758",Check,Erikfinance ops,manual adj,Timing issue
01/4/26,Marketing,Events & webinars,Various,"6,571",Pos,TBD,Posted,One-off item
25 Mar-26,COGS,Payroll - eng,Payroll,"(9,626)",cash,,manual adj,Vendor invoice late
2026-04-01,Services,Support tools,Zendesk / Gainsight,"(7,955)",Check,M. Chen,manual adj,Ask owner
15 Feb-26,Revenue,Product sales,Retail Customer,"(5,920)",cash,Andres,accrual,
01/4/26,Mktg,Events & webinars,Various,"4,740",manual Entry,M. Chen,Posted,
2026-04-01,G&A,Office rent,Landlord,"6,651",cash,Erikfinance ops,late invoice,Ask owner
01/1/26,Revenue,Product sales,Retail Customer,"6,235",Pos,TBD,needs mapping,Timing issue
01-Jan-26,Services,Support tools,Zendesk / Gainsight,"9,422",cash,Alex - FP&A,needs mapping,Timing issue
2026-02-26,Marketing,Customer appr.,Gift hamper,"3,644",Check,,Posted,Vendor invoice late
2026-04-01,Marketing,Events & webinars,Various,"6,267",ERP,TBD,posted,Map to GL 6100
2026-03-28,Mktg,Customer appr.,Gift hamper,"7,992",manual Entry,Erikfinance ops,,Timing issue
2026-01-25,COGS,Materials,Johnsons Supply,"1,310",Check,M. Chen,posted,
25 Mar-26,Sales,Payroll - sales,Payroll,"6,393",cash,TBD,manual adj,Map to GL 6100
01-Jan-26,G&A,Accounting fees,Brandon,"2,640",manual Entry,TBD,late invoice,
01/4/26,Revenue,Revenue,Corp. clients,"9,016",cash,TBD,,Check sign
2026-04-01,Revenue,Product sales,Retail Customer,661,Pos,M. Chen,needs mapping,Vendor invoice late
15 Feb-26,R&D,Payroll - eng,Payroll,"6,910",ERP,Erikfinance ops,accrual,Timing issue
01-Jan-26,COGS,Cloud hosting,AWS / Datadog,"4,078",cash,M. Chen,posted,One-off item
01-Jan-26,COGS,Materials,Electric house,"6,095",Check,,,Ask owner
2026-03-28,Sales,Sales commission,Payroll,272,Pos,Erikfinance ops,posted,Vendor invoice late
15 Apr-26,COGS,Payroll - eng,Payroll,"1,521",Pos,M. Chen,late invoice,Check sign
2026-01-25,COGS,Payroll - eng,Payroll,45,manual Entry,M. Chen,posted,Ask owner
01/3/26,Sales,Payroll - sales,Payroll,"3,351",cash,,late invoice,Ask owner
01/1/26,Revenue,Revenue,Retail Customer,972,ERP,Andres,needs mapping,Map to GL 6100
01/4/26,Sales,Payroll - sales,Payroll,"5,155",Check,Alex - FP&A,Posted,Vendor invoice late
2026-04-01,Marketing,Customer appr.,Soccer Ticket,"6,400",Check,Erikfinance ops,Posted,
15 Apr-26,COGS,Materials,Johnsons Supply,"1,909",Pos,M. Chen,needs mapping,Vendor invoice late
15 Apr-26,G&A,Legal fees,Buchalter,"(8,594)",manual Entry,Alex - FP&A,,Map to GL 6100
01/2/26,R&D,AI automation,n8n,"6,360",Check,Erikfinance ops,needs mapping,Check sign
2026-02-26,G&A,Legal fees,Buchalter,"6,449",cash,,accrual,Timing issue
01/2/26,Mktg,Customer appr.,Amazon gift c.,"6,897",Pos,Erikfinance ops,Posted,Map to GL 6100
01/3/26,R&D,Payroll - eng,Payroll,"2,875",Pos,Erikfinance ops,accrual,Timing issue
01/3/26,R&D,AI automation,n8n,"(6,179)",Pos,,posted,Check sign
2026-04-01,COGS,Materials,Electric house,"(3,995)",Check,TBD,,Map to GL 6100
01/2/26,Mktg,Customer appr.,Amazon gift c.,"(3,702)",manual Entry,Alex - FP&A,Posted,Ask owner
2026-02-26,R&D,Cloud hosting,AWS / Datadog,(729),cash,Andres,needs mapping,Check sign
15 Feb-26,Sales,Sales commission,Payroll,"8,928",Pos,TBD,accrual,Check sign
01/3/26,Services,Prof services,Implementation clients,"4,517",Check,TBD,manual adj,Timing issue
2026-04-01,G&A,Accounting fees,Brandon,"6,555",ERP,Andres,,One-off item
01-Jan-26,Sales,Sales commission,Payroll,"9,570",Pos,,accrual,Check sign
2026-03-28,Marketing,Customer appr.,Gift hamper,(403),cash,Erikfinance ops,,Timing issue
25 Mar-26,Services,Prof services,Implementation clients,"3,486",Check,Erikfinance ops,late invoice,Timing issue
01/1/26,Revenue,Service,Retail Customer,"9,222",Pos,Andres,,Timing issue
01/1/26,G&A,Office rent,Landlord,"3,884",Check,Alex - FP&A,needs mapping,Map to GL 6100
01-Jan-26,Revenue,Service,Corp. clients,"9,775",Check,M. Chen,manual adj,
01/2/26,Revenue,Service,Retail Customer,"8,174",Pos,Erikfinance ops,manual adj,
15 Feb-26,COGS,Materials,Walmart,"2,179",Pos,TBD,needs mapping,
01/1/26,G&A,Office rent,Landlord,"3,805",manual Entry,,accrual,Timing issue
01/2/26,Revenue,Revenue,Retail Customer,"7,630",cash,TBD,,Map to GL 6100
15 Feb-26,Sales,Payroll - sales,Payroll,"4,554",manual Entry,Andres,late invoice,
2026-02-26,Sales,Sales commission,Payroll,"8,831",Check,TBD,needs mapping,
2026-01-25,Services,Prof services,Implementation clients,"5,733",ERP,,accrual,Timing issue
2026-04-01,Revenue,Revenue,Corp. clients,"(8,067)",Pos,,accrual,One-off item
2026-01-25,Services,Support tools,Zendesk / Gainsight,"9,662",Pos,M. Chen,needs mapping,Ask owner
01/4/26,G&A,Office rent,Landlord,(43),ERP,TBD,manual adj,One-off item
01/4/26,COGS,Payroll - eng,Payroll,"3,018",ERP,M. Chen,needs mapping,Vendor invoice late
01/1/26,Mktg,Customer appr.,Amazon gift c.,"3,332",Check,M. Chen,late invoice,Ask owner
15 Apr-26,R&D,Cloud hosting,AWS / Datadog,"2,363",Check,Alex - FP&A,accrual,One-off item
2026-03-28,G&A,Accounting fees,Jason CPA,736,Pos,,,One-off item
2026-03-28,Sales,CRM / RevOps tools,Salesforce / Outreach,"8,581",Check,Erikfinance ops,Posted,Vendor invoice late
01/4/26,COGS,Cloud hosting,AWS / Datadog,"7,149",ERP,Alex - FP&A,accrual,Vendor invoice late
15 Feb-26,Revenue,Subscr. revenue,Retail Customer,"9,355",ERP,Alex - FP&A,accrual,Check sign
15 Feb-26,R&D,AI automation,n8n,"1,457",manual Entry,Andres,needs mapping,Ask owner
01/4/26,Revenue,Revenue,Corp. clients,"2,953",cash,Erikfinance ops,accrual,One-off item
01/3/26,Sales,Payroll - sales,Payroll,"7,459",manual Entry,,Posted,Vendor invoice late
2026-04-01,COGS,Materials,Johnsons Supply,200,ERP,M. Chen,needs mapping,Ask owner
2026-02-26,Revenue,Revenue,Corp. clients,(913),ERP,TBD,manual adj,Check sign
01/3/26,Marketing,Customer appr.,Gift hamper,"9,188",Check,,,Map to GL 6100
2026-01-25,R&D,Cloud hosting,AWS / Datadog,"(7,873)",ERP,TBD,late invoice,Vendor invoice late
25 Mar-26,Mktg,Paid media,Google / LinkedIn,"4,048",Pos,,,One-off item
15 Feb-26,Mktg,Customer appr.,Gift hamper,"(6,089)",Pos,TBD,Posted,Map to GL 6100
15 Apr-26,Mktg,Events & webinars,Various,"1,733",manual Entry,Alex - FP&A,late invoice,
2026-03-28,Mktg,Customer appr.,Gift hamper,"3,405",Pos,TBD,posted,Vendor invoice late
01/4/26,Marketing,Events & webinars,Various,"9,399",Pos,TBD,needs mapping,Check sign
01-Jan-26,Mktg,Customer appr.,Soccer Ticket,"2,821",ERP,Erikfinance ops,manual adj,One-off item
01/4/26,R&D,Payroll - eng,Payroll,473,cash,Alex - FP&A,manual adj,Timing issue
2026-04-01,Marketing,Paid media,Google / LinkedIn,"8,566",cash,Alex - FP&A,late invoice,
01/1/26,COGS,Cloud hosting,AWS / Datadog,"4,315",manual Entry,TBD,manual adj,Map to GL 6100
15 Feb-26,COGS,Materials,Johnsons Supply,"(6,549)",manual Entry,TBD,needs mapping,One-off item
01/4/26,R&D,Cloud hosting,AWS / Datadog,"4,815",cash,Andres,posted,Check sign
01/2/26,Revenue,Service,Corp. clients,"4,006",cash,M. Chen,posted,Vendor invoice late
2026-02-26,COGS,Materials,Electric house,"6,800",manual Entry,Alex - FP&A,posted,Check sign
2026-03-28,R&D,Payroll - eng,Payroll,"6,783",ERP,M. Chen,Posted,Vendor invoice late
01/2/26,R&D,Cloud hosting,AWS / Datadog,"8,161",Pos,Erikfinance ops,manual adj,Check sign
01/2/26,COGS,Cloud hosting,AWS / Datadog,"9,662",manual Entry,M. Chen,Posted,Ask owner
15 Feb-26,R&D,Payroll - eng,Payroll,"(2,370)",manual Entry,Alex - FP&A,needs mapping,One-off item
15 Apr-26,R&D,Payroll - eng,Payroll,"1,697",cash,Andres,late invoice,Check sign
25 Mar-26,R&D,AI automation,n8n,"9,336",cash,Andres,needs mapping,Check sign
01-Jan-26,Sales,CRM / RevOps tools,Salesforce / Outreach,"2,482",ERP,Erikfinance ops,accrual,One-off item
01/1/26,COGS,Cloud hosting,AWS / Datadog,"5,382",Pos,M. Chen,late invoice,Vendor invoice late
2026-02-26,Services,Support tools,Zendesk / Gainsight,"8,197",ERP,M. Chen,late invoice,Vendor invoice late
01/2/26,G&A,Accounting fees,Brandon,"5,402",manual Entry,M. Chen,late invoice,Timing issue
25 Mar-26,Marketing,Customer appr.,Soccer Ticket,"8,202",cash,Alex - FP&A,,Map to GL 6100
01/2/26,Sales,CRM / RevOps tools,Salesforce / Outreach,"4,786",Check,M. Chen,accrual,Map to GL 6100
2026-03-28,COGS,Materials,Home Depot,"3,098",Pos,Andres,accrual,
2026-01-25,G&A,Legal fees,Europa Law firm,"8,401",Pos,TBD,late invoice,One-off item
15 Feb-26,Revenue,Revenue,Corp. clients,"7,786",ERP,Erikfinance ops,Posted,Ask owner
01/3/26,Services,Support tools,Zendesk / Gainsight,"1,168",manual Entry,M. Chen,posted,
2026-02-26,G&A,Office rent,Landlord,"5,033",cash,,,
01/3/26,COGS,Materials,Walmart,"3,881",ERP,M. Chen,Posted,Vendor invoice late
2026-03-28,Services,Support tools,Zendesk / Gainsight,"(4,689)",ERP,Andres,needs mapping,
15 Feb-26,Services,Support tools,Zendesk / Gainsight,"7,009",Pos,TBD,manual adj,Map to GL 6100
2026-04-01,Marketing,Customer appr.,Amazon gift c.,"8,168",Check,,,Check sign
2026-03-28,G&A,Accounting fees,Jason CPA,"5,206",ERP,Erikfinance ops,late invoice,One-off item
2026-04-01,R&D,AI automation,n8n,"1,607",Pos,Alex - FP&A,Posted,Map to GL 6100
01/2/26,Services,Support tools,Zendesk / Gainsight,"6,067",cash,Andres,accrual,Map to GL 6100
2026-02-26,COGS,Payroll - eng,Payroll,"8,428",Pos,TBD,manual adj,
15 Feb-26,Services,Support tools,Zendesk / Gainsight,"2,889",Pos,Alex - FP&A,,
2026-04-01,Marketing,Paid media,Google / LinkedIn,"6,281",Pos,Andres,manual adj,Vendor invoice late
01/4/26,COGS,Payroll - eng,Payroll,"(6,823)",ERP,TBD,manual adj,Timing issue
01-Jan-26,Revenue,Service,Retail Customer,790,cash,Alex - FP&A,late invoice,Timing issue
2026-04-01,Sales,Sales commission,Payroll,"8,021",ERP,Andres,posted,Ask owner
2026-04-01,G&A,Accounting fees,Jason CPA,"(8,071)",manual Entry,M. Chen,needs mapping,Map to GL 6100
2026-04-01,COGS,Materials,Electric house,631,manual Entry,TBD,accrual,Timing issue
01-Jan-26,Marketing,Events & webinars,Various,564,ERP,Andres,posted,Vendor invoice late
2026-01-25,G&A,Accounting fees,Jason CPA,"9,138",Pos,Andres,manual adj,
2026-04-01,G&A,Office rent,Landlord,"4,843",Check,TBD,manual adj,Vendor invoice late
2026-02-26,Sales,CRM / RevOps tools,Salesforce / Outreach,"1,746",Check,Alex - FP&A,accrual,
2026-04-01,Marketing,Customer appr.,Soccer Ticket,"5,241",Check,M. Chen,accrual,Map to GL 6100
2026-03-28,G&A,Accounting fees,Jason CPA,662,cash,Erikfinance ops,Posted,
15 Feb-26,R&D,AI automation,n8n,"(9,386)",Pos,TBD,late invoice,
2026-02-26,Marketing,Paid media,Google / LinkedIn,(96),Check,,,One-off item
15 Feb-26,Services,Support tools,Zendesk / Gainsight,"(2,761)",manual Entry,M. Chen,needs mapping,
2026-02-26,Revenue,Product sales,Corp. clients,778,manual Entry,,posted,One-off item
15 Feb-26,COGS,Payroll - eng,Payroll,"1,911",Pos,,posted,
25 Mar-26,R&D,Cloud hosting,AWS / Datadog,"(7,072)",Check,,,Vendor invoice late
2026-04-01,R&D,Cloud hosting,AWS / Datadog,"(6,754)",ERP,M. Chen,needs mapping,Ask owner
01/3/26,Revenue,Subscr. revenue,Retail Customer,"6,439",manual Entry,M. Chen,,
01/4/26,Mktg,Paid media,Google / LinkedIn,"4,834",Pos,TBD,accrual,Timing issue
01/1/26,COGS,Cloud hosting,AWS / Datadog,730,Check,Andres,manual adj,One-off item
15 Feb-26,COGS,Cloud hosting,AWS / Datadog,"3,855",Pos,TBD,posted,Vendor invoice late
01/3/26,COGS,Materials,Home Depot,(743),ERP,M. Chen,manual adj,Ask owner
15 Apr-26,Services,Prof services,Implementation clients,"(7,687)",manual Entry,Alex - FP&A,manual adj,Ask owner
2026-04-01,COGS,Payroll - eng,Payroll,"9,363",cash,Erikfinance ops,posted,Timing issue
15 Feb-26,Marketing,Google Ads,Google / LinkedIn,"(5,967)",Check,TBD,late invoice,Vendor invoice late
01/1/26,Mktg,Customer appr.,Amazon gift c.,"1,383",ERP,TBD,needs mapping,Timing issue
15 Feb-26,Services,Support tools,Zendesk / Gainsight,"2,172",Pos,Alex - FP&A,,Map to GL 6100
15 Feb-26,R&D,AI automation,n8n,"6,341",Pos,,accrual,Map to GL 6100
2026-04-01,Marketing,Events & webinars,Various,"1,351",Pos,TBD,,Ask owner
2026-01-25,Revenue,Product sales,Retail Customer,"4,657",ERP,Alex - FP&A,Posted,
01/3/26,Services,Prof services,Implementation clients,"2,821",Pos,,late invoice,Vendor invoice late
2026-03-28,Revenue,Service,Corp. clients,"6,801",Check,Andres,accrual,Map to GL 6100
2026-04-01,Sales,Payroll - sales,Payroll,"(7,417)",manual Entry,,needs mapping,One-off item
25 Mar-26,COGS,Payroll - eng,Payroll,"(4,851)",manual Entry,Erikfinance ops,needs mapping,One-off item
01/2/26,Services,Support tools,Zendesk / Gainsight,(720),ERP,TBD,needs mapping,Ask owner
15 Apr-26,Revenue,Subscr. revenue,Corp. clients,"3,967",Pos,M. Chen,Posted,Map to GL 6100
2026-03-28,Mktg,Paid media,Google / LinkedIn,"(6,451)",cash,M. Chen,accrual,Timing issue
01/2/26,R&D,Payroll - eng,Payroll,"8,224",manual Entry,Alex - FP&A,,Timing issue
01/3/26,R&D,AI automation,n8n,"(5,643)",Check,M. Chen,posted,
01/4/26,Marketing,Google Ads,Google / LinkedIn,"8,015",ERP,Andres,Posted,Timing issue
01/2/26,R&D,Cloud hosting,AWS / Datadog,"4,015",Check,Alex - FP&A,late invoice,Map to GL 6100
01/2/26,R&D,Cloud hosting,AWS / Datadog,"1,223",manual Entry,Erikfinance ops,accrual,Map to GL 6100
01-Jan-26,Services,Support tools,Zendesk / Gainsight,"(9,443)",Pos,M. Chen,posted,One-off item
2026-02-26,COGS,Cloud hosting,AWS / Datadog,"4,565",Pos,,manual adj,Check sign
01/3/26,COGS,Payroll - eng,Payroll,"3,127",ERP,M. Chen,,
01-Jan-26,Mktg,Customer appr.,Amazon gift c.,"4,816",ERP,Alex - FP&A,needs mapping,Ask owner
01/3/26,Revenue,Revenue,Corp. clients,"8,457",Check,TBD,accrual,
25 Mar-26,Sales,Payroll - sales,Payroll,"4,551",cash,,needs mapping,Ask owner
15 Feb-26,R&D,AI automation,n8n,196,Pos,Andres,accrual,Timing issue
2026-04-01,COGS,Payroll - eng,Payroll,"(9,945)",Pos,TBD,manual adj,Timing issue
01/3/26,Services,Support tools,Zendesk / Gainsight,"4,084",Check,Erikfinance ops,accrual,Ask owner
15 Feb-26,Marketing,Customer appr.,Gift hamper,"(4,475)",ERP,Andres,,Vendor invoice late
25 Mar-26,G&A,Accounting fees,Jason CPA,"6,628",Check,Alex - FP&A,accrual,Check sign
15 Apr-26,COGS,Materials,Home Depot,"(6,926)",ERP,,,Timing issue
15 Feb-26,Mktg,Events & webinars,Various,"(4,918)",ERP,M. Chen,Posted,One-off item
01/4/26,Mktg,Events & webinars,Various,"9,041",ERP,M. Chen,accrual,Vendor invoice late
2026-03-28,Marketing,Events & webinars,Various,"5,881",manual Entry,Alex - FP&A,Posted,Timing issue
15 Apr-26,COGS,Cloud hosting,AWS / Datadog,"4,197",Check,TBD,accrual,
25 Mar-26,Revenue,Subscr. revenue,Retail Customer,"8,710",Pos,Andres,,Timing issue
01/3/26,Revenue,Service,Corp. clients,"8,010",ERP,Erikfinance ops,accrual,Vendor invoice late
01/1/26,Revenue,Revenue,Retail Customer,"7,375",cash,,needs mapping,Map to GL 6100
01/1/26,Mktg,Customer appr.,Gift hamper,"(6,696)",Check,,posted,Vendor invoice late
2026-03-28,G&A,Office rent,Landlord,"8,690",manual Entry,M. Chen,posted,Map to GL 6100
01/1/26,Marketing,Google Ads,Google / LinkedIn,122,ERP,Erikfinance ops,Posted,Check sign
25 Mar-26,Services,Prof services,Implementation clients,"5,669",manual Entry,TBD,posted,One-off item
01-Jan-26,COGS,Payroll - eng,Payroll,"(7,615)",Check,,accrual,One-off item
01/4/26,Mktg,Customer appr.,Gift hamper,"2,924",Pos,Alex - FP&A,manual adj,Vendor invoice late
15 Feb-26,COGS,Cloud hosting,AWS / Datadog,"5,835",Check,Andres,,Map to GL 6100
2026-01-25,R&D,AI automation,n8n,"(7,112)",cash,TBD,,Vendor invoice late
2026-04-01,COGS,Materials,Johnsons Supply,"(1,606)",Pos,Alex - FP&A,late invoice,One-off item
15 Feb-26,G&A,Office rent,Landlord,"6,852",manual Entry,TBD,accrual,Check sign
2026-04-01,Services,Support tools,Zendesk / Gainsight,"8,851",manual Entry,,Posted,One-off item
15 Apr-26,COGS,Payroll - eng,Payroll,(790),Check,,needs mapping,Map to GL 6100
01/1/26,COGS,Materials,Johnsons Supply,"(4,497)",manual Entry,Erikfinance ops,needs mapping,
15 Apr-26,Revenue,Service,Corp. clients,"9,197",Check,M. Chen,posted,Map to GL 6100
01/3/26,G&A,Legal fees,Europa Law firm,"(2,421)",manual Entry,Alex - FP&A,,Ask owner
15 Feb-26,Sales,Sales commission,Payroll,"9,055",manual Entry,Andres,accrual,Ask owner
2026-02-26,Services,Support tools,Zendesk / Gainsight,"1,435",Check,Alex - FP&A,posted,Check sign
25 Mar-26,R&D,Cloud hosting,AWS / Datadog,"8,253",manual Entry,Erikfinance ops,accrual,Vendor invoice late
2026-02-26,G&A,Office rent,Landlord,"9,985",Check,Alex - FP&A,posted,One-off item
15 Feb-26,Marketing,Google Ads,Google / LinkedIn,"5,147",ERP,Erikfinance ops,late invoice,
2026-04-01,Services,Support tools,Zendesk / Gainsight,"3,292",Pos,TBD,late invoice,Vendor invoice late
01/2/26,Mktg,Events & webinars,Various,"4,328",manual Entry,,needs mapping,Check sign
01/4/26,COGS,Cloud hosting,AWS / Datadog,"(5,238)",Check,Alex - FP&A,Posted,Vendor invoice late
15 Apr-26,Marketing,Customer appr.,Soccer Ticket,"3,609",manual Entry,Andres,posted,Ask owner
01/3/26,Revenue,Service,Corp. clients,"5,536",Check,,posted,Map to GL 6100
01/4/26,Revenue,Revenue,Corp. clients,"1,275",manual Entry,M. Chen,needs mapping,Ask owner
01-Jan-26,Marketing,Google Ads,Google / LinkedIn,643,ERP,M. Chen,Posted,
2026-03-28,R&D,Cloud hosting,AWS / Datadog,207,Pos,,accrual,Vendor invoice late
2026-01-25,R&D,Payroll - eng,Payroll,"(1,826)",Check,Erikfinance ops,late invoice,One-off item
01/2/26,Mktg,Paid media,Google / LinkedIn,"4,964",ERP,Andres,late invoice,Ask owner
01/1/26,R&D,Cloud hosting,AWS / Datadog,"3,965",ERP,,needs mapping,Map to GL 6100
01/3/26,Sales,Payroll - sales,Payroll,"4,009",Check,,,Timing issue
01/3/26,Mktg,Customer appr.,Gift hamper,"1,952",manual Entry,Andres,needs mapping,Check sign
25 Mar-26,Marketing,Google Ads,Google / LinkedIn,"2,057",ERP,Alex - FP&A,late invoice,Check sign
15 Apr-26,Revenue,Product sales,Retail Customer,"8,400",Pos,Alex - FP&A,posted,
01-Jan-26,Mktg,Events & webinars,Various,"1,092",ERP,,Posted,Vendor invoice late
01/1/26,Services,Support tools,Zendesk / Gainsight,165,manual Entry,Andres,accrual,Vendor invoice late
01-Jan-26,Revenue,Subscr. revenue,Corp. clients,"8,875",ERP,M. Chen,late invoice,
01/2/26,Mktg,Events & webinars,Various,"8,050",ERP,,late invoice,One-off item
2026-03-28,Services,Support tools,Zendesk / Gainsight,"3,026",manual Entry,Andres,Posted,
15 Apr-26,Sales,Payroll - sales,Payroll,"4,250",Pos,TBD,manual adj,Vendor invoice late
25 Mar-26,Mktg,Paid media,Google / LinkedIn,"2,988",Check,Andres,,Vendor invoice late
01/4/26,G&A,Legal fees,Europa Law firm,"7,606",cash,TBD,,Check sign
2026-04-01,COGS,Cloud hosting,AWS / Datadog,"5,707",cash,,Posted,Timing issue
01/3/26,COGS,Payroll - eng,Payroll,"5,143",ERP,,Posted,Vendor invoice late
01/1/26,Services,Prof services,Implementation clients,"(6,905)",Pos,Andres,,One-off item
2026-04-01,Marketing,Events & webinars,Various,"3,563",manual Entry,Erikfinance ops,accrual,Vendor invoice late
15 Apr-26,Services,Support tools,Zendesk / Gainsight,"6,478",ERP,TBD,accrual,Ask owner
2026-01-25,Sales,Payroll - sales,Payroll,"8,571",cash,TBD,needs mapping,Vendor invoice late
2026-01-25,Mktg,Customer appr.,Soccer Ticket,68,ERP,Erikfinance ops,Posted,Ask owner
01/3/26,R&D,AI automation,n8n,"9,444",Pos,Erikfinance ops,,Check sign
01/2/26,R&D,Cloud hosting,AWS / Datadog,"5,087",Check,Erikfinance ops,posted,
15 Apr-26,Mktg,Paid media,Google / LinkedIn,"(5,004)",manual Entry,TBD,late invoice,
01/2/26,Mktg,Customer appr.,Soccer Ticket,"(4,458)",cash,Alex - FP&A,,Ask owner
01/4/26,COGS,Payroll - eng,Payroll,"4,013",Check,Alex - FP&A,Posted,Ask owner
01/1/26,Mktg,Paid media,Google / LinkedIn,"8,435",cash,Alex - FP&A,needs mapping,One-off item
2026-03-28,R&D,Payroll - eng,Payroll,"(4,104)",cash,M. Chen,,Map to GL 6100
15 Feb-26,Services,Prof services,Implementation clients,"7,563",Pos,,Posted,
15 Apr-26,Marketing,Google Ads,Google / LinkedIn,"9,830",Check,Alex - FP&A,Posted,Timing issue
15 Apr-26,Revenue,Subscr. revenue,Corp. clients,"7,063",manual Entry,M. Chen,Posted,Check sign
15 Feb-26,Services,Support tools,Zendesk / Gainsight,"3,180",manual Entry,Erikfinance ops,,Vendor invoice late
01/1/26,Revenue,Revenue,Retail Customer,"5,365",manual Entry,Erikfinance ops,Posted,Check sign
15 Apr-26,Marketing,Customer appr.,Soccer Ticket,"4,431",Pos,Alex - FP&A,accrual,Map to GL 6100
01/1/26,COGS,Cloud hosting,AWS / Datadog,"6,906",Check,,needs mapping,Check sign
01/3/26,Services,Prof services,Implementation clients,"6,846",ERP,Andres,Posted,Check sign
25 Mar-26,G&A,Legal fees,Buchalter,311,Pos,TBD,manual adj,Ask owner
15 Feb-26,R&D,Cloud hosting,AWS / Datadog,"8,228",Check,,needs mapping,Vendor invoice late
01/4/26,Revenue,Service,Corp. clients,"7,079",Check,Andres,Posted,Map to GL 6100
2026-02-26,Sales,CRM / RevOps tools,Salesforce / Outreach,"7,081",manual Entry,Andres,posted,Ask owner
2026-02-26,Services,Prof services,Implementation clients,467,ERP,Andres,posted,One-off item
01/4/26,COGS,Materials,Johnsons Supply,"(2,375)",Pos,Andres,needs mapping,Vendor invoice late
15 Apr-26,COGS,Cloud hosting,AWS / Datadog,"1,092",Check,M. Chen,manual adj,One-off item
01-Jan-26,Services,Support tools,Zendesk / Gainsight,(699),Check,,needs mapping,
2026-01-25,R&D,Cloud hosting,AWS / Datadog,"6,477",ERP,Alex - FP&A,manual adj,Ask owner
2026-03-28,Mktg,Customer appr.,Soccer Ticket,"4,809",manual Entry,,Posted,One-off item
25 Mar-26,R&D,Cloud hosting,AWS / Datadog,"2,430",cash,M. Chen,Posted,
01/2/26,G&A,Office rent,Landlord,"(2,165)",manual Entry,,late invoice,Map to GL 6100
15 Apr-26,Services,Prof services,Implementation clients,972,ERP,TBD,posted,Ask owner
01/1/26,R&D,AI automation,n8n,"5,717",Check,M. Chen,,Ask owner
15 Apr-26,COGS,Cloud hosting,AWS / Datadog,"7,078",ERP,TBD,late invoice,Ask owner
01/4/26,Revenue,Revenue,Retail Customer,"2,914",Check,TBD,,Map to GL 6100
15 Apr-26,Revenue,Service,Retail Customer,284,Check,,accrual,Check sign
15 Feb-26,Revenue,Product sales,Corp. clients,"6,305",Pos,,posted,Vendor invoice late
01-Jan-26,Mktg,Paid media,Google / LinkedIn,"8,974",manual Entry,Erikfinance ops,late invoice,Timing issue
01/4/26,Marketing,Customer appr.,Soccer Ticket,"5,040",ERP,M. Chen,needs mapping,Vendor invoice late
15 Feb-26,Mktg,Customer appr.,Amazon gift c.,"3,751",Pos,Erikfinance ops,manual adj,One-off item
2026-01-25,COGS,Payroll - eng,Payroll,"6,956",cash,Erikfinance ops,manual adj,
2026-02-26,Mktg,Customer appr.,Amazon gift c.,"4,380",ERP,M. Chen,manual adj,
01/1/26,COGS,Payroll - eng,Payroll,"8,094",ERP,TBD,late invoice,Check sign
01-Jan-26,Sales,Sales commission,Payroll,"1,705",cash,TBD,accrual,Check sign
2026-02-26,Revenue,Product sales,Retail Customer,"4,751",cash,Erikfinance ops,,
15 Feb-26,COGS,Cloud hosting,AWS / Datadog,"8,701",Check,TBD,Posted,Check sign
01/2/26,Sales,CRM / RevOps tools,Salesforce / Outreach,"2,347",Check,M. Chen,late invoice,Map to GL 6100
2026-01-25,Revenue,Subscr. revenue,Retail Customer,973,ERP,,,Vendor invoice late
01/1/26,Sales,CRM / RevOps tools,Salesforce / Outreach,"7,012",manual Entry,Alex - FP&A,accrual,Vendor invoice late
01/3/26,G&A,Office rent,Landlord,"(5,573)",Pos,Alex - FP&A,posted,Timing issue
2026-04-01,Services,Prof services,Implementation clients,"(3,685)",ERP,,,Check sign
25 Mar-26,Marketing,Google Ads,Google / LinkedIn,"7,049",Check,Alex - FP&A,Posted,Vendor invoice late
01/3/26,COGS,Materials,Walmart,933,Check,TBD,,One-off item
01-Jan-26,Mktg,Events & webinars,Various,"2,784",Pos,,needs mapping,Ask owner
2026-03-28,Revenue,Product sales,Corp. clients,"2,940",ERP,M. Chen,manual adj,Timing issue
2026-01-25,COGS,Cloud hosting,AWS / Datadog,"3,069",ERP,Andres,manual adj,Timing issue
15 Apr-26,Services,Support tools,Zendesk / Gainsight,"1,078",Check,Erikfinance ops,accrual,Check sign
2026-02-26,Services,Support tools,Zendesk / Gainsight,931,manual Entry,Andres,accrual,One-off item
01-Jan-26,Services,Support tools,Zendesk / Gainsight,"3,278",manual Entry,M. Chen,manual adj,Timing issue
01-Jan-26,Services,Prof services,Implementation clients,"(2,346)",Check,Erikfinance ops,,Vendor invoice late
25 Mar-26,G&A,Legal fees,Europa Law firm,103,Pos,,,Vendor invoice late
2026-04-01,Sales,Payroll - sales,Payroll,"4,080",ERP,M. Chen,manual adj,Vendor invoice late
01-Jan-26,Services,Prof services,Implementation clients,"9,407",Pos,,Posted,Map to GL 6100
01/2/26,Marketing,Google Ads,Google / LinkedIn,"9,177",Check,TBD,needs mapping,
25 Mar-26,Sales,CRM / RevOps tools,Salesforce / Outreach,"7,496",Pos,Erikfinance ops,late invoice,Map to GL 6100
01/4/26,Revenue,Service,Corp. clients,"7,819",Check,,accrual,Check sign
15 Apr-26,Revenue,Product sales,Corp. clients,"(4,556)",ERP,TBD,manual adj,Check sign
2026-03-28,G&A,Accounting fees,Brandon,"7,043",ERP,Erikfinance ops,accrual,Timing issue
01/3/26,Sales,Payroll - sales,Payroll,"9,638",manual Entry,M. Chen,posted,Vendor invoice late
2026-02-26,Sales,Sales commission,Payroll,"5,966",Pos,Erikfinance ops,,Map to GL 6100
15 Apr-26,G&A,Office rent,Landlord,"2,566",Pos,Erikfinance ops,manual adj,Timing issue
01/3/26,COGS,Materials,Home Depot,"(1,778)",manual Entry,TBD,,Check sign
15 Apr-26,Sales,CRM / RevOps tools,Salesforce / Outreach,"7,562",cash,,manual adj,Map to GL 6100
01/2/26,Marketing,Google Ads,Google / LinkedIn,"4,679",Pos,TBD,accrual,Timing issue
2026-03-28,COGS,Payroll - eng,Payroll,"8,999",manual Entry,M. Chen,posted,
15 Apr-26,Marketing,Customer appr.,Gift hamper,"9,487",manual Entry,Andres,,Check sign
15 Apr-26,Revenue,Product sales,Corp. clients,"4,369",ERP,TBD,late invoice,Check sign
2026-03-28,Revenue,Service,Retail Customer,"9,224",manual Entry,,,Vendor invoice late
2026-04-01,Services,Support tools,Zendesk / Gainsight,"9,121",manual Entry,Andres,late invoice,Vendor invoice late
01/2/26,Mktg,Paid media,Google / LinkedIn,"(2,316)",ERP,M. Chen,Posted,
01/3/26,G&A,Office rent,Landlord,"3,245",manual Entry,TBD,accrual,Check sign
2026-02-26,COGS,Payroll - eng,Payroll,779,Pos,Erikfinance ops,accrual,Vendor invoice late
01/2/26,Mktg,Events & webinars,Various,"3,694",manual Entry,Andres,Posted,
15 Feb-26,Sales,CRM / RevOps tools,Salesforce / Outreach,"2,742",cash,Andres,,
2026-02-26,Services,Support tools,Zendesk / Gainsight,"(5,882)",ERP,M. Chen,accrual,Vendor invoice late
2026-04-01,G&A,Office rent,Landlord,"2,182",Check,Erikfinance ops,Posted,Check sign
01/2/26,Mktg,Paid media,Google / LinkedIn,(767),Check,Erikfinance ops,posted,
01/2/26,Mktg,Events & webinars,Various,"6,104",ERP,Erikfinance ops,accrual,One-off item
2026-02-26,Marketing,Events & webinars,Various,"6,907",cash,,,Map to GL 6100
2026-03-28,Mktg,Customer appr.,Gift hamper,"8,800",cash,,manual adj,Map to GL 6100
01/2/26,Services,Support tools,Zendesk / Gainsight,103,Check,Alex - FP&A,accrual,Ask owner
01/4/26,Services,Support tools,Zendesk / Gainsight,"(8,747)",ERP,Erikfinance ops,posted,Vendor invoice late
01/4/26,G&A,Accounting fees,Jason CPA,"2,276",Check,,Posted,Ask owner
2026-04-01,COGS,Cloud hosting,AWS / Datadog,"8,256",cash,,posted,Timing issue
01/3/26,Marketing,Paid media,Google / LinkedIn,"7,058",manual Entry,TBD,accrual,Map to GL 6100
25 Mar-26,R&D,Payroll - eng,Payroll,"7,320",Check,,late invoice,One-off item
2026-04-01,Services,Prof services,Implementation clients,"4,645",ERP,TBD,late invoice,
15 Feb-26,COGS,Payroll - eng,Payroll,"4,497",Check,,needs mapping,Vendor invoice late
01-Jan-26,Marketing,Customer appr.,Soccer Ticket,"5,386",Check,TBD,accrual,Ask owner
15 Feb-26,R&D,AI automation,n8n,"5,882",cash,Alex - FP&A,needs mapping,Vendor invoice late
01-Jan-26,Services,Support tools,Zendesk / Gainsight,"2,434",ERP,Alex - FP&A,Posted,Vendor invoice late
25 Mar-26,COGS,Cloud hosting,AWS / Datadog,"6,431",cash,TBD,manual adj,Timing issue
2026-02-26,Mktg,Events & webinars,Various,"6,475",Check,Andres,,Ask owner
01/3/26,Mktg,Customer appr.,Soccer Ticket,"7,689",Check,Alex - FP&A,Posted,Map to GL 6100
25 Mar-26,G&A,Accounting fees,Jason CPA,"3,055",ERP,Erikfinance ops,manual adj,Map to GL 6100
2026-02-26,Mktg,Paid media,Google / LinkedIn,"6,747",Pos,M. Chen,late invoice,Map to GL 6100
15 Apr-26,COGS,Materials,Johnsons Supply,"1,178",cash,Andres,late invoice,Map to GL 6100
01/3/26,Mktg,Paid media,Google / LinkedIn,"(4,299)",cash,Alex - FP&A,,Map to GL 6100
2026-03-28,Revenue,Service,Retail Customer,"6,925",ERP,M. Chen,accrual,Check sign
2026-04-01,COGS,Materials,Walmart,"9,079",Pos,TBD,late invoice,Map to GL 6100
15 Apr-26,COGS,Materials,Home Depot,"9,400",Check,,needs mapping,Timing issue
2026-02-26,Sales,Sales commission,Payroll,"1,518",manual Entry,Alex - FP&A,accrual,One-off item
2026-03-28,COGS,Cloud hosting,AWS / Datadog,"(1,994)",Pos,Alex - FP&A,posted,One-off item
01-Jan-26,COGS,Payroll - eng,Payroll,"3,864",ERP,Andres,,Check sign
01-Jan-26,Sales,Payroll - sales,Payroll,"9,371",manual Entry,,accrual,One-off item
2026-01-25,Marketing,Events & webinars,Various,"(1,886)",Check,Erikfinance ops,Posted,Map to GL 6100
01-Jan-26,R&D,Payroll - eng,Payroll,"7,698",ERP,,posted,Map to GL 6100
2026-04-01,G&A,Accounting fees,Brandon,"4,780",cash,M. Chen,accrual,Timing issue
01/4/26,COGS,Materials,Walmart,"5,394",Check,Andres,accrual,Map to GL 6100
25 Mar-26,R&D,Cloud hosting,AWS / Datadog,"5,519",cash,Alex - FP&A,Posted,Check sign
01/4/26,Services,Prof services,Implementation clients,"3,182",Check,,accrual,Check sign
01/2/26,R&D,Payroll - eng,Payroll,"3,985",manual Entry,TBD,late invoice,Vendor invoice late
2026-04-01,Marketing,Google Ads,Google / LinkedIn,"(6,933)",Pos,M. Chen,Posted,One-off item
25 Mar-26,COGS,Payroll - eng,Payroll,636,cash,Erikfinance ops,accrual,Check sign
01/4/26,Sales,Sales commission,Payroll,"1,365",manual Entry,Andres,late invoice,Vendor invoice late
2026-04-01,G&A,Office rent,Landlord,"(7,410)",manual Entry,Alex - FP&A,needs mapping,Map to GL 6100
2026-02-26,Services,Prof services,Implementation clients,"1,159",Check,,Posted,Ask owner
01/1/26,Mktg,Paid media,Google / LinkedIn,"9,566",Pos,Alex - FP&A,manual adj,Timing issue
15 Feb-26,Sales,Sales commission,Payroll,"3,149",Check,,accrual,Map to GL 6100
01/1/26,G&A,Accounting fees,Jason CPA,"7,634",Check,,accrual,Ask owner
15 Apr-26,Marketing,Events & webinars,Various,"6,721",Pos,Erikfinance ops,,Check sign
2026-04-01,Revenue,Revenue,Retail Customer,"4,897",manual Entry,TBD,posted,Map to GL 6100
01/2/26,R&D,Payroll - eng,Payroll,"1,335",manual Entry,TBD,Posted,Map to GL 6100
2026-02-26,Sales,Payroll - sales,Payroll,"2,372",cash,M. Chen,manual adj,One-off item
01/2/26,COGS,Cloud hosting,AWS / Datadog,"4,178",cash,Andres,posted,Check sign
01-Jan-26,R&D,Payroll - eng,Payroll,"5,251",Check,TBD,needs mapping,Check sign
2026-02-26,COGS,Payroll - eng,Payroll,"3,482",Pos,M. Chen,,
01/3/26,Mktg,Customer appr.,Amazon gift c.,"(9,958)",cash,Erikfinance ops,manual adj,Timing issue
01-Jan-26,R&D,AI automation,n8n,"9,175",Pos,TBD,posted,
2026-03-28,Marketing,Events & webinars,Various,"(6,639)",Check,,manual adj,Ask owner
01/4/26,Revenue,Product sales,Retail Customer,"6,209",Pos,Andres,manual adj,Vendor invoice late
01/3/26,Marketing,Events & webinars,Various,"(4,269)",manual Entry,M. Chen,late invoice,One-off item
25 Mar-26,Mktg,Paid media,Google / LinkedIn,"8,361",ERP,Andres,,Vendor invoice late
2026-03-28,Services,Support tools,Zendesk / Gainsight,"3,390",Pos,Andres,manual adj,Check sign
01/4/26,Sales,CRM / RevOps tools,Salesforce / Outreach,"6,785",cash,Alex - FP&A,needs mapping,Vendor invoice late
01/3/26,Marketing,Customer appr.,Gift hamper,"1,405",cash,,Posted,Timing issue
25 Mar-26,Mktg,Paid media,Google / LinkedIn,"9,772",manual Entry,Alex - FP&A,,One-off item
15 Feb-26,Mktg,Events & webinars,Various,"7,055",cash,Alex - FP&A,posted,One-off item
2026-03-28,Sales,Payroll - sales,Payroll,"4,749",cash,,Posted,
2026-01-25,Revenue,Product sales,Retail Customer,"6,743",Check,TBD,accrual,Check sign
2026-03-28,COGS,Payroll - eng,Payroll,"3,034",manual Entry,,Posted,Ask owner
25 Mar-26,G&A,Office rent,Landlord,"6,556",cash,TBD,posted,Check sign
2026-02-26,Mktg,Events & webinars,Various,"7,269",manual Entry,TBD,accrual,Map to GL 6100
2026-02-26,COGS,Cloud hosting,AWS / Datadog,"5,176",Pos,TBD,posted,One-off item
15 Apr-26,G&A,Office rent,Landlord,"7,888",manual Entry,Erikfinance ops,accrual,One-off item
01/2/26,Marketing,Events & webinars,Various,78,Check,M. Chen,,Map to GL 6100
01-Jan-26,COGS,Cloud hosting,AWS / Datadog,"3,652",ERP,TBD,accrual,
25 Mar-26,Services,Prof services,Implementation clients,"2,017",manual Entry,TBD,accrual,Check sign
01/4/26,Services,Support tools,Zendesk / Gainsight,"(1,153)",ERP,Alex - FP&A,late invoice,Vendor invoice late
01/1/26,Services,Prof services,Implementation clients,614,Check,,,Vendor invoice late
01-Jan-26,Sales,Payroll - sales,Payroll,"9,887",cash,,needs mapping,Ask owner
2026-04-01,Mktg,Events & webinars,Various,"8,210",Pos,Andres,needs mapping,
2026-02-26,COGS,Materials,Electric house,"(5,371)",cash,Andres,,Check sign
01/1/26,R&D,Cloud hosting,AWS / Datadog,"4,739",manual Entry,Andres,accrual,Map to GL 6100
2026-01-25,Sales,CRM / RevOps tools,Salesforce / Outreach,"7,668",Pos,Andres,needs mapping,Timing issue
2026-03-28,Mktg,Customer appr.,Gift hamper,"7,037",Pos,M. Chen,,Vendor invoice late
2026-01-25,R&D,AI automation,n8n,"7,306",ERP,M. Chen,needs mapping,Check sign
15 Feb-26,Revenue,Service,Corp. clients,"(7,168)",Pos,Erikfinance ops,,Map to GL 6100
15 Feb-26,G&A,Accounting fees,Jason CPA,"2,221",Check,Erikfinance ops,Posted,
2026-04-01,G&A,Legal fees,Europa Law firm,"3,290",cash,Andres,posted,Vendor invoice late
2026-02-26,Revenue,Revenue,Retail Customer,"9,381",ERP,Alex - FP&A,needs mapping,Vendor invoice late
01/3/26,Mktg,Events & webinars,Various,"2,279",Check,TBD,late invoice,One-off item
2026-03-28,R&D,Cloud hosting,AWS / Datadog,"3,900",cash,,posted,Timing issue
2026-02-26,COGS,Payroll - eng,Payroll,"2,598",Pos,Andres,Posted,Check sign
01/1/26,Marketing,Paid media,Google / LinkedIn,"8,193",Pos,TBD,posted,Map to GL 6100
2026-04-01,Services,Prof services,Implementation clients,"7,218",Pos,TBD,late invoice,One-off item
01/2/26,Mktg,Events & webinars,Various,"8,364",Check,TBD,needs mapping,Check sign
15 Feb-26,Sales,Payroll - sales,Payroll,"5,273",Check,Andres,posted,One-off item
2026-03-28,Sales,CRM / RevOps tools,Salesforce / Outreach,49,Pos,,late invoice,Map to GL 6100
2026-04-01,Marketing,Google Ads,Google / LinkedIn,"4,100",cash,Andres,posted,Vendor invoice late
01/2/26,R&D,Cloud hosting,AWS / Datadog,"9,040",manual Entry,Alex - FP&A,Posted,Vendor invoice late
15 Feb-26,Services,Prof services,Implementation clients,"6,920",ERP,Alex - FP&A,late invoice,One-off item
2026-01-25,Mktg,Customer appr.,Amazon gift c.,"5,712",manual Entry,M. Chen,manual adj,Vendor invoice late
2026-02-26,Mktg,Paid media,Google / LinkedIn,"3,534",Pos,Erikfinance ops,needs mapping,
2026-01-25,Revenue,Revenue,Retail Customer,"9,059",Check,Andres,,Vendor invoice late
25 Mar-26,Revenue,Product sales,Retail Customer,"1,050",cash,TBD,late invoice,Map to GL 6100
2026-02-26,R&D,AI automation,n8n,"1,804",Check,Andres,Posted,One-off item
2026-02-26,Marketing,Events & webinars,Various,"3,262",cash,Andres,,Ask owner
2026-04-01,Marketing,Paid media,Google / LinkedIn,"7,311",Pos,Alex - FP&A,accrual,One-off item
01/2/26,Revenue,Revenue,Corp. clients,"(8,490)",manual Entry,Andres,accrual,One-off item
01/1/26,Sales,CRM / RevOps tools,Salesforce / Outreach,"7,798",Check,,needs mapping,One-off item
15 Feb-26,Marketing,Google Ads,Google / LinkedIn,"1,943",ERP,TBD,late invoice,Ask owner
2026-03-28,Marketing,Paid media,Google / LinkedIn,"7,791",Pos,M. Chen,accrual,Map to GL 6100
15 Apr-26,G&A,Legal fees,Europa Law firm,105,Pos,TBD,posted,Timing issue
2026-01-25,Marketing,Google Ads,Google / LinkedIn,"1,582",Pos,TBD,needs mapping,One-off item
2026-02-26,COGS,Materials,Walmart,"3,616",manual Entry,Andres,needs mapping,Map to GL 6100
2026-04-01,Marketing,Google Ads,Google / LinkedIn,"2,760",Check,Andres,needs mapping,Check sign
01/2/26,Marketing,Google Ads,Google / LinkedIn,"2,335",ERP,,manual adj,One-off item
2026-02-26,Revenue,Revenue,Retail Customer,"4,232",manual Entry,,,One-off item
01/2/26,COGS,Payroll - eng,Payroll,"9,710",ERP,TBD,accrual,Ask owner
01/1/26,COGS,Cloud hosting,AWS / Datadog,"1,919",manual Entry,,accrual,Vendor invoice late
01/2/26,Mktg,Customer appr.,Amazon gift c.,"6,290",ERP,TBD,manual adj,Check sign
15 Feb-26,Revenue,Subscr. revenue,Retail Customer,"9,088",Pos,TBD,manual adj,Ask owner
25 Mar-26,R&D,Payroll - eng,Payroll,"2,185",cash,M. Chen,needs mapping,Map to GL 6100
2026-03-28,COGS,Materials,Home Depot,"1,429",manual Entry,TBD,posted,Timing issue
2026-03-28,Revenue,Product sales,Retail Customer,"5,500",cash,TBD,accrual,Map to GL 6100
01/3/26,Sales,Payroll - sales,Payroll,"(3,230)",manual Entry,Andres,manual adj,Check sign
01/3/26,G&A,Office rent,Landlord,"1,114",ERP,M. Chen,late invoice,Ask owner
01/4/26,Marketing,Google Ads,Google / LinkedIn,"1,267",cash,M. Chen,accrual,Timing issue
15 Feb-26,Marketing,Paid media,Google / LinkedIn,"(2,238)",cash,Alex - FP&A,late invoice,Check sign
01/1/26,COGS,Cloud hosting,AWS / Datadog,"1,579",cash,M. Chen,,Ask owner
2026-03-28,R&D,Cloud hosting,AWS / Datadog,85,Check,Erikfinance ops,late invoice,
01-Jan-26,COGS,Materials,Johnsons Supply,"1,448",Pos,Alex - FP&A,accrual,
25 Mar-26,Marketing,Paid media,Google / LinkedIn,"7,516",cash,M. Chen,Posted,Timing issue
2026-02-26,G&A,Legal fees,Europa Law firm,"4,505",ERP,TBD,manual adj,One-off item
15 Apr-26,Marketing,Google Ads,Google / LinkedIn,510,manual Entry,Erikfinance ops,posted,Check sign
01/2/26,COGS,Cloud hosting,AWS / Datadog,(89),manual Entry,,posted,One-off item
2026-02-26,Revenue,Revenue,Corp. clients,"(6,256)",cash,Andres,posted,Ask owner
2026-02-26,G&A,Legal fees,Europa Law firm,"7,304",cash,Erikfinance ops,late invoice,Check sign
15 Feb-26,COGS,Cloud hosting,AWS / Datadog,"2,951",cash,Erikfinance ops,Posted,Timing issue
01/4/26,Marketing,Google Ads,Google / LinkedIn,"5,229",Check,TBD,needs mapping,One-off item
01-Jan-26,Mktg,Customer appr.,Amazon gift c.,"4,108",Check,,needs mapping,Ask owner
01-Jan-26,Mktg,Events & webinars,Various,"6,096",ERP,TBD,,One-off item
01/2/26,Mktg,Customer appr.,Amazon gift c.,435,ERP,M. Chen,,One-off item
01/4/26,Marketing,Events & webinars,Various,"5,406",Pos,Alex - FP&A,accrual,Timing issue
2026-02-26,Services,Support tools,Zendesk / Gainsight,"8,846",ERP,Andres,late invoice,
2026-02-26,Mktg,Customer appr.,Gift hamper,"5,697",cash,Erikfinance ops,late invoice,Check sign
01-Jan-26,Marketing,Google Ads,Google / LinkedIn,"1,827",manual Entry,Alex - FP&A,posted,Ask owner
15 Feb-26,Sales,CRM / RevOps tools,Salesforce / Outreach,"(8,343)",manual Entry,Alex - FP&A,late invoice,Check sign
2026-01-25,Marketing,Events & webinars,Various,997,cash,Alex - FP&A,late invoice,One-off item
15 Feb-26,Revenue,Subscr. revenue,Corp. clients,90,Check,,posted,Map to GL 6100
01/2/26,Mktg,Events & webinars,Various,"2,626",Pos,TBD,,Check sign
15 Apr-26,Marketing,Paid media,Google / LinkedIn,"3,918",Check,M. Chen,late invoice,
01/4/26,Revenue,Revenue,Corp. clients,"5,010",ERP,TBD,Posted,Map to GL 6100
01/3/26,Mktg,Customer appr.,Amazon gift c.,"2,471",cash,Erikfinance ops,late invoice,One-off item
2026-03-28,Revenue,Product sales,Retail Customer,"1,349",ERP,M. Chen,late invoice,Ask owner
2026-02-26,COGS,Materials,Home Depot,"(8,704)",Check,,manual adj,Timing issue
01/2/26,G&A,Office rent,Landlord,"8,734",Pos,TBD,accrual,Vendor invoice late
2026-02-26,G&A,Accounting fees,Jason CPA,"3,428",manual Entry,Erikfinance ops,manual adj,One-off item
01/2/26,Marketing,Paid media,Google / LinkedIn,"5,382",Check,TBD,accrual,Ask owner
15 Apr-26,COGS,Cloud hosting,AWS / Datadog,"1,373",cash,TBD,,Check sign
2026-03-28,COGS,Materials,Walmart,"3,225",cash,M. Chen,needs mapping,Check sign
01/4/26,Mktg,Events & webinars,Various,"1,904",Pos,M. Chen,Posted,Vendor invoice late
2026-04-01,Services,Prof services,Implementation clients,"(6,318)",ERP,Andres,late invoice,
2026-04-01,Sales,CRM / RevOps tools,Salesforce / Outreach,"2,452",Check,Alex - FP&A,accrual,Ask owner
15 Feb-26,Services,Prof services,Implementation clients,"2,131",Check,Erikfinance ops,accrual,Ask owner
2026-04-01,R&D,Payroll - eng,Payroll,"1,854",manual Entry,Erikfinance ops,late invoice,Vendor invoice late
25 Mar-26,R&D,AI automation,n8n,"5,281",manual Entry,,late invoice,
2026-04-01,Revenue,Service,Corp. clients,"8,262",manual Entry,,late invoice,Check sign
25 Mar-26,G&A,Legal fees,Europa Law firm,"(1,273)",ERP,TBD,needs mapping,
15 Apr-26,Marketing,Customer appr.,Amazon gift c.,"(3,009)",Pos,Andres,late invoice,
01/1/26,G&A,Office rent,Landlord,"8,143",ERP,Alex - FP&A,accrual,Timing issue
2026-01-25,G&A,Accounting fees,Jason CPA,"5,366",manual Entry,M. Chen,needs mapping,Timing issue
25 Mar-26,Mktg,Customer appr.,Amazon gift c.,"5,168",Pos,M. Chen,manual adj,Ask owner
2026-03-28,Marketing,Customer appr.,Soccer Ticket,478,Pos,M. Chen,Posted,One-off item
01/2/26,Marketing,Events & webinars,Various,"6,723",cash,M. Chen,manual adj,Check sign
01/1/26,Sales,CRM / RevOps tools,Salesforce / Outreach,"(1,857)",manual Entry,Erikfinance ops,accrual,Timing issue
01/3/26,Services,Prof services,Implementation clients,"1,246",cash,Alex - FP&A,accrual,Ask owner
2026-03-28,R&D,AI automation,n8n,"6,361",Pos,Alex - FP&A,late invoice,Timing issue
01/2/26,Services,Support tools,Zendesk / Gainsight,"7,411",ERP,Alex - FP&A,manual adj,Vendor invoice late
15 Feb-26,R&D,AI automation,n8n,996,Check,TBD,Posted,
2026-01-25,Mktg,Paid media,Google / LinkedIn,652,Check,,Posted,Ask owner
01-Jan-26,R&D,Cloud hosting,AWS / Datadog,"9,803",Check,M. Chen,needs mapping,Vendor invoice late
2026-04-01,R&D,AI automation,n8n,"2,599",ERP,TBD,accrual,Timing issue
15 Apr-26,Sales,CRM / RevOps tools,Salesforce / Outreach,"2,490",ERP,TBD,posted,Vendor invoice late
2026-01-25,Mktg,Events & webinars,Various,247,Check,TBD,accrual,Map to GL 6100
01/4/26,Revenue,Subscr. revenue,Corp. clients,"8,291",ERP,Andres,,
01/2/26,Mktg,Paid media,Google / LinkedIn,"(9,672)",Check,M. Chen,posted,Timing issue
01-Jan-26,COGS,Materials,Johnsons Supply,"(9,242)",manual Entry,Alex - FP&A,,One-off item
2026-04-01,R&D,AI automation,n8n,"8,278",ERP,TBD,accrual,Map to GL 6100
01/1/26,COGS,Cloud hosting,AWS / Datadog,"7,314",manual Entry,Andres,accrual,Map to GL 6100
01/4/26,R&D,AI automation,n8n,"(8,156)",Check,Alex - FP&A,Posted,
2026-04-01,COGS,Payroll - eng,Payroll,"5,234",ERP,Andres,,Check sign
2026-03-28,Revenue,Revenue,Retail Customer,"7,534",Pos,TBD,posted,Map to GL 6100
01/1/26,Mktg,Customer appr.,Soccer Ticket,"2,499",cash,M. Chen,late invoice,
01/4/26,G&A,Office rent,Landlord,"4,007",Check,Alex - FP&A,posted,Map to GL 6100
2026-03-28,R&D,Payroll - eng,Payroll,"(4,714)",cash,,accrual,Map to GL 6100
15 Apr-26,Services,Support tools,Zendesk / Gainsight,"5,836",ERP,TBD,needs mapping,Map to GL 6100
01/4/26,R&D,Cloud hosting,AWS / Datadog,"5,778",ERP,,late invoice,
2026-03-28,R&D,AI automation,n8n,"2,297",manual Entry,Andres,needs mapping,Check sign
01/4/26,COGS,Cloud hosting,AWS / Datadog,"9,222",ERP,M. Chen,needs mapping,One-off item
2026-02-26,Mktg,Customer appr.,Soccer Ticket,"6,925",Check,,accrual,Ask owner
2026-04-01,G&A,Office rent,Landlord,"7,532",Pos,Andres,needs mapping,Map to GL 6100
15 Feb-26,Marketing,Google Ads,Google / LinkedIn,"9,115",ERP,Andres,late invoice,Vendor invoice late
2026-02-26,Services,Prof services,Implementation clients,"4,727",ERP,M. Chen,Posted,
2026-01-25,Revenue,Service,Corp. clients,"5,921",ERP,M. Chen,posted,Ask owner
2026-03-28,Marketing,Events & webinars,Various,"8,839",cash,Andres,,Check sign
2026-02-26,Sales,CRM / RevOps tools,Salesforce / Outreach,"1,212",cash,,posted,
01/1/26,R&D,Cloud hosting,AWS / Datadog,"3,801",cash,,manual adj,Map to GL 6100
15 Feb-26,Sales,CRM / RevOps tools,Salesforce / Outreach,"3,472",manual Entry,,needs mapping,Ask owner
2026-03-28,COGS,Payroll - eng,Payroll,"1,498",Pos,Andres,needs mapping,
01/1/26,R&D,AI automation,n8n,"(6,872)",Pos,Alex - FP&A,needs mapping,
01/3/26,Revenue,Subscr. revenue,Retail Customer,421,Pos,Andres,,
25 Mar-26,Services,Support tools,Zendesk / Gainsight,"(6,743)",cash,Andres,posted,
2026-01-25,Marketing,Customer appr.,Amazon gift c.,"(6,670)",manual Entry,Andres,late invoice,One-off item
2026-02-26,Services,Support tools,Zendesk / Gainsight,"7,581",ERP,Alex - FP&A,posted,Map to GL 6100
2026-04-01,G&A,Legal fees,Europa Law firm,"3,443",manual Entry,M. Chen,posted,Map to GL 6100
25 Mar-26,G&A,Office rent,Landlord,(625),Check,Andres,manual adj,Vendor invoice late
01/3/26,Mktg,Paid media,Google / LinkedIn,"9,756",manual Entry,TBD,late invoice,Map to GL 6100
2026-04-01,Mktg,Customer appr.,Gift hamper,"8,960",ERP,TBD,,Timing issue
01/4/26,Revenue,Revenue,Corp. clients,"5,380",manual Entry,TBD,posted,One-off item
01/3/26,Marketing,Events & webinars,Various,"8,539",manual Entry,Andres,,One-off item
15 Apr-26,Marketing,Events & webinars,Various,925,manual Entry,Erikfinance ops,posted,
01-Jan-26,COGS,Payroll - eng,Payroll,109,Pos,M. Chen,Posted,Timing issue
2026-02-26,COGS,Payroll - eng,Payroll,"3,263",Check,M. Chen,accrual,Map to GL 6100
01-Jan-26,Revenue,Service,Corp. clients,"1,097",manual Entry,,Posted,Map to GL 6100
25 Mar-26,Services,Support tools,Zendesk / Gainsight,"7,670",manual Entry,Alex - FP&A,Posted,Timing issue
25 Mar-26,COGS,Cloud hosting,AWS / Datadog,5,Check,TBD,accrual,Ask owner
2026-04-01,Mktg,Customer appr.,Gift hamper,"3,083",Check,Andres,Posted,Vendor invoice late
2026-04-01,R&D,AI automation,n8n,"7,836",Check,Alex - FP&A,Posted,Ask owner
2026-02-26,Revenue,Service,Corp. clients,"6,815",Pos,Erikfinance ops,posted,Ask owner
01/1/26,Revenue,Revenue,Corp. clients,"3,414",manual Entry,,needs mapping,One-off item
2026-03-28,Services,Prof services,Implementation clients,"7,719",Pos,Erikfinance ops,accrual,Map to GL 6100
15 Feb-26,Mktg,Customer appr.,Amazon gift c.,"2,269",cash,TBD,,One-off item
2026-03-28,Marketing,Google Ads,Google / LinkedIn,"3,759",ERP,TBD,needs mapping,Vendor invoice late
2026-02-26,R&D,Cloud hosting,AWS / Datadog,"3,611",manual Entry,M. Chen,Posted,
01/1/26,Sales,Payroll - sales,Payroll,"7,223",Check,Erikfinance ops,manual adj,Ask owner
2026-04-01,Sales,Payroll - sales,Payroll,"8,007",manual Entry,Alex - FP&A,Posted,One-off item
15 Apr-26,G&A,Office rent,Landlord,"(7,234)",Pos,TBD,manual adj,
01/4/26,Revenue,Subscr. revenue,Corp. clients,"6,070",Check,Andres,needs mapping,
01-Jan-26,Mktg,Events & webinars,Various,"1,483",ERP,,posted,
15 Feb-26,Revenue,Product sales,Corp. clients,"6,877",Check,,late invoice,Timing issue
15 Apr-26,Sales,Payroll - sales,Payroll,"3,882",ERP,M. Chen,needs mapping,
15 Apr-26,Services,Prof services,Implementation clients,"3,983",cash,,posted,Timing issue
25 Mar-26,R&D,Payroll - eng,Payroll,"8,958",Pos,,posted,Ask owner
2026-01-25,G&A,Accounting fees,Brandon,"4,357",Check,Erikfinance ops,,Check sign
01-Jan-26,Sales,Sales commission,Payroll,"(8,624)",manual Entry,M. Chen,,Map to GL 6100
2026-02-26,R&D,Cloud hosting,AWS / Datadog,"5,708",Check,Andres,posted,
2026-03-28,Services,Support tools,Zendesk / Gainsight,"3,675",Check,,accrual,Timing issue
2026-01-25,G&A,Accounting fees,Brandon,"9,495",manual Entry,M. Chen,,Ask owner
01/1/26,R&D,Payroll - eng,Payroll,(981),Check,,posted,One-off item
25 Mar-26,Sales,Sales commission,Payroll,"1,040",Pos,Andres,manual adj,Check sign
15 Feb-26,Mktg,Customer appr.,Amazon gift c.,"6,847",cash,Alex - FP&A,late invoice,
15 Apr-26,Revenue,Service,Retail Customer,"(7,528)",manual Entry,Alex - FP&A,Posted,Vendor invoice late
01/1/26,Marketing,Paid media,Google / LinkedIn,"9,019",ERP,,posted,
01/1/26,G&A,Legal fees,Europa Law firm,"4,677",Pos,Andres,needs mapping,
2026-01-25,COGS,Materials,Johnsons Supply,"(3,725)",Check,Alex - FP&A,posted,Vendor invoice late
2026-03-28,Revenue,Product sales,Corp. clients,"3,929",Check,TBD,accrual,Check sign
15 Feb-26,Services,Support tools,Zendesk / Gainsight,"7,786",ERP,,,Vendor invoice late
01/4/26,Revenue,Service,Corp. clients,"2,392",manual Entry,Andres,accrual,Ask owner
15 Apr-26,Marketing,Customer appr.,Gift hamper,"8,430",cash,Andres,Posted,Ask owner
15 Feb-26,R&D,Cloud hosting,AWS / Datadog,"3,609",Pos,M. Chen,Posted,Check sign
01/2/26,Mktg,Events & webinars,Various,"3,188",Pos,,late invoice,Check sign
15 Apr-26,R&D,Cloud hosting,AWS / Datadog,"6,242",Pos,TBD,late invoice,One-off item
01/2/26,Services,Support tools,Zendesk / Gainsight,"(8,831)",cash,M. Chen,manual adj,One-off item
2026-02-26,Services,Support tools,Zendesk / Gainsight,"(6,687)",manual Entry,,Posted,Vendor invoice late
2026-02-26,COGS,Materials,Walmart,"4,919",cash,Alex - FP&A,Posted,Vendor invoice late
15 Apr-26,Mktg,Customer appr.,Gift hamper,"8,639",cash,M. Chen,accrual,Check sign
01-Jan-26,G&A,Accounting fees,Brandon,"4,872",Pos,,posted,One-off item
01/3/26,Marketing,Customer appr.,Amazon gift c.,"6,805",Check,,needs mapping,Vendor invoice late
15 Feb-26,G&A,Office rent,Landlord,"(3,953)",cash,Alex - FP&A,posted,Map to GL 6100
15 Feb-26,Services,Support tools,Zendesk / Gainsight,591,Pos,Alex - FP&A,manual adj,Ask owner
25 Mar-26,R&D,AI automation,n8n,"3,035",Check,Andres,accrual,Check sign
2026-04-01,Services,Prof services,Implementation clients,"3,447",ERP,Erikfinance ops,manual adj,
15 Apr-26,G&A,Office rent,Landlord,"2,670",Check,M. Chen,Posted,Ask owner
01/1/26,R&D,AI automation,n8n,"7,781",Pos,M. Chen,needs mapping,Map to GL 6100
01/4/26,G&A,Accounting fees,Brandon,"5,114",Pos,Andres,,Check sign
2026-04-01,Services,Prof services,Implementation clients,"8,020",manual Entry,Andres,accrual,Map to GL 6100
25 Mar-26,Marketing,Google Ads,Google / LinkedIn,"(8,731)",Pos,Andres,,Ask owner
01-Jan-26,G&A,Accounting fees,Brandon,"8,808",cash,TBD,late invoice,Vendor invoice late
2026-01-25,R&D,Cloud hosting,AWS / Datadog,"6,363",ERP,Andres,accrual,One-off item
01/2/26,Services,Support tools,Zendesk / Gainsight,"3,067",Pos,,late invoice,One-off item
01/2/26,G&A,Accounting fees,Jason CPA,"1,925",Pos,Andres,needs mapping,Map to GL 6100
25 Mar-26,Revenue,Product sales,Retail Customer,67,manual Entry,M. Chen,,Vendor invoice late
01/4/26,Marketing,Events & webinars,Various,"8,917",ERP,Erikfinance ops,Posted,Check sign
15 Feb-26,Mktg,Paid media,Google / LinkedIn,"(9,413)",ERP,Alex - FP&A,late invoice,One-off item
01/4/26,R&D,Payroll - eng,Payroll,151,Pos,Erikfinance ops,manual adj,Map to GL 6100
25 Mar-26,Revenue,Product sales,Corp. clients,"1,415",ERP,,needs mapping,Vendor invoice late
2026-02-26,G&A,Office rent,Landlord,"(1,998)",cash,Erikfinance ops,Posted,Vendor invoice late
15 Apr-26,R&D,Cloud hosting,AWS / Datadog,"1,662",cash,,,
15 Apr-26,R&D,AI automation,n8n,"9,158",ERP,Alex - FP&A,late invoice,
25 Mar-26,Sales,Sales commission,Payroll,"2,116",ERP,M. Chen,Posted,Ask owner
2026-01-25,Revenue,Product sales,Corp. clients,215,ERP,Andres,late invoice,One-off item
2026-02-26,Services,Prof services,Implementation clients,"2,161",cash,TBD,manual adj,Check sign
25 Mar-26,Revenue,Product sales,Corp. clients,"5,419",Check,Alex - FP&A,,
2026-01-25,G&A,Accounting fees,Jason CPA,"3,770",Check,,Posted,Timing issue
25 Mar-26,Marketing,Customer appr.,Amazon gift c.,"5,177",cash,Andres,accrual,Timing issue
2026-02-26,Services,Prof services,Implementation clients,544,manual Entry,Erikfinance ops,late invoice,Check sign
15 Feb-26,G&A,Office rent,Landlord,"3,349",Pos,Andres,accrual,Ask owner
01/1/26,Marketing,Customer appr.,Soccer Ticket,"6,322",Check,Erikfinance ops,accrual,Map to GL 6100
2026-04-01,Revenue,Product sales,Corp. clients,(596),Check,M. Chen,Posted,
2026-04-01,Revenue,Revenue,Retail Customer,"(3,534)",Pos,Alex - FP&A,late invoice,One-off item
01/1/26,COGS,Payroll - eng,Payroll,"9,985",cash,Erikfinance ops,Posted,Map to GL 6100
01/2/26,Services,Prof services,Implementation clients,"4,035",cash,TBD,,Check sign
01/3/26,Services,Prof services,Implementation clients,(428),cash,M. Chen,Posted,One-off item
2026-01-25,Sales,Sales commission,Payroll,"2,959",ERP,,,Check sign
01/4/26,COGS,Materials,Home Depot,"(2,452)",Check,M. Chen,,Check sign
01-Jan-26,G&A,Accounting fees,Brandon,"8,579",ERP,M. Chen,late invoice,Timing issue
01/1/26,Sales,CRM / RevOps tools,Salesforce / Outreach,"6,086",ERP,Andres,,Vendor invoice late
01/4/26,COGS,Cloud hosting,AWS / Datadog,"5,482",Check,Andres,accrual,Ask owner
25 Mar-26,COGS,Materials,Walmart,"9,306",Check,Andres,accrual,Timing issue
2026-03-28,R&D,AI automation,n8n,"2,442",manual Entry,M. Chen,late invoice,One-off item
01/4/26,Marketing,Events & webinars,Various,"1,046",Check,Andres,accrual,Map to GL 6100
01/4/26,Marketing,Paid media,Google / LinkedIn,"7,636",Check,Andres,accrual,Check sign
01/4/26,G&A,Office rent,Landlord,"9,132",cash,M. Chen,Posted,One-off item
01/2/26,Sales,CRM / RevOps tools,Salesforce / Outreach,"(6,246)",cash,Erikfinance ops,needs mapping,Vendor invoice late
2026-02-26,Marketing,Paid media,Google / LinkedIn,"7,232",ERP,Andres,Posted,Vendor invoice late
15 Apr-26,Services,Prof services,Implementation clients,"2,480",ERP,,,Check sign
25 Mar-26,Sales,Sales commission,Payroll,"3,568",cash,Erikfinance ops,,Vendor invoice late
2026-01-25,Services,Prof services,Implementation clients,"9,217",manual Entry,M. Chen,posted,Ask owner
01/2/26,Mktg,Customer appr.,Gift hamper,"8,936",Pos,Andres,manual adj,Ask owner
2026-01-25,Revenue,Subscr. revenue,Corp. clients,"1,872",ERP,TBD,accrual,Map to GL 6100
01-Jan-26,G&A,Legal fees,Europa Law firm,"6,533",Check,Alex - FP&A,late invoice,
2026-01-25,Marketing,Google Ads,Google / LinkedIn,"4,096",cash,Andres,,One-off item
01/2/26,Marketing,Customer appr.,Gift hamper,"6,660",cash,Erikfinance ops,accrual,One-off item
01-Jan-26,COGS,Cloud hosting,AWS / Datadog,"4,110",cash,Erikfinance ops,,Vendor invoice late
25 Mar-26,Services,Support tools,Zendesk / Gainsight,"8,654",ERP,Erikfinance ops,posted,
01/2/26,Services,Prof services,Implementation clients,"7,359",Pos,Andres,accrual,One-off item
2026-01-25,Mktg,Paid media,Google / LinkedIn,"1,089",ERP,M. Chen,manual adj,Ask owner
01/4/26,Sales,Payroll - sales,Payroll,"2,828",Check,M. Chen,posted,
01/4/26,Mktg,Paid media,Google / LinkedIn,"3,796",cash,,Posted,One-off item
01/1/26,Revenue,Service,Corp. clients,"9,332",ERP,Alex - FP&A,manual adj,Timing issue
15 Apr-26,Sales,Payroll - sales,Payroll,"2,022",cash,Alex - FP&A,posted,Check sign
15 Feb-26,Revenue,Product sales,Corp. clients,"2,807",ERP,Alex - FP&A,posted,Check sign
2026-03-28,Sales,Sales commission,Payroll,"7,393",ERP,TBD,posted,
15 Feb-26,Revenue,Revenue,Retail Customer,261,cash,M. Chen,,Map to GL 6100
15 Apr-26,Marketing,Customer appr.,Soccer Ticket,"9,724",Check,Erikfinance ops,needs mapping,Timing issue
15 Apr-26,R&D,Payroll - eng,Payroll,"1,480",Pos,Alex - FP&A,Posted,
2026-01-25,Sales,Payroll - sales,Payroll,972,ERP,Alex - FP&A,posted,One-off item
01/3/26,Sales,Payroll - sales,Payroll,"2,220",Pos,,needs mapping,Map to GL 6100
25 Mar-26,Marketing,Customer appr.,Soccer Ticket,721,manual Entry,Andres,manual adj,One-off item
2026-01-25,Marketing,Events & webinars,Various,"(2,282)",manual Entry,,accrual,Ask owner
01/2/26,Revenue,Product sales,Corp. clients,699,ERP,,needs mapping,Timing issue
15 Apr-26,Marketing,Paid media,Google / LinkedIn,564,Pos,TBD,late invoice,Map to GL 6100
2026-04-01,Mktg,Paid media,Google / LinkedIn,"2,585",ERP,TBD,accrual,Map to GL 6100
25 Mar-26,G&A,Legal fees,Buchalter,"8,319",cash,M. Chen,,Ask owner
01/4/26,R&D,AI automation,n8n,"1,919",manual Entry,TBD,Posted,Vendor invoice late
01/4/26,Services,Prof services,Implementation clients,"(2,337)",manual Entry,Andres,,One-off item
01/4/26,Sales,Sales commission,Payroll,"7,775",ERP,Andres,needs mapping,Map to GL 6100
01/1/26,Revenue,Revenue,Corp. clients,"8,758",ERP,M. Chen,,Ask owner
01/1/26,Revenue,Subscr. revenue,Corp. clients,21,cash,TBD,accrual,Vendor invoice late
15 Feb-26,Services,Support tools,Zendesk / Gainsight,"9,882",Pos,TBD,needs mapping,Ask owner
15 Feb-26,G&A,Legal fees,Buchalter,"2,508",Pos,Andres,Posted,Ask owner
2026-03-28,Mktg,Events & webinars,Various,971,Pos,TBD,,Vendor invoice late
01-Jan-26,Revenue,Revenue,Corp. clients,"(6,172)",ERP,Alex - FP&A,needs mapping,Ask owner
2026-04-01,Sales,CRM / RevOps tools,Salesforce / Outreach,"3,366",Pos,M. Chen,manual adj,
01-Jan-26,Mktg,Customer appr.,Gift hamper,"9,088",Pos,M. Chen,posted,Vendor invoice late
25 Mar-26,R&D,Cloud hosting,AWS / Datadog,"4,271",cash,Andres,needs mapping,Map to GL 6100
01-Jan-26,Services,Prof services,Implementation clients,"9,417",manual Entry,Andres,,Map to GL 6100
2026-04-01,COGS,Materials,Electric house,"(6,787)",cash,M. Chen,needs mapping,Ask owner
2026-02-26,COGS,Materials,Walmart,"3,970",manual Entry,M. Chen,late invoice,Map to GL 6100
15 Apr-26,COGS,Materials,Electric house,"1,518",ERP,Erikfinance ops,Posted,Vendor invoice late
25 Mar-26,Marketing,Customer appr.,Amazon gift c.,"9,202",cash,Alex - FP&A,manual adj,Map to GL 6100
15 Apr-26,Mktg,Paid media,Google / LinkedIn,"(7,182)",Pos,M. Chen,posted,Vendor invoice late
15 Apr-26,COGS,Payroll - eng,Payroll,"1,524",ERP,Alex - FP&A,accrual,Map to GL 6100
2026-01-25,Mktg,Customer appr.,Gift hamper,"6,305",cash,Andres,needs mapping,Vendor invoice late
01/4/26,Marketing,Events & webinars,Various,"9,336",Pos,,manual adj,One-off item
2026-04-01,Services,Support tools,Zendesk / Gainsight,"3,550",Check,Andres,posted,Timing issue
01/1/26,R&D,Payroll - eng,Payroll,"5,021",Pos,Erikfinance ops,Posted,Map to GL 6100
25 Mar-26,Services,Prof services,Implementation clients,"8,348",Pos,,Posted,Timing issue
2026-02-26,Marketing,Google Ads,Google / LinkedIn,"2,904",Check,Alex - FP&A,posted,One-off item
01-Jan-26,Mktg,Events & webinars,Various,"7,482",Pos,TBD,Posted,Ask owner
25 Mar-26,COGS,Cloud hosting,AWS / Datadog,"5,968",ERP,Alex - FP&A,accrual,Check sign
01/2/26,Sales,CRM / RevOps tools,Salesforce / Outreach,"7,060",Pos,Erikfinance ops,Posted,
15 Feb-26,COGS,Payroll - eng,Payroll,"3,859",cash,Erikfinance ops,posted,
25 Mar-26,R&D,AI automation,n8n,"(3,631)",ERP,,late invoice,Map to GL 6100
01/4/26,Mktg,Events & webinars,Various,"3,660",Pos,Alex - FP&A,needs mapping,Ask owner
2026-02-26,Sales,Sales commission,Payroll,"5,622",ERP,M. Chen,,Ask owner
01/1/26,Marketing,Customer appr.,Amazon gift c.,"8,812",Pos,Erikfinance ops,needs mapping,One-off item
01/3/26,G&A,Legal fees,Buchalter,"(2,473)",manual Entry,Erikfinance ops,accrual,Check sign
01-Jan-26,Marketing,Customer appr.,Gift hamper,"(6,010)",ERP,Andres,,
15 Apr-26,R&D,Payroll - eng,Payroll,"7,244",cash,,late invoice,Ask owner
2026-03-28,COGS,Materials,Johnsons Supply,"3,954",ERP,Erikfinance ops,needs mapping,Timing issue
01/2/26,Mktg,Paid media,Google / LinkedIn,"1,699",manual Entry,Erikfinance ops,posted,One-off item
2026-01-25,R&D,Payroll - eng,Payroll,"5,465",Pos,Andres,accrual,Timing issue
01/2/26,Sales,CRM / RevOps tools,Salesforce / Outreach,"1,634",cash,Alex - FP&A,accrual,Check sign
01/4/26,Services,Support tools,Zendesk / Gainsight,"(8,595)",manual Entry,Erikfinance ops,late invoice,Ask owner
2026-02-26,COGS,Materials,Home Depot,"7,564",cash,TBD,posted,One-off item
2026-02-26,G&A,Accounting fees,Brandon,"5,774",Pos,,Posted,One-off item
15 Feb-26,G&A,Office rent,Landlord,"4,696",manual Entry,TBD,accrual,Check sign
01-Jan-26,Services,Prof services,Implementation clients,"8,208",cash,,posted,One-off item
01/4/26,Sales,Payroll - sales,Payroll,159,ERP,Andres,Posted,One-off item
01-Jan-26,Revenue,Subscr. revenue,Retail Customer,"(6,386)",Pos,Alex - FP&A,manual adj,Ask owner
2026-01-25,Services,Prof services,Implementation clients,"(5,773)",cash,Alex - FP&A,manual adj,Check sign
2026-02-26,Revenue,Service,Corp. clients,"7,347",Pos,TBD,needs mapping,
01-Jan-26,G&A,Legal fees,Europa Law firm,"1,847",cash,,needs mapping,Ask owner
15 Feb-26,R&D,Payroll - eng,Payroll,"(4,430)",Check,Erikfinance ops,needs mapping,
01/1/26,Services,Support tools,Zendesk / Gainsight,"3,182",Check,,accrual,One-off item
2026-04-01,Revenue,Revenue,Retail Customer,"9,137",cash,M. Chen,posted,Vendor invoice late
2026-03-28,G&A,Accounting fees,Brandon,"9,667",Check,TBD,manual adj,
01/2/26,R&D,AI automation,n8n,"7,945",Check,,late invoice,Ask owner
2026-01-25,Revenue,Revenue,Corp. clients,"(6,943)",cash,Alex - FP&A,needs mapping,Timing issue
01/4/26,Mktg,Events & webinars,Various,"5,813",ERP,Andres,posted,One-off item
01-Jan-26,Sales,Sales commission,Payroll,"8,662",ERP,Andres,Posted,
2026-02-26,Mktg,Customer appr.,Amazon gift c.,"8,797",ERP,Alex - FP&A,accrual,Timing issue
01-Jan-26,R&D,Cloud hosting,AWS / Datadog,"4,678",Pos,Andres,late invoice,One-off item
01/4/26,Marketing,Events & webinars,Various,"4,023",manual Entry,Erikfinance ops,manual adj,Timing issue
2026-03-28,Sales,Payroll - sales,Payroll,561,cash,Alex - FP&A,,One-off item
25 Mar-26,Sales,CRM / RevOps tools,Salesforce / Outreach,"3,825",Check,Erikfinance ops,needs mapping,Check sign
01/1/26,Revenue,Service,Corp. clients,"8,947",ERP,Erikfinance ops,needs mapping,Vendor invoice late
15 Feb-26,G&A,Office rent,Landlord,"7,893",Pos,Andres,manual adj,Vendor invoice late
2026-01-25,Sales,Payroll - sales,Payroll,"3,676",Pos,Alex - FP&A,late invoice,Vendor invoice late
01/2/26,COGS,Cloud hosting,AWS / Datadog,"7,304",Check,Erikfinance ops,accrual,
15 Apr-26,Services,Support tools,Zendesk / Gainsight,"6,301",manual Entry,Andres,manual adj,Timing issue
25 Mar-26,Sales,CRM / RevOps tools,Salesforce / Outreach,"1,965",cash,Alex - FP&A,accrual,Ask owner
2026-02-26,R&D,Payroll - eng,Payroll,"8,428",Pos,Erikfinance ops,Posted,
01-Jan-26,Services,Prof services,Implementation clients,"7,556",cash,Andres,posted,Map to GL 6100
01-Jan-26,Marketing,Paid media,Google / LinkedIn,"8,450",Check,Andres,manual adj,Map to GL 6100
25 Mar-26,Marketing,Google Ads,Google / LinkedIn,"7,390",Check,,needs mapping,
01/1/26,Sales,Payroll - sales,Payroll,"3,159",manual Entry,Andres,late invoice,Check sign
2026-01-25,COGS,Materials,Walmart,"4,513",ERP,Andres,accrual,Map to GL 6100
01/4/26,R&D,Payroll - eng,Payroll,"8,949",ERP,Andres,accrual,One-off item
2026-03-28,COGS,Payroll - eng,Payroll,"2,093",Pos,M. Chen,accrual,Check sign
15 Feb-26,COGS,Materials,Home Depot,"1,857",manual Entry,M. Chen,late invoice,One-off item
01/1/26,G&A,Legal fees,Buchalter,"5,355",Check,Andres,Posted,One-off item
01/1/26,Services,Prof services,Implementation clients,"5,746",cash,Andres,accrual,Vendor invoice late
15 Apr-26,Revenue,Revenue,Corp. clients,"5,851",cash,Alex - FP&A,manual adj,One-off item
01/3/26,Sales,Payroll - sales,Payroll,"(7,897)",ERP,,,Vendor invoice late
2026-04-01,Revenue,Subscr. revenue,Retail Customer,"(2,457)",manual Entry,,Posted,Timing issue
01-Jan-26,R&D,Cloud hosting,AWS / Datadog,"2,381",Pos,Alex - FP&A,Posted,Map to GL 6100
01/1/26,Services,Prof services,Implementation clients,"9,354",Pos,Erikfinance ops,needs mapping,Check sign
15 Feb-26,Services,Support tools,Zendesk / Gainsight,"(3,295)",manual Entry,Erikfinance ops,needs mapping,Ask owner
01/3/26,R&D,Cloud hosting,AWS / Datadog,"(8,447)",cash,TBD,,Check sign
25 Mar-26,Mktg,Events & webinars,Various,"8,542",Pos,Erikfinance ops,manual adj,One-off item
01/1/26,Revenue,Subscr. revenue,Corp. clients,"2,780",cash,Erikfinance ops,,Vendor invoice late
25 Mar-26,R&D,Cloud hosting,AWS / Datadog,"8,543",Check,Andres,,Map to GL 6100
2026-03-28,Services,Support tools,Zendesk / Gainsight,"(1,839)",manual Entry,M. Chen,late invoice,Map to GL 6100
01/1/26,G&A,Legal fees,Europa Law firm,"(2,053)",manual Entry,Erikfinance ops,posted,Vendor invoice late
01/3/26,Revenue,Product sales,Corp. clients,"6,558",Pos,Alex - FP&A,Posted,Timing issue
01/4/26,Marketing,Google Ads,Google / LinkedIn,"3,031",cash,Erikfinance ops,,Map to GL 6100
2026-01-25,Sales,Sales commission,Payroll,"6,985",Pos,TBD,accrual,
01/3/26,R&D,AI automation,n8n,"1,613",Check,Alex - FP&A,accrual,Timing issue
01/2/26,Services,Prof services,Implementation clients,"2,543",Check,Andres,,Vendor invoice late
01/2/26,Sales,Sales commission,Payroll,"8,973",Pos,Andres,needs mapping,Ask owner
01/1/26,G&A,Accounting fees,Brandon,"8,383",cash,Erikfinance ops,posted,One-off item
2026-01-25,Mktg,Paid media,Google / LinkedIn,"9,371",ERP,,manual adj,One-off item
01/2/26,Sales,Payroll - sales,Payroll,"7,794",ERP,Andres,needs mapping,Ask owner
01-Jan-26,Sales,Payroll - sales,Payroll,362,cash,Andres,late invoice,Timing issue
15 Feb-26,COGS,Materials,Electric house,"5,114",Check,,posted,Vendor invoice late
2026-01-25,Marketing,Paid media,Google / LinkedIn,"2,277",manual Entry,Alex - FP&A,late invoice,Ask owner
2026-03-28,Marketing,Customer appr.,Amazon gift c.,"7,891",ERP,Erikfinance ops,,Vendor invoice late
2026-02-26,Revenue,Revenue,Corp. clients,"3,310",Pos,M. Chen,posted,
2026-02-26,Services,Support tools,Zendesk / Gainsight,"4,275",manual Entry,Alex - FP&A,,One-off item
01/4/26,Revenue,Service,Corp. clients,"8,743",Check,TBD,posted,One-off item
2026-03-28,Services,Support tools,Zendesk / Gainsight,213,cash,Andres,accrual,Vendor invoice late
2026-03-28,Services,Support tools,Zendesk / Gainsight,"7,546",Pos,,needs mapping,Ask owner
2026-03-28,Services,Support tools,Zendesk / Gainsight,"4,842",cash,M. Chen,late invoice,Ask owner
01/2/26,Revenue,Revenue,Corp. clients,"3,651",manual Entry,Andres,manual adj,
01/1/26,Sales,Sales commission,Payroll,63,ERP,M. Chen,needs mapping,
2026-02-26,Marketing,Paid media,Google / LinkedIn,"6,236",manual Entry,Erikfinance ops,accrual,One-off item
25 Mar-26,Revenue,Subscr. revenue,Retail Customer,"5,186",manual Entry,Alex - FP&A,needs mapping,Timing issue
2026-03-28,R&D,Payroll - eng,Payroll,"4,048",cash,Andres,posted,Map to GL 6100
25 Mar-26,Sales,CRM / RevOps tools,Salesforce / Outreach,"9,964",manual Entry,,,Map to GL 6100
15 Feb-26,Mktg,Paid media,Google / LinkedIn,"4,831",manual Entry,M. Chen,Posted,Ask owner
2026-03-28,G&A,Office rent,Landlord,754,ERP,Andres,manual adj,Ask owner
15 Apr-26,Revenue,Product sales,Retail Customer,"8,336",cash,Andres,posted,Map to GL 6100
01/2/26,Marketing,Customer appr.,Gift hamper,"8,225",cash,Alex - FP&A,,
01/4/26,Services,Prof services,Implementation clients,"3,209",Pos,Andres,accrual,Check sign
2026-01-25,Revenue,Product sales,Corp. clients,"7,686",manual Entry,TBD,,One-off item
01-Jan-26,COGS,Materials,Johnsons Supply,"4,443",manual Entry,Andres,manual adj,Ask owner
01-Jan-26,R&D,AI automation,n8n,"8,140",Pos,TBD,Posted,Vendor invoice late
2026-01-25,Revenue,Subscr. revenue,Retail Customer,"8,897",cash,,accrual,Ask owner
2026-03-28,Services,Support tools,Zendesk / Gainsight,"7,561",cash,,manual adj,Check sign
01/1/26,Mktg,Events & webinars,Various,"5,023",Pos,TBD,Posted,One-off item
01-Jan-26,G&A,Accounting fees,Brandon,"8,937",Check,,posted,Ask owner
25 Mar-26,COGS,Cloud hosting,AWS / Datadog,"1,001",Check,M. Chen,,
15 Feb-26,Marketing,Events & webinars,Various,"8,732",Pos,M. Chen,late invoice,Ask owner
01/1/26,COGS,Cloud hosting,AWS / Datadog,"1,203",Check,,accrual,Ask owner
2026-01-25,Revenue,Product sales,Retail Customer,"6,883",Check,Alex - FP&A,late invoice,One-off item
15 Feb-26,Marketing,Paid media,Google / LinkedIn,"(3,286)",ERP,M. Chen,accrual,Ask owner
2026-03-28,COGS,Cloud hosting,AWS / Datadog,"9,288",cash,Erikfinance ops,needs mapping,
01-Jan-26,Services,Prof services,Implementation clients,"(9,192)",Check,,manual adj,Check sign
2026-04-01,Mktg,Customer appr.,Amazon gift c.,"3,194",ERP,Andres,Posted,Check sign
01/2/26,Sales,Payroll - sales,Payroll,"1,652",Pos,Alex - FP&A,late invoice,Ask owner
2026-04-01,Services,Prof services,Implementation clients,"4,186",Check,,,Ask owner
01/4/26,COGS,Materials,Home Depot,"5,327",cash,,Posted,Timing issue
01/2/26,Mktg,Paid media,Google / LinkedIn,"1,020",ERP,Alex - FP&A,posted,Timing issue
2026-01-25,Services,Support tools,Zendesk / Gainsight,"5,264",Pos,M. Chen,needs mapping,Check sign
01/4/26,Mktg,Customer appr.,Gift hamper,"6,539",ERP,Alex - FP&A,,One-off item
01/1/26,Services,Support tools,Zendesk / Gainsight,"7,913",Pos,Alex - FP&A,posted,Vendor invoice late
01/3/26,COGS,Materials,Electric house,"1,689",cash,TBD,needs mapping,
2026-01-25,Mktg,Paid media,Google / LinkedIn,"2,410",Pos,Alex - FP&A,late invoice,
01/1/26,COGS,Cloud hosting,AWS / Datadog,"(9,025)",manual Entry,Alex - FP&A,posted,Check sign
01/4/26,Services,Prof services,Implementation clients,"5,139",cash,TBD,,
2026-04-01,Revenue,Revenue,Corp. clients,"5,144",Check,Alex - FP&A,Posted,Map to GL 6100
25 Mar-26,R&D,Payroll - eng,Payroll,283,Pos,M. Chen,,Vendor invoice late
01/2/26,R&D,Payroll - eng,Payroll,"3,487",Pos,Alex - FP&A,needs mapping,Ask owner
2026-01-25,Marketing,Customer appr.,Soccer Ticket,"8,469",ERP,Alex - FP&A,Posted,Map to GL 6100
01/2/26,Mktg,Events & webinars,Various,"6,120",Pos,M. Chen,needs mapping,Map to GL 6100
01/2/26,COGS,Payroll - eng,Payroll,"(7,073)",Pos,Andres,Posted,Map to GL 6100
01/2/26,G&A,Accounting fees,Brandon,"6,966",Check,TBD,manual adj,One-off item
2026-04-01,Services,Prof services,Implementation clients,"2,362",ERP,,manual adj,Ask owner
01/4/26,Services,Prof services,Implementation clients,"5,592",Check,Erikfinance ops,accrual,
2026-02-26,Sales,CRM / RevOps tools,Salesforce / Outreach,"2,708",ERP,TBD,manual adj,Timing issue
2026-04-01,Services,Prof services,Implementation clients,"6,831",Pos,Erikfinance ops,posted,Check sign
2026-04-01,G&A,Accounting fees,Jason CPA,"7,080",Pos,M. Chen,accrual,Timing issue
2026-02-26,Services,Support tools,Zendesk / Gainsight,"8,246",Pos,Erikfinance ops,Posted,Ask owner
2026-04-01,R&D,Cloud hosting,AWS / Datadog,"2,769",ERP,M. Chen,accrual,Check sign
01/4/26,Mktg,Customer appr.,Amazon gift c.,"(9,596)",Check,Erikfinance ops,late invoice,Vendor invoice late
25 Mar-26,R&D,Payroll - eng,Payroll,"(8,204)",Pos,M. Chen,accrual,One-off item
15 Feb-26,Revenue,Revenue,Corp. clients,"8,200",Check,Andres,posted,
25 Mar-26,COGS,Materials,Home Depot,"6,217",manual Entry,Andres,accrual,Check sign
2026-04-01,Services,Support tools,Zendesk / Gainsight,"8,763",ERP,,Posted,Timing issue
2026-01-25,R&D,Cloud hosting,AWS / Datadog,5,cash,Andres,,Vendor invoice late
2026-04-01,COGS,Materials,Electric house,"6,781",Pos,Alex - FP&A,needs mapping,One-off item
2026-03-28,Sales,CRM / RevOps tools,Salesforce / Outreach,"3,713",manual Entry,TBD,Posted,Check sign
2026-04-01,Revenue,Subscr. revenue,Corp. clients,"6,535",Check,Andres,late invoice,Map to GL 6100
01/3/26,Marketing,Customer appr.,Amazon gift c.,"(9,808)",ERP,M. Chen,,Map to GL 6100
01/1/26,Mktg,Customer appr.,Amazon gift c.,"2,786",manual Entry,,Posted,Check sign
25 Mar-26,COGS,Cloud hosting,AWS / Datadog,"3,698",ERP,Andres,late invoice,
01/3/26,Revenue,Subscr. revenue,Corp. clients,"4,498",Check,,needs mapping,Check sign
2026-01-25,R&D,AI automation,n8n,"5,979",manual Entry,Andres,posted,Ask owner
01/2/26,COGS,Cloud hosting,AWS / Datadog,473,cash,TBD,needs mapping,Map to GL 6100
01-Jan-26,Revenue,Subscr. revenue,Corp. clients,"8,063",ERP,Alex - FP&A,posted,Timing issue
2026-04-01,Marketing,Paid media,Google / LinkedIn,"4,630",Pos,Alex - FP&A,needs mapping,Check sign
01-Jan-26,Services,Prof services,Implementation clients,"6,472",ERP,TBD,manual adj,Ask owner
01/1/26,G&A,Legal fees,Buchalter,"4,029",Check,Alex - FP&A,late invoice,Ask owner
2026-02-26,G&A,Legal fees,Europa Law firm,"4,136",Check,M. Chen,Posted,
15 Feb-26,Marketing,Events & webinars,Various,"4,617",ERP,TBD,needs mapping,
15 Feb-26,Revenue,Service,Corp. clients,"8,650",cash,TBD,posted,Timing issue
01/3/26,Services,Support tools,Zendesk / Gainsight,"8,086",Pos,Andres,late invoice,Ask owner
2026-01-25,COGS,Payroll - eng,Payroll,607,manual Entry,Andres,needs mapping,Ask owner
01/2/26,Services,Prof services,Implementation clients,"5,188",Pos,Andres,,Vendor invoice late
2026-04-01,R&D,Cloud hosting,AWS / Datadog,"8,889",Pos,,manual adj,One-off item
01/2/26,G&A,Legal fees,Buchalter,"2,817",manual Entry,TBD,manual adj,Map to GL 6100
01-Jan-26,Revenue,Subscr. revenue,Corp. clients,"4,438",ERP,M. Chen,Posted,Check sign
2026-02-26,Services,Prof services,Implementation clients,"5,513",manual Entry,M. Chen,accrual,Timing issue
01/4/26,Sales,Sales commission,Payroll,"6,973",ERP,Andres,posted,One-off item
2026-03-28,Mktg,Customer appr.,Gift hamper,"8,469",manual Entry,Erikfinance ops,posted,Timing issue
2026-02-26,Sales,Sales commission,Payroll,"1,453",Check,Erikfinance ops,Posted,Ask owner
2026-03-28,R&D,Payroll - eng,Payroll,"2,269",cash,TBD,accrual,Check sign
2026-03-28,Marketing,Events & webinars,Various,"7,813",Pos,Erikfinance ops,,Ask owner
01/4/26,Revenue,Subscr. revenue,Retail Customer,"(3,731)",cash,M. Chen,late invoice,One-off item
15 Apr-26,R&D,Payroll - eng,Payroll,"(3,533)",manual Entry,TBD,manual adj,Timing issue
2026-02-26,Marketing,Customer appr.,Amazon gift c.,"7,475",Pos,TBD,needs mapping,Ask owner
2026-02-26,R&D,Cloud hosting,AWS / Datadog,"(5,007)",ERP,Alex - FP&A,posted,Timing issue
2026-02-26,COGS,Materials,Home Depot,"7,804",ERP,TBD,late invoice,Ask owner
15 Apr-26,Services,Support tools,Zendesk / Gainsight,"5,860",ERP,Andres,needs mapping,Timing issue
2026-04-01,Revenue,Subscr. revenue,Retail Customer,"7,493",ERP,,needs mapping,Timing issue
2026-04-01,Revenue,Product sales,Retail Customer,"3,343",Pos,Alex - FP&A,accrual,Check sign
2026-02-26,COGS,Cloud hosting,AWS / Datadog,"5,898",ERP,TBD,manual adj,Ask owner
2026-02-26,Sales,CRM / RevOps tools,Salesforce / Outreach,"(1,245)",Pos,Andres,late invoice,
15 Feb-26,Mktg,Customer appr.,Soccer Ticket,"6,068",Check,Erikfinance ops,manual adj,Check sign
01/4/26,COGS,Payroll - eng,Payroll,(869),ERP,TBD,,Vendor invoice late
01/2/26,Revenue,Subscr. revenue,Retail Customer,"(5,449)",ERP,Erikfinance ops,posted,One-off item
25 Mar-26,Revenue,Subscr. revenue,Retail Customer,"2,573",manual Entry,TBD,needs mapping,Vendor invoice late
01-Jan-26,Marketing,Paid media,Google / LinkedIn,"6,027",Check,Andres,manual adj,One-off item
2026-04-01,G&A,Legal fees,Buchalter,"8,801",cash,M. Chen,late invoice,Vendor invoice late
15 Feb-26,Marketing,Customer appr.,Soccer Ticket,"4,957",Check,Erikfinance ops,Posted,One-off item
01/3/26,R&D,Cloud hosting,AWS / Datadog,"9,862",Check,Erikfinance ops,posted,Timing issue
2026-04-01,Mktg,Events & webinars,Various,"9,352",Pos,TBD,accrual,Check sign
2026-04-01,COGS,Payroll - eng,Payroll,"4,722",Check,TBD,needs mapping,Ask owner
01/4/26,R&D,AI automation,n8n,"6,271",ERP,Andres,Posted,Map to GL 6100
01/4/26,G&A,Accounting fees,Jason CPA,"9,417",Pos,Erikfinance ops,accrual,
01/4/26,Mktg,Paid media,Google / LinkedIn,"7,678",manual Entry,M. Chen,posted,Timing issue
01/4/26,COGS,Cloud hosting,AWS / Datadog,443,Check,Erikfinance ops,Posted,Check sign
01-Jan-26,Services,Support tools,Zendesk / Gainsight,369,ERP,,accrual,Timing issue
25 Mar-26,Sales,Sales commission,Payroll,"4,773",Check,Andres,needs mapping,
25 Mar-26,R&D,AI automation,n8n,"7,597",cash,Andres,posted,Ask owner
01-Jan-26,Sales,CRM / RevOps tools,Salesforce / Outreach,"1,176",Pos,Alex - FP&A,Posted,Timing issue
2026-02-26,Services,Prof services,Implementation clients,"6,901",Pos,TBD,manual adj,
01/2/26,R&D,Payroll - eng,Payroll,"3,579",Check,TBD,,Map to GL 6100
2026-02-26,Sales,CRM / RevOps tools,Salesforce / Outreach,"4,703",manual Entry,Erikfinance ops,Posted,Map to GL 6100
2026-04-01,COGS,Payroll - eng,Payroll,"8,408",ERP,Alex - FP&A,late invoice,Map to GL 6100
15 Apr-26,Revenue,Subscr. revenue,Retail Customer,"5,597",Check,Alex - FP&A,needs mapping,Timing issue
15 Feb-26,G&A,Legal fees,Buchalter,"(9,720)",cash,Andres,Posted,Vendor invoice late
2026-01-25,Sales,Sales commission,Payroll,"(5,323)",manual Entry,Alex - FP&A,,
01/1/26,Services,Support tools,Zendesk / Gainsight,"1,089",Pos,TBD,late invoice,Map to GL 6100
01/1/26,Sales,Sales commission,Payroll,"2,299",cash,Erikfinance ops,accrual,Map to GL 6100
15 Feb-26,G&A,Accounting fees,Brandon,(901),Check,TBD,manual adj,One-off item
01/4/26,R&D,AI automation,n8n,"(2,495)",Check,TBD,accrual,
15 Apr-26,R&D,Payroll - eng,Payroll,"8,476",manual Entry,,needs mapping,Check sign
15 Apr-26,COGS,Materials,Walmart,657,Pos,M. Chen,Posted,One-off item
2026-01-25,Mktg,Customer appr.,Amazon gift c.,"(5,056)",ERP,TBD,accrual,Check sign
2026-03-28,Services,Prof services,Implementation clients,"8,288",manual Entry,TBD,Posted,Check sign
01/2/26,Services,Prof services,Implementation clients,"5,478",ERP,M. Chen,late invoice,Check sign
25 Mar-26,Marketing,Customer appr.,Gift hamper,"7,661",ERP,Alex - FP&A,late invoice,Timing issue
2026-01-25,G&A,Office rent,Landlord,"1,545",cash,Alex - FP&A,manual adj,Map to GL 6100
25 Mar-26,Marketing,Customer appr.,Amazon gift c.,"1,151",ERP,Andres,manual adj,Timing issue
01/1/26,G&A,Legal fees,Europa Law firm,"5,193",manual Entry,Alex - FP&A,manual adj,Ask owner
01/4/26,Marketing,Customer appr.,Amazon gift c.,163,Check,TBD,Posted,
01/4/26,COGS,Payroll - eng,Payroll,"1,705",Check,M. Chen,posted,Check sign
01/3/26,Services,Prof services,Implementation clients,"(6,401)",cash,,needs mapping,Timing issue
01/2/26,Sales,Payroll - sales,Payroll,"(6,725)",ERP,,late invoice,One-off item
2026-04-01,COGS,Payroll - eng,Payroll,"2,066",cash,M. Chen,,Map to GL 6100
01/1/26,Services,Prof services,Implementation clients,"4,778",Pos,Alex - FP&A,Posted,Timing issue
01/1/26,G&A,Office rent,Landlord,"3,132",manual Entry,TBD,late invoice,One-off item
2026-04-01,Revenue,Product sales,Retail Customer,"(7,808)",manual Entry,,late invoice,Map to GL 6100
01/4/26,Mktg,Customer appr.,Amazon gift c.,"2,406",Check,TBD,manual adj,One-off item
15 Feb-26,Marketing,Customer appr.,Amazon gift c.,"8,599",Check,Andres,late invoice,Timing issue
2026-04-01,R&D,Payroll - eng,Payroll,"6,333",manual Entry,Andres,accrual,Map to GL 6100
01/3/26,Revenue,Subscr. revenue,Corp. clients,"1,306",Pos,Alex - FP&A,Posted,
2026-04-01,COGS,Materials,Electric house,"7,435",manual Entry,M. Chen,posted,Vendor invoice late
01/3/26,Sales,CRM / RevOps tools,Salesforce / Outreach,"9,297",Pos,Andres,accrual,Map to GL 6100
2026-04-01,R&D,Cloud hosting,AWS / Datadog,"7,318",ERP,Alex - FP&A,manual adj,One-off item
2026-04-01,COGS,Payroll - eng,Payroll,"4,208",Pos,TBD,accrual,Map to GL 6100
01/4/26,G&A,Legal fees,Buchalter,"(2,394)",ERP,Andres,late invoice,One-off item
25 Mar-26,Services,Support tools,Zendesk / Gainsight,"5,364",Check,Alex - FP&A,Posted,Vendor invoice late
01/2/26,Marketing,Events & webinars,Various,"9,793",Pos,Alex - FP&A,posted,One-off item
15 Apr-26,Services,Support tools,Zendesk / Gainsight,"(5,237)",ERP,Alex - FP&A,manual adj,
01/4/26,Mktg,Events & webinars,Various,"(6,870)",manual Entry,Alex - FP&A,late invoice,One-off item
2026-04-01,COGS,Payroll - eng,Payroll,"1,194",ERP,Erikfinance ops,posted,Timing issue
15 Feb-26,R&D,Cloud hosting,AWS / Datadog,"5,791",manual Entry,M. Chen,late invoice,Timing issue
15 Feb-26,G&A,Office rent,Landlord,"5,602",manual Entry,,manual adj,One-off item
01/3/26,G&A,Office rent,Landlord,"2,317",cash,,needs mapping,Check sign
2026-02-26,Services,Support tools,Zendesk / Gainsight,"(3,368)",Check,TBD,posted,One-off item
01/2/26,Marketing,Paid media,Google / LinkedIn,"2,309",Pos,Andres,manual adj,Map to GL 6100
01-Jan-26,Services,Prof services,Implementation clients,"6,473",ERP,Alex - FP&A,accrual,
01-Jan-26,Marketing,Google Ads,Google / LinkedIn,982,ERP,Alex - FP&A,needs mapping,
01/2/26,Services,Prof services,Implementation clients,"4,065",manual Entry,Alex - FP&A,posted,Map to GL 6100
15 Apr-26,G&A,Accounting fees,Brandon,"6,593",Check,,needs mapping,Map to GL 6100
2026-02-26,Revenue,Subscr. revenue,Corp. clients,"7,835",cash,TBD,,Timing issue
01/4/26,G&A,Legal fees,Europa Law firm,"4,699",manual Entry,,manual adj,Timing issue
2026-01-25,R&D,Payroll - eng,Payroll,(954),Check,Erikfinance ops,late invoice,
01/4/26,COGS,Payroll - eng,Payroll,"(1,907)",Check,,Posted,Map to GL 6100
2026-02-26,COGS,Payroll - eng,Payroll,"(5,403)",manual Entry,Erikfinance ops,accrual,
01/1/26,Marketing,Paid media,Google / LinkedIn,"7,807",manual Entry,Alex - FP&A,,Vendor invoice late
01/2/26,Services,Prof services,Implementation clients,"3,136",manual Entry,Andres,posted,
01/4/26,COGS,Materials,Walmart,"7,477",Pos,,Posted,Map to GL 6100
01/3/26,Mktg,Events & webinars,Various,"(4,833)",ERP,Alex - FP&A,manual adj,One-off item
01/3/26,R&D,Cloud hosting,AWS / Datadog,"7,529",manual Entry,M. Chen,Posted,Ask owner
2026-02-26,G&A,Legal fees,Europa Law firm,"5,787",manual Entry,TBD,accrual,One-off item
01/2/26,Mktg,Paid media,Google / LinkedIn,37,Pos,,,Check sign
01-Jan-26,Sales,Payroll - sales,Payroll,"9,658",ERP,Erikfinance ops,posted,Ask owner
2026-04-01,Mktg,Events & webinars,Various,"5,743",Pos,TBD,manual adj,One-off item
01/4/26,Mktg,Paid media,Google / LinkedIn,361,ERP,Alex - FP&A,late invoice,Map to GL 6100
25 Mar-26,Services,Support tools,Zendesk / Gainsight,"(4,785)",ERP,M. Chen,Posted,Map to GL 6100
15 Apr-26,R&D,Payroll - eng,Payroll,"7,403",Pos,,accrual,Vendor invoice late
2026-01-25,G&A,Accounting fees,Brandon,"1,638",Check,,manual adj,Timing issue
01/2/26,Sales,Payroll - sales,Payroll,"8,358",Pos,TBD,posted,
2026-01-25,Mktg,Events & webinars,Various,"4,940",Pos,Andres,manual adj,Check sign
2026-02-26,R&D,Payroll - eng,Payroll,"2,307",manual Entry,TBD,posted,Map to GL 6100
01/1/26,Sales,CRM / RevOps tools,Salesforce / Outreach,"7,411",Pos,Alex - FP&A,needs mapping,Check sign
15 Apr-26,R&D,Cloud hosting,AWS / Datadog,"3,816",cash,Erikfinance ops,posted,
01-Jan-26,Services,Support tools,Zendesk / Gainsight,"4,178",ERP,M. Chen,Posted,Timing issue
01/3/26,Services,Prof services,Implementation clients,"8,823",manual Entry,TBD,,Timing issue
25 Mar-26,G&A,Office rent,Landlord,"6,034",manual Entry,Erikfinance ops,posted,One-off item
2026-04-01,Marketing,Google Ads,Google / LinkedIn,"1,598",Pos,Alex - FP&A,needs mapping,
2026-04-01,R&D,AI automation,n8n,"(8,158)",manual Entry,TBD,posted,Vendor invoice late
2026-01-25,Services,Support tools,Zendesk / Gainsight,"1,798",cash,Alex - FP&A,manual adj,One-off item
15 Apr-26,Mktg,Customer appr.,Gift hamper,"7,853",ERP,TBD,posted,Timing issue
2026-03-28,Marketing,Google Ads,Google / LinkedIn,"1,390",Check,M. Chen,needs mapping,Vendor invoice late
2026-04-01,Revenue,Product sales,Retail Customer,"2,157",ERP,Andres,needs mapping,
15 Apr-26,Revenue,Revenue,Retail Customer,"9,702",ERP,,accrual,One-off item
15 Feb-26,COGS,Materials,Electric house,"(7,848)",Pos,,needs mapping,Timing issue
2026-03-28,G&A,Accounting fees,Brandon,"1,796",cash,Andres,accrual,Timing issue
15 Feb-26,Sales,CRM / RevOps tools,Salesforce / Outreach,"(8,813)",ERP,Erikfinance ops,needs mapping,Vendor invoice late
01/2/26,Revenue,Subscr. revenue,Retail Customer,"7,625",manual Entry,Alex - FP&A,manual adj,
2026-02-26,Marketing,Paid media,Google / LinkedIn,"2,292",Check,TBD,,Vendor invoice late
2026-04-01,Marketing,Events & webinars,Various,"7,550",Pos,Alex - FP&A,manual adj,Map to GL 6100
25 Mar-26,Mktg,Paid media,Google / LinkedIn,(761),Pos,Alex - FP&A,needs mapping,One-off item
2026-01-25,Marketing,Customer appr.,Gift hamper,"5,621",cash,Andres,late invoice,Check sign
15 Apr-26,Mktg,Events & webinars,Various,"1,375",Check,Erikfinance ops,Posted,Vendor invoice late
01-Jan-26,Sales,Payroll - sales,Payroll,"6,885",manual Entry,M. Chen,needs mapping,
2026-01-25,Marketing,Google Ads,Google / LinkedIn,"7,706",Check,TBD,manual adj,Timing issue
01/4/26,Mktg,Customer appr.,Amazon gift c.,"6,259",Check,Erikfinance ops,manual adj,Ask owner
2026-02-26,Sales,Payroll - sales,Payroll,"8,600",ERP,TBD,posted,Ask owner
2026-03-28,COGS,Cloud hosting,AWS / Datadog,"1,389",Pos,Erikfinance ops,manual adj,Ask owner
15 Apr-26,Mktg,Paid media,Google / LinkedIn,"9,967",manual Entry,Andres,posted,Timing issue
15 Feb-26,COGS,Payroll - eng,Payroll,"2,641",cash,Andres,needs mapping,
2026-04-01,Services,Support tools,Zendesk / Gainsight,"(5,955)",ERP,Andres,Posted,Vendor invoice late
01/2/26,G&A,Legal fees,Buchalter,"7,604",manual Entry,TBD,accrual,Map to GL 6100
01-Jan-26,G&A,Office rent,Landlord,"6,999",ERP,TBD,late invoice,Timing issue
01/3/26,R&D,Cloud hosting,AWS / Datadog,"2,768",cash,Erikfinance ops,,Ask owner
01-Jan-26,COGS,Payroll - eng,Payroll,"6,563",cash,Erikfinance ops,manual adj,Map to GL 6100
01/3/26,COGS,Cloud hosting,AWS / Datadog,"4,959",Pos,Andres,,Map to GL 6100
2026-04-01,G&A,Accounting fees,Jason CPA,"2,030",manual Entry,,late invoice,One-off item
01/4/26,COGS,Cloud hosting,AWS / Datadog,"(7,225)",Check,Erikfinance ops,Posted,Timing issue
2026-04-01,Services,Support tools,Zendesk / Gainsight,"3,325",Check,Erikfinance ops,posted,
01/2/26,G&A,Accounting fees,Brandon,"6,397",Check,Andres,manual adj,Check sign
01/3/26,Sales,Sales commission,Payroll,662,Check,,manual adj,One-off item
15 Apr-26,Mktg,Customer appr.,Soccer Ticket,"7,741",manual Entry,,needs mapping,Timing issue
01/4/26,COGS,Cloud hosting,AWS / Datadog,"5,936",Check,Alex - FP&A,needs mapping,Timing issue
2026-03-28,Services,Prof services,Implementation clients,"4,491",Check,TBD,Posted,Timing issue
15 Feb-26,Mktg,Paid media,Google / LinkedIn,"2,610",Check,Andres,accrual,One-off item
01/3/26,Sales,Sales commission,Payroll,"(6,228)",Check,,manual adj,Timing issue
15 Apr-26,Revenue,Subscr. revenue,Retail Customer,"2,598",cash,Andres,posted,Timing issue
2026-04-01,G&A,Legal fees,Buchalter,"(8,083)",Check,Andres,manual adj,Map to GL 6100
25 Mar-26,R&D,Payroll - eng,Payroll,"6,291",Check,Erikfinance ops,Posted,Check sign
25 Mar-26,Mktg,Events & webinars,Various,"(6,461)",Pos,,late invoice,Vendor invoice late
15 Apr-26,COGS,Cloud hosting,AWS / Datadog,"9,774",manual Entry,TBD,accrual,Map to GL 6100
25 Mar-26,R&D,Cloud hosting,AWS / Datadog,"2,096",Check,Andres,Posted,Check sign
15 Feb-26,R&D,Cloud hosting,AWS / Datadog,"(1,468)",manual Entry,Andres,needs mapping,Timing issue
2026-01-25,Services,Support tools,Zendesk / Gainsight,"(8,317)",cash,Alex - FP&A,needs mapping,Vendor invoice late
2026-04-01,Services,Support tools,Zendesk / Gainsight,"(2,141)",cash,Erikfinance ops,Posted,
01-Jan-26,COGS,Payroll - eng,Payroll,"5,756",ERP,Erikfinance ops,needs mapping,Ask owner
2026-02-26,Marketing,Paid media,Google / LinkedIn,"(2,271)",Check,,late invoice,Ask owner
15 Feb-26,COGS,Cloud hosting,AWS / Datadog,"8,829",ERP,Alex - FP&A,accrual,Vendor invoice late
15 Feb-26,G&A,Office rent,Landlord,"7,342",manual Entry,TBD,late invoice,Ask owner
01-Jan-26,Marketing,Events & webinars,Various,"4,299",ERP,M. Chen,late invoice,Vendor invoice late
2026-02-26,Services,Support tools,Zendesk / Gainsight,"9,681",Pos,Erikfinance ops,late invoice,Map to GL 6100
01-Jan-26,Marketing,Events & webinars,Various,"3,124",manual Entry,M. Chen,posted,Ask owner
01/4/26,Services,Prof services,Implementation clients,"(2,566)",cash,Alex - FP&A,late invoice,Vendor invoice late
01/2/26,Revenue,Revenue,Retail Customer,"1,410",Pos,Erikfinance ops,needs mapping,Timing issue
01/4/26,COGS,Cloud hosting,AWS / Datadog,"7,915",ERP,M. Chen,posted,Vendor invoice late
2026-04-01,R&D,AI automation,n8n,"6,714",cash,Erikfinance ops,accrual,
01/4/26,COGS,Payroll - eng,Payroll,"1,465",Check,Andres,,Check sign
01/3/26,Sales,Sales commission,Payroll,"4,853",manual Entry,M. Chen,accrual,Vendor invoice late
15 Apr-26,Services,Prof services,Implementation clients,"7,253",Check,Alex - FP&A,manual adj,Ask owner
01-Jan-26,Revenue,Revenue,Retail Customer,"5,339",manual Entry,Erikfinance ops,needs mapping,Vendor invoice late
01-Jan-26,Marketing,Google Ads,Google / LinkedIn,"9,939",Pos,TBD,Posted,Timing issue
01/1/26,Services,Support tools,Zendesk / Gainsight,"8,545",Check,,manual adj,Check sign
01/4/26,R&D,Payroll - eng,Payroll,"7,411",ERP,TBD,posted,Vendor invoice late
01/4/26,Sales,Sales commission,Payroll,"(2,131)",manual Entry,Andres,accrual,One-off item
15 Apr-26,G&A,Office rent,Landlord,"5,231",cash,,accrual,One-off item
01/3/26,Marketing,Paid media,Google / LinkedIn,"(1,247)",Pos,TBD,needs mapping,Check sign
01-Jan-26,R&D,Cloud hosting,AWS / Datadog,"6,329",cash,Andres,posted,One-off item
25 Mar-26,Sales,Payroll - sales,Payroll,"9,361",Check,,posted,Ask owner
15 Feb-26,Services,Prof services,Implementation clients,"3,820",manual Entry,TBD,posted,Ask owner
15 Feb-26,Marketing,Customer appr.,Amazon gift c.,"8,060",Pos,M. Chen,needs mapping,Map to GL 6100
01/2/26,R&D,Payroll - eng,Payroll,"9,191",Pos,TBD,needs mapping,Timing issue
01/4/26,Revenue,Revenue,Corp. clients,"5,482",Pos,TBD,accrual,Vendor invoice late
01/4/26,Services,Prof services,Implementation clients,"2,365",cash,M. Chen,late invoice,Ask owner
01/1/26,Sales,Sales commission,Payroll,"4,192",cash,Andres,Posted,One-off item
2026-03-28,Marketing,Events & webinars,Various,"(8,350)",Pos,Andres,,Map to GL 6100
15 Apr-26,G&A,Office rent,Landlord,"4,905",manual Entry,Alex - FP&A,accrual,One-off item
2026-02-26,Marketing,Events & webinars,Various,470,cash,M. Chen,needs mapping,Vendor invoice late
2026-04-01,Marketing,Events & webinars,Various,"8,714",Pos,TBD,accrual,Map to GL 6100
2026-04-01,R&D,AI automation,n8n,"5,009",Check,Erikfinance ops,accrual,Check sign
2026-03-28,G&A,Accounting fees,Jason CPA,"(8,390)",cash,TBD,needs mapping,One-off item
2026-03-28,Revenue,Revenue,Retail Customer,"5,453",Check,TBD,late invoice,Check sign
01/2/26,Sales,Payroll - sales,Payroll,"(9,569)",manual Entry,Andres,manual adj,Map to GL 6100
2026-02-26,Marketing,Google Ads,Google / LinkedIn,"(4,073)",Check,TBD,needs mapping,Check sign
2026-01-25,COGS,Materials,Home Depot,782,cash,M. Chen,posted,Timing issue
2026-01-25,Marketing,Customer appr.,Amazon gift c.,"2,978",cash,Erikfinance ops,late invoice,Timing issue
25 Mar-26,R&D,Payroll - eng,Payroll,"7,456",manual Entry,Alex - FP&A,posted,Check sign
01-Jan-26,Mktg,Customer appr.,Amazon gift c.,"2,373",Check,Alex - FP&A,,Ask owner
2026-02-26,R&D,Payroll - eng,Payroll,"(9,397)",ERP,Alex - FP&A,accrual,Map to GL 6100
01/1/26,Marketing,Google Ads,Google / LinkedIn,"5,898",Check,Erikfinance ops,manual adj,
25 Mar-26,Marketing,Events & webinars,Various,"8,630",cash,Alex - FP&A,needs mapping,One-off item
2026-03-28,R&D,AI automation,n8n,"1,535",Check,M. Chen,needs mapping,Ask owner
2026-04-01,G&A,Office rent,Landlord,"8,903",cash,M. Chen,needs mapping,Check sign
15 Feb-26,Mktg,Paid media,Google / LinkedIn,"(6,403)",Pos,TBD,manual adj,Map to GL 6100
25 Mar-26,Sales,Sales commission,Payroll,"9,801",manual Entry,,needs mapping,Map to GL 6100
01/3/26,R&D,AI automation,n8n,"6,974",ERP,M. Chen,,
2026-02-26,Services,Prof services,Implementation clients,"2,602",Check,Erikfinance ops,needs mapping,
2026-01-25,COGS,Cloud hosting,AWS / Datadog,"(7,056)",manual Entry,Erikfinance ops,posted,Vendor invoice late
01/2/26,G&A,Legal fees,Buchalter,759,cash,Alex - FP&A,manual adj,Map to GL 6100
01-Jan-26,COGS,Cloud hosting,AWS / Datadog,"(5,402)",cash,M. Chen,Posted,One-off item
2026-01-25,G&A,Office rent,Landlord,"5,076",cash,Alex - FP&A,,Timing issue
15 Feb-26,Services,Prof services,Implementation clients,"4,964",Pos,Alex - FP&A,posted,Vendor invoice late
01-Jan-26,Sales,Payroll - sales,Payroll,"8,205",Check,Andres,late invoice,Vendor invoice late
15 Apr-26,G&A,Office rent,Landlord,"6,864",Pos,,Posted,Check sign
25 Mar-26,Marketing,Google Ads,Google / LinkedIn,"(3,375)",Check,TBD,manual adj,Vendor invoice late
01/1/26,Revenue,Subscr. revenue,Corp. clients,"4,199",ERP,Erikfinance ops,manual adj,One-off item
2026-01-25,COGS,Cloud hosting,AWS / Datadog,"4,417",Check,TBD,late invoice,Ask owner
25 Mar-26,Services,Support tools,Zendesk / Gainsight,"9,403",Check,Andres,Posted,Check sign
25 Mar-26,Revenue,Subscr. revenue,Corp. clients,"6,025",cash,TBD,manual adj,Ask owner
01-Jan-26,Services,Prof services,Implementation clients,"8,792",ERP,Andres,late invoice,One-off item
15 Apr-26,Sales,CRM / RevOps tools,Salesforce / Outreach,(688),manual Entry,,late invoice,
01-Jan-26,Sales,Sales commission,Payroll,"2,493",cash,Andres,Posted,Map to GL 6100
15 Feb-26,COGS,Payroll - eng,Payroll,"1,761",Pos,M. Chen,needs mapping,Vendor invoice late
2026-02-26,Services,Prof services,Implementation clients,"6,208",cash,M. Chen,manual adj,Timing issue
2026-03-28,Services,Prof services,Implementation clients,"(6,223)",ERP,,posted,Timing issue
01/1/26,COGS,Materials,Johnsons Supply,"4,587",ERP,,accrual,Check sign
01/1/26,Services,Prof services,Implementation clients,"6,746",manual Entry,,late invoice,
01-Jan-26,Mktg,Events & webinars,Various,"5,938",cash,Andres,manual adj,Timing issue
01/2/26,Revenue,Product sales,Corp. clients,"3,139",Pos,Alex - FP&A,late invoice,Map to GL 6100
2026-03-28,R&D,Cloud hosting,AWS / Datadog,"(5,294)",Pos,Erikfinance ops,Posted,Vendor invoice late
01/2/26,COGS,Payroll - eng,Payroll,"8,897",Pos,Erikfinance ops,posted,Check sign
01/2/26,COGS,Payroll - eng,Payroll,549,Check,Alex - FP&A,late invoice,Vendor invoice late
2026-01-25,G&A,Office rent,Landlord,"2,095",cash,Erikfinance ops,accrual,Timing issue
2026-03-28,Services,Support tools,Zendesk / Gainsight,(969),Check,Erikfinance ops,accrual,Map to GL 6100
2026-01-25,COGS,Payroll - eng,Payroll,"1,731",Check,Andres,late invoice,One-off item
2026-03-28,R&D,Cloud hosting,AWS / Datadog,"1,752",ERP,M. Chen,accrual,Ask owner
25 Mar-26,Marketing,Paid media,Google / LinkedIn,"3,880",Pos,Alex - FP&A,accrual,Vendor invoice late
01/1/26,R&D,Cloud hosting,AWS / Datadog,"(1,509)",Pos,,late invoice,Timing issue
01/2/26,Marketing,Events & webinars,Various,"1,971",manual Entry,TBD,posted,Check sign
01-Jan-26,Mktg,Paid media,Google / LinkedIn,"7,682",Pos,Erikfinance ops,late invoice,Ask owner
2026-03-28,G&A,Accounting fees,Jason CPA,"9,198",manual Entry,Alex - FP&A,manual adj,Vendor invoice late
2026-01-25,Revenue,Subscr. revenue,Retail Customer,"(3,149)",cash,,accrual,Check sign
01-Jan-26,Mktg,Paid media,Google / LinkedIn,"2,858",manual Entry,Erikfinance ops,posted,Map to GL 6100
2026-04-01,COGS,Cloud hosting,AWS / Datadog,"(3,256)",cash,Erikfinance ops,manual adj,Vendor invoice late
01/4/26,Marketing,Paid media,Google / LinkedIn,"5,052",manual Entry,M. Chen,,Timing issue
2026-04-01,Services,Support tools,Zendesk / Gainsight,"6,436",cash,M. Chen,posted,
01/4/26,COGS,Payroll - eng,Payroll,"2,962",Check,Erikfinance ops,needs mapping,Map to GL 6100
01/2/26,G&A,Office rent,Landlord,"6,764",manual Entry,,needs mapping,Map to GL 6100
01/4/26,Sales,CRM / RevOps tools,Salesforce / Outreach,"9,271",ERP,,manual adj,Ask owner
01/2/26,Sales,Payroll - sales,Payroll,"6,745",cash,,posted,Ask owner
01/4/26,G&A,Accounting fees,Brandon,"5,523",ERP,Alex - FP&A,Posted,Vendor invoice late
25 Mar-26,G&A,Office rent,Landlord,"8,180",Pos,,accrual,Vendor invoice late
2026-03-28,G&A,Office rent,Landlord,"6,540",cash,,Posted,Map to GL 6100
15 Apr-26,Sales,CRM / RevOps tools,Salesforce / Outreach,"(4,942)",cash,Erikfinance ops,Posted,Ask owner
2026-02-26,R&D,Payroll - eng,Payroll,"(2,148)",manual Entry,Erikfinance ops,manual adj,
01/3/26,Sales,Payroll - sales,Payroll,"6,887",cash,TBD,accrual,
01/1/26,Revenue,Product sales,Corp. clients,"(8,150)",ERP,,posted,Vendor invoice late
2026-04-01,Sales,Payroll - sales,Payroll,567,cash,M. Chen,manual adj,
2026-02-26,Sales,Payroll - sales,Payroll,"7,330",ERP,Andres,late invoice,Map to GL 6100
15 Apr-26,Mktg,Paid media,Google / LinkedIn,"7,090",cash,TBD,late invoice,Ask owner
2026-03-28,Sales,CRM / RevOps tools,Salesforce / Outreach,"7,187",manual Entry,TBD,accrual,Check sign
25 Mar-26,R&D,AI automation,n8n,"3,608",Check,Alex - FP&A,manual adj,Check sign
15 Apr-26,Sales,Payroll - sales,Payroll,"6,246",cash,M. Chen,late invoice,Timing issue
01/3/26,Revenue,Subscr. revenue,Corp. clients,"2,831",cash,Alex - FP&A,manual adj,Map to GL 6100
15 Apr-26,Services,Support tools,Zendesk / Gainsight,"2,554",Check,M. Chen,posted,Timing issue
2026-02-26,COGS,Cloud hosting,AWS / Datadog,781,ERP,TBD,needs mapping,Vendor invoice late
2026-01-25,Services,Support tools,Zendesk / Gainsight,"2,487",Check,Erikfinance ops,needs mapping,One-off item
25 Mar-26,G&A,Legal fees,Europa Law firm,"3,758",manual Entry,M. Chen,Posted,
01-Jan-26,Revenue,Service,Retail Customer,"3,161",Check,TBD,posted,One-off item
01/3/26,COGS,Payroll - eng,Payroll,"8,586",manual Entry,TBD,manual adj,Check sign
2026-02-26,Services,Prof services,Implementation clients,340,ERP,M. Chen,,Timing issue
2026-02-26,Marketing,Customer appr.,Amazon gift c.,"4,145",Pos,Erikfinance ops,posted,Ask owner
15 Feb-26,COGS,Cloud hosting,AWS / Datadog,"4,466",Check,Alex - FP&A,posted,
2026-01-25,G&A,Accounting fees,Jason CPA,"(5,277)",Pos,Alex - FP&A,accrual,Check sign
2026-03-28,COGS,Materials,Walmart,"(3,567)",Check,M. Chen,,Map to GL 6100
01/2/26,Revenue,Service,Retail Customer,"2,359",Pos,TBD,needs mapping,Check sign
01/2/26,Sales,CRM / RevOps tools,Salesforce / Outreach,"6,026",Pos,Andres,accrual,Vendor invoice late
2026-02-26,Sales,Payroll - sales,Payroll,"2,059",Pos,Andres,late invoice,Timing issue
01/4/26,R&D,AI automation,n8n,"9,568",ERP,Erikfinance ops,,Ask owner
2026-04-01,Sales,Payroll - sales,Payroll,62,Pos,Alex - FP&A,manual adj,Vendor invoice late
25 Mar-26,Services,Prof services,Implementation clients,"8,022",cash,,posted,One-off item
01/1/26,Sales,Sales commission,Payroll,806,ERP,Erikfinance ops,posted,Map to GL 6100
2026-03-28,Revenue,Subscr. revenue,Retail Customer,"6,386",Pos,TBD,Posted,Ask owner
25 Mar-26,Sales,CRM / RevOps tools,Salesforce / Outreach,"(5,823)",ERP,Andres,accrual,One-off item
25 Mar-26,G&A,Legal fees,Buchalter,"6,073",Pos,Andres,accrual,Check sign
2026-03-28,Services,Support tools,Zendesk / Gainsight,"2,715",cash,M. Chen,,Timing issue
15 Feb-26,COGS,Materials,Electric house,"1,500",manual Entry,Andres,late invoice,Map to GL 6100
01/2/26,COGS,Materials,Home Depot,(968),Check,TBD,manual adj,
01/3/26,Revenue,Subscr. revenue,Corp. clients,"1,298",ERP,Erikfinance ops,,
01/4/26,Marketing,Events & webinars,Various,"5,397",Pos,Andres,accrual,Vendor invoice late
2026-01-25,Mktg,Events & webinars,Various,"4,123",manual Entry,M. Chen,posted,One-off item
01/2/26,Marketing,Customer appr.,Amazon gift c.,"(5,912)",manual Entry,TBD,manual adj,Check sign
2026-02-26,G&A,Office rent,Landlord,"(5,387)",Check,,posted,Map to GL 6100
2026-03-28,COGS,Payroll - eng,Payroll,"2,285",manual Entry,Alex - FP&A,needs mapping,Vendor invoice late
25 Mar-26,Revenue,Product sales,Retail Customer,"4,705",cash,Alex - FP&A,accrual,
2026-01-25,COGS,Materials,Home Depot,"3,864",manual Entry,Erikfinance ops,,Ask owner
2026-02-26,R&D,Payroll - eng,Payroll,"(3,084)",Pos,TBD,needs mapping,Check sign
2026-01-25,Marketing,Google Ads,Google / LinkedIn,"9,134",cash,M. Chen,,Ask owner
2026-03-28,Services,Prof services,Implementation clients,"(2,730)",Check,M. Chen,late invoice,Check sign
2026-03-28,Marketing,Events & webinars,Various,"8,956",manual Entry,TBD,posted,Check sign
25 Mar-26,G&A,Office rent,Landlord,825,manual Entry,TBD,manual adj,
01/2/26,G&A,Office rent,Landlord,"6,492",manual Entry,,Posted,Vendor invoice late
01/3/26,Revenue,Service,Corp. clients,"1,952",manual Entry,M. Chen,accrual,Check sign
2026-02-26,G&A,Office rent,Landlord,"1,257",Pos,Alex - FP&A,,One-off item
2026-04-01,Sales,Sales commission,Payroll,"9,675",cash,Andres,accrual,Map to GL 6100
15 Apr-26,Revenue,Product sales,Retail Customer,"3,605",manual Entry,Alex - FP&A,manual adj,Map to GL 6100
01-Jan-26,Revenue,Revenue,Corp. clients,"9,602",manual Entry,M. Chen,accrual,Check sign
01-Jan-26,Services,Prof services,Implementation clients,"5,925",Pos,M. Chen,late invoice,Map to GL 6100
01-Jan-26,R&D,AI automation,n8n,"(9,140)",Check,Andres,late invoice,Ask owner
01/4/26,Revenue,Revenue,Retail Customer,"(7,805)",cash,Alex - FP&A,posted,Ask owner
01/2/26,Marketing,Paid media,Google / LinkedIn,"3,604",manual Entry,Erikfinance ops,Posted,
2026-02-26,Sales,Payroll - sales,Payroll,"8,927",ERP,Alex - FP&A,Posted,Timing issue
01/4/26,Revenue,Subscr. revenue,Retail Customer,"7,996",Pos,Alex - FP&A,posted,
15 Apr-26,COGS,Materials,Walmart,813,Pos,Andres,manual adj,One-off item
01/3/26,Marketing,Paid media,Google / LinkedIn,"4,966",cash,Andres,,Check sign
01/1/26,COGS,Payroll - eng,Payroll,"1,067",ERP,Erikfinance ops,posted,Ask owner
2026-01-25,Sales,Payroll - sales,Payroll,"2,039",ERP,M. Chen,Posted,Check sign
2026-01-25,G&A,Office rent,Landlord,"8,994",ERP,M. Chen,Posted,Timing issue
01-Jan-26,Marketing,Events & webinars,Various,417,Pos,Erikfinance ops,late invoice,Timing issue
01/4/26,R&D,Payroll - eng,Payroll,"6,806",Check,,late invoice,Ask owner
01/1/26,Revenue,Subscr. revenue,Retail Customer,"(9,170)",ERP,,accrual,Map to GL 6100
25 Mar-26,G&A,Accounting fees,Brandon,"6,086",cash,Andres,manual adj,Check sign
01/3/26,G&A,Office rent,Landlord,"3,972",Pos,M. Chen,accrual,Vendor invoice late
01/1/26,Sales,Sales commission,Payroll,"5,285",Check,,needs mapping,One-off item
15 Feb-26,Services,Support tools,Zendesk / Gainsight,"(8,906)",Pos,,Posted,Timing issue
2026-01-25,Services,Prof services,Implementation clients,"3,365",Check,,late invoice,Vendor invoice late
25 Mar-26,Mktg,Events & webinars,Various,"2,108",Pos,TBD,Posted,Vendor invoice late
01/4/26,COGS,Materials,Walmart,"2,800",Check,Erikfinance ops,manual adj,Map to GL 6100
01/3/26,G&A,Office rent,Landlord,"4,179",ERP,Erikfinance ops,needs mapping,
2026-04-01,Mktg,Customer appr.,Amazon gift c.,"5,472",ERP,Andres,accrual,Vendor invoice late
01/2/26,Sales,Payroll - sales,Payroll,"5,356",ERP,M. Chen,needs mapping,Check sign
01/3/26,Services,Support tools,Zendesk / Gainsight,"8,044",cash,M. Chen,needs mapping,Ask owner
01/2/26,Sales,Payroll - sales,Payroll,"3,800",ERP,,needs mapping,Map to GL 6100
01-Jan-26,G&A,Legal fees,Buchalter,"1,564",Pos,M. Chen,needs mapping,Check sign
2026-02-26,Marketing,Paid media,Google / LinkedIn,"7,783",manual Entry,Alex - FP&A,,Timing issue
01/4/26,Marketing,Events & webinars,Various,576,Check,Andres,manual adj,Timing issue
2026-01-25,COGS,Cloud hosting,AWS / Datadog,"1,354",cash,,,
25 Mar-26,Marketing,Paid media,Google / LinkedIn,"3,640",Check,Alex - FP&A,accrual,Check sign
15 Apr-26,G&A,Accounting fees,Jason CPA,"3,204",Check,M. Chen,,One-off item
2026-04-01,Sales,CRM / RevOps tools,Salesforce / Outreach,"4,750",ERP,Erikfinance ops,needs mapping,Check sign
01/4/26,Sales,Sales commission,Payroll,"7,516",Pos,Andres,,Timing issue
01/1/26,G&A,Accounting fees,Jason CPA,719,cash,M. Chen,needs mapping,One-off item
2026-01-25,R&D,Payroll - eng,Payroll,"2,927",manual Entry,,,Timing issue
2026-01-25,Services,Support tools,Zendesk / Gainsight,"6,050",ERP,M. Chen,late invoice,
01/3/26,Mktg,Customer appr.,Soccer Ticket,220,Check,M. Chen,needs mapping,Ask owner
01/4/26,R&D,AI automation,n8n,"4,546",ERP,,late invoice,One-off item
2026-04-01,G&A,Accounting fees,Jason CPA,"7,607",Pos,Erikfinance ops,posted,Vendor invoice late
2026-03-28,Mktg,Paid media,Google / LinkedIn,"7,835",Pos,Erikfinance ops,manual adj,
01/1/26,Marketing,Google Ads,Google / LinkedIn,"4,092",cash,M. Chen,manual adj,One-off item
2026-02-26,Sales,Sales commission,Payroll,"1,514",cash,Andres,needs mapping,Map to GL 6100
01/4/26,R&D,Payroll - eng,Payroll,"3,416",cash,Erikfinance ops,needs mapping,One-off item
01/1/26,Mktg,Paid media,Google / LinkedIn,"7,044",cash,Erikfinance ops,accrual,Timing issue
01/3/26,Sales,Payroll - sales,Payroll,"3,418",Pos,Erikfinance ops,posted,Map to GL 6100
01/1/26,R&D,Payroll - eng,Payroll,"8,068",manual Entry,Andres,needs mapping,Check sign
2026-02-26,Mktg,Events & webinars,Various,"(6,340)",cash,Erikfinance ops,Posted,Map to GL 6100
01/2/26,COGS,Cloud hosting,AWS / Datadog,"9,395",cash,TBD,needs mapping,Map to GL 6100
2026-04-01,Mktg,Paid media,Google / LinkedIn,"(7,338)",Pos,Andres,late invoice,Timing issue
2026-03-28,G&A,Legal fees,Europa Law firm,"(5,855)",cash,Andres,Posted,One-off item
15 Feb-26,Sales,CRM / RevOps tools,Salesforce / Outreach,"3,370",ERP,Alex - FP&A,late invoice,Map to GL 6100
01-Jan-26,Revenue,Subscr. revenue,Retail Customer,(710),Pos,Erikfinance ops,posted,Vendor invoice late
25 Mar-26,COGS,Materials,Walmart,"9,285",cash,Alex - FP&A,posted,Timing issue
15 Feb-26,G&A,Legal fees,Europa Law firm,(591),cash,Andres,posted,One-off item
15 Apr-26,R&D,Payroll - eng,Payroll,46,Check,M. Chen,late invoice,Timing issue
01/1/26,Marketing,Events & webinars,Various,"7,635",ERP,M. Chen,posted,
15 Apr-26,Mktg,Paid media,Google / LinkedIn,705,Check,M. Chen,Posted,Map to GL 6100
25 Mar-26,Mktg,Events & webinars,Various,"7,537",Pos,TBD,late invoice,Timing issue
01-Jan-26,Services,Prof services,Implementation clients,901,manual Entry,Erikfinance ops,posted,Check sign
2026-03-28,Mktg,Events & webinars,Various,"2,123",Check,Andres,posted,Timing issue
01/3/26,Revenue,Revenue,Retail Customer,"4,500",ERP,M. Chen,Posted,Ask owner
2026-03-28,Services,Support tools,Zendesk / Gainsight,"5,145",Check,Erikfinance ops,posted,Vendor invoice late
25 Mar-26,Marketing,Google Ads,Google / LinkedIn,"9,684",manual Entry,,,Vendor invoice late
01/2/26,Services,Prof services,Implementation clients,"7,064",ERP,,needs mapping,Ask owner
15 Feb-26,R&D,Cloud hosting,AWS / Datadog,"9,585",Check,Andres,Posted,Check sign
2026-02-26,COGS,Materials,Home Depot,"4,449",Check,Andres,posted,Vendor invoice late
15 Feb-26,Sales,Sales commission,Payroll,"4,135",Check,,needs mapping,Check sign
01/2/26,Mktg,Customer appr.,Soccer Ticket,"7,155",ERP,Alex - FP&A,accrual,Map to GL 6100
01/3/26,COGS,Payroll - eng,Payroll,"7,864",Check,Andres,needs mapping,Timing issue
2026-01-25,G&A,Office rent,Landlord,"5,828",Pos,Andres,manual adj,One-off item
15 Apr-26,Sales,Payroll - sales,Payroll,"5,274",cash,,needs mapping,Ask owner
01/1/26,Sales,Payroll - sales,Payroll,"1,173",cash,TBD,late invoice,Vendor invoice late
25 Mar-26,G&A,Legal fees,Europa Law firm,"(6,606)",manual Entry,Alex - FP&A,needs mapping,Ask owner
2026-02-26,R&D,Cloud hosting,AWS / Datadog,"2,895",cash,Andres,late invoice,One-off item
2026-04-01,Revenue,Revenue,Corp. clients,"9,473",Check,M. Chen,needs mapping,Timing issue
15 Feb-26,G&A,Legal fees,Europa Law firm,"(6,517)",Check,Alex - FP&A,late invoice,Map to GL 6100
01-Jan-26,Sales,Sales commission,Payroll,"2,818",manual Entry,Alex - FP&A,accrual,Ask owner
2026-02-26,R&D,AI automation,n8n,"9,211",ERP,Andres,,Ask owner
01/2/26,Mktg,Paid media,Google / LinkedIn,"2,825",Check,,Posted,Timing issue
15 Apr-26,Mktg,Paid media,Google / LinkedIn,"4,373",manual Entry,M. Chen,manual adj,One-off item
01/2/26,R&D,Cloud hosting,AWS / Datadog,"4,402",cash,Erikfinance ops,Posted,Map to GL 6100
15 Feb-26,Marketing,Paid media,Google / LinkedIn,"6,308",ERP,M. Chen,manual adj,Map to GL 6100
01/1/26,R&D,AI automation,n8n,"8,441",ERP,Erikfinance ops,late invoice,
01/1/26,G&A,Accounting fees,Jason CPA,"4,858",manual Entry,Andres,Posted,Check sign
2026-04-01,R&D,Cloud hosting,AWS / Datadog,"6,244",Check,Andres,posted,Map to GL 6100
2026-02-26,Services,Prof services,Implementation clients,"(5,900)",Pos,M. Chen,,Map to GL 6100
01/1/26,Sales,CRM / RevOps tools,Salesforce / Outreach,"3,865",Pos,TBD,posted,
2026-04-01,R&D,Cloud hosting,AWS / Datadog,"5,736",Check,Andres,accrual,Vendor invoice late
2026-03-28,Sales,Sales commission,Payroll,"4,210",Pos,Erikfinance ops,needs mapping,Map to GL 6100
25 Mar-26,Mktg,Paid media,Google / LinkedIn,"(7,462)",Pos,Erikfinance ops,manual adj,Vendor invoice late
15 Apr-26,Services,Prof services,Implementation clients,"4,967",Check,TBD,,Timing issue
2026-01-25,Revenue,Subscr. revenue,Corp. clients,"(9,775)",Pos,Alex - FP&A,Posted,Check sign
01/1/26,Sales,Payroll - sales,Payroll,"6,972",Pos,M. Chen,Posted,One-off item
01/3/26,Marketing,Customer appr.,Gift hamper,"6,281",Check,Alex - FP&A,late invoice,Map to GL 6100
2026-02-26,G&A,Legal fees,Europa Law firm,"5,682",manual Entry,Erikfinance ops,accrual,One-off item
01/1/26,COGS,Materials,Walmart,"6,503",Check,Alex - FP&A,posted,Ask owner
01/2/26,COGS,Cloud hosting,AWS / Datadog,"(2,378)",ERP,Erikfinance ops,,Vendor invoice late
2026-04-01,Sales,Payroll - sales,Payroll,"6,741",Pos,Erikfinance ops,posted,Check sign
2026-04-01,Sales,Payroll - sales,Payroll,"3,229",Pos,Andres,accrual,Ask owner
15 Feb-26,R&D,AI automation,n8n,"9,930",manual Entry,M. Chen,accrual,Timing issue
01/3/26,G&A,Legal fees,Europa Law firm,"9,916",cash,M. Chen,accrual,Check sign
15 Feb-26,COGS,Cloud hosting,AWS / Datadog,"3,511",Check,Alex - FP&A,accrual,One-off item
01/3/26,COGS,Payroll - eng,Payroll,"9,255",ERP,TBD,accrual,Ask owner
01/4/26,COGS,Payroll - eng,Payroll,119,Pos,Andres,accrual,Check sign
01/2/26,Sales,CRM / RevOps tools,Salesforce / Outreach,"9,225",Check,Erikfinance ops,accrual,One-off item
01-Jan-26,G&A,Office rent,Landlord,"5,683",Pos,TBD,needs mapping,
01/1/26,COGS,Materials,Walmart,"(8,905)",manual Entry,Andres,Posted,Ask owner
01/2/26,Sales,CRM / RevOps tools,Salesforce / Outreach,"7,850",Pos,Alex - FP&A,,Check sign
01-Jan-26,COGS,Cloud hosting,AWS / Datadog,"2,731",Check,,accrual,Vendor invoice late
01/4/26,Sales,Sales commission,Payroll,(227),Pos,Erikfinance ops,posted,Check sign
01/1/26,G&A,Legal fees,Buchalter,"4,987",Check,Erikfinance ops,late invoice,Ask owner
01/4/26,Marketing,Paid media,Google / LinkedIn,"(9,493)",manual Entry,,,Timing issue
01/2/26,Marketing,Events & webinars,Various,"3,322",Pos,Andres,Posted,Map to GL 6100
15 Feb-26,G&A,Accounting fees,Brandon,"5,965",Check,TBD,accrual,One-off item
01-Jan-26,Marketing,Paid media,Google / LinkedIn,795,ERP,Alex - FP&A,needs mapping,Timing issue
01/4/26,COGS,Cloud hosting,AWS / Datadog,"(7,583)",Check,TBD,late invoice,One-off item
01/4/26,Sales,CRM / RevOps tools,Salesforce / Outreach,"7,293",ERP,Andres,Posted,Vendor invoice late
01/3/26,G&A,Office rent,Landlord,"8,920",Pos,M. Chen,manual adj,Map to GL 6100
15 Feb-26,G&A,Legal fees,Buchalter,"4,755",manual Entry,TBD,posted,Ask owner
15 Apr-26,Services,Support tools,Zendesk / Gainsight,"7,286",Check,Andres,Posted,Ask owner
2026-02-26,G&A,Legal fees,Buchalter,"1,883",Check,Erikfinance ops,,
2026-04-01,Revenue,Subscr. revenue,Retail Customer,"5,153",ERP,TBD,manual adj,Timing issue
25 Mar-26,Services,Prof services,Implementation clients,"3,917",Check,Andres,accrual,One-off item
01/1/26,R&D,AI automation,n8n,"5,814",cash,TBD,manual adj,Vendor invoice late
01/1/26,Services,Prof services,Implementation clients,697,ERP,Alex - FP&A,,Ask owner
25 Mar-26,Sales,CRM / RevOps tools,Salesforce / Outreach,"5,966",manual Entry,M. Chen,needs mapping,Map to GL 6100
2026-03-28,R&D,Payroll - eng,Payroll,"7,932",cash,Erikfinance ops,accrual,Ask owner
25 Mar-26,Sales,CRM / RevOps tools,Salesforce / Outreach,"(4,470)",manual Entry,M. Chen,accrual,Map to GL 6100
2026-01-25,Sales,Payroll - sales,Payroll,"(3,160)",ERP,Alex - FP&A,manual adj,Map to GL 6100
2026-02-26,Marketing,Paid media,Google / LinkedIn,"4,724",ERP,,posted,Check sign
01/2/26,Services,Prof services,Implementation clients,"3,540",manual Entry,M. Chen,,Ask owner
01/4/26,R&D,AI automation,n8n,194,cash,Andres,posted,Map to GL 6100
25 Mar-26,COGS,Payroll - eng,Payroll,"7,064",cash,TBD,needs mapping,Check sign
15 Feb-26,R&D,Cloud hosting,AWS / Datadog,"3,246",Pos,Andres,manual adj,Ask owner
01/3/26,Marketing,Paid media,Google / LinkedIn,645,manual Entry,TBD,,Map to GL 6100
2026-02-26,COGS,Payroll - eng,Payroll,"(8,106)",Pos,Alex - FP&A,,Ask owner
2026-01-25,Services,Prof services,Implementation clients,"(8,592)",Check,TBD,Posted,Check sign
01/2/26,R&D,AI automation,n8n,"1,449",manual Entry,,,Vendor invoice late
2026-01-25,Sales,Sales commission,Payroll,"1,864",Pos,,,Vendor invoice late
01/2/26,Sales,Payroll - sales,Payroll,(960),manual Entry,Andres,,One-off item
01/3/26,COGS,Cloud hosting,AWS / Datadog,"7,700",ERP,Andres,,Map to GL 6100
01/3/26,G&A,Office rent,Landlord,"4,932",Pos,M. Chen,posted,Map to GL 6100
15 Apr-26,COGS,Payroll - eng,Payroll,"7,989",ERP,,accrual,Map to GL 6100
25 Mar-26,Sales,Payroll - sales,Payroll,"1,053",Pos,Andres,needs mapping,
2026-03-28,Services,Support tools,Zendesk / Gainsight,"3,046",manual Entry,Erikfinance ops,posted,Map to GL 6100
15 Apr-26,Marketing,Customer appr.,Amazon gift c.,"7,772",ERP,,,Timing issue
2026-02-26,Sales,Payroll - sales,Payroll,"3,362",Check,TBD,late invoice,Timing issue
15 Feb-26,Marketing,Google Ads,Google / LinkedIn,"4,179",Pos,TBD,,Vendor invoice late
2026-03-28,G&A,Legal fees,Buchalter,"3,455",Check,Andres,manual adj,One-off item
15 Apr-26,G&A,Legal fees,Europa Law firm,"5,489",Check,,manual adj,
01/4/26,Marketing,Customer appr.,Amazon gift c.,"1,998",manual Entry,Erikfinance ops,,Check sign
2026-04-01,Mktg,Customer appr.,Amazon gift c.,"(6,587)",ERP,,posted,Ask owner
2026-02-26,G&A,Accounting fees,Jason CPA,"6,012",Pos,,accrual,One-off item
01-Jan-26,COGS,Cloud hosting,AWS / Datadog,"3,805",ERP,,,One-off item
2026-01-25,COGS,Cloud hosting,AWS / Datadog,"4,863",Pos,M. Chen,late invoice,Vendor invoice late
15 Apr-26,Mktg,Paid media,Google / LinkedIn,(216),Pos,,needs mapping,Vendor invoice late
2026-04-01,G&A,Office rent,Landlord,"7,898",Check,Andres,manual adj,Ask owner
15 Feb-26,Mktg,Events & webinars,Various,"(3,350)",manual Entry,M. Chen,,Timing issue
2026-02-26,R&D,AI automation,n8n,"5,526",cash,M. Chen,Posted,Ask owner
15 Apr-26,G&A,Legal fees,Buchalter,"(3,595)",ERP,Erikfinance ops,accrual,Vendor invoice late
2026-03-28,Services,Prof services,Implementation clients,"2,190",ERP,,,
01/3/26,COGS,Materials,Home Depot,66,Pos,M. Chen,late invoice,Check sign
01/1/26,Sales,Sales commission,Payroll,308,Check,,posted,Check sign
15 Feb-26,Sales,Payroll - sales,Payroll,"7,824",Check,M. Chen,accrual,Check sign
01/4/26,Mktg,Events & webinars,Various,"(9,290)",manual Entry,Erikfinance ops,needs mapping,One-off item
2026-01-25,Marketing,Events & webinars,Various,"9,493",manual Entry,,Posted,Check sign
2026-01-25,Services,Support tools,Zendesk / Gainsight,"1,831",manual Entry,Alex - FP&A,late invoice,Ask owner
15 Feb-26,COGS,Payroll - eng,Payroll,"7,010",manual Entry,,accrual,One-off item
01/3/26,Marketing,Google Ads,Google / LinkedIn,"(1,802)",ERP,Erikfinance ops,manual adj,Ask owner
2026-04-01,Revenue,Subscr. revenue,Corp. clients,"2,958",Check,TBD,posted,Vendor invoice late
2026-04-01,Marketing,Google Ads,Google / LinkedIn,"4,858",Check,TBD,late invoice,Vendor invoice late
01/4/26,R&D,Cloud hosting,AWS / Datadog,"5,783",Pos,M. Chen,posted,Ask owner
2026-02-26,Marketing,Events & webinars,Various,"(5,552)",cash,TBD,Posted,One-off item
01/1/26,Mktg,Events & webinars,Various,"3,397",manual Entry,,accrual,
2026-03-28,G&A,Legal fees,Europa Law firm,"6,652",Pos,Andres,posted,One-off item
15 Apr-26,Revenue,Revenue,Retail Customer,"9,477",cash,Andres,Posted,Timing issue
01/4/26,Revenue,Service,Retail Customer,"(4,134)",Check,Erikfinance ops,Posted,Timing issue
01/4/26,Mktg,Events & webinars,Various,"6,109",cash,Erikfinance ops,posted,
2026-02-26,COGS,Payroll - eng,Payroll,"5,806",cash,Erikfinance ops,manual adj,Check sign
2026-02-26,R&D,AI automation,n8n,"1,285",manual Entry,,Posted,Vendor invoice late
01/3/26,COGS,Cloud hosting,AWS / Datadog,"4,445",cash,M. Chen,Posted,Vendor invoice late
2026-01-25,COGS,Payroll - eng,Payroll,"5,566",Check,TBD,,Map to GL 6100
15 Apr-26,Revenue,Service,Retail Customer,"9,512",manual Entry,TBD,accrual,Vendor invoice late
01/1/26,Sales,Payroll - sales,Payroll,"5,032",Check,,manual adj,Ask owner
2026-03-28,R&D,Cloud hosting,AWS / Datadog,"(7,692)",manual Entry,,,
2026-01-25,Sales,CRM / RevOps tools,Salesforce / Outreach,"(6,168)",ERP,TBD,manual adj,Map to GL 6100
2026-02-26,Revenue,Revenue,Corp. clients,"5,811",ERP,Erikfinance ops,manual adj,
2026-02-26,Sales,Payroll - sales,Payroll,731,ERP,Andres,manual adj,One-off item
01/4/26,Mktg,Paid media,Google / LinkedIn,"(2,965)",cash,M. Chen,Posted,Vendor invoice late
01-Jan-26,Revenue,Service,Retail Customer,"8,207",manual Entry,Andres,needs mapping,One-off item
01-Jan-26,COGS,Cloud hosting,AWS / Datadog,"(9,722)",Check,M. Chen,late invoice,Check sign
2026-02-26,Mktg,Paid media,Google / LinkedIn,"(2,072)",manual Entry,M. Chen,posted,Check sign
2026-02-26,Marketing,Customer appr.,Soccer Ticket,"7,914",Check,Alex - FP&A,manual adj,Vendor invoice late
01/3/26,G&A,Legal fees,Buchalter,"7,951",ERP,Andres,needs mapping,Map to GL 6100
25 Mar-26,COGS,Cloud hosting,AWS / Datadog,"(2,975)",Pos,Alex - FP&A,accrual,Check sign
2026-02-26,Sales,Sales commission,Payroll,"9,073",Check,M. Chen,posted,Check sign
2026-02-26,Services,Support tools,Zendesk / Gainsight,424,ERP,TBD,manual adj,Check sign
25 Mar-26,Services,Support tools,Zendesk / Gainsight,"8,046",Pos,M. Chen,accrual,One-off item
01-Jan-26,Marketing,Events & webinars,Various,"(8,914)",manual Entry,Alex - FP&A,needs mapping,One-off item
01/3/26,Sales,Payroll - sales,Payroll,"3,837",Pos,M. Chen,late invoice,Ask owner
01/2/26,Sales,Payroll - sales,Payroll,"9,718",Pos,M. Chen,posted,
01/4/26,Revenue,Subscr. revenue,Retail Customer,"(4,221)",cash,Erikfinance ops,late invoice,One-off item
01/3/26,Services,Prof services,Implementation clients,"2,797",Pos,Andres,,Timing issue
01/3/26,G&A,Accounting fees,Brandon,"(9,736)",manual Entry,Erikfinance ops,Posted,One-off item
01/3/26,COGS,Payroll - eng,Payroll,"4,879",ERP,,manual adj,Vendor invoice late
01/3/26,Sales,Payroll - sales,Payroll,"9,333",cash,M. Chen,,
01-Jan-26,Revenue,Subscr. revenue,Corp. clients,"8,036",cash,,,One-off item
01/2/26,R&D,Cloud hosting,AWS / Datadog,687,manual Entry,Alex - FP&A,posted,
2026-02-26,Marketing,Events & webinars,Various,"3,457",ERP,Erikfinance ops,,Ask owner
15 Apr-26,Marketing,Paid media,Google / LinkedIn,"(1,574)",manual Entry,,posted,
01/2/26,Marketing,Paid media,Google / LinkedIn,"2,345",ERP,M. Chen,accrual,
25 Mar-26,Revenue,Product sales,Corp. clients,"5,261",Check,TBD,manual adj,Ask owner
01/2/26,Sales,Payroll - sales,Payroll,"5,475",ERP,Andres,late invoice,One-off item
2026-03-28,COGS,Cloud hosting,AWS / Datadog,"(6,491)",Pos,M. Chen,late invoice,Ask owner
2026-01-25,Marketing,Google Ads,Google / LinkedIn,"(8,005)",Check,Alex - FP&A,,Map to GL 6100
2026-04-01,Services,Support tools,Zendesk / Gainsight,549,cash,Andres,,
01/4/26,Sales,CRM / RevOps tools,Salesforce / Outreach,"2,247",ERP,,late invoice,Map to GL 6100
01/3/26,R&D,Cloud hosting,AWS / Datadog,"8,811",Pos,TBD,posted,Vendor invoice late
2026-03-28,Services,Support tools,Zendesk / Gainsight,"1,282",cash,M. Chen,manual adj,Ask owner
2026-01-25,Services,Prof services,Implementation clients,"7,678",cash,TBD,manual adj,One-off item
01-Jan-26,R&D,Payroll - eng,Payroll,"9,073",Check,M. Chen,needs mapping,Timing issue
2026-02-26,COGS,Cloud hosting,AWS / Datadog,10,Check,Alex - FP&A,,
2026-04-01,Sales,Sales commission,Payroll,"(6,539)",ERP,Alex - FP&A,manual adj,Vendor invoice late
01/4/26,Marketing,Paid media,Google / LinkedIn,"5,413",manual Entry,Andres,late invoice,One-off item
01-Jan-26,G&A,Office rent,Landlord,"8,241",manual Entry,M. Chen,Posted,One-off item
25 Mar-26,Sales,CRM / RevOps tools,Salesforce / Outreach,"1,326",cash,M. Chen,,Timing issue
01/3/26,Mktg,Customer appr.,Amazon gift c.,"(2,498)",Pos,TBD,Posted,One-off item
01/4/26,COGS,Cloud hosting,AWS / Datadog,"6,102",manual Entry,Andres,accrual,One-off item
01/4/26,Marketing,Google Ads,Google / LinkedIn,"1,720",Check,Andres,late invoice,One-off item
01-Jan-26,COGS,Payroll - eng,Payroll,"4,846",Check,,needs mapping,Vendor invoice late
01/4/26,Services,Prof services,Implementation clients,"4,092",ERP,Andres,late invoice,One-off item
2026-03-28,Mktg,Paid media,Google / LinkedIn,"6,996",manual Entry,M. Chen,late invoice,Timing issue
2026-02-26,Revenue,Product sales,Corp. clients,"9,795",manual Entry,Andres,accrual,Timing issue
01/4/26,Sales,Sales commission,Payroll,"(1,746)",Check,M. Chen,posted,Timing issue
01/3/26,Marketing,Google Ads,Google / LinkedIn,"(2,579)",cash,TBD,Posted,Vendor invoice late
01/4/26,COGS,Payroll - eng,Payroll,"4,059",ERP,Andres,accrual,Vendor invoice late
01-Jan-26,G&A,Office rent,Landlord,"4,090",Pos,,manual adj,Timing issue
15 Feb-26,R&D,Payroll - eng,Payroll,"3,332",manual Entry,Andres,needs mapping,One-off item
01/4/26,G&A,Office rent,Landlord,"3,730",manual Entry,Andres,needs mapping,
2026-02-26,G&A,Legal fees,Europa Law firm,"3,329",manual Entry,Alex - FP&A,posted,Vendor invoice late
01/1/26,Marketing,Customer appr.,Soccer Ticket,"1,132",cash,Alex - FP&A,Posted,One-off item
01/4/26,Mktg,Customer appr.,Soccer Ticket,"1,815",manual Entry,Alex - FP&A,needs mapping,
15 Feb-26,Marketing,Events & webinars,Various,488,ERP,TBD,accrual,Timing issue
01/2/26,Marketing,Google Ads,Google / LinkedIn,375,manual Entry,Andres,manual adj,Check sign
2026-02-26,Services,Support tools,Zendesk / Gainsight,"9,431",Pos,Alex - FP&A,accrual,
01/2/26,G&A,Legal fees,Buchalter,"6,267",manual Entry,Erikfinance ops,accrual,Check sign
01/4/26,Services,Prof services,Implementation clients,"8,852",manual Entry,Alex - FP&A,posted,Vendor invoice late
2026-01-25,Services,Support tools,Zendesk / Gainsight,"3,725",ERP,TBD,accrual,Timing issue
25 Mar-26,G&A,Accounting fees,Jason CPA,"8,389",manual Entry,Andres,accrual,Timing issue
01/2/26,Sales,Sales commission,Payroll,13,ERP,Andres,manual adj,Map to GL 6100
01-Jan-26,Mktg,Events & webinars,Various,"4,656",Pos,Erikfinance ops,,Map to GL 6100
2026-01-25,Marketing,Events & webinars,Various,"5,364",ERP,Alex - FP&A,needs mapping,
2026-03-28,Mktg,Events & webinars,Various,"1,775",ERP,Erikfinance ops,Posted,
2026-01-25,COGS,Payroll - eng,Payroll,"4,779",Pos,Andres,manual adj,Map to GL 6100
2026-03-28,Services,Support tools,Zendesk / Gainsight,"7,892",ERP,M. Chen,accrual,Vendor invoice late
2026-01-25,R&D,Cloud hosting,AWS / Datadog,"3,769",Check,Alex - FP&A,needs mapping,One-off item
2026-04-01,Sales,Sales commission,Payroll,"5,395",Pos,Erikfinance ops,posted,Vendor invoice late
15 Feb-26,COGS,Cloud hosting,AWS / Datadog,"7,474",manual Entry,,manual adj,
01/1/26,Marketing,Paid media,Google / LinkedIn,"8,758",cash,Andres,manual adj,Vendor invoice late
15 Feb-26,Revenue,Revenue,Retail Customer,"(8,893)",Pos,TBD,,Vendor invoice late
01/4/26,Mktg,Customer appr.,Gift hamper,"4,085",Check,TBD,,One-off item
15 Apr-26,R&D,Payroll - eng,Payroll,"1,645",manual Entry,M. Chen,needs mapping,Timing issue
2026-03-28,R&D,Cloud hosting,AWS / Datadog,"(2,165)",Check,,posted,Timing issue
2026-01-25,G&A,Office rent,Landlord,"9,182",Check,Alex - FP&A,posted,Ask owner
01-Jan-26,Revenue,Revenue,Retail Customer,"5,779",cash,Andres,needs mapping,One-off item
2026-01-25,COGS,Materials,Electric house,885,manual Entry,Andres,,Vendor invoice late
2026-02-26,R&D,AI automation,n8n,"(8,190)",Pos,M. Chen,posted,Vendor invoice late
15 Feb-26,Marketing,Customer appr.,Amazon gift c.,"(3,493)",Pos,TBD,needs mapping,Ask owner
01/1/26,G&A,Office rent,Landlord,"7,792",ERP,Erikfinance ops,posted,Map to GL 6100
2026-02-26,R&D,AI automation,n8n,"3,532",ERP,Erikfinance ops,accrual,One-off item
01/1/26,Sales,Payroll - sales,Payroll,"6,336",manual Entry,TBD,needs mapping,Check sign
15 Apr-26,Sales,CRM / RevOps tools,Salesforce / Outreach,"8,646",cash,Erikfinance ops,needs mapping,Check sign
2026-03-28,Sales,Payroll - sales,Payroll,"2,498",cash,Erikfinance ops,needs mapping,Vendor invoice late
01/1/26,Services,Support tools,Zendesk / Gainsight,"5,810",manual Entry,Andres,late invoice,Ask owner
01/3/26,Mktg,Customer appr.,Gift hamper,"3,682",ERP,M. Chen,,Vendor invoice late
2026-03-28,R&D,AI automation,n8n,"1,143",Pos,TBD,late invoice,Timing issue
15 Apr-26,Services,Support tools,Zendesk / Gainsight,"8,146",Check,Andres,manual adj,One-off item
2026-04-01,Mktg,Customer appr.,Gift hamper,"2,367",ERP,Erikfinance ops,Posted,Vendor invoice late
15 Feb-26,Sales,Sales commission,Payroll,"(6,659)",Check,M. Chen,posted,Check sign
2026-02-26,R&D,Payroll - eng,Payroll,"8,667",Pos,Andres,accrual,Timing issue
2026-01-25,COGS,Cloud hosting,AWS / Datadog,71,cash,TBD,Posted,Check sign
2026-03-28,Revenue,Revenue,Corp. clients,"7,325",Pos,TBD,accrual,
15 Feb-26,Services,Prof services,Implementation clients,"(1,653)",Check,Andres,Posted,One-off item
2026-01-25,Mktg,Paid media,Google / LinkedIn,"3,117",Pos,M. Chen,posted,Check sign
2026-01-25,G&A,Accounting fees,Brandon,"(2,410)",Pos,Erikfinance ops,posted,Vendor invoice late
01/2/26,G&A,Legal fees,Europa Law firm,"(7,617)",ERP,Erikfinance ops,accrual,One-off item
01/2/26,Mktg,Paid media,Google / LinkedIn,"8,654",cash,Alex - FP&A,needs mapping,Ask owner
01/2/26,Revenue,Product sales,Retail Customer,26,Check,Andres,manual adj,Ask owner
15 Feb-26,Mktg,Customer appr.,Soccer Ticket,"9,380",ERP,Alex - FP&A,manual adj,Vendor invoice late
2026-04-01,G&A,Accounting fees,Jason CPA,"1,531",cash,,accrual,Timing issue
15 Feb-26,Marketing,Google Ads,Google / LinkedIn,757,Check,,,Timing issue
2026-03-28,Services,Prof services,Implementation clients,"3,655",cash,Alex - FP&A,accrual,
01/4/26,Revenue,Service,Retail Customer,"5,193",Pos,Andres,manual adj,Ask owner
01/4/26,G&A,Office rent,Landlord,"5,703",cash,Andres,posted,Ask owner
2026-02-26,Mktg,Events & webinars,Various,(174),Pos,Andres,Posted,Timing issue
01/4/26,G&A,Accounting fees,Jason CPA,(260),ERP,M. Chen,posted,Ask owner
2026-02-26,COGS,Cloud hosting,AWS / Datadog,467,manual Entry,Erikfinance ops,Posted,Vendor invoice late
01-Jan-26,Services,Prof services,Implementation clients,289,ERP,Erikfinance ops,needs mapping,
25 Mar-26,Mktg,Events & webinars,Various,"7,069",cash,M. Chen,,Timing issue
15 Feb-26,R&D,Payroll - eng,Payroll,606,Check,Erikfinance ops,late invoice,One-off item
2026-04-01,Mktg,Paid media,Google / LinkedIn,"(8,528)",Check,Alex - FP&A,Posted,One-off item
2026-01-25,Marketing,Events & webinars,Various,"3,168",Pos,Andres,accrual,Ask owner
25 Mar-26,R&D,Payroll - eng,Payroll,"(7,919)",Pos,M. Chen,late invoice,Timing issue
2026-01-25,Sales,Payroll - sales,Payroll,"3,574",Check,Andres,accrual,One-off item
15 Apr-26,COGS,Materials,Johnsons Supply,"7,467",Check,M. Chen,posted,Check sign
01/4/26,COGS,Materials,Johnsons Supply,"3,205",ERP,,posted,Timing issue
2026-04-01,G&A,Office rent,Landlord,"(7,248)",Check,Andres,posted,Ask owner
2026-01-25,G&A,Legal fees,Buchalter,"9,634",ERP,TBD,,One-off item
25 Mar-26,Marketing,Paid media,Google / LinkedIn,"(4,772)",manual Entry,M. Chen,posted,One-off item
01/1/26,Mktg,Customer appr.,Soccer Ticket,"6,166",Check,Erikfinance ops,manual adj,Check sign
01/2/26,R&D,Cloud hosting,AWS / Datadog,"9,821",Pos,TBD,manual adj,Map to GL 6100
01/3/26,COGS,Cloud hosting,AWS / Datadog,"(2,633)",Check,Erikfinance ops,,Ask owner
01/1/26,R&D,AI automation,n8n,"5,991",Pos,Andres,needs mapping,
01/3/26,Revenue,Product sales,Retail Customer,"2,684",Pos,Alex - FP&A,posted,Map to GL 6100
15 Apr-26,Revenue,Service,Retail Customer,"7,117",cash,Andres,Posted,Check sign
2026-01-25,Revenue,Product sales,Corp. clients,"8,310",Pos,Alex - FP&A,manual adj,
01-Jan-26,Mktg,Events & webinars,Various,"5,002",Check,,manual adj,Map to GL 6100
01/2/26,G&A,Accounting fees,Brandon,"9,331",manual Entry,Erikfinance ops,Posted,Timing issue
01/4/26,COGS,Cloud hosting,AWS / Datadog,"7,504",manual Entry,M. Chen,manual adj,Timing issue
2026-03-28,Mktg,Paid media,Google / LinkedIn,"2,950",ERP,Andres,,Timing issue
15 Apr-26,Sales,Sales commission,Payroll,115,Check,Erikfinance ops,accrual,Ask owner
01/4/26,COGS,Materials,Home Depot,"5,866",Pos,,manual adj,Vendor invoice late
01/4/26,Services,Prof services,Implementation clients,"2,738",Check,Erikfinance ops,accrual,Vendor invoice late
01/3/26,Marketing,Google Ads,Google / LinkedIn,"1,761",manual Entry,Erikfinance ops,manual adj,Map to GL 6100
01/3/26,Mktg,Paid media,Google / LinkedIn,685,manual Entry,TBD,posted,Timing issue
2026-04-01,G&A,Accounting fees,Jason CPA,"(8,889)",manual Entry,,manual adj,Vendor invoice late
2026-03-28,Mktg,Paid media,Google / LinkedIn,"4,883",Check,Alex - FP&A,accrual,Map to GL 6100
25 Mar-26,COGS,Cloud hosting,AWS / Datadog,"5,872",Pos,Erikfinance ops,Posted,Vendor invoice late
2026-03-28,Marketing,Google Ads,Google / LinkedIn,"9,944",Pos,TBD,Posted,Check sign
2026-01-25,Services,Support tools,Zendesk / Gainsight,"6,652",manual Entry,,manual adj,
01/4/26,Marketing,Events & webinars,Various,"6,888",Pos,,late invoice,Check sign
2026-03-28,G&A,Accounting fees,Jason CPA,(636),cash,,manual adj,Timing issue
01/2/26,Services,Support tools,Zendesk / Gainsight,"1,328",Pos,Alex - FP&A,,One-off item
01-Jan-26,Marketing,Customer appr.,Soccer Ticket,"1,032",Pos,,accrual,Check sign
25 Mar-26,R&D,Cloud hosting,AWS / Datadog,"(2,829)",ERP,,needs mapping,One-off item
2026-02-26,COGS,Payroll - eng,Payroll,"3,815",manual Entry,Alex - FP&A,late invoice,Check sign
01/3/26,Sales,Payroll - sales,Payroll,"(8,653)",cash,,posted,Timing issue
15 Feb-26,Marketing,Paid media,Google / LinkedIn,"(4,524)",Pos,,accrual,Vendor invoice late
01/1/26,Services,Support tools,Zendesk / Gainsight,"3,750",ERP,M. Chen,Posted,
15 Feb-26,Mktg,Customer appr.,Soccer Ticket,"4,728",manual Entry,Erikfinance ops,accrual,
01/4/26,G&A,Legal fees,Buchalter,"8,125",Pos,Alex - FP&A,,Check sign
2026-03-28,Revenue,Revenue,Retail Customer,"7,478",Check,Andres,manual adj,Timing issue
2026-01-25,Mktg,Events & webinars,Various,781,manual Entry,Andres,late invoice,
2026-03-28,R&D,AI automation,n8n,"3,161",Pos,,needs mapping,Check sign
2026-03-28,R&D,AI automation,n8n,"7,210",Check,Erikfinance ops,needs mapping,Check sign
01/4/26,Marketing,Paid media,Google / LinkedIn,"5,449",cash,Alex - FP&A,posted,Ask owner
01-Jan-26,Mktg,Events & webinars,Various,373,manual Entry,TBD,accrual,Vendor invoice late
01/3/26,Mktg,Events & webinars,Various,"8,660",Check,Andres,accrual,Check sign
01/1/26,Services,Prof services,Implementation clients,"9,575",manual Entry,Alex - FP&A,manual adj,Timing issue
2026-02-26,COGS,Materials,Electric house,"(3,273)",Pos,Alex - FP&A,accrual,One-off item
15 Apr-26,COGS,Materials,Johnsons Supply,"7,341",cash,TBD,needs mapping,
15 Feb-26,Revenue,Subscr. revenue,Corp. clients,166,ERP,Alex - FP&A,late invoice,Check sign
2026-03-28,G&A,Office rent,Landlord,"3,158",Check,Andres,accrual,Timing issue
01/2/26,Sales,Sales commission,Payroll,"(2,610)",ERP,,needs mapping,Vendor invoice late
2026-04-01,Services,Prof services,Implementation clients,"1,725",Check,M. Chen,accrual,Ask owner
2026-01-25,Marketing,Events & webinars,Various,"6,021",Check,Erikfinance ops,Posted,One-off item
15 Apr-26,Revenue,Subscr. revenue,Retail Customer,"1,821",cash,Erikfinance ops,manual adj,Ask owner
15 Feb-26,Revenue,Product sales,Corp. clients,"4,796",Check,TBD,posted,
01/2/26,COGS,Cloud hosting,AWS / Datadog,"3,958",cash,M. Chen,late invoice,
25 Mar-26,Revenue,Product sales,Corp. clients,"9,349",cash,M. Chen,late invoice,Map to GL 6100
15 Feb-26,Sales,CRM / RevOps tools,Salesforce / Outreach,"3,482",Check,M. Chen,Posted,
2026-03-28,Mktg,Paid media,Google / LinkedIn,"(4,820)",Check,Alex - FP&A,Posted,One-off item
25 Mar-26,R&D,AI automation,n8n,"9,290",manual Entry,M. Chen,posted,
01/2/26,COGS,Cloud hosting,AWS / Datadog,"9,268",ERP,Andres,manual adj,Map to GL 6100
2026-03-28,COGS,Materials,Home Depot,949,manual Entry,Erikfinance ops,Posted,Timing issue
01-Jan-26,G&A,Legal fees,Europa Law firm,"4,075",Pos,Erikfinance ops,,Check sign
01/1/26,Mktg,Events & webinars,Various,"(1,858)",Pos,M. Chen,late invoice,Check sign
2026-02-26,G&A,Legal fees,Buchalter,"9,077",Pos,Andres,late invoice,Timing issue
15 Apr-26,Revenue,Service,Retail Customer,"(3,637)",ERP,,late invoice,
01/3/26,COGS,Materials,Walmart,"6,204",ERP,M. Chen,Posted,Map to GL 6100
2026-02-26,Marketing,Customer appr.,Soccer Ticket,"8,462",ERP,Andres,late invoice,Map to GL 6100
2026-01-25,Revenue,Product sales,Retail Customer,"7,704",cash,TBD,accrual,
01/3/26,R&D,Payroll - eng,Payroll,49,Pos,Andres,,One-off item
01/3/26,Services,Support tools,Zendesk / Gainsight,"5,113",manual Entry,TBD,needs mapping,Timing issue
2026-01-25,Marketing,Paid media,Google / LinkedIn,"(3,498)",Pos,M. Chen,posted,One-off item
15 Apr-26,Sales,Sales commission,Payroll,"4,290",Check,TBD,Posted,Timing issue
01/4/26,Services,Prof services,Implementation clients,"4,916",ERP,M. Chen,posted,Map to GL 6100
25 Mar-26,G&A,Accounting fees,Jason CPA,"5,298",Check,,,Ask owner
01/4/26,R&D,Payroll - eng,Payroll,"1,292",Pos,Erikfinance ops,Posted,
15 Apr-26,COGS,Cloud hosting,AWS / Datadog,"(6,966)",cash,Alex - FP&A,manual adj,Map to GL 6100
15 Apr-26,Sales,Payroll - sales,Payroll,"1,986",Check,,late invoice,Map to GL 6100
15 Apr-26,Mktg,Paid media,Google / LinkedIn,"1,405",cash,M. Chen,accrual,Ask owner
01/1/26,Services,Prof services,Implementation clients,"9,500",ERP,,accrual,Check sign
01/1/26,Marketing,Paid media,Google / LinkedIn,"4,016",manual Entry,M. Chen,,Map to GL 6100
25 Mar-26,COGS,Cloud hosting,AWS / Datadog,"1,712",Check,Alex - FP&A,manual adj,Timing issue
2026-02-26,G&A,Office rent,Landlord,"8,641",Pos,M. Chen,late invoice,
01/3/26,COGS,Cloud hosting,AWS / Datadog,"(7,584)",cash,M. Chen,late invoice,
2026-04-01,COGS,Payroll - eng,Payroll,"6,361",manual Entry,TBD,needs mapping,One-off item
25 Mar-26,G&A,Legal fees,Europa Law firm,"7,474",Pos,M. Chen,needs mapping,Vendor invoice late
01/3/26,COGS,Materials,Walmart,"7,040",Pos,TBD,manual adj,One-off item
01/3/26,COGS,Payroll - eng,Payroll,975,cash,M. Chen,,Check sign
2026-02-26,Revenue,Service,Retail Customer,"5,583",cash,Alex - FP&A,Posted,Ask owner
15 Feb-26,Mktg,Paid media,Google / LinkedIn,"4,354",manual Entry,,Posted,Timing issue
01-Jan-26,G&A,Legal fees,Buchalter,"(6,583)",ERP,Andres,needs mapping,Map to GL 6100
15 Apr-26,Sales,Payroll - sales,Payroll,"9,964",cash,,late invoice,Ask owner
01/2/26,Revenue,Subscr. revenue,Retail Customer,"(4,029)",manual Entry,Erikfinance ops,manual adj,
2026-02-26,Revenue,Service,Corp. clients,"3,355",ERP,,manual adj,Check sign
15 Feb-26,Mktg,Paid media,Google / LinkedIn,"(9,675)",ERP,TBD,late invoice,Ask owner
15 Feb-26,R&D,AI automation,n8n,916,manual Entry,Alex - FP&A,accrual,
01/1/26,COGS,Materials,Walmart,"4,802",manual Entry,Erikfinance ops,posted,Vendor invoice late
15 Feb-26,G&A,Office rent,Landlord,"2,540",manual Entry,M. Chen,,Timing issue
15 Feb-26,Sales,Payroll - sales,Payroll,"1,488",Check,TBD,accrual,Ask owner
01/2/26,R&D,Cloud hosting,AWS / Datadog,744,Pos,Alex - FP&A,posted,Timing issue
01-Jan-26,Sales,CRM / RevOps tools,Salesforce / Outreach,"4,620",Check,Andres,posted,Ask owner
15 Feb-26,G&A,Accounting fees,Brandon,"(6,334)",manual Entry,TBD,,Timing issue
2026-04-01,Revenue,Product sales,Corp. clients,"1,134",Pos,Andres,Posted,Map to GL 6100
15 Feb-26,Revenue,Revenue,Retail Customer,"2,493",ERP,Alex - FP&A,accrual,Check sign
2026-01-25,Services,Prof services,Implementation clients,"8,524",cash,,posted,Map to GL 6100
2026-04-01,Revenue,Revenue,Corp. clients,"8,752",cash,Alex - FP&A,manual adj,Ask owner
25 Mar-26,Sales,Sales commission,Payroll,500,ERP,Alex - FP&A,posted,Map to GL 6100
25 Mar-26,R&D,Cloud hosting,AWS / Datadog,"3,048",Pos,,Posted,Timing issue
01/4/26,Marketing,Google Ads,Google / LinkedIn,"(1,014)",manual Entry,Erikfinance ops,Posted,
15 Apr-26,Marketing,Paid media,Google / LinkedIn,"2,958",Check,,manual adj,
15 Apr-26,Sales,CRM / RevOps tools,Salesforce / Outreach,"8,676",Pos,Alex - FP&A,manual adj,Timing issue
2026-03-28,R&D,Payroll - eng,Payroll,"9,744",Pos,Andres,late invoice,Check sign
2026-01-25,Services,Support tools,Zendesk / Gainsight,"2,261",manual Entry,Alex - FP&A,accrual,Vendor invoice late
2026-01-25,Mktg,Customer appr.,Soccer Ticket,"(9,783)",cash,Alex - FP&A,,Ask owner
2026-01-25,R&D,Cloud hosting,AWS / Datadog,(664),manual Entry,TBD,posted,Ask owner
2026-03-28,Revenue,Service,Corp. clients,"8,973",Check,Erikfinance ops,manual adj,Timing issue
15 Feb-26,R&D,Cloud hosting,AWS / Datadog,"6,969",manual Entry,Andres,,
2026-03-28,Sales,Sales commission,Payroll,"3,674",Check,TBD,Posted,Timing issue
01/2/26,Marketing,Google Ads,Google / LinkedIn,"3,246",ERP,TBD,needs mapping,Ask owner
2026-03-28,Mktg,Customer appr.,Soccer Ticket,"9,842",Check,Erikfinance ops,needs mapping,Map to GL 6100
01/4/26,G&A,Accounting fees,Brandon,"4,641",cash,Alex - FP&A,,Timing issue
2026-03-28,G&A,Legal fees,Europa Law firm,206,cash,Andres,,Timing issue
2026-04-01,COGS,Cloud hosting,AWS / Datadog,"1,082",ERP,Erikfinance ops,accrual,
25 Mar-26,Revenue,Service,Retail Customer,914,manual Entry,TBD,,Timing issue
25 Mar-26,G&A,Legal fees,Buchalter,"1,434",cash,,Posted,Check sign
01/4/26,Marketing,Paid media,Google / LinkedIn,"3,601",ERP,Andres,,Vendor invoice late
01-Jan-26,Revenue,Product sales,Retail Customer,"5,458",manual Entry,Andres,needs mapping,One-off item
25 Mar-26,Services,Support tools,Zendesk / Gainsight,"(9,588)",cash,Alex - FP&A,Posted,One-off item
2026-02-26,COGS,Materials,Johnsons Supply,"6,150",Check,,late invoice,One-off item
01/2/26,Marketing,Paid media,Google / LinkedIn,"5,527",ERP,M. Chen,needs mapping,Map to GL 6100
25 Mar-26,Services,Prof services,Implementation clients,(780),Check,M. Chen,needs mapping,Ask owner
25 Mar-26,G&A,Legal fees,Europa Law firm,"(8,928)",Pos,TBD,,Check sign
2026-01-25,Services,Support tools,Zendesk / Gainsight,"8,872",manual Entry,M. Chen,Posted,One-off item
2026-02-26,R&D,Cloud hosting,AWS / Datadog,"2,512",manual Entry,Erikfinance ops,accrual,Timing issue
25 Mar-26,COGS,Cloud hosting,AWS / Datadog,"1,658",Pos,Erikfinance ops,manual adj,Timing issue
01/4/26,G&A,Accounting fees,Brandon,"2,154",cash,Alex - FP&A,late invoice,Vendor invoice late
01-Jan-26,G&A,Office rent,Landlord,(687),manual Entry,M. Chen,Posted,One-off item
2026-03-28,COGS,Payroll - eng,Payroll,"(1,927)",Check,Andres,Posted,One-off item
15 Apr-26,Marketing,Google Ads,Google / LinkedIn,190,Check,TBD,needs mapping,Timing issue
2026-03-28,R&D,Payroll - eng,Payroll,"1,802",ERP,Alex - FP&A,,Map to GL 6100
01/1/26,Mktg,Paid media,Google / LinkedIn,"(8,873)",ERP,TBD,posted,Map to GL 6100
2026-01-25,Services,Support tools,Zendesk / Gainsight,"8,966",cash,Erikfinance ops,manual adj,Ask owner
01/1/26,COGS,Payroll - eng,Payroll,"6,061",manual Entry,Andres,,Vendor invoice late
15 Apr-26,Revenue,Revenue,Corp. clients,"7,445",manual Entry,,late invoice,
2026-01-25,R&D,Payroll - eng,Payroll,"2,531",Pos,TBD,accrual,Vendor invoice late
2026-04-01,R&D,Cloud hosting,AWS / Datadog,"(9,501)",Check,Andres,posted,Ask owner
01/3/26,G&A,Office rent,Landlord,"4,136",ERP,Erikfinance ops,,Vendor invoice late
15 Apr-26,Sales,Sales commission,Payroll,"5,228",manual Entry,Alex - FP&A,needs mapping,One-off item
15 Apr-26,Sales,Payroll - sales,Payroll,"1,147",Pos,TBD,accrual,Map to GL 6100
25 Mar-26,Services,Prof services,Implementation clients,"5,379",Pos,Andres,,One-off item
15 Feb-26,Services,Prof services,Implementation clients,"2,480",Pos,Erikfinance ops,manual adj,Timing issue
2026-03-28,G&A,Office rent,Landlord,"(5,629)",cash,Alex - FP&A,accrual,Vendor invoice late
25 Mar-26,Marketing,Google Ads,Google / LinkedIn,"6,423",cash,,late invoice,Check sign
2026-02-26,Mktg,Customer appr.,Amazon gift c.,"2,311",Check,Erikfinance ops,needs mapping,Map to GL 6100
2026-03-28,Revenue,Revenue,Retail Customer,"1,958",Pos,Erikfinance ops,late invoice,Vendor invoice late
25 Mar-26,G&A,Legal fees,Europa Law firm,"8,540",Pos,TBD,manual adj,Check sign
01/3/26,Marketing,Customer appr.,Gift hamper,"6,333",Pos,Erikfinance ops,Posted,Map to GL 6100
15 Apr-26,Marketing,Events & webinars,Various,"2,082",manual Entry,Alex - FP&A,needs mapping,Check sign
01/4/26,Marketing,Google Ads,Google / LinkedIn,"(4,082)",Check,TBD,accrual,Timing issue
2026-01-25,Services,Prof services,Implementation clients,"7,039",Check,,Posted,Check sign
2026-01-25,Marketing,Google Ads,Google / LinkedIn,"9,411",Pos,,late invoice,Timing issue
25 Mar-26,Marketing,Events & webinars,Various,"7,766",Check,Andres,needs mapping,Check sign
01/2/26,Marketing,Events & webinars,Various,"6,980",cash,Alex - FP&A,Posted,
15 Feb-26,Services,Support tools,Zendesk / Gainsight,"3,564",Pos,TBD,Posted,Map to GL 6100
15 Feb-26,Mktg,Customer appr.,Gift hamper,227,cash,Andres,needs mapping,Map to GL 6100
25 Mar-26,R&D,AI automation,n8n,"2,539",cash,Andres,manual adj,
01/4/26,G&A,Accounting fees,Jason CPA,"(9,954)",manual Entry,M. Chen,,Vendor invoice late
01/2/26,G&A,Accounting fees,Brandon,(759),ERP,TBD,needs mapping,Vendor invoice late
01/2/26,Revenue,Service,Corp. clients,"(7,200)",manual Entry,Andres,accrual,
01/3/26,G&A,Accounting fees,Brandon,34,cash,M. Chen,needs mapping,Map to GL 6100
15 Apr-26,Marketing,Customer appr.,Soccer Ticket,"8,539",manual Entry,Erikfinance ops,,Map to GL 6100
2026-02-26,G&A,Legal fees,Europa Law firm,"9,070",Pos,Andres,late invoice,Ask owner
2026-03-28,G&A,Legal fees,Buchalter,"(8,581)",ERP,,Posted,
15 Feb-26,Marketing,Paid media,Google / LinkedIn,"(4,220)",Pos,M. Chen,late invoice,
01/3/26,R&D,Cloud hosting,AWS / Datadog,"3,102",Check,,late invoice,One-off item
01/4/26,Mktg,Customer appr.,Gift hamper,"(4,583)",Pos,Erikfinance ops,,Check sign
01-Jan-26,R&D,Payroll - eng,Payroll,844,ERP,TBD,posted,Timing issue
2026-03-28,R&D,Cloud hosting,AWS / Datadog,"1,121",manual Entry,Erikfinance ops,accrual,Map to GL 6100
01/2/26,Services,Prof services,Implementation clients,"6,350",ERP,Alex - FP&A,late invoice,
01/4/26,G&A,Office rent,Landlord,"3,335",Pos,Alex - FP&A,Posted,Vendor invoice late
01/4/26,Revenue,Subscr. revenue,Retail Customer,"6,795",manual Entry,M. Chen,posted,Check sign
01-Jan-26,Revenue,Product sales,Corp. clients,"1,601",Pos,,posted,Map to GL 6100
01/3/26,Mktg,Events & webinars,Various,"(4,912)",Check,Andres,accrual,One-off item
2026-01-25,Services,Support tools,Zendesk / Gainsight,"6,836",cash,TBD,needs mapping,Vendor invoice late
2026-03-28,Revenue,Subscr. revenue,Corp. clients,"8,790",Pos,Andres,needs mapping,One-off item
15 Apr-26,R&D,Payroll - eng,Payroll,"(7,611)",manual Entry,M. Chen,needs mapping,Timing issue
15 Apr-26,G&A,Legal fees,Europa Law firm,"6,488",cash,Erikfinance ops,accrual,Vendor invoice late
2026-01-25,Services,Prof services,Implementation clients,"9,634",Check,Alex - FP&A,needs mapping,Ask owner
2026-02-26,Marketing,Google Ads,Google / LinkedIn,"2,796",Pos,Erikfinance ops,,One-off item
01/3/26,Services,Prof services,Implementation clients,"(6,686)",cash,Erikfinance ops,posted,One-off item
2026-01-25,Sales,Sales commission,Payroll,"6,298",cash,M. Chen,accrual,Ask owner
01/2/26,R&D,AI automation,n8n,"(8,562)",cash,M. Chen,,One-off item
01-Jan-26,Mktg,Customer appr.,Gift hamper,"7,416",cash,,accrual,Timing issue
01/3/26,Services,Support tools,Zendesk / Gainsight,"1,704",manual Entry,M. Chen,accrual,Ask owner
2026-02-26,G&A,Accounting fees,Brandon,"4,363",manual Entry,Erikfinance ops,manual adj,One-off item
25 Mar-26,Services,Support tools,Zendesk / Gainsight,"9,266",Check,Alex - FP&A,accrual,Timing issue
01/3/26,Services,Support tools,Zendesk / Gainsight,"(7,533)",ERP,,,Check sign
01-Jan-26,R&D,Payroll - eng,Payroll,"4,595",ERP,Andres,posted,
01/1/26,G&A,Office rent,Landlord,"5,233",manual Entry,Andres,manual adj,Timing issue
2026-01-25,Services,Support tools,Zendesk / Gainsight,"9,356",Pos,Alex - FP&A,manual adj,Vendor invoice late
25 Mar-26,Revenue,Subscr. revenue,Retail Customer,"5,984",manual Entry,Erikfinance ops,,Check sign
25 Mar-26,Revenue,Revenue,Corp. clients,801,ERP,M. Chen,posted,Ask owner
15 Feb-26,COGS,Payroll - eng,Payroll,"(3,095)",ERP,Alex - FP&A,manual adj,Map to GL 6100
2026-01-25,Revenue,Service,Corp. clients,"(3,630)",Check,,manual adj,Ask owner
15 Apr-26,R&D,Payroll - eng,Payroll,"(4,934)",manual Entry,Alex - FP&A,Posted,One-off item
2026-03-28,COGS,Cloud hosting,AWS / Datadog,"6,733",cash,M. Chen,posted,
01/4/26,Revenue,Service,Retail Customer,"2,881",Pos,,accrual,
25 Mar-26,Mktg,Events & webinars,Various,"6,751",cash,,late invoice,
2026-02-26,Sales,CRM / RevOps tools,Salesforce / Outreach,"7,266",Check,Erikfinance ops,needs mapping,One-off item
01/4/26,Sales,CRM / RevOps tools,Salesforce / Outreach,"3,463",ERP,Erikfinance ops,posted,Check sign
01/1/26,Services,Prof services,Implementation clients,"1,831",ERP,Erikfinance ops,accrual,
01/4/26,Mktg,Events & webinars,Various,"4,454",cash,Alex - FP&A,manual adj,One-off item
01/2/26,Revenue,Revenue,Corp. clients,"1,393",ERP,Erikfinance ops,,Map to GL 6100
2026-01-25,Services,Prof services,Implementation clients,"5,050",manual Entry,Erikfinance ops,needs mapping,
01/1/26,G&A,Office rent,Landlord,"8,374",Check,,posted,
25 Mar-26,G&A,Office rent,Landlord,"9,193",Check,TBD,Posted,Check sign
01-Jan-26,G&A,Accounting fees,Brandon,"9,299",Pos,Alex - FP&A,manual adj,Map to GL 6100
01/1/26,Revenue,Product sales,Corp. clients,"7,014",ERP,TBD,needs mapping,
2026-01-25,Mktg,Customer appr.,Amazon gift c.,"7,097",ERP,Alex - FP&A,Posted,Ask owner
2026-04-01,Sales,Sales commission,Payroll,(216),ERP,Erikfinance ops,,Timing issue
01-Jan-26,G&A,Office rent,Landlord,"3,994",ERP,Alex - FP&A,manual adj,Vendor invoice late
2026-02-26,Revenue,Product sales,Retail Customer,"3,541",manual Entry,,,Timing issue
01/3/26,Mktg,Customer appr.,Soccer Ticket,"4,590",manual Entry,M. Chen,accrual,Vendor invoice late
01/4/26,Services,Prof services,Implementation clients,"1,259",Check,Alex - FP&A,needs mapping,One-off item
15 Apr-26,COGS,Payroll - eng,Payroll,"(3,307)",manual Entry,,late invoice,Check sign
01/4/26,Mktg,Paid media,Google / LinkedIn,"8,300",cash,Alex - FP&A,late invoice,Timing issue
2026-02-26,Mktg,Events & webinars,Various,"1,755",ERP,Erikfinance ops,posted,One-off item
2026-04-01,G&A,Legal fees,Europa Law firm,187,Pos,Erikfinance ops,posted,Ask owner
2026-04-01,Marketing,Events & webinars,Various,321,ERP,,manual adj,
01/1/26,G&A,Legal fees,Europa Law firm,"4,160",Pos,Erikfinance ops,,Ask owner
15 Apr-26,Revenue,Product sales,Corp. clients,"4,968",Pos,Erikfinance ops,posted,Timing issue
25 Mar-26,Revenue,Service,Corp. clients,"1,377",cash,Erikfinance ops,posted,One-off item
01/2/26,R&D,Payroll - eng,Payroll,"1,992",cash,Alex - FP&A,accrual,Check sign
2026-01-25,Mktg,Paid media,Google / LinkedIn,(579),cash,Erikfinance ops,manual adj,Map to GL 6100
15 Feb-26,Sales,CRM / RevOps tools,Salesforce / Outreach,"7,675",Check,Alex - FP&A,posted,
01/3/26,Mktg,Events & webinars,Various,(937),Check,Andres,needs mapping,Timing issue
2026-01-25,Mktg,Paid media,Google / LinkedIn,"1,733",manual Entry,Andres,,Ask owner
2026-03-28,Services,Prof services,Implementation clients,"3,524",ERP,M. Chen,Posted,Ask owner
01-Jan-26,Marketing,Events & webinars,Various,"(7,276)",Check,M. Chen,Posted,Map to GL 6100
15 Apr-26,Services,Prof services,Implementation clients,"4,956",Pos,Erikfinance ops,manual adj,
2026-04-01,G&A,Legal fees,Europa Law firm,"4,461",Pos,Alex - FP&A,accrual,Vendor invoice late
01-Jan-26,Revenue,Service,Corp. clients,"3,076",Pos,Erikfinance ops,late invoice,
01-Jan-26,COGS,Cloud hosting,AWS / Datadog,713,Pos,TBD,manual adj,One-off item
01/1/26,COGS,Cloud hosting,AWS / Datadog,"4,570",manual Entry,M. Chen,manual adj,
2026-04-01,R&D,Payroll - eng,Payroll,"8,049",ERP,M. Chen,Posted,Check sign
15 Apr-26,Services,Support tools,Zendesk / Gainsight,"4,326",Check,Alex - FP&A,accrual,Vendor invoice late
01/1/26,Revenue,Product sales,Corp. clients,"8,588",cash,Alex - FP&A,needs mapping,Map to GL 6100
01/2/26,G&A,Office rent,Landlord,"1,261",manual Entry,Andres,needs mapping,
01/2/26,G&A,Accounting fees,Jason CPA,"(6,930)",manual Entry,Alex - FP&A,manual adj,
01/3/26,Mktg,Paid media,Google / LinkedIn,"6,734",manual Entry,Andres,late invoice,One-off item
01/4/26,Revenue,Service,Retail Customer,"9,604",Check,Andres,accrual,One-off item
01/1/26,Revenue,Revenue,Retail Customer,"(4,363)",manual Entry,TBD,posted,Ask owner
01-Jan-26,COGS,Payroll - eng,Payroll,"5,173",Pos,Alex - FP&A,manual adj,One-off item
2026-03-28,Sales,Payroll - sales,Payroll,"9,673",cash,,posted,Check sign
01/4/26,COGS,Materials,Electric house,"3,000",manual Entry,Erikfinance ops,,Ask owner
2026-02-26,Marketing,Events & webinars,Various,"1,199",manual Entry,Andres,accrual,Timing issue
01-Jan-26,Sales,Payroll - sales,Payroll,"6,572",Pos,Alex - FP&A,Posted,Timing issue
01/4/26,Services,Support tools,Zendesk / Gainsight,"6,340",ERP,Andres,,Vendor invoice late
01/2/26,Services,Prof services,Implementation clients,"7,519",cash,M. Chen,Posted,Map to GL 6100
01/3/26,Marketing,Customer appr.,Soccer Ticket,"9,254",manual Entry,Andres,needs mapping,Vendor invoice late
01/4/26,Revenue,Subscr. revenue,Retail Customer,"5,311",Check,,posted,Ask owner
2026-02-26,Marketing,Events & webinars,Various,"8,629",Check,Erikfinance ops,accrual,One-off item
01-Jan-26,Revenue,Revenue,Corp. clients,"2,571",Check,M. Chen,posted,Ask owner
01/4/26,COGS,Materials,Walmart,"2,718",Pos,,posted,Vendor invoice late
01/3/26,Services,Support tools,Zendesk / Gainsight,"1,241",Check,,Posted,
2026-02-26,R&D,AI automation,n8n,"1,330",Pos,,Posted,Check sign
01/1/26,Revenue,Subscr. revenue,Retail Customer,"6,849",cash,Andres,posted,Ask owner
25 Mar-26,Mktg,Events & webinars,Various,"(8,101)",ERP,Alex - FP&A,posted,
01/2/26,COGS,Materials,Home Depot,"2,467",manual Entry,M. Chen,late invoice,Check sign
01/1/26,Revenue,Service,Retail Customer,"(8,021)",cash,M. Chen,accrual,One-off item
15 Apr-26,Revenue,Product sales,Corp. clients,"4,691",Pos,Erikfinance ops,needs mapping,Map to GL 6100
01/4/26,G&A,Office rent,Landlord,"(5,062)",cash,Alex - FP&A,needs mapping,One-off item
2026-02-26,Mktg,Events & webinars,Various,"9,105",manual Entry,Erikfinance ops,accrual,Timing issue
2026-04-01,Mktg,Customer appr.,Amazon gift c.,"7,481",cash,Alex - FP&A,late invoice,Vendor invoice late
01-Jan-26,Sales,CRM / RevOps tools,Salesforce / Outreach,"2,774",Pos,Erikfinance ops,Posted,Ask owner
01/2/26,Mktg,Customer appr.,Amazon gift c.,"1,549",cash,Erikfinance ops,manual adj,Check sign
01/3/26,Services,Support tools,Zendesk / Gainsight,"4,524",Pos,TBD,late invoice,Ask owner
15 Apr-26,Services,Prof services,Implementation clients,"4,935",manual Entry,,manual adj,Timing issue
25 Mar-26,Services,Support tools,Zendesk / Gainsight,"8,425",cash,Alex - FP&A,accrual,Ask owner
01/3/26,Revenue,Revenue,Retail Customer,"(4,886)",cash,TBD,posted,One-off item
25 Mar-26,COGS,Payroll - eng,Payroll,68,manual Entry,M. Chen,late invoice,Ask owner
25 Mar-26,Services,Support tools,Zendesk / Gainsight,"5,534",ERP,,manual adj,Ask owner
01/1/26,COGS,Materials,Home Depot,"(7,262)",Pos,M. Chen,needs mapping,Check sign
01/1/26,Sales,CRM / RevOps tools,Salesforce / Outreach,"6,588",Check,Erikfinance ops,posted,Vendor invoice late
01-Jan-26,R&D,AI automation,n8n,"(7,413)",manual Entry,TBD,accrual,Ask owner
2026-04-01,Marketing,Google Ads,Google / LinkedIn,"1,879",cash,Erikfinance ops,Posted,Timing issue
2026-02-26,R&D,Cloud hosting,AWS / Datadog,"7,114",Pos,TBD,posted,
2026-04-01,Mktg,Paid media,Google / LinkedIn,"9,992",ERP,M. Chen,accrual,Timing issue
01/1/26,Services,Prof services,Implementation clients,"1,937",Pos,,Posted,
25 Mar-26,R&D,Cloud hosting,AWS / Datadog,"(6,225)",Pos,,posted,Timing issue
01/3/26,COGS,Payroll - eng,Payroll,202,manual Entry,M. Chen,accrual,One-off item
01/2/26,G&A,Legal fees,Europa Law firm,"1,762",Check,,manual adj,Vendor invoice late
01/2/26,Marketing,Events & webinars,Various,"5,180",Check,Andres,late invoice,One-off item
01/4/26,R&D,AI automation,n8n,"6,324",Check,M. Chen,Posted,One-off item
25 Mar-26,Services,Prof services,Implementation clients,"1,440",manual Entry,Alex - FP&A,manual adj,Check sign
01/1/26,Revenue,Product sales,Corp. clients,"4,343",Pos,Alex - FP&A,late invoice,One-off item
2026-04-01,Marketing,Paid media,Google / LinkedIn,"2,771",Pos,TBD,manual adj,Map to GL 6100
2026-02-26,Sales,CRM / RevOps tools,Salesforce / Outreach,"(6,352)",cash,TBD,needs mapping,Vendor invoice late
15 Feb-26,COGS,Cloud hosting,AWS / Datadog,(97),cash,,accrual,Map to GL 6100
2026-01-25,Sales,Sales commission,Payroll,"7,524",Check,Andres,late invoice,Vendor invoice late
25 Mar-26,Sales,CRM / RevOps tools,Salesforce / Outreach,"1,224",Pos,TBD,Posted,Check sign
2026-01-25,G&A,Office rent,Landlord,"1,245",cash,Alex - FP&A,late invoice,Check sign
2026-03-28,COGS,Payroll - eng,Payroll,"2,214",ERP,,manual adj,Check sign
2026-04-01,G&A,Office rent,Landlord,"5,269",manual Entry,,,Check sign
01/4/26,COGS,Materials,Home Depot,"9,707",Check,Alex - FP&A,accrual,Vendor invoice late
01/3/26,Services,Prof services,Implementation clients,"5,172",Check,TBD,Posted,Check sign
2026-03-28,Marketing,Google Ads,Google / LinkedIn,"(3,776)",Pos,TBD,Posted,Map to GL 6100
01/3/26,COGS,Cloud hosting,AWS / Datadog,"(2,846)",Check,TBD,needs mapping,One-off item
01/4/26,Services,Support tools,Zendesk / Gainsight,"(9,494)",Pos,TBD,needs mapping,Check sign
2026-02-26,R&D,Payroll - eng,Payroll,"6,742",cash,M. Chen,accrual,Vendor invoice late
2026-02-26,R&D,AI automation,n8n,"8,122",manual Entry,TBD,,Map to GL 6100
2026-04-01,COGS,Cloud hosting,AWS / Datadog,"1,713",ERP,Alex - FP&A,manual adj,Map to GL 6100
01/2/26,Marketing,Customer appr.,Soccer Ticket,"(3,393)",cash,TBD,needs mapping,
15 Feb-26,R&D,Cloud hosting,AWS / Datadog,"(9,355)",Check,Andres,Posted,Vendor invoice late
01-Jan-26,COGS,Cloud hosting,AWS / Datadog,"2,315",Check,M. Chen,manual adj,Ask owner
01-Jan-26,G&A,Accounting fees,Brandon,"7,058",manual Entry,TBD,late invoice,Check sign
2026-03-28,Mktg,Events & webinars,Various,"3,239",Check,Alex - FP&A,posted,Check sign
15 Feb-26,Mktg,Events & webinars,Various,"(8,777)",manual Entry,TBD,posted,Vendor invoice late
2026-02-26,R&D,Cloud hosting,AWS / Datadog,"1,121",ERP,Erikfinance ops,accrual,Map to GL 6100
2026-01-25,Services,Support tools,Zendesk / Gainsight,"1,594",ERP,,Posted,Ask owner
2026-01-25,G&A,Office rent,Landlord,"6,795",Check,Andres,needs mapping,Check sign
15 Apr-26,Mktg,Events & webinars,Various,"8,024",Pos,,Posted,Vendor invoice late
2026-03-28,COGS,Cloud hosting,AWS / Datadog,"9,399",cash,Andres,Posted,Timing issue
2026-01-25,Services,Prof services,Implementation clients,"6,253",cash,M. Chen,late invoice,One-off item
2026-03-28,Sales,Payroll - sales,Payroll,"8,932",ERP,Erikfinance ops,accrual,Timing issue
2026-04-01,R&D,AI automation,n8n,"1,478",ERP,Alex - FP&A,manual adj,Check sign
15 Apr-26,Mktg,Events & webinars,Various,"8,200",manual Entry,M. Chen,late invoice,Ask owner
01/3/26,COGS,Materials,Home Depot,"3,925",Pos,,accrual,One-off item
2026-01-25,R&D,Payroll - eng,Payroll,"(8,421)",ERP,,manual adj,One-off item
01/4/26,Services,Support tools,Zendesk / Gainsight,"(9,479)",Check,TBD,needs mapping,Map to GL 6100
01/2/26,Mktg,Customer appr.,Gift hamper,"6,687",cash,TBD,needs mapping,Ask owner
01/4/26,COGS,Cloud hosting,AWS / Datadog,(812),ERP,,,Timing issue
01-Jan-26,R&D,AI automation,n8n,178,cash,,manual adj,
01/1/26,COGS,Payroll - eng,Payroll,"(9,720)",Check,M. Chen,needs mapping,Map to GL 6100
01/4/26,R&D,Cloud hosting,AWS / Datadog,"(9,250)",cash,M. Chen,late invoice,Ask owner
2026-03-28,Marketing,Customer appr.,Soccer Ticket,"(4,327)",manual Entry,TBD,needs mapping,
2026-01-25,Sales,Payroll - sales,Payroll,"6,666",manual Entry,M. Chen,posted,One-off item
2026-03-28,Mktg,Customer appr.,Soccer Ticket,"(5,807)",manual Entry,,late invoice,One-off item
15 Feb-26,R&D,Cloud hosting,AWS / Datadog,"2,512",ERP,,Posted,Ask owner
15 Apr-26,Revenue,Service,Retail Customer,"4,707",manual Entry,TBD,,One-off item
01/4/26,Services,Support tools,Zendesk / Gainsight,"9,812",cash,M. Chen,accrual,Map to GL 6100
15 Apr-26,Marketing,Events & webinars,Various,"6,608",cash,M. Chen,late invoice,
2026-01-25,Services,Support tools,Zendesk / Gainsight,"(8,875)",Pos,Andres,,One-off item
01/3/26,COGS,Payroll - eng,Payroll,"2,938",cash,M. Chen,manual adj,Ask owner
01/2/26,Sales,CRM / RevOps tools,Salesforce / Outreach,"8,230",Pos,Andres,accrual,Map to GL 6100
01/3/26,Marketing,Paid media,Google / LinkedIn,"7,533",cash,,,One-off item
2026-01-25,COGS,Materials,Home Depot,"5,475",manual Entry,M. Chen,late invoice,
01/4/26,COGS,Cloud hosting,AWS / Datadog,"(3,136)",ERP,M. Chen,accrual,Timing issue
01/2/26,Marketing,Customer appr.,Gift hamper,"(4,424)",Pos,Alex - FP&A,needs mapping,Timing issue
01/1/26,R&D,AI automation,n8n,"7,235",manual Entry,Erikfinance ops,manual adj,Map to GL 6100
01/1/26,COGS,Payroll - eng,Payroll,"(7,135)",ERP,M. Chen,Posted,Check sign
2026-02-26,Services,Prof services,Implementation clients,"7,847",Check,,Posted,Vendor invoice late
2026-03-28,Marketing,Customer appr.,Soccer Ticket,"2,599",Check,Alex - FP&A,posted,Vendor invoice late
2026-02-26,Mktg,Customer appr.,Gift hamper,"2,088",Pos,M. Chen,posted,One-off item
15 Apr-26,Revenue,Service,Retail Customer,"4,544",manual Entry,Andres,late invoice,Vendor invoice late
25 Mar-26,Mktg,Customer appr.,Gift hamper,"7,496",manual Entry,Alex - FP&A,manual adj,Timing issue
01/2/26,Mktg,Events & webinars,Various,"7,296",Check,Andres,late invoice,Vendor invoice late
15 Apr-26,Marketing,Paid media,Google / LinkedIn,"7,117",Pos,,,Check sign
2026-01-25,Marketing,Google Ads,Google / LinkedIn,"8,697",manual Entry,Andres,needs mapping,Timing issue
15 Apr-26,R&D,Cloud hosting,AWS / Datadog,"5,918",ERP,M. Chen,needs mapping,Timing issue
01/4/26,Sales,CRM / RevOps tools,Salesforce / Outreach,"1,146",manual Entry,Andres,manual adj,One-off item
15 Feb-26,Sales,Sales commission,Payroll,"1,932",manual Entry,Erikfinance ops,accrual,Map to GL 6100
2026-02-26,Marketing,Customer appr.,Amazon gift c.,231,manual Entry,Erikfinance ops,Posted,Ask owner
25 Mar-26,Marketing,Events & webinars,Various,"4,668",manual Entry,Andres,manual adj,One-off item
2026-01-25,COGS,Cloud hosting,AWS / Datadog,"7,121",cash,,needs mapping,One-off item
25 Mar-26,Sales,Sales commission,Payroll,"8,127",Check,TBD,late invoice,Map to GL 6100
25 Mar-26,Marketing,Paid media,Google / LinkedIn,"7,014",cash,Andres,Posted,Timing issue
2026-02-26,Sales,Payroll - sales,Payroll,"2,981",cash,Alex - FP&A,accrual,Vendor invoice late
2026-04-01,COGS,Payroll - eng,Payroll,"4,885",ERP,Andres,late invoice,Check sign
01/3/26,G&A,Legal fees,Buchalter,"7,257",ERP,Erikfinance ops,posted,Vendor invoice late
15 Apr-26,Sales,Sales commission,Payroll,"6,114",cash,Andres,posted,Ask owner
2026-04-01,R&D,AI automation,n8n,"5,665",Pos,TBD,posted,Map to GL 6100
01/2/26,Services,Support tools,Zendesk / Gainsight,"1,906",ERP,TBD,,
01/3/26,Marketing,Customer appr.,Amazon gift c.,"5,691",ERP,M. Chen,,Ask owner
2026-03-28,Services,Support tools,Zendesk / Gainsight,"9,264",ERP,Alex - FP&A,late invoice,Check sign
01/2/26,Revenue,Subscr. revenue,Retail Customer,"3,232",Pos,M. Chen,posted,One-off item
2026-02-26,G&A,Accounting fees,Jason CPA,"7,498",Pos,,manual adj,Map to GL 6100
01/3/26,G&A,Office rent,Landlord,"5,538",Check,TBD,Posted,Vendor invoice late
01/3/26,Marketing,Events & webinars,Various,"4,293",Check,M. Chen,manual adj,Vendor invoice late
2026-02-26,Sales,CRM / RevOps tools,Salesforce / Outreach,"6,981",Pos,Andres,,Check sign
01/4/26,Revenue,Subscr. revenue,Retail Customer,"9,238",ERP,Andres,manual adj,One-off item
01/4/26,Mktg,Events & webinars,Various,"3,707",Pos,M. Chen,manual adj,Map to GL 6100
01-Jan-26,G&A,Legal fees,Buchalter,"6,052",cash,,posted,One-off item
15 Feb-26,G&A,Office rent,Landlord,"7,922",Check,TBD,accrual,Timing issue
01/1/26,COGS,Materials,Home Depot,"(1,564)",ERP,M. Chen,late invoice,Timing issue
2026-01-25,R&D,Payroll - eng,Payroll,"7,433",Check,M. Chen,needs mapping,Check sign
2026-04-01,G&A,Accounting fees,Jason CPA,"4,772",Check,Alex - FP&A,manual adj,
2026-02-26,Revenue,Subscr. revenue,Corp. clients,"7,472",Pos,Andres,Posted,Timing issue
01/3/26,Services,Prof services,Implementation clients,"6,898",cash,M. Chen,late invoice,Vendor invoice late
01/1/26,Sales,Payroll - sales,Payroll,"3,966",ERP,TBD,manual adj,One-off item
01/4/26,Marketing,Customer appr.,Soccer Ticket,"3,693",ERP,M. Chen,needs mapping,One-off item
2026-04-01,R&D,AI automation,n8n,"2,491",Check,Erikfinance ops,Posted,Map to GL 6100
15 Apr-26,COGS,Cloud hosting,AWS / Datadog,"5,662",cash,M. Chen,Posted,One-off item
15 Feb-26,Sales,CRM / RevOps tools,Salesforce / Outreach,"(7,472)",manual Entry,M. Chen,manual adj,One-off item
15 Feb-26,Marketing,Paid media,Google / LinkedIn,"8,368",cash,Andres,posted,One-off item
01-Jan-26,Marketing,Customer appr.,Soccer Ticket,"2,732",cash,,,
01/4/26,Mktg,Customer appr.,Soccer Ticket,"9,670",Pos,Andres,needs mapping,Timing issue
15 Feb-26,Services,Prof services,Implementation clients,"(1,380)",ERP,Alex - FP&A,needs mapping,One-off item
2026-04-01,R&D,Payroll - eng,Payroll,411,manual Entry,M. Chen,late invoice,Map to GL 6100
01/1/26,COGS,Cloud hosting,AWS / Datadog,"(9,637)",ERP,Erikfinance ops,accrual,Timing issue
01/3/26,Mktg,Customer appr.,Gift hamper,"9,322",ERP,TBD,posted,Timing issue
01/1/26,G&A,Accounting fees,Brandon,"5,275",cash,,needs mapping,Timing issue
2026-01-25,Sales,Payroll - sales,Payroll,"3,670",manual Entry,Erikfinance ops,accrual,Map to GL 6100
01/4/26,Revenue,Service,Corp. clients,"9,026",ERP,Erikfinance ops,posted,Map to GL 6100
01/4/26,G&A,Accounting fees,Jason CPA,"6,555",ERP,Alex - FP&A,posted,Check sign
01/1/26,R&D,Payroll - eng,Payroll,"1,074",ERP,,,Vendor invoice late
01/4/26,Revenue,Revenue,Corp. clients,"6,444",ERP,TBD,Posted,Check sign
01/4/26,COGS,Payroll - eng,Payroll,"7,940",Pos,Erikfinance ops,late invoice,Check sign
25 Mar-26,Services,Prof services,Implementation clients,"5,342",ERP,TBD,accrual,Map to GL 6100
01-Jan-26,Services,Support tools,Zendesk / Gainsight,"5,730",manual Entry,Andres,manual adj,One-off item
2026-03-28,G&A,Accounting fees,Brandon,"5,443",Check,,Posted,Map to GL 6100
01/1/26,Mktg,Paid media,Google / LinkedIn,"(8,074)",ERP,Andres,needs mapping,Vendor invoice late
01/2/26,COGS,Materials,Johnsons Supply,"2,455",ERP,Erikfinance ops,late invoice,Ask owner
2026-04-01,COGS,Materials,Johnsons Supply,"(9,736)",ERP,Andres,posted,One-off item
2026-03-28,G&A,Office rent,Landlord,"2,504",cash,M. Chen,needs mapping,Timing issue
01/1/26,COGS,Cloud hosting,AWS / Datadog,"4,239",Pos,,Posted,Ask owner
15 Feb-26,Marketing,Events & webinars,Various,"1,736",manual Entry,Andres,late invoice,Map to GL 6100
01/1/26,Services,Prof services,Implementation clients,"2,955",ERP,Erikfinance ops,,Ask owner
2026-01-25,Marketing,Google Ads,Google / LinkedIn,"7,564",cash,Alex - FP&A,,One-off item
01/3/26,Services,Prof services,Implementation clients,"(7,603)",Pos,TBD,,
2026-04-01,Services,Support tools,Zendesk / Gainsight,"(9,803)",Pos,,needs mapping,One-off item
2026-04-01,Services,Support tools,Zendesk / Gainsight,"9,805",manual Entry,Erikfinance ops,manual adj,
01/3/26,Mktg,Customer appr.,Gift hamper,"7,926",manual Entry,,needs mapping,Map to GL 6100
01/3/26,G&A,Accounting fees,Jason CPA,"6,060",manual Entry,Andres,needs mapping,Map to GL 6100
01/3/26,G&A,Legal fees,Buchalter,"1,564",manual Entry,,,Ask owner
15 Feb-26,Revenue,Product sales,Corp. clients,"6,729",manual Entry,,manual adj,One-off item
15 Feb-26,Mktg,Events & webinars,Various,332,Check,M. Chen,manual adj,Map to GL 6100
01-Jan-26,Sales,Payroll - sales,Payroll,316,Check,,,One-off item
15 Feb-26,Sales,Payroll - sales,Payroll,"3,299",Pos,Alex - FP&A,accrual,
2026-02-26,Revenue,Revenue,Corp. clients,380,cash,TBD,needs mapping,Ask owner
15 Feb-26,Revenue,Subscr. revenue,Corp. clients,"4,572",ERP,TBD,Posted,One-off item
2026-04-01,COGS,Payroll - eng,Payroll,"(6,694)",Check,TBD,late invoice,
15 Apr-26,Marketing,Customer appr.,Amazon gift c.,"2,628",cash,TBD,accrual,Check sign
01-Jan-26,Mktg,Customer appr.,Gift hamper,"(6,025)",ERP,M. Chen,manual adj,Vendor invoice late
01/3/26,Mktg,Events & webinars,Various,"1,999",manual Entry,Erikfinance ops,needs mapping,
01/2/26,Mktg,Paid media,Google / LinkedIn,"3,169",Check,Erikfinance ops,needs mapping,Vendor invoice late
01/4/26,R&D,Payroll - eng,Payroll,"(9,900)",manual Entry,TBD,needs mapping,Check sign
2026-03-28,Marketing,Events & webinars,Various,"6,287",ERP,Andres,accrual,Check sign
2026-02-26,Sales,Payroll - sales,Payroll,"1,283",ERP,M. Chen,accrual,Check sign
2026-01-25,Marketing,Events & webinars,Various,"4,677",Check,Andres,,Vendor invoice late
2026-01-25,R&D,AI automation,n8n,"7,427",Check,Andres,manual adj,
2026-03-28,Mktg,Customer appr.,Gift hamper,"8,252",Check,Andres,manual adj,One-off item
15 Apr-26,Services,Prof services,Implementation clients,"1,256",Pos,,posted,Vendor invoice late
2026-02-26,Revenue,Revenue,Retail Customer,"7,723",Pos,,posted,One-off item
01-Jan-26,COGS,Payroll - eng,Payroll,"5,065",cash,TBD,manual adj,Ask owner
2026-01-25,Revenue,Subscr. revenue,Retail Customer,"(8,650)",cash,Alex - FP&A,manual adj,Check sign
01-Jan-26,Services,Prof services,Implementation clients,"8,935",ERP,TBD,late invoice,Map to GL 6100
2026-04-01,Mktg,Customer appr.,Soccer Ticket,"7,724",Pos,M. Chen,,Check sign
01/3/26,Mktg,Paid media,Google / LinkedIn,751,cash,Alex - FP&A,posted,Vendor invoice late
01-Jan-26,R&D,AI automation,n8n,885,cash,Alex - FP&A,needs mapping,Timing issue
01/3/26,Marketing,Customer appr.,Amazon gift c.,"2,364",Pos,TBD,late invoice,
01/4/26,R&D,AI automation,n8n,"2,068",manual Entry,,,Check sign
2026-02-26,G&A,Legal fees,Buchalter,621,Pos,M. Chen,late invoice,
2026-03-28,G&A,Legal fees,Buchalter,231,manual Entry,Alex - FP&A,late invoice,One-off item
2026-02-26,COGS,Cloud hosting,AWS / Datadog,"6,413",ERP,Alex - FP&A,,One-off item
01/2/26,Services,Prof services,Implementation clients,"6,931",Pos,Erikfinance ops,needs mapping,Check sign
2026-03-28,Sales,Payroll - sales,Payroll,"8,790",Pos,,needs mapping,Check sign
15 Apr-26,R&D,Cloud hosting,AWS / Datadog,"8,165",manual Entry,TBD,,
2026-02-26,Sales,Sales commission,Payroll,375,ERP,M. Chen,Posted,
2026-04-01,Marketing,Customer appr.,Soccer Ticket,"2,707",manual Entry,Erikfinance ops,,Map to GL 6100
01-Jan-26,COGS,Payroll - eng,Payroll,"8,486",cash,Alex - FP&A,accrual,
2026-01-25,G&A,Legal fees,Buchalter,"6,059",manual Entry,Andres,manual adj,Vendor invoice late
01/1/26,Sales,CRM / RevOps tools,Salesforce / Outreach,"8,336",manual Entry,Alex - FP&A,late invoice,Vendor invoice late
25 Mar-26,Services,Support tools,Zendesk / Gainsight,"4,013",cash,Alex - FP&A,Posted,Check sign
15 Apr-26,R&D,Payroll - eng,Payroll,"5,299",cash,TBD,needs mapping,
15 Feb-26,R&D,Payroll - eng,Payroll,"8,125",cash,Alex - FP&A,late invoice,Map to GL 6100
01/2/26,COGS,Cloud hosting,AWS / Datadog,"(7,754)",Pos,,posted,
01/1/26,Mktg,Events & webinars,Various,"2,458",Pos,TBD,accrual,Timing issue
15 Feb-26,Marketing,Paid media,Google / LinkedIn,672,cash,Erikfinance ops,manual adj,
01/1/26,Sales,CRM / RevOps tools,Salesforce / Outreach,"9,815",Pos,,posted,Timing issue
01/1/26,Marketing,Google Ads,Google / LinkedIn,"3,343",manual Entry,Alex - FP&A,accrual,Map to GL 6100
2026-04-01,Revenue,Service,Retail Customer,"3,962",manual Entry,,late invoice,
15 Feb-26,Mktg,Paid media,Google / LinkedIn,"6,180",Pos,TBD,late invoice,Map to GL 6100
15 Feb-26,G&A,Legal fees,Buchalter,169,Pos,M. Chen,needs mapping,
2026-02-26,G&A,Legal fees,Buchalter,"2,448",Pos,,needs mapping,
01-Jan-26,COGS,Cloud hosting,AWS / Datadog,786,cash,Alex - FP&A,needs mapping,One-off item
2026-01-25,Sales,Sales commission,Payroll,"8,501",cash,TBD,Posted,Vendor invoice late
2026-02-26,COGS,Materials,Johnsons Supply,"4,639",Check,Alex - FP&A,late invoice,
01/2/26,G&A,Legal fees,Buchalter,"2,919",Pos,TBD,accrual,Vendor invoice late
01/3/26,R&D,Payroll - eng,Payroll,"(3,954)",manual Entry,Alex - FP&A,needs mapping,
25 Mar-26,COGS,Cloud hosting,AWS / Datadog,"1,276",Pos,Andres,accrual,Ask owner
01-Jan-26,Sales,CRM / RevOps tools,Salesforce / Outreach,"7,381",ERP,Erikfinance ops,Posted,Timing issue
01/4/26,Sales,Sales commission,Payroll,"6,291",ERP,,late invoice,One-off item
2026-02-26,Services,Prof services,Implementation clients,"9,279",Pos,Andres,,Map to GL 6100
2026-01-25,Sales,Sales commission,Payroll,"8,184",ERP,Alex - FP&A,late invoice,Vendor invoice late
01-Jan-26,R&D,Payroll - eng,Payroll,"7,806",cash,Andres,Posted,Ask owner
25 Mar-26,Mktg,Customer appr.,Soccer Ticket,"1,886",ERP,M. Chen,late invoice,Map to GL 6100
01-Jan-26,Marketing,Google Ads,Google / LinkedIn,"6,144",ERP,Erikfinance ops,posted,Vendor invoice late
01/3/26,Mktg,Customer appr.,Soccer Ticket,"(5,127)",Pos,M. Chen,manual adj,Map to GL 6100
25 Mar-26,R&D,Payroll - eng,Payroll,"9,241",ERP,Alex - FP&A,,Ask owner
2026-04-01,R&D,Payroll - eng,Payroll,"2,736",ERP,M. Chen,late invoice,Ask owner
2026-04-01,Sales,Sales commission,Payroll,"1,501",ERP,TBD,late invoice,
2026-04-01,Services,Support tools,Zendesk / Gainsight,"(2,853)",Check,TBD,,
15 Feb-26,Marketing,Paid media,Google / LinkedIn,"7,647",Pos,M. Chen,posted,
01-Jan-26,Revenue,Product sales,Retail Customer,338,manual Entry,Alex - FP&A,needs mapping,Timing issue
15 Feb-26,Services,Support tools,Zendesk / Gainsight,"3,174",cash,TBD,Posted,Map to GL 6100
01/4/26,Services,Prof services,Implementation clients,"(9,542)",manual Entry,Alex - FP&A,needs mapping,Ask owner
25 Mar-26,COGS,Payroll - eng,Payroll,474,ERP,M. Chen,needs mapping,Ask owner
01/1/26,Marketing,Events & webinars,Various,"6,253",Pos,M. Chen,needs mapping,One-off item
2026-02-26,R&D,Cloud hosting,AWS / Datadog,"(8,981)",cash,Erikfinance ops,accrual,One-off item
2026-03-28,Sales,Sales commission,Payroll,"2,201",cash,TBD,late invoice,
01/2/26,Mktg,Customer appr.,Gift hamper,436,Check,,Posted,Check sign
01-Jan-26,COGS,Cloud hosting,AWS / Datadog,"2,111",ERP,M. Chen,late invoice,Map to GL 6100
2026-01-25,Revenue,Subscr. revenue,Retail Customer,"2,979",Pos,,Posted,Check sign
2026-03-28,R&D,AI automation,n8n,"1,234",Check,TBD,posted,Ask owner
01/2/26,G&A,Accounting fees,Brandon,"5,312",manual Entry,TBD,Posted,
01/3/26,Services,Support tools,Zendesk / Gainsight,"(8,335)",cash,Andres,manual adj,Check sign
25 Mar-26,Marketing,Customer appr.,Amazon gift c.,"7,661",manual Entry,M. Chen,manual adj,Vendor invoice late
15 Apr-26,R&D,Payroll - eng,Payroll,"9,955",Check,TBD,manual adj,Ask owner
01/2/26,R&D,Cloud hosting,AWS / Datadog,"(5,986)",Pos,,Posted,One-off item
01/2/26,G&A,Office rent,Landlord,"7,468",Check,Alex - FP&A,accrual,Map to GL 6100
15 Apr-26,COGS,Materials,Home Depot,"7,178",manual Entry,Alex - FP&A,accrual,Vendor invoice late
2026-03-28,R&D,AI automation,n8n,"9,149",cash,TBD,late invoice,Timing issue
01/2/26,Sales,Sales commission,Payroll,"3,900",manual Entry,,Posted,One-off item
2026-01-25,COGS,Payroll - eng,Payroll,"1,519",cash,Alex - FP&A,late invoice,Map to GL 6100
01/3/26,G&A,Legal fees,Buchalter,308,manual Entry,,manual adj,Vendor invoice late
01/1/26,Marketing,Customer appr.,Soccer Ticket,"1,559",Pos,Erikfinance ops,late invoice,
2026-02-26,Revenue,Revenue,Corp. clients,"(4,179)",manual Entry,,posted,Vendor invoice late
25 Mar-26,Sales,Payroll - sales,Payroll,(623),Check,Andres,posted,Vendor invoice late
01/4/26,Marketing,Customer appr.,Soccer Ticket,"7,811",Pos,Andres,Posted,Timing issue
01/4/26,COGS,Cloud hosting,AWS / Datadog,"(8,250)",manual Entry,,Posted,Timing issue
25 Mar-26,COGS,Materials,Home Depot,"(5,171)",manual Entry,TBD,accrual,Ask owner
15 Apr-26,G&A,Legal fees,Buchalter,"6,121",ERP,Andres,Posted,Check sign
01/1/26,Sales,Payroll - sales,Payroll,"2,484",Check,Erikfinance ops,posted,Map to GL 6100
01/2/26,Marketing,Paid media,Google / LinkedIn,"4,789",manual Entry,Alex - FP&A,manual adj,
2026-03-28,Revenue,Product sales,Retail Customer,"5,537",cash,TBD,Posted,Ask owner
2026-02-26,Marketing,Paid media,Google / LinkedIn,"1,992",ERP,Andres,accrual,
01/2/26,Mktg,Customer appr.,Soccer Ticket,"4,010",ERP,Alex - FP&A,manual adj,Check sign
2026-02-26,R&D,Payroll - eng,Payroll,"(7,842)",cash,TBD,manual adj,Ask owner
01/4/26,COGS,Cloud hosting,AWS / Datadog,"7,558",cash,Erikfinance ops,late invoice,Map to GL 6100
2026-04-01,G&A,Accounting fees,Jason CPA,863,Pos,Alex - FP&A,,Timing issue
2026-03-28,G&A,Accounting fees,Jason CPA,"5,888",cash,Erikfinance ops,accrual,
01/1/26,G&A,Legal fees,Europa Law firm,882,Check,Alex - FP&A,Posted,One-off item
25 Mar-26,R&D,AI automation,n8n,"2,077",ERP,,needs mapping,
25 Mar-26,COGS,Payroll - eng,Payroll,"9,535",Check,,needs mapping,
01/4/26,R&D,Cloud hosting,AWS / Datadog,"5,251",ERP,Andres,Posted,One-off item
15 Feb-26,Mktg,Paid media,Google / LinkedIn,"(5,667)",ERP,Erikfinance ops,needs mapping,Check sign
2026-04-01,Services,Support tools,Zendesk / Gainsight,"4,641",Check,Alex - FP&A,accrual,
2026-04-01,Marketing,Paid media,Google / LinkedIn,"(2,335)",manual Entry,Erikfinance ops,late invoice,Ask owner
25 Mar-26,Revenue,Subscr. revenue,Corp. clients,"5,274",Check,,accrual,One-off item
01/1/26,Mktg,Customer appr.,Gift hamper,"1,058",ERP,,needs mapping,Ask owner
2026-02-26,Revenue,Product sales,Retail Customer,"5,149",ERP,,,Check sign
01/4/26,Mktg,Customer appr.,Soccer Ticket,75,cash,TBD,Posted,Vendor invoice late
2026-02-26,R&D,Payroll - eng,Payroll,"2,425",manual Entry,TBD,accrual,Ask owner
15 Apr-26,Services,Support tools,Zendesk / Gainsight,"6,517",Check,Erikfinance ops,needs mapping,Timing issue
2026-02-26,R&D,AI automation,n8n,"2,981",Pos,,accrual,Vendor invoice late
15 Apr-26,Revenue,Product sales,Retail Customer,178,ERP,Erikfinance ops,accrual,Check sign
25 Mar-26,R&D,Payroll - eng,Payroll,"4,141",manual Entry,Alex - FP&A,late invoice,Map to GL 6100
2026-04-01,Sales,Sales commission,Payroll,"(7,511)",ERP,Alex - FP&A,,
2026-03-28,G&A,Legal fees,Buchalter,"2,424",Pos,M. Chen,manual adj,Timing issue
2026-02-26,Sales,CRM / RevOps tools,Salesforce / Outreach,"6,864",manual Entry,Andres,accrual,Ask owner
01-Jan-26,G&A,Accounting fees,Jason CPA,396,ERP,Erikfinance ops,late invoice,Check sign
01-Jan-26,Sales,CRM / RevOps tools,Salesforce / Outreach,"1,843",Check,Erikfinance ops,needs mapping,Check sign
01-Jan-26,Marketing,Customer appr.,Soccer Ticket,"5,654",cash,Erikfinance ops,manual adj,Map to GL 6100
2026-03-28,Sales,CRM / RevOps tools,Salesforce / Outreach,"8,654",manual Entry,M. Chen,needs mapping,
01/3/26,Services,Support tools,Zendesk / Gainsight,"1,739",Pos,TBD,Posted,
01/4/26,R&D,AI automation,n8n,"5,669",ERP,TBD,,
2026-04-01,G&A,Legal fees,Buchalter,"6,173",manual Entry,TBD,late invoice,Vendor invoice late
2026-03-28,Mktg,Paid media,Google / LinkedIn,"3,379",Check,,manual adj,Map to GL 6100
01/4/26,R&D,AI automation,n8n,"5,492",manual Entry,TBD,accrual,One-off item
01/4/26,Sales,Payroll - sales,Payroll,"4,416",manual Entry,TBD,,Timing issue
01/4/26,G&A,Legal fees,Europa Law firm,"2,497",Pos,Alex - FP&A,posted,Vendor invoice late
2026-04-01,G&A,Office rent,Landlord,431,Check,,,Ask owner
2026-01-25,Marketing,Events & webinars,Various,"9,273",cash,M. Chen,Posted,Ask owner
01-Jan-26,Services,Support tools,Zendesk / Gainsight,"8,320",ERP,,manual adj,Vendor invoice late
2026-01-25,Revenue,Subscr. revenue,Corp. clients,"4,755",Pos,Andres,Posted,Vendor invoice late
2026-01-25,G&A,Accounting fees,Brandon,"(1,824)",Pos,Alex - FP&A,posted,Check sign
2026-04-01,Marketing,Events & webinars,Various,"8,934",Pos,,late invoice,
15 Apr-26,Marketing,Google Ads,Google / LinkedIn,"(1,631)",manual Entry,TBD,posted,Check sign
2026-04-01,Mktg,Customer appr.,Gift hamper,"2,399",cash,Andres,manual adj,Map to GL 6100
01-Jan-26,Revenue,Revenue,Corp. clients,"5,657",ERP,Alex - FP&A,manual adj,Timing issue
2026-03-28,COGS,Materials,Walmart,"4,817",Check,Andres,needs mapping,Check sign
15 Apr-26,COGS,Payroll - eng,Payroll,"9,734",manual Entry,M. Chen,late invoice,
01/3/26,Mktg,Customer appr.,Gift hamper,"2,873",cash,M. Chen,needs mapping,Map to GL 6100
2026-02-26,Sales,Payroll - sales,Payroll,"3,892",ERP,M. Chen,,Vendor invoice late
01/1/26,Services,Support tools,Zendesk / Gainsight,"5,882",Check,TBD,posted,One-off item
01/3/26,COGS,Materials,Johnsons Supply,"2,368",Pos,M. Chen,Posted,Vendor invoice late
15 Feb-26,Sales,Sales commission,Payroll,216,ERP,TBD,needs mapping,Ask owner
25 Mar-26,Revenue,Service,Retail Customer,"3,562",ERP,,manual adj,Vendor invoice late
01/1/26,G&A,Accounting fees,Brandon,"9,135",Check,TBD,needs mapping,One-off item
2026-04-01,R&D,Payroll - eng,Payroll,"2,286",manual Entry,Andres,late invoice,
15 Feb-26,R&D,Cloud hosting,AWS / Datadog,"4,354",ERP,M. Chen,accrual,
01/3/26,Sales,Sales commission,Payroll,"2,632",Pos,TBD,needs mapping,Ask owner
2026-04-01,Marketing,Google Ads,Google / LinkedIn,"(5,223)",manual Entry,M. Chen,accrual,Check sign
15 Feb-26,Sales,CRM / RevOps tools,Salesforce / Outreach,"8,163",Check,,manual adj,Ask owner
2026-02-26,Marketing,Google Ads,Google / LinkedIn,641,manual Entry,TBD,manual adj,Check sign
2026-02-26,R&D,AI automation,n8n,"7,494",manual Entry,,accrual,Check sign
01/1/26,Marketing,Paid media,Google / LinkedIn,"7,725",ERP,M. Chen,needs mapping,Map to GL 6100
25 Mar-26,Marketing,Customer appr.,Amazon gift c.,"2,951",Check,Andres,,Map to GL 6100
2026-03-28,COGS,Materials,Johnsons Supply,"1,597",ERP,Alex - FP&A,late invoice,One-off item
2026-03-28,Services,Prof services,Implementation clients,"6,135",cash,M. Chen,posted,Check sign
01/3/26,Services,Support tools,Zendesk / Gainsight,"6,613",ERP,,,
01/2/26,G&A,Legal fees,Buchalter,"9,150",manual Entry,Erikfinance ops,late invoice,Check sign
01-Jan-26,Marketing,Events & webinars,Various,"(7,010)",cash,Andres,accrual,One-off item
2026-01-25,Revenue,Product sales,Corp. clients,"8,362",Pos,Andres,accrual,Ask owner
01/3/26,Marketing,Google Ads,Google / LinkedIn,"(9,345)",ERP,M. Chen,late invoice,Map to GL 6100
2026-03-28,Revenue,Service,Retail Customer,"1,594",ERP,Andres,needs mapping,Ask owner
01/3/26,G&A,Office rent,Landlord,"(8,058)",manual Entry,TBD,late invoice,Timing issue
01-Jan-26,Sales,Payroll - sales,Payroll,"5,265",cash,,Posted,Check sign
2026-02-26,Mktg,Paid media,Google / LinkedIn,"4,063",Pos,Erikfinance ops,manual adj,One-off item
01/3/26,Sales,Sales commission,Payroll,"5,241",cash,Erikfinance ops,posted,Vendor invoice late
15 Apr-26,Mktg,Events & webinars,Various,"(1,743)",manual Entry,Alex - FP&A,posted,Map to GL 6100
2026-02-26,G&A,Office rent,Landlord,"9,502",Check,Andres,needs mapping,Map to GL 6100
2026-03-28,G&A,Accounting fees,Brandon,"(1,665)",manual Entry,Alex - FP&A,Posted,Timing issue
2026-02-26,Mktg,Events & webinars,Various,"7,193",manual Entry,Erikfinance ops,posted,Vendor invoice late
15 Feb-26,G&A,Legal fees,Europa Law firm,"3,939",cash,Alex - FP&A,manual adj,Check sign
01/4/26,Mktg,Paid media,Google / LinkedIn,"1,720",ERP,M. Chen,Posted,Map to GL 6100
25 Mar-26,R&D,Cloud hosting,AWS / Datadog,"3,841",Pos,Alex - FP&A,accrual,Timing issue
2026-03-28,R&D,Cloud hosting,AWS / Datadog,"3,480",Check,M. Chen,manual adj,Ask owner
15 Feb-26,R&D,AI automation,n8n,"3,649",Check,Erikfinance ops,,One-off item
01/4/26,Sales,Payroll - sales,Payroll,"4,698",Pos,TBD,late invoice,Vendor invoice late
2026-03-28,Marketing,Google Ads,Google / LinkedIn,"5,794",cash,Alex - FP&A,,Vendor invoice late
01/1/26,Mktg,Customer appr.,Soccer Ticket,"4,366",cash,Andres,,One-off item
2026-04-01,COGS,Materials,Home Depot,"9,840",Check,Andres,posted,Check sign
01/1/26,COGS,Payroll - eng,Payroll,"1,756",ERP,Andres,,Ask owner
01-Jan-26,R&D,Cloud hosting,AWS / Datadog,"2,375",Check,Andres,accrual,One-off item
25 Mar-26,COGS,Payroll - eng,Payroll,"(7,269)",ERP,M. Chen,posted,One-off item
15 Feb-26,G&A,Accounting fees,Jason CPA,"9,219",ERP,Alex - FP&A,manual adj,Vendor invoice late
2026-04-01,COGS,Materials,Johnsons Supply,"4,789",manual Entry,,,Vendor invoice late
2026-01-25,Services,Support tools,Zendesk / Gainsight,"9,488",cash,Alex - FP&A,late invoice,Map to GL 6100
2026-04-01,COGS,Cloud hosting,AWS / Datadog,"5,098",Pos,TBD,manual adj,Vendor invoice late
2026-03-28,Revenue,Subscr. revenue,Corp. clients,"7,083",manual Entry,Erikfinance ops,late invoice,Check sign
15 Apr-26,R&D,Payroll - eng,Payroll,"(3,589)",Check,TBD,needs mapping,Ask owner
2026-02-26,Sales,Payroll - sales,Payroll,"(5,491)",Pos,,accrual,Map to GL 6100
01/3/26,Mktg,Paid media,Google / LinkedIn,"4,915",manual Entry,,manual adj,Map to GL 6100
01-Jan-26,Mktg,Events & webinars,Various,"(8,535)",ERP,Andres,manual adj,Ask owner
01-Jan-26,Marketing,Paid media,Google / LinkedIn,"3,573",Pos,M. Chen,needs mapping,Timing issue
01/1/26,R&D,Payroll - eng,Payroll,"7,950",Pos,Alex - FP&A,manual adj,One-off item
01-Jan-26,Mktg,Paid media,Google / LinkedIn,752,manual Entry,M. Chen,Posted,Timing issue
2026-04-01,Revenue,Product sales,Retail Customer,"1,834",ERP,TBD,Posted,Map to GL 6100
01/4/26,Revenue,Product sales,Retail Customer,"2,125",manual Entry,Erikfinance ops,manual adj,Ask owner
01-Jan-26,COGS,Materials,Johnsons Supply,"4,626",Check,Alex - FP&A,,Ask owner
2026-03-28,Marketing,Paid media,Google / LinkedIn,"1,151",ERP,Alex - FP&A,posted,Vendor invoice late
15 Apr-26,R&D,Cloud hosting,AWS / Datadog,"9,212",Check,M. Chen,Posted,Timing issue
01/2/26,Mktg,Customer appr.,Gift hamper,"4,337",Check,TBD,posted,Map to GL 6100
01-Jan-26,Mktg,Events & webinars,Various,624,ERP,M. Chen,late invoice,Timing issue
01-Jan-26,COGS,Materials,Walmart,(318),Pos,TBD,accrual,Vendor invoice late
2026-01-25,Mktg,Customer appr.,Soccer Ticket,"4,502",Check,,needs mapping,
25 Mar-26,G&A,Office rent,Landlord,"9,143",Check,Alex - FP&A,,Check sign
01/4/26,R&D,AI automation,n8n,867,Pos,Erikfinance ops,needs mapping,One-off item
2026-02-26,Marketing,Paid media,Google / LinkedIn,"(6,538)",cash,Erikfinance ops,late invoice,Check sign
25 Mar-26,Marketing,Google Ads,Google / LinkedIn,"6,361",ERP,Erikfinance ops,,
2026-04-01,Marketing,Google Ads,Google / LinkedIn,"8,243",cash,Erikfinance ops,late invoice,Ask owner
01/4/26,Sales,Payroll - sales,Payroll,"(5,907)",manual Entry,M. Chen,,Vendor invoice late
01/3/26,R&D,Cloud hosting,AWS / Datadog,"2,738",Pos,Andres,late invoice,Check sign
01/2/26,Services,Support tools,Zendesk / Gainsight,"6,239",Pos,Erikfinance ops,late invoice,Ask owner
2026-03-28,G&A,Office rent,Landlord,"(2,443)",Pos,TBD,manual adj,Vendor invoice late
01/2/26,R&D,Cloud hosting,AWS / Datadog,250,Pos,TBD,Posted,Ask owner
01/2/26,R&D,AI automation,n8n,"1,036",Check,,manual adj,One-off item
15 Feb-26,Services,Support tools,Zendesk / Gainsight,"7,532",cash,Alex - FP&A,manual adj,Ask owner
15 Apr-26,Marketing,Customer appr.,Soccer Ticket,"3,540",cash,M. Chen,posted,Map to GL 6100
15 Feb-26,Mktg,Events & webinars,Various,"3,536",ERP,,posted,Vendor invoice late
01/1/26,Mktg,Paid media,Google / LinkedIn,"(3,630)",Check,Alex - FP&A,posted,
2026-03-28,G&A,Office rent,Landlord,"5,072",manual Entry,M. Chen,posted,Map to GL 6100
01/1/26,G&A,Accounting fees,Brandon,"9,411",ERP,TBD,accrual,Check sign
2026-01-25,COGS,Materials,Walmart,17,Check,Alex - FP&A,needs mapping,Ask owner
01/4/26,Revenue,Revenue,Retail Customer,"1,432",ERP,TBD,manual adj,Vendor invoice late
2026-02-26,Services,Prof services,Implementation clients,"7,098",Pos,Alex - FP&A,late invoice,Check sign
2026-02-26,Mktg,Events & webinars,Various,"4,081",Check,Andres,,Ask owner
01/3/26,G&A,Office rent,Landlord,"(8,401)",cash,Andres,accrual,Ask owner
01-Jan-26,Mktg,Events & webinars,Various,96,cash,Erikfinance ops,manual adj,Check sign
15 Apr-26,Marketing,Events & webinars,Various,"2,443",Check,Erikfinance ops,Posted,Timing issue
01/2/26,Services,Support tools,Zendesk / Gainsight,"8,230",Check,Andres,manual adj,Vendor invoice late
2026-01-25,G&A,Office rent,Landlord,"9,254",cash,TBD,,
01/1/26,Revenue,Service,Retail Customer,610,ERP,Andres,Posted,One-off item
01/2/26,G&A,Legal fees,Europa Law firm,"9,149",cash,Alex - FP&A,posted,Timing issue
2026-03-28,COGS,Payroll - eng,Payroll,"9,962",cash,Alex - FP&A,posted,Ask owner
01-Jan-26,Sales,Sales commission,Payroll,"(2,416)",Pos,M. Chen,late invoice,Map to GL 6100
01/3/26,Sales,CRM / RevOps tools,Salesforce / Outreach,"4,974",Pos,Erikfinance ops,late invoice,Map to GL 6100
01/3/26,R&D,Payroll - eng,Payroll,"(7,056)",Check,M. Chen,manual adj,Ask owner
25 Mar-26,Marketing,Google Ads,Google / LinkedIn,"5,894",Check,,manual adj,One-off item
01-Jan-26,Sales,Sales commission,Payroll,"9,627",ERP,Alex - FP&A,posted,
01-Jan-26,Marketing,Customer appr.,Soccer Ticket,"3,871",Pos,Andres,needs mapping,Map to GL 6100
01/1/26,Mktg,Paid media,Google / LinkedIn,"4,517",Check,M. Chen,posted,Check sign
01/3/26,COGS,Cloud hosting,AWS / Datadog,"2,279",Check,,manual adj,Timing issue
2026-02-26,Revenue,Revenue,Corp. clients,"7,851",manual Entry,M. Chen,needs mapping,Map to GL 6100
01-Jan-26,Mktg,Paid media,Google / LinkedIn,"1,449",Check,,Posted,Vendor invoice late
2026-01-25,Mktg,Customer appr.,Gift hamper,"2,628",Check,Andres,Posted,Map to GL 6100
2026-03-28,G&A,Legal fees,Europa Law firm,"5,164",cash,Andres,needs mapping,Timing issue
01/3/26,Marketing,Paid media,Google / LinkedIn,"2,981",ERP,TBD,Posted,Ask owner
01/1/26,COGS,Payroll - eng,Payroll,579,cash,,,Timing issue
15 Apr-26,G&A,Accounting fees,Brandon,"5,818",ERP,Alex - FP&A,accrual,One-off item
01/2/26,R&D,Payroll - eng,Payroll,"3,758",cash,TBD,needs mapping,
01/1/26,Sales,Payroll - sales,Payroll,"2,515",ERP,Erikfinance ops,needs mapping,Check sign
2026-04-01,Services,Prof services,Implementation clients,"3,175",Pos,Andres,,Timing issue
15 Feb-26,Revenue,Revenue,Retail Customer,"8,250",ERP,Erikfinance ops,Posted,Ask owner
2026-04-01,Revenue,Subscr. revenue,Retail Customer,"2,886",Check,,Posted,Check sign
15 Apr-26,COGS,Materials,Home Depot,"5,512",ERP,M. Chen,needs mapping,Ask owner
01/3/26,Marketing,Paid media,Google / LinkedIn,"7,993",Check,Andres,accrual,
01-Jan-26,Marketing,Paid media,Google / LinkedIn,"6,979",ERP,Alex - FP&A,,Timing issue
01/1/26,COGS,Payroll - eng,Payroll,"2,099",ERP,TBD,accrual,
2026-03-28,Revenue,Revenue,Corp. clients,"7,860",manual Entry,M. Chen,Posted,Vendor invoice late
01/1/26,R&D,AI automation,n8n,"4,850",Pos,Alex - FP&A,accrual,Check sign
2026-04-01,R&D,Payroll - eng,Payroll,"6,046",cash,M. Chen,needs mapping,Vendor invoice late
2026-02-26,Mktg,Paid media,Google / LinkedIn,"1,383",Check,Erikfinance ops,manual adj,Map to GL 6100
2026-04-01,G&A,Legal fees,Europa Law firm,"7,178",Pos,,manual adj,
01/1/26,Marketing,Events & webinars,Various,"1,499",Check,Andres,,Vendor invoice late
25 Mar-26,Services,Prof services,Implementation clients,"2,891",manual Entry,Andres,posted,Vendor invoice late
2026-02-26,Services,Support tools,Zendesk / Gainsight,"4,942",Check,Andres,Posted,One-off item
01/2/26,Marketing,Events & webinars,Various,"5,199",Pos,Alex - FP&A,Posted,Check sign
2026-03-28,Services,Support tools,Zendesk / Gainsight,"5,626",manual Entry,,Posted,Timing issue
01/4/26,G&A,Legal fees,Buchalter,"6,631",manual Entry,TBD,,Check sign
01-Jan-26,Marketing,Google Ads,Google / LinkedIn,"7,961",cash,M. Chen,accrual,One-off item
01/1/26,Revenue,Revenue,Corp. clients,"3,587",cash,,late invoice,Check sign
01-Jan-26,Marketing,Customer appr.,Amazon gift c.,"5,205",manual Entry,Erikfinance ops,Posted,Timing issue
01/2/26,R&D,Cloud hosting,AWS / Datadog,"5,070",Pos,,accrual,
2026-03-28,COGS,Materials,Johnsons Supply,"3,392",cash,,,One-off item
15 Feb-26,Marketing,Customer appr.,Amazon gift c.,"5,565",manual Entry,Andres,,One-off item
15 Feb-26,Sales,Sales commission,Payroll,"(1,156)",ERP,TBD,posted,Vendor invoice late
2026-04-01,Revenue,Revenue,Retail Customer,"(8,930)",cash,M. Chen,late invoice,
01/2/26,COGS,Cloud hosting,AWS / Datadog,(616),cash,TBD,accrual,Check sign
01/3/26,COGS,Cloud hosting,AWS / Datadog,"7,174",ERP,Andres,posted,Ask owner
15 Feb-26,COGS,Payroll - eng,Payroll,"2,878",Check,,accrual,Check sign
01/1/26,Services,Support tools,Zendesk / Gainsight,"1,519",Pos,M. Chen,posted,Vendor invoice late
01/1/26,R&D,Payroll - eng,Payroll,"8,624",Pos,Andres,needs mapping,Ask owner
25 Mar-26,G&A,Accounting fees,Jason CPA,638,Pos,Alex - FP&A,posted,One-off item
15 Feb-26,Marketing,Google Ads,Google / LinkedIn,"6,263",Check,TBD,needs mapping,Ask owner
01/2/26,Marketing,Events & webinars,Various,"6,414",cash,Erikfinance ops,manual adj,Vendor invoice late
2026-03-28,R&D,Payroll - eng,Payroll,"2,408",Pos,Alex - FP&A,posted,Ask owner
15 Feb-26,Revenue,Subscr. revenue,Corp. clients,"1,549",cash,Erikfinance ops,Posted,Check sign
01-Jan-26,G&A,Office rent,Landlord,"4,429",Check,TBD,late invoice,Timing issue
15 Feb-26,Sales,Sales commission,Payroll,"(4,283)",ERP,Andres,accrual,Vendor invoice late
01/2/26,Mktg,Events & webinars,Various,"1,150",Pos,,late invoice,
01/1/26,G&A,Office rent,Landlord,"7,060",Pos,Andres,late invoice,One-off item
01-Jan-26,R&D,AI automation,n8n,"5,726",ERP,,Posted,Vendor invoice late
2026-01-25,Mktg,Events & webinars,Various,352,Pos,,needs mapping,One-off item
25 Mar-26,R&D,AI automation,n8n,"(2,783)",manual Entry,Andres,,Map to GL 6100
01/3/26,Sales,Payroll - sales,Payroll,"2,057",manual Entry,Andres,needs mapping,Map to GL 6100
2026-01-25,Revenue,Subscr. revenue,Retail Customer,"2,724",cash,,needs mapping,One-off item
2026-04-01,R&D,Cloud hosting,AWS / Datadog,"8,711",cash,Alex - FP&A,posted,Check sign
01/1/26,COGS,Cloud hosting,AWS / Datadog,(468),Pos,M. Chen,needs mapping,Vendor invoice late
2026-02-26,R&D,Cloud hosting,AWS / Datadog,"2,852",manual Entry,M. Chen,needs mapping,
15 Feb-26,Sales,Payroll - sales,Payroll,"3,089",Check,Erikfinance ops,,Map to GL 6100
2026-03-28,R&D,Cloud hosting,AWS / Datadog,"9,664",manual Entry,TBD,late invoice,Timing issue
25 Mar-26,Services,Support tools,Zendesk / Gainsight,"7,730",ERP,M. Chen,,Check sign
01/1/26,Services,Support tools,Zendesk / Gainsight,"9,408",Pos,M. Chen,manual adj,Check sign
2026-04-01,Services,Support tools,Zendesk / Gainsight,"6,905",Check,Alex - FP&A,Posted,Map to GL 6100
15 Apr-26,COGS,Cloud hosting,AWS / Datadog,"7,477",cash,M. Chen,late invoice,Vendor invoice late
01/3/26,Services,Prof services,Implementation clients,"6,203",Pos,Andres,Posted,Ask owner
01/1/26,COGS,Cloud hosting,AWS / Datadog,"9,278",Pos,Andres,manual adj,Timing issue
15 Feb-26,Services,Prof services,Implementation clients,"6,625",Check,Alex - FP&A,needs mapping,Check sign
2026-02-26,COGS,Cloud hosting,AWS / Datadog,"3,803",Pos,Erikfinance ops,manual adj,Timing issue
2026-04-01,Marketing,Google Ads,Google / LinkedIn,"4,092",manual Entry,,accrual,Timing issue
2026-02-26,Mktg,Paid media,Google / LinkedIn,"6,755",ERP,M. Chen,Posted,
01/3/26,G&A,Accounting fees,Jason CPA,"1,196",ERP,Andres,manual adj,Check sign
2026-01-25,Marketing,Google Ads,Google / LinkedIn,"7,625",ERP,Erikfinance ops,posted,Ask owner
01-Jan-26,Marketing,Paid media,Google / LinkedIn,"5,629",cash,Erikfinance ops,accrual,Timing issue
2026-04-01,Revenue,Subscr. revenue,Corp. clients,"(8,862)",Check,,Posted,
25 Mar-26,Mktg,Customer appr.,Amazon gift c.,"7,136",Check,Alex - FP&A,late invoice,One-off item
01/2/26,Services,Support tools,Zendesk / Gainsight,"8,930",Pos,,,Vendor invoice late
01/1/26,Mktg,Customer appr.,Soccer Ticket,"8,116",Check,Erikfinance ops,accrual,Vendor invoice late
25 Mar-26,Marketing,Google Ads,Google / LinkedIn,"6,572",manual Entry,M. Chen,manual adj,
2026-02-26,Services,Prof services,Implementation clients,"1,849",Check,Alex - FP&A,needs mapping,
25 Mar-26,Services,Prof services,Implementation clients,"4,368",Pos,Alex - FP&A,late invoice,One-off item
01/1/26,Mktg,Paid media,Google / LinkedIn,"(6,880)",ERP,M. Chen,,Vendor invoice late
25 Mar-26,R&D,Payroll - eng,Payroll,445,manual Entry,,Posted,Timing issue
15 Apr-26,COGS,Materials,Johnsons Supply,"9,148",ERP,Andres,needs mapping,One-off item
01/4/26,Services,Support tools,Zendesk / Gainsight,421,manual Entry,Andres,accrual,
25 Mar-26,Sales,CRM / RevOps tools,Salesforce / Outreach,"3,572",cash,Erikfinance ops,posted,Timing issue
01/1/26,COGS,Materials,Home Depot,"8,114",cash,,accrual,Ask owner
01/2/26,R&D,Payroll - eng,Payroll,"8,407",manual Entry,Erikfinance ops,needs mapping,Check sign
15 Feb-26,G&A,Accounting fees,Brandon,"(8,190)",ERP,,needs mapping,Vendor invoice late
01/4/26,Marketing,Events & webinars,Various,"5,093",Pos,Erikfinance ops,late invoice,Map to GL 6100
01/4/26,Mktg,Paid media,Google / LinkedIn,"4,780",manual Entry,M. Chen,late invoice,Vendor invoice late
01/2/26,Mktg,Events & webinars,Various,139,Check,,Posted,Ask owner
2026-02-26,Marketing,Google Ads,Google / LinkedIn,"2,321",ERP,Andres,posted,Timing issue
2026-03-28,Services,Support tools,Zendesk / Gainsight,"6,447",ERP,Andres,,One-off item
01/1/26,Revenue,Product sales,Corp. clients,"5,709",Check,M. Chen,Posted,Check sign
15 Feb-26,Services,Support tools,Zendesk / Gainsight,"7,976",Check,,manual adj,Vendor invoice late
01/3/26,Mktg,Paid media,Google / LinkedIn,"7,755",Pos,M. Chen,Posted,Map to GL 6100
01/3/26,COGS,Cloud hosting,AWS / Datadog,"8,996",manual Entry,Erikfinance ops,posted,Ask owner
01/4/26,Mktg,Paid media,Google / LinkedIn,"9,003",Check,TBD,needs mapping,Map to GL 6100
2026-03-28,Services,Support tools,Zendesk / Gainsight,"6,925",Pos,M. Chen,needs mapping,
01-Jan-26,Mktg,Customer appr.,Gift hamper,"3,320",manual Entry,Alex - FP&A,manual adj,
15 Feb-26,COGS,Materials,Walmart,"3,261",manual Entry,,posted,Check sign
25 Mar-26,Mktg,Events & webinars,Various,"6,026",Check,Andres,posted,Check sign
15 Feb-26,Marketing,Customer appr.,Gift hamper,"9,834",cash,,posted,Map to GL 6100
2026-01-25,Services,Prof services,Implementation clients,"2,473",Check,Alex - FP&A,posted,One-off item
01-Jan-26,COGS,Materials,Home Depot,"9,109",cash,,accrual,One-off item
01-Jan-26,COGS,Materials,Home Depot,"5,058",cash,TBD,posted,One-off item
25 Mar-26,R&D,Payroll - eng,Payroll,"6,466",Check,Alex - FP&A,manual adj,Check sign
15 Feb-26,G&A,Office rent,Landlord,140,Pos,Alex - FP&A,manual adj,
25 Mar-26,COGS,Cloud hosting,AWS / Datadog,"5,319",Pos,,late invoice,Map to GL 6100
2026-02-26,COGS,Materials,Walmart,"9,120",cash,Alex - FP&A,needs mapping,One-off item
01/4/26,G&A,Office rent,Landlord,"(9,376)",Check,Alex - FP&A,needs mapping,Check sign
2026-01-25,Mktg,Paid media,Google / LinkedIn,"2,679",Pos,,late invoice,Timing issue
01/2/26,Revenue,Product sales,Corp. clients,"6,915",Pos,TBD,Posted,Map to GL 6100
01/1/26,Mktg,Events & webinars,Various,"9,486",cash,,posted,Check sign
2026-04-01,Revenue,Revenue,Corp. clients,"(5,438)",Check,Alex - FP&A,posted,One-off item
01/4/26,Sales,Payroll - sales,Payroll,"6,682",ERP,,late invoice,Map to GL 6100
01/2/26,Mktg,Customer appr.,Amazon gift c.,"5,850",Pos,TBD,posted,Ask owner
25 Mar-26,Sales,Sales commission,Payroll,"6,191",cash,,accrual,Map to GL 6100
01/2/26,COGS,Payroll - eng,Payroll,"2,321",Check,TBD,manual adj,Timing issue
2026-02-26,Sales,Sales commission,Payroll,"5,462",Pos,Erikfinance ops,needs mapping,
2026-02-26,Marketing,Paid media,Google / LinkedIn,77,ERP,TBD,Posted,Check sign
01/2/26,R&D,AI automation,n8n,737,Check,Erikfinance ops,needs mapping,Vendor invoice late
15 Feb-26,Sales,Sales commission,Payroll,"4,798",Check,TBD,,Vendor invoice late
2026-02-26,Marketing,Paid media,Google / LinkedIn,"3,466",Pos,Erikfinance ops,accrual,One-off item
2026-04-01,Sales,Sales commission,Payroll,"(1,234)",manual Entry,Alex - FP&A,late invoice,Vendor invoice late
15 Apr-26,G&A,Accounting fees,Brandon,"4,990",manual Entry,,Posted,Timing issue
01/4/26,Marketing,Google Ads,Google / LinkedIn,"8,554",Check,TBD,,
2026-03-28,Marketing,Customer appr.,Amazon gift c.,"5,502",Check,TBD,posted,One-off item
01-Jan-26,Services,Support tools,Zendesk / Gainsight,"(9,200)",manual Entry,Andres,late invoice,Vendor invoice late
01/3/26,R&D,Payroll - eng,Payroll,"4,437",Pos,M. Chen,,
2026-02-26,Services,Support tools,Zendesk / Gainsight,"6,816",ERP,,manual adj,One-off item
25 Mar-26,Services,Support tools,Zendesk / Gainsight,"(4,605)",Check,TBD,Posted,Timing issue
2026-03-28,Mktg,Customer appr.,Gift hamper,566,manual Entry,,needs mapping,Map to GL 6100
01/3/26,Sales,Payroll - sales,Payroll,"(8,427)",ERP,M. Chen,manual adj,Timing issue
2026-01-25,Revenue,Subscr. revenue,Retail Customer,"5,717",cash,M. Chen,,One-off item
15 Feb-26,Mktg,Paid media,Google / LinkedIn,"8,667",Pos,TBD,needs mapping,Map to GL 6100
15 Apr-26,Mktg,Customer appr.,Soccer Ticket,"5,879",manual Entry,TBD,posted,Map to GL 6100
01-Jan-26,R&D,Cloud hosting,AWS / Datadog,"9,047",manual Entry,M. Chen,,Ask owner
01-Jan-26,G&A,Accounting fees,Brandon,"(6,540)",cash,TBD,manual adj,One-off item
15 Feb-26,Revenue,Product sales,Retail Customer,"1,658",Check,M. Chen,Posted,Check sign
25 Mar-26,Sales,Sales commission,Payroll,85,Check,TBD,needs mapping,Map to GL 6100
2026-04-01,COGS,Cloud hosting,AWS / Datadog,"7,261",Check,Erikfinance ops,,
2026-02-26,Mktg,Paid media,Google / LinkedIn,"6,195",Pos,M. Chen,Posted,One-off item
25 Mar-26,Sales,Sales commission,Payroll,"4,752",ERP,TBD,needs mapping,One-off item
01/3/26,Revenue,Subscr. revenue,Retail Customer,880,ERP,Erikfinance ops,,Vendor invoice late
01-Jan-26,Marketing,Google Ads,Google / LinkedIn,"7,282",Pos,,,Timing issue
15 Feb-26,Sales,Payroll - sales,Payroll,"5,843",cash,TBD,posted,Vendor invoice late
25 Mar-26,Sales,Sales commission,Payroll,"8,078",manual Entry,M. Chen,posted,Ask owner
01-Jan-26,G&A,Office rent,Landlord,757,ERP,M. Chen,accrual,Check sign
25 Mar-26,G&A,Legal fees,Buchalter,"9,151",cash,Alex - FP&A,,Timing issue
01-Jan-26,R&D,Payroll - eng,Payroll,"4,335",ERP,Erikfinance ops,posted,One-off item
01/3/26,COGS,Materials,Walmart,"3,226",Check,Erikfinance ops,,Check sign
2026-03-28,Services,Prof services,Implementation clients,"4,752",cash,Andres,late invoice,Map to GL 6100
01/1/26,R&D,AI automation,n8n,"6,675",cash,Alex - FP&A,posted,Check sign
01/1/26,Sales,CRM / RevOps tools,Salesforce / Outreach,"5,208",ERP,TBD,Posted,Check sign
01-Jan-26,Mktg,Customer appr.,Gift hamper,"3,296",Check,TBD,accrual,
2026-02-26,Services,Prof services,Implementation clients,"1,073",Pos,TBD,Posted,Ask owner
01/3/26,G&A,Office rent,Landlord,"8,420",Pos,TBD,manual adj,
2026-03-28,Sales,Sales commission,Payroll,119,manual Entry,Alex - FP&A,late invoice,Check sign
01/3/26,Services,Support tools,Zendesk / Gainsight,"9,361",cash,Andres,posted,Ask owner
01/1/26,Marketing,Events & webinars,Various,"6,618",ERP,Andres,late invoice,Map to GL 6100
01/4/26,COGS,Payroll - eng,Payroll,"(8,719)",ERP,TBD,,Check sign
01-Jan-26,Marketing,Events & webinars,Various,"2,550",ERP,Alex - FP&A,accrual,Vendor invoice late
15 Feb-26,Services,Prof services,Implementation clients,"9,216",Pos,Andres,needs mapping,Check sign
2026-01-25,R&D,AI automation,n8n,"3,419",Pos,,posted,One-off item
15 Feb-26,G&A,Legal fees,Europa Law firm,"9,775",manual Entry,,late invoice,Vendor invoice late
01/1/26,Revenue,Revenue,Corp. clients,"8,867",manual Entry,Alex - FP&A,posted,Vendor invoice late
01/1/26,Marketing,Customer appr.,Gift hamper,"(4,331)",ERP,M. Chen,needs mapping,Timing issue
2026-04-01,COGS,Payroll - eng,Payroll,"(4,604)",manual Entry,,manual adj,Vendor invoice late
01/1/26,Services,Support tools,Zendesk / Gainsight,"4,047",ERP,Alex - FP&A,Posted,Timing issue
2026-04-01,Marketing,Google Ads,Google / LinkedIn,"(9,618)",cash,TBD,manual adj,Vendor invoice late
15 Apr-26,Revenue,Subscr. revenue,Corp. clients,"7,298",Pos,Erikfinance ops,needs mapping,Ask owner
01/2/26,Marketing,Events & webinars,Various,"4,782",cash,,Posted,
2026-02-26,COGS,Payroll - eng,Payroll,"8,315",ERP,TBD,manual adj,Timing issue
01-Jan-26,R&D,Payroll - eng,Payroll,"7,252",manual Entry,,late invoice,Check sign
25 Mar-26,Services,Prof services,Implementation clients,"5,299",cash,,late invoice,Vendor invoice late
01/1/26,R&D,AI automation,n8n,"3,531",ERP,Alex - FP&A,needs mapping,Ask owner
15 Feb-26,COGS,Cloud hosting,AWS / Datadog,"6,050",Check,Alex - FP&A,late invoice,Ask owner
2026-03-28,G&A,Office rent,Landlord,"5,025",cash,M. Chen,accrual,Map to GL 6100
01/2/26,Revenue,Revenue,Corp. clients,"4,820",manual Entry,Alex - FP&A,Posted,Map to GL 6100
2026-04-01,G&A,Accounting fees,Brandon,"9,976",cash,Alex - FP&A,,Vendor invoice late
15 Apr-26,G&A,Accounting fees,Jason CPA,"8,231",manual Entry,M. Chen,posted,Map to GL 6100
01/1/26,Revenue,Subscr. revenue,Retail Customer,477,Check,Erikfinance ops,late invoice,Check sign
2026-01-25,Marketing,Google Ads,Google / LinkedIn,"(6,727)",Pos,,Posted,Timing issue
2026-01-25,R&D,Cloud hosting,AWS / Datadog,"1,454",Pos,Erikfinance ops,posted,Timing issue
01/2/26,Services,Prof services,Implementation clients,"6,211",Check,M. Chen,late invoice,One-off item
25 Mar-26,Sales,CRM / RevOps tools,Salesforce / Outreach,"8,648",Check,Erikfinance ops,manual adj,Vendor invoice late
15 Feb-26,Sales,CRM / RevOps tools,Salesforce / Outreach,"7,886",cash,Alex - FP&A,accrual,One-off item
2026-01-25,Revenue,Product sales,Corp. clients,"5,828",manual Entry,TBD,manual adj,
15 Feb-26,COGS,Materials,Johnsons Supply,"8,279",manual Entry,M. Chen,needs mapping,Vendor invoice late
2026-03-28,Mktg,Paid media,Google / LinkedIn,"5,403",ERP,,,Map to GL 6100
15 Feb-26,G&A,Legal fees,Buchalter,"7,342",cash,TBD,Posted,Ask owner
25 Mar-26,Sales,CRM / RevOps tools,Salesforce / Outreach,576,Pos,Erikfinance ops,posted,Check sign
2026-04-01,COGS,Payroll - eng,Payroll,"1,126",Pos,Andres,,Map to GL 6100
2026-02-26,Services,Prof services,Implementation clients,"8,789",manual Entry,,needs mapping,Vendor invoice late
2026-04-01,Revenue,Revenue,Corp. clients,"5,945",manual Entry,Andres,Posted,Check sign
2026-02-26,R&D,AI automation,n8n,"6,455",manual Entry,M. Chen,Posted,Vendor invoice late
01/4/26,Services,Prof services,Implementation clients,(934),ERP,Alex - FP&A,accrual,Ask owner
25 Mar-26,Revenue,Revenue,Corp. clients,"9,147",Check,Erikfinance ops,,
01-Jan-26,Services,Prof services,Implementation clients,"2,435",Check,M. Chen,Posted,Check sign
2026-03-28,Sales,Sales commission,Payroll,"8,974",Pos,Erikfinance ops,accrual,Check sign
2026-04-01,Sales,CRM / RevOps tools,Salesforce / Outreach,"(2,027)",cash,TBD,Posted,
01/4/26,Mktg,Paid media,Google / LinkedIn,"(5,037)",ERP,Andres,,Map to GL 6100
2026-04-01,Services,Support tools,Zendesk / Gainsight,"7,032",Pos,TBD,manual adj,Timing issue
01-Jan-26,Marketing,Paid media,Google / LinkedIn,"7,991",cash,Andres,posted,
15 Feb-26,G&A,Legal fees,Buchalter,"(4,808)",ERP,M. Chen,needs mapping,Vendor invoice late
01-Jan-26,G&A,Legal fees,Europa Law firm,"(2,709)",cash,Erikfinance ops,manual adj,Map to GL 6100
25 Mar-26,R&D,Payroll - eng,Payroll,"(6,385)",manual Entry,Andres,manual adj,Map to GL 6100
2026-03-28,Revenue,Service,Corp. clients,529,cash,,late invoice,Timing issue
25 Mar-26,COGS,Payroll - eng,Payroll,"4,174",manual Entry,Alex - FP&A,accrual,Ask owner
15 Feb-26,Sales,Sales commission,Payroll,"9,202",cash,TBD,manual adj,Timing issue
2026-03-28,Revenue,Revenue,Retail Customer,"(5,163)",cash,M. Chen,manual adj,Check sign
2026-01-25,Sales,Sales commission,Payroll,"8,159",ERP,Andres,posted,Timing issue
15 Apr-26,Marketing,Google Ads,Google / LinkedIn,"9,308",Pos,M. Chen,accrual,Map to GL 6100
01/1/26,Sales,Payroll - sales,Payroll,"7,834",Pos,M. Chen,accrual,One-off item
2026-02-26,R&D,Payroll - eng,Payroll,"2,571",cash,M. Chen,posted,Check sign
15 Feb-26,Sales,Payroll - sales,Payroll,"6,187",Check,Erikfinance ops,posted,One-off item
01/2/26,Sales,Payroll - sales,Payroll,"1,775",cash,Andres,,One-off item
01-Jan-26,Marketing,Paid media,Google / LinkedIn,"9,060",ERP,Alex - FP&A,posted,Timing issue
2026-03-28,Mktg,Paid media,Google / LinkedIn,"2,410",ERP,Alex - FP&A,accrual,Map to GL 6100
15 Apr-26,COGS,Materials,Johnsons Supply,"6,644",cash,M. Chen,needs mapping,Check sign
01/4/26,Marketing,Customer appr.,Gift hamper,"6,468",Pos,Erikfinance ops,accrual,One-off item
2026-04-01,Mktg,Paid media,Google / LinkedIn,"(9,946)",Check,Alex - FP&A,accrual,Check sign
01/4/26,G&A,Legal fees,Europa Law firm,"3,022",ERP,Alex - FP&A,manual adj,One-off item
2026-03-28,Marketing,Google Ads,Google / LinkedIn,"8,945",ERP,Andres,needs mapping,Check sign
25 Mar-26,G&A,Office rent,Landlord,"3,860",Check,,needs mapping,One-off item
01/3/26,G&A,Legal fees,Buchalter,"9,463",cash,TBD,needs mapping,Ask owner
01/3/26,Sales,CRM / RevOps tools,Salesforce / Outreach,"(4,915)",cash,Alex - FP&A,,Ask owner
01/1/26,Marketing,Events & webinars,Various,"(4,434)",ERP,,accrual,Check sign
01/1/26,Sales,CRM / RevOps tools,Salesforce / Outreach,"3,177",ERP,,late invoice,One-off item
01/2/26,Marketing,Customer appr.,Soccer Ticket,"8,487",manual Entry,Andres,needs mapping,Ask owner
2026-01-25,Services,Prof services,Implementation clients,"1,847",manual Entry,Erikfinance ops,late invoice,Map to GL 6100
2026-01-25,G&A,Office rent,Landlord,"(2,403)",Check,M. Chen,late invoice,Check sign
01/1/26,G&A,Accounting fees,Brandon,"(1,730)",manual Entry,Andres,posted,Map to GL 6100
2026-02-26,Marketing,Customer appr.,Soccer Ticket,"(6,955)",ERP,Alex - FP&A,accrual,
01/4/26,COGS,Cloud hosting,AWS / Datadog,"(8,304)",Pos,M. Chen,posted,Ask owner
01/4/26,Mktg,Paid media,Google / LinkedIn,"2,813",cash,TBD,posted,Check sign
2026-01-25,Services,Support tools,Zendesk / Gainsight,"6,241",manual Entry,,posted,
15 Apr-26,Sales,Payroll - sales,Payroll,"6,498",ERP,Andres,,
2026-02-26,Sales,Payroll - sales,Payroll,"1,380",Pos,TBD,,Check sign
2026-03-28,Services,Support tools,Zendesk / Gainsight,"(4,118)",Pos,Erikfinance ops,manual adj,Ask owner
25 Mar-26,Revenue,Revenue,Retail Customer,"8,212",cash,M. Chen,Posted,Vendor invoice late
2026-01-25,Services,Support tools,Zendesk / Gainsight,"1,305",Check,Erikfinance ops,manual adj,Timing issue
01/4/26,Mktg,Paid media,Google / LinkedIn,"6,437",Pos,Erikfinance ops,late invoice,Check sign
01/3/26,Services,Prof services,Implementation clients,"6,980",Pos,Alex - FP&A,manual adj,Timing issue
15 Feb-26,Mktg,Customer appr.,Amazon gift c.,"3,660",cash,Andres,Posted,Vendor invoice late
15 Apr-26,Sales,Sales commission,Payroll,"5,815",Check,Erikfinance ops,needs mapping,One-off item
01/4/26,Sales,CRM / RevOps tools,Salesforce / Outreach,"(9,351)",ERP,M. Chen,late invoice,One-off item
01/1/26,Sales,CRM / RevOps tools,Salesforce / Outreach,458,Check,M. Chen,needs mapping,Vendor invoice late
2026-02-26,R&D,Payroll - eng,Payroll,"4,204",manual Entry,M. Chen,late invoice,One-off item
15 Apr-26,Services,Prof services,Implementation clients,"1,715",cash,M. Chen,posted,One-off item
01/1/26,R&D,Cloud hosting,AWS / Datadog,"4,944",manual Entry,TBD,,
25 Mar-26,Marketing,Customer appr.,Amazon gift c.,"9,867",Pos,M. Chen,late invoice,Vendor invoice late
2026-04-01,Services,Support tools,Zendesk / Gainsight,"2,786",Check,,needs mapping,Check sign
2026-03-28,Mktg,Customer appr.,Soccer Ticket,"7,656",Check,M. Chen,manual adj,One-off item
15 Feb-26,G&A,Office rent,Landlord,"3,093",manual Entry,Erikfinance ops,needs mapping,
15 Feb-26,Mktg,Paid media,Google / LinkedIn,"5,384",manual Entry,,late invoice,Ask owner
01-Jan-26,R&D,Cloud hosting,AWS / Datadog,"6,940",cash,Erikfinance ops,needs mapping,Vendor invoice late
01/2/26,COGS,Cloud hosting,AWS / Datadog,"(9,790)",cash,Erikfinance ops,accrual,Ask owner
01/4/26,G&A,Legal fees,Europa Law firm,"(5,205)",cash,M. Chen,accrual,Map to GL 6100
01/4/26,Mktg,Customer appr.,Gift hamper,"5,530",Check,Andres,accrual,Ask owner
2026-04-01,Mktg,Customer appr.,Amazon gift c.,277,manual Entry,M. Chen,Posted,Check sign
01/2/26,G&A,Accounting fees,Brandon,"9,476",cash,Andres,Posted,One-off item
2026-01-25,G&A,Legal fees,Europa Law firm,"5,562",manual Entry,Erikfinance ops,Posted,Vendor invoice late
2026-01-25,Mktg,Customer appr.,Soccer Ticket,"(1,424)",ERP,M. Chen,late invoice,Ask owner
2026-01-25,Revenue,Product sales,Retail Customer,"6,649",Pos,TBD,,Vendor invoice late
2026-02-26,Marketing,Customer appr.,Amazon gift c.,"(2,560)",Pos,Erikfinance ops,,Ask owner
01-Jan-26,Marketing,Google Ads,Google / LinkedIn,"1,207",Pos,Alex - FP&A,,Check sign
01/3/26,COGS,Cloud hosting,AWS / Datadog,"1,151",Pos,M. Chen,Posted,Ask owner
01/2/26,Services,Support tools,Zendesk / Gainsight,"9,286",Check,M. Chen,manual adj,
25 Mar-26,Sales,CRM / RevOps tools,Salesforce / Outreach,"2,495",manual Entry,TBD,posted,One-off item
2026-02-26,Mktg,Paid media,Google / LinkedIn,"2,623",cash,Alex - FP&A,late invoice,One-off item
15 Feb-26,COGS,Cloud hosting,AWS / Datadog,"7,175",Check,Alex - FP&A,accrual,Ask owner
01/4/26,G&A,Accounting fees,Jason CPA,"9,630",Check,Andres,accrual,Ask owner
01/1/26,Services,Prof services,Implementation clients,"6,477",ERP,TBD,,
2026-01-25,Revenue,Subscr. revenue,Retail Customer,"7,966",ERP,TBD,manual adj,One-off item
2026-04-01,G&A,Legal fees,Buchalter,"4,452",Check,Erikfinance ops,,One-off item
2026-02-26,R&D,Payroll - eng,Payroll,(20),Pos,TBD,accrual,Check sign
25 Mar-26,G&A,Office rent,Landlord,"2,060",manual Entry,,manual adj,One-off item
01/1/26,Services,Prof services,Implementation clients,"(4,260)",Pos,Andres,,Check sign
01/3/26,Marketing,Paid media,Google / LinkedIn,"7,229",cash,TBD,late invoice,
01/4/26,Revenue,Subscr. revenue,Retail Customer,"2,146",manual Entry,Andres,late invoice,Timing issue
15 Feb-26,Revenue,Service,Retail Customer,"5,973",manual Entry,Alex - FP&A,Posted,
2026-03-28,G&A,Office rent,Landlord,"5,869",manual Entry,Andres,posted,Timing issue
01/2/26,COGS,Cloud hosting,AWS / Datadog,"7,042",Pos,Alex - FP&A,late invoice,Ask owner
01-Jan-26,Marketing,Events & webinars,Various,"1,434",manual Entry,Alex - FP&A,Posted,Map to GL 6100
01/3/26,Marketing,Customer appr.,Amazon gift c.,"(3,882)",Pos,Andres,Posted,Ask owner
2026-02-26,Services,Support tools,Zendesk / Gainsight,"1,238",Check,TBD,needs mapping,Map to GL 6100
15 Feb-26,Marketing,Google Ads,Google / LinkedIn,"9,228",Pos,Andres,manual adj,Map to GL 6100
15 Apr-26,Revenue,Revenue,Retail Customer,"6,049",Pos,Erikfinance ops,manual adj,Timing issue
2026-01-25,Mktg,Customer appr.,Amazon gift c.,"7,042",ERP,,posted,Map to GL 6100
2026-03-28,Services,Support tools,Zendesk / Gainsight,807,ERP,M. Chen,posted,
01/4/26,Revenue,Subscr. revenue,Corp. clients,"5,605",Pos,M. Chen,,One-off item
25 Mar-26,Marketing,Google Ads,Google / LinkedIn,"4,730",Pos,,manual adj,Timing issue
2026-03-28,R&D,Payroll - eng,Payroll,776,cash,,Posted,Map to GL 6100
01/3/26,R&D,AI automation,n8n,"(9,085)",Pos,,accrual,Vendor invoice late
01/2/26,G&A,Legal fees,Buchalter,"9,946",ERP,Andres,late invoice,Map to GL 6100
2026-01-25,G&A,Accounting fees,Jason CPA,"9,851",manual Entry,,needs mapping,Check sign
25 Mar-26,Mktg,Paid media,Google / LinkedIn,"1,447",Pos,Alex - FP&A,posted,Map to GL 6100
2026-01-25,Sales,Sales commission,Payroll,"(5,008)",Pos,Andres,manual adj,Check sign
2026-04-01,Services,Prof services,Implementation clients,"4,699",manual Entry,TBD,late invoice,Ask owner
01/2/26,COGS,Cloud hosting,AWS / Datadog,"9,340",Check,Alex - FP&A,needs mapping,
01/2/26,Sales,CRM / RevOps tools,Salesforce / Outreach,"9,684",Pos,,late invoice,Timing issue
01/2/26,COGS,Materials,Home Depot,"3,919",cash,Erikfinance ops,Posted,Check sign
01/1/26,Mktg,Events & webinars,Various,270,ERP,,posted,One-off item
01-Jan-26,COGS,Payroll - eng,Payroll,"2,792",manual Entry,M. Chen,needs mapping,One-off item
01-Jan-26,Revenue,Product sales,Corp. clients,181,manual Entry,Andres,Posted,Map to GL 6100
01/3/26,Services,Support tools,Zendesk / Gainsight,"9,110",Pos,TBD,manual adj,Timing issue
2026-01-25,Marketing,Customer appr.,Amazon gift c.,900,Check,TBD,late invoice,Check sign
15 Feb-26,Services,Prof services,Implementation clients,"6,795",ERP,Andres,needs mapping,Ask owner
15 Apr-26,Services,Prof services,Implementation clients,"2,550",Pos,Alex - FP&A,,
01-Jan-26,COGS,Materials,Walmart,"7,724",Pos,Andres,needs mapping,
15 Feb-26,G&A,Accounting fees,Brandon,"1,078",cash,,needs mapping,Timing issue
2026-02-26,Sales,Sales commission,Payroll,"6,643",Pos,Erikfinance ops,Posted,Timing issue
15 Apr-26,Sales,Payroll - sales,Payroll,"(2,835)",Pos,M. Chen,posted,Map to GL 6100
2026-02-26,Marketing,Google Ads,Google / LinkedIn,"(8,487)",ERP,M. Chen,Posted,Check sign
01/1/26,Marketing,Google Ads,Google / LinkedIn,"4,171",ERP,TBD,Posted,Ask owner
2026-02-26,Services,Prof services,Implementation clients,116,manual Entry,Andres,manual adj,One-off item
01/2/26,G&A,Office rent,Landlord,(674),Pos,Erikfinance ops,needs mapping,Vendor invoice late
01/4/26,Revenue,Product sales,Corp. clients,"7,468",Check,Alex - FP&A,late invoice,Map to GL 6100
25 Mar-26,Revenue,Revenue,Corp. clients,"8,377",manual Entry,Alex - FP&A,,Ask owner
01/2/26,G&A,Legal fees,Europa Law firm,"6,287",Pos,Alex - FP&A,accrual,Vendor invoice late
01/2/26,Revenue,Revenue,Corp. clients,"8,984",manual Entry,Alex - FP&A,needs mapping,Ask owner
01/3/26,R&D,Cloud hosting,AWS / Datadog,"(9,257)",Check,Erikfinance ops,,Map to GL 6100
15 Apr-26,COGS,Materials,Home Depot,"1,655",Pos,M. Chen,,Timing issue
01/1/26,COGS,Cloud hosting,AWS / Datadog,"8,463",cash,M. Chen,,Ask owner
01/1/26,R&D,AI automation,n8n,"5,605",cash,Erikfinance ops,,Timing issue
25 Mar-26,Mktg,Customer appr.,Soccer Ticket,"5,989",Check,M. Chen,posted,Check sign
01/4/26,COGS,Payroll - eng,Payroll,"3,370",cash,TBD,manual adj,Map to GL 6100
15 Apr-26,Revenue,Revenue,Corp. clients,"6,261",Pos,Andres,,Ask owner
15 Apr-26,G&A,Legal fees,Europa Law firm,"2,077",manual Entry,Alex - FP&A,needs mapping,
01-Jan-26,Services,Support tools,Zendesk / Gainsight,"5,817",cash,,accrual,Check sign
15 Feb-26,Sales,Payroll - sales,Payroll,"9,003",Check,TBD,late invoice,
01/2/26,R&D,AI automation,n8n,"5,259",Pos,Erikfinance ops,manual adj,Check sign
2026-04-01,Mktg,Customer appr.,Soccer Ticket,"7,723",ERP,TBD,posted,Ask owner
2026-01-25,Services,Prof services,Implementation clients,"9,888",Pos,Andres,accrual,Ask owner
01/2/26,Revenue,Subscr. revenue,Corp. clients,"(6,857)",cash,,Posted,
01-Jan-26,COGS,Materials,Electric house,"7,713",manual Entry,,,Map to GL 6100
2026-02-26,Services,Support tools,Zendesk / Gainsight,"(5,776)",Pos,M. Chen,,
01/2/26,Services,Prof services,Implementation clients,"4,679",manual Entry,Erikfinance ops,posted,
01-Jan-26,Sales,Payroll - sales,Payroll,113,Pos,,,
01-Jan-26,Services,Support tools,Zendesk / Gainsight,"1,545",manual Entry,,posted,One-off item
15 Apr-26,R&D,Cloud hosting,AWS / Datadog,"2,944",Pos,M. Chen,needs mapping,One-off item
2026-03-28,Marketing,Events & webinars,Various,"1,690",Pos,Erikfinance ops,manual adj,Ask owner
2026-03-28,COGS,Materials,Johnsons Supply,"7,149",manual Entry,M. Chen,needs mapping,Vendor invoice late
2026-03-28,R&D,Payroll - eng,Payroll,"5,036",Pos,TBD,late invoice,Check sign
15 Apr-26,G&A,Accounting fees,Brandon,"(7,614)",Pos,Alex - FP&A,needs mapping,Check sign
01/2/26,G&A,Accounting fees,Brandon,"3,215",Check,Erikfinance ops,posted,Timing issue
2026-03-28,Mktg,Paid media,Google / LinkedIn,"8,201",cash,TBD,needs mapping,One-off item
2026-03-28,Services,Support tools,Zendesk / Gainsight,"1,368",manual Entry,Andres,,Map to GL 6100
15 Feb-26,Services,Support tools,Zendesk / Gainsight,"9,591",manual Entry,,late invoice,Ask owner
01/4/26,Revenue,Subscr. revenue,Corp. clients,"6,375",manual Entry,Andres,,Vendor invoice late
25 Mar-26,Mktg,Paid media,Google / LinkedIn,"2,464",manual Entry,M. Chen,late invoice,Vendor invoice late
2026-02-26,Sales,Payroll - sales,Payroll,"5,374",manual Entry,,posted,Vendor invoice late
01-Jan-26,Marketing,Paid media,Google / LinkedIn,"7,885",manual Entry,Alex - FP&A,,
15 Feb-26,G&A,Office rent,Landlord,"7,416",manual Entry,M. Chen,needs mapping,One-off item
01/2/26,Mktg,Customer appr.,Soccer Ticket,"4,099",ERP,Andres,accrual,One-off item
01-Jan-26,Marketing,Events & webinars,Various,"(5,222)",manual Entry,Andres,,Check sign
01/3/26,Mktg,Paid media,Google / LinkedIn,"1,080",ERP,TBD,posted,One-off item
2026-02-26,Mktg,Paid media,Google / LinkedIn,"2,930",ERP,Andres,late invoice,Vendor invoice late
01/3/26,Services,Support tools,Zendesk / Gainsight,"4,420",Pos,TBD,Posted,Vendor invoice late
2026-02-26,R&D,Cloud hosting,AWS / Datadog,"1,281",Check,Andres,needs mapping,Check sign
15 Apr-26,Revenue,Service,Corp. clients,"3,745",cash,TBD,posted,Map to GL 6100
01/3/26,Sales,Sales commission,Payroll,"1,142",manual Entry,Alex - FP&A,Posted,Map to GL 6100
01/4/26,Mktg,Events & webinars,Various,"3,873",cash,M. Chen,manual adj,Timing issue
01/4/26,COGS,Payroll - eng,Payroll,"6,074",cash,TBD,accrual,Map to GL 6100
15 Feb-26,Revenue,Service,Corp. clients,"(5,002)",ERP,,posted,
01/2/26,Revenue,Product sales,Retail Customer,"1,660",cash,Alex - FP&A,accrual,Check sign
01-Jan-26,R&D,Payroll - eng,Payroll,"5,870",Pos,Erikfinance ops,manual adj,Check sign
01/1/26,Sales,Sales commission,Payroll,"(4,198)",Pos,M. Chen,needs mapping,Vendor invoice late
25 Mar-26,Revenue,Revenue,Corp. clients,"(9,802)",manual Entry,TBD,,Timing issue
15 Apr-26,Services,Prof services,Implementation clients,"1,522",Pos,Erikfinance ops,Posted,One-off item
2026-01-25,Sales,Sales commission,Payroll,"1,468",manual Entry,Erikfinance ops,accrual,Map to GL 6100
2026-04-01,R&D,Payroll - eng,Payroll,"5,895",manual Entry,Alex - FP&A,manual adj,Check sign
01/4/26,COGS,Materials,Johnsons Supply,"(1,870)",Pos,Alex - FP&A,late invoice,Vendor invoice late
2026-01-25,Revenue,Product sales,Corp. clients,"9,085",ERP,Andres,,One-off item
2026-01-25,R&D,Payroll - eng,Payroll,"9,925",ERP,,manual adj,Ask owner
2026-02-26,Sales,CRM / RevOps tools,Salesforce / Outreach,"1,693",Check,TBD,posted,Map to GL 6100
15 Apr-26,G&A,Office rent,Landlord,516,Pos,,,Check sign
15 Apr-26,Services,Prof services,Implementation clients,"7,060",Pos,M. Chen,accrual,Check sign
15 Apr-26,Sales,Payroll - sales,Payroll,270,Pos,,needs mapping,Map to GL 6100
2026-04-01,Mktg,Events & webinars,Various,"4,338",Check,M. Chen,late invoice,Ask owner
01-Jan-26,COGS,Cloud hosting,AWS / Datadog,"8,520",cash,Andres,Posted,
2026-01-25,G&A,Legal fees,Buchalter,"2,646",ERP,M. Chen,needs mapping,
2026-02-26,R&D,Payroll - eng,Payroll,"9,280",cash,,manual adj,Timing issue
01/4/26,G&A,Legal fees,Buchalter,"8,580",cash,Alex - FP&A,Posted,Map to GL 6100
25 Mar-26,COGS,Payroll - eng,Payroll,"2,991",Check,TBD,manual adj,Timing issue
2026-01-25,COGS,Cloud hosting,AWS / Datadog,"8,320",Pos,,late invoice,Timing issue
2026-03-28,Revenue,Service,Retail Customer,"2,685",cash,Alex - FP&A,manual adj,Vendor invoice late
01/4/26,COGS,Materials,Johnsons Supply,"(9,646)",manual Entry,Andres,Posted,Map to GL 6100
15 Feb-26,Mktg,Paid media,Google / LinkedIn,"3,487",Pos,M. Chen,Posted,
01-Jan-26,COGS,Materials,Electric house,"(9,969)",Pos,Erikfinance ops,late invoice,
2026-01-25,G&A,Office rent,Landlord,"3,245",Pos,TBD,needs mapping,Map to GL 6100
15 Apr-26,G&A,Accounting fees,Jason CPA,"9,880",Check,,Posted,Ask owner
01/2/26,R&D,Payroll - eng,Payroll,"1,081",manual Entry,M. Chen,late invoice,Timing issue
15 Feb-26,COGS,Cloud hosting,AWS / Datadog,"5,239",ERP,TBD,accrual,Timing issue
01/3/26,Revenue,Service,Retail Customer,"2,388",Pos,Erikfinance ops,needs mapping,One-off item
01/3/26,Revenue,Subscr. revenue,Retail Customer,"5,716",manual Entry,TBD,,Check sign
25 Mar-26,Mktg,Customer appr.,Gift hamper,"4,745",manual Entry,Andres,manual adj,Map to GL 6100
2026-04-01,Mktg,Paid media,Google / LinkedIn,"6,675",Pos,Erikfinance ops,late invoice,Timing issue
15 Apr-26,G&A,Legal fees,Buchalter,"8,332",cash,Alex - FP&A,manual adj,
01/3/26,G&A,Accounting fees,Brandon,"2,963",Pos,TBD,Posted,Ask owner
01/1/26,Sales,Payroll - sales,Payroll,"5,359",manual Entry,Alex - FP&A,posted,
2026-02-26,Sales,CRM / RevOps tools,Salesforce / Outreach,"1,430",Pos,TBD,accrual,Ask owner
2026-02-26,COGS,Materials,Johnsons Supply,"8,257",Check,Alex - FP&A,accrual,Ask owner
2026-03-28,Mktg,Customer appr.,Amazon gift c.,"3,512",Pos,Andres,accrual,Check sign
25 Mar-26,Sales,Payroll - sales,Payroll,"(4,223)",manual Entry,,Posted,Map to GL 6100
2026-01-25,Services,Support tools,Zendesk / Gainsight,"6,724",manual Entry,Andres,posted,Check sign
2026-01-25,Marketing,Customer appr.,Soccer Ticket,"(8,185)",cash,Andres,posted,One-off item
01/4/26,G&A,Accounting fees,Jason CPA,"3,279",manual Entry,TBD,late invoice,Ask owner
01/1/26,Mktg,Paid media,Google / LinkedIn,"8,612",cash,TBD,posted,Ask owner
25 Mar-26,Mktg,Events & webinars,Various,"7,360",cash,M. Chen,posted,Map to GL 6100
2026-04-01,Revenue,Subscr. revenue,Retail Customer,"(9,584)",Pos,M. Chen,late invoice,
2026-02-26,Sales,Payroll - sales,Payroll,"1,687",Pos,TBD,,Ask owner
2026-03-28,Marketing,Customer appr.,Soccer Ticket,"2,239",cash,M. Chen,manual adj,Check sign
25 Mar-26,Sales,Payroll - sales,Payroll,"5,678",Check,M. Chen,accrual,
2026-01-25,Mktg,Customer appr.,Amazon gift c.,"1,722",manual Entry,Erikfinance ops,needs mapping,One-off item
2026-04-01,Services,Prof services,Implementation clients,"(4,590)",Check,Andres,Posted,One-off item
2026-01-25,Mktg,Customer appr.,Soccer Ticket,"6,850",ERP,M. Chen,Posted,Map to GL 6100
2026-01-25,Revenue,Subscr. revenue,Corp. clients,"6,820",Check,Alex - FP&A,Posted,Map to GL 6100
01/1/26,Mktg,Customer appr.,Soccer Ticket,"3,200",ERP,Alex - FP&A,accrual,One-off item
01/2/26,Services,Prof services,Implementation clients,"4,204",Pos,Andres,accrual,
01/1/26,Services,Support tools,Zendesk / Gainsight,"1,407",Check,,posted,Check sign
15 Apr-26,Services,Support tools,Zendesk / Gainsight,"7,020",manual Entry,,posted,Timing issue
15 Apr-26,Services,Prof services,Implementation clients,"(6,998)",cash,,Posted,One-off item
2026-01-25,COGS,Cloud hosting,AWS / Datadog,"(2,116)",Pos,M. Chen,accrual,Timing issue
01/1/26,G&A,Legal fees,Buchalter,"2,948",Pos,M. Chen,manual adj,Timing issue
25 Mar-26,Marketing,Paid media,Google / LinkedIn,58,Check,,posted,Check sign
01/2/26,Sales,CRM / RevOps tools,Salesforce / Outreach,"7,738",Check,M. Chen,late invoice,One-off item
15 Apr-26,COGS,Materials,Walmart,"3,754",Pos,Erikfinance ops,posted,Vendor invoice late
2026-02-26,Marketing,Paid media,Google / LinkedIn,"5,828",manual Entry,Erikfinance ops,Posted,Map to GL 6100
2026-04-01,R&D,AI automation,n8n,"9,607",Check,M. Chen,late invoice,Check sign
15 Feb-26,R&D,Payroll - eng,Payroll,"4,989",Check,Erikfinance ops,late invoice,Map to GL 6100
01/1/26,Marketing,Events & webinars,Various,"3,431",ERP,TBD,accrual,One-off item
15 Apr-26,Mktg,Customer appr.,Gift hamper,"8,746",ERP,Erikfinance ops,,Vendor invoice late
01/4/26,Mktg,Customer appr.,Gift hamper,"9,633",manual Entry,,manual adj,Map to GL 6100
25 Mar-26,Sales,Sales commission,Payroll,152,Pos,Alex - FP&A,accrual,Ask owner
2026-01-25,Services,Prof services,Implementation clients,"1,039",manual Entry,,late invoice,Timing issue
01/3/26,Sales,CRM / RevOps tools,Salesforce / Outreach,"2,677",Check,Erikfinance ops,,Timing issue
2026-01-25,Sales,CRM / RevOps tools,Salesforce / Outreach,237,manual Entry,Alex - FP&A,,Ask owner
15 Feb-26,Sales,CRM / RevOps tools,Salesforce / Outreach,"6,182",ERP,Alex - FP&A,manual adj,One-off item
01/3/26,Marketing,Events & webinars,Various,"(7,233)",ERP,TBD,late invoice,One-off item
15 Apr-26,G&A,Office rent,Landlord,"6,792",Pos,,,
25 Mar-26,G&A,Legal fees,Buchalter,"8,364",ERP,Andres,posted,One-off item
01/2/26,Sales,Sales commission,Payroll,"8,382",manual Entry,Andres,,Ask owner
01/1/26,Sales,Sales commission,Payroll,"7,080",manual Entry,Alex - FP&A,late invoice,Check sign
01/1/26,Marketing,Customer appr.,Amazon gift c.,446,manual Entry,Andres,late invoice,Ask owner
2026-04-01,COGS,Cloud hosting,AWS / Datadog,"1,525",cash,Andres,needs mapping,Vendor invoice late
01/3/26,G&A,Office rent,Landlord,"(3,355)",Pos,,posted,Ask owner
01-Jan-26,Services,Support tools,Zendesk / Gainsight,"2,316",Check,M. Chen,manual adj,One-off item
2026-02-26,G&A,Legal fees,Europa Law firm,"7,236",manual Entry,Erikfinance ops,manual adj,Vendor invoice late
2026-02-26,Revenue,Revenue,Retail Customer,"1,462",cash,Alex - FP&A,,Map to GL 6100
01/4/26,COGS,Cloud hosting,AWS / Datadog,"7,671",Check,TBD,accrual,
25 Mar-26,G&A,Legal fees,Buchalter,"(7,256)",ERP,,posted,Check sign
2026-01-25,Marketing,Paid media,Google / LinkedIn,"5,376",manual Entry,M. Chen,late invoice,Map to GL 6100
15 Apr-26,Mktg,Events & webinars,Various,"7,843",manual Entry,Alex - FP&A,manual adj,Vendor invoice late
15 Apr-26,Mktg,Customer appr.,Soccer Ticket,"1,405",Check,,manual adj,Check sign
2026-01-25,Sales,CRM / RevOps tools,Salesforce / Outreach,"2,897",manual Entry,Alex - FP&A,posted,Ask owner
2026-03-28,G&A,Accounting fees,Brandon,"2,076",Check,,manual adj,Vendor invoice late
01/1/26,Marketing,Paid media,Google / LinkedIn,"5,813",ERP,Alex - FP&A,needs mapping,Map to GL 6100
2026-02-26,Sales,Payroll - sales,Payroll,"8,945",ERP,Alex - FP&A,late invoice,Check sign
2026-03-28,Mktg,Paid media,Google / LinkedIn,"5,638",cash,Andres,Posted,One-off item
2026-02-26,Sales,Sales commission,Payroll,424,cash,Erikfinance ops,needs mapping,Map to GL 6100
2026-03-28,Revenue,Service,Corp. clients,"(7,082)",Check,Andres,,Check sign
2026-02-26,R&D,Payroll - eng,Payroll,"4,970",cash,M. Chen,manual adj,Map to GL 6100
15 Apr-26,R&D,AI automation,n8n,"7,498",Check,Erikfinance ops,,
2026-04-01,Services,Prof services,Implementation clients,"6,419",cash,Alex - FP&A,posted,Vendor invoice late
2026-01-25,R&D,Payroll - eng,Payroll,"1,216",Pos,TBD,needs mapping,Map to GL 6100
15 Feb-26,Marketing,Customer appr.,Soccer Ticket,(80),cash,Andres,,
01/2/26,Sales,Sales commission,Payroll,711,cash,,manual adj,One-off item
01/1/26,G&A,Office rent,Landlord,"8,232",Pos,TBD,late invoice,Ask owner
01/4/26,Mktg,Events & webinars,Various,"7,762",Pos,Erikfinance ops,posted,Ask owner
2026-04-01,G&A,Office rent,Landlord,"5,648",Check,Erikfinance ops,accrual,One-off item
01/1/26,COGS,Payroll - eng,Payroll,"7,534",Check,Erikfinance ops,needs mapping,Timing issue
01/4/26,G&A,Accounting fees,Brandon,"4,035",Check,TBD,needs mapping,One-off item
01/4/26,G&A,Legal fees,Buchalter,496,Check,TBD,posted,Ask owner
2026-04-01,COGS,Cloud hosting,AWS / Datadog,"8,648",ERP,TBD,Posted,Ask owner
2026-04-01,Revenue,Subscr. revenue,Retail Customer,"(7,850)",ERP,Erikfinance ops,accrual,
2026-02-26,COGS,Materials,Johnsons Supply,"2,990",ERP,TBD,accrual,One-off item
25 Mar-26,Revenue,Revenue,Corp. clients,"2,798",Pos,Erikfinance ops,manual adj,Vendor invoice late
01/2/26,Services,Support tools,Zendesk / Gainsight,"(7,223)",manual Entry,TBD,posted,Check sign
2026-04-01,G&A,Office rent,Landlord,"4,110",cash,Erikfinance ops,needs mapping,Check sign
2026-02-26,Marketing,Events & webinars,Various,"4,733",Check,,Posted,
2026-03-28,G&A,Office rent,Landlord,"1,432",cash,Alex - FP&A,,Timing issue
2026-04-01,Revenue,Service,Corp. clients,"6,968",cash,,accrual,Check sign
01-Jan-26,Marketing,Google Ads,Google / LinkedIn,"(1,784)",Check,Erikfinance ops,posted,Map to GL 6100
01/1/26,Sales,CRM / RevOps tools,Salesforce / Outreach,"4,309",ERP,Alex - FP&A,accrual,Timing issue
01/1/26,COGS,Cloud hosting,AWS / Datadog,"8,078",cash,Alex - FP&A,accrual,Map to GL 6100
01/2/26,COGS,Materials,Johnsons Supply,"9,516",Check,TBD,posted,
2026-02-26,G&A,Office rent,Landlord,"6,755",Pos,TBD,posted,Ask owner
01/1/26,COGS,Cloud hosting,AWS / Datadog,"6,337",cash,Andres,accrual,Check sign
01/2/26,Marketing,Google Ads,Google / LinkedIn,"(4,034)",manual Entry,TBD,posted,Check sign
01/3/26,Revenue,Revenue,Retail Customer,"8,904",manual Entry,Alex - FP&A,Posted,Vendor invoice late
2026-02-26,G&A,Office rent,Landlord,170,Pos,M. Chen,Posted,
01/2/26,Sales,Sales commission,Payroll,"(1,776)",manual Entry,,late invoice,Map to GL 6100
15 Feb-26,Revenue,Product sales,Corp. clients,(686),Check,Andres,needs mapping,
2026-04-01,R&D,AI automation,n8n,"(6,363)",manual Entry,Alex - FP&A,posted,Check sign
2026-03-28,Revenue,Product sales,Corp. clients,"5,229",Check,Erikfinance ops,Posted,Check sign
15 Feb-26,Sales,Payroll - sales,Payroll,"5,192",cash,Erikfinance ops,late invoice,Check sign
2026-01-25,Revenue,Subscr. revenue,Corp. clients,"4,876",ERP,Erikfinance ops,manual adj,Vendor invoice late
2026-02-26,Revenue,Product sales,Retail Customer,(278),cash,,Posted,Vendor invoice late
01/2/26,COGS,Payroll - eng,Payroll,"6,618",Pos,Andres,needs mapping,
01/2/26,Mktg,Paid media,Google / LinkedIn,"(2,391)",Pos,,Posted,Check sign
01-Jan-26,Services,Support tools,Zendesk / Gainsight,"(8,407)",Pos,TBD,needs mapping,One-off item
2026-02-26,Mktg,Customer appr.,Soccer Ticket,"9,795",manual Entry,Erikfinance ops,needs mapping,Map to GL 6100
15 Apr-26,Revenue,Product sales,Retail Customer,"(9,243)",Pos,Alex - FP&A,manual adj,Vendor invoice late
2026-04-01,Services,Support tools,Zendesk / Gainsight,"5,051",ERP,,posted,Timing issue
25 Mar-26,R&D,AI automation,n8n,"(1,836)",Pos,M. Chen,,Map to GL 6100
2026-02-26,Mktg,Paid media,Google / LinkedIn,"(4,004)",Check,TBD,Posted,Ask owner
2026-01-25,R&D,AI automation,n8n,"4,935",Pos,Erikfinance ops,manual adj,One-off item
2026-02-26,Mktg,Paid media,Google / LinkedIn,"2,026",ERP,M. Chen,Posted,Vendor invoice late
15 Apr-26,Marketing,Customer appr.,Amazon gift c.,"3,122",manual Entry,,manual adj,Vendor invoice late
25 Mar-26,Mktg,Events & webinars,Various,"(7,270)",cash,Alex - FP&A,Posted,Timing issue
2026-01-25,Mktg,Customer appr.,Gift hamper,"5,153",manual Entry,M. Chen,needs mapping,Vendor invoice late
2026-04-01,Mktg,Events & webinars,Various,"8,783",cash,Andres,accrual,
2026-04-01,Mktg,Customer appr.,Gift hamper,"4,562",cash,TBD,,Map to GL 6100
25 Mar-26,Services,Prof services,Implementation clients,"1,008",cash,Erikfinance ops,late invoice,Check sign
01/4/26,Mktg,Paid media,Google / LinkedIn,"7,552",manual Entry,M. Chen,,
2026-02-26,G&A,Accounting fees,Brandon,"3,989",ERP,Alex - FP&A,posted,
2026-01-25,Services,Prof services,Implementation clients,"(6,303)",cash,Alex - FP&A,Posted,Vendor invoice late
01/3/26,COGS,Payroll - eng,Payroll,"(2,785)",Check,Andres,,Timing issue
01/3/26,Sales,CRM / RevOps tools,Salesforce / Outreach,"(6,352)",cash,Andres,Posted,Check sign
01/1/26,Mktg,Customer appr.,Amazon gift c.,"8,225",Check,Alex - FP&A,needs mapping,Map to GL 6100
2026-04-01,Sales,Sales commission,Payroll,"4,443",manual Entry,Erikfinance ops,,Vendor invoice late
2026-01-25,Services,Prof services,Implementation clients,"(2,867)",manual Entry,Erikfinance ops,posted,
15 Feb-26,COGS,Payroll - eng,Payroll,"3,398",manual Entry,Erikfinance ops,,One-off item
01/2/26,COGS,Materials,Electric house,"6,426",Pos,,posted,Timing issue
2026-01-25,R&D,AI automation,n8n,"8,237",Pos,TBD,posted,Map to GL 6100
15 Feb-26,Mktg,Customer appr.,Soccer Ticket,"(8,137)",Pos,M. Chen,,Timing issue
01/4/26,G&A,Legal fees,Buchalter,"(4,637)",manual Entry,,posted,Check sign
2026-02-26,R&D,Payroll - eng,Payroll,"(4,618)",Pos,Alex - FP&A,,One-off item
15 Apr-26,COGS,Payroll - eng,Payroll,"5,329",Pos,TBD,posted,Map to GL 6100
01-Jan-26,Mktg,Customer appr.,Soccer Ticket,29,ERP,Alex - FP&A,accrual,Map to GL 6100
01-Jan-26,R&D,Payroll - eng,Payroll,"5,146",Pos,,accrual,Ask owner
25 Mar-26,Sales,CRM / RevOps tools,Salesforce / Outreach,"5,319",cash,M. Chen,manual adj,One-off item
01/3/26,Marketing,Paid media,Google / LinkedIn,(429),Pos,Alex - FP&A,Posted,One-off item
01/3/26,Sales,CRM / RevOps tools,Salesforce / Outreach,"3,067",cash,,accrual,Map to GL 6100
15 Apr-26,Revenue,Service,Retail Customer,"(8,463)",manual Entry,Erikfinance ops,accrual,Vendor invoice late
2026-04-01,Revenue,Revenue,Corp. clients,"(9,240)",ERP,M. Chen,manual adj,Vendor invoice late
2026-04-01,R&D,Cloud hosting,AWS / Datadog,"6,514",ERP,Andres,posted,Map to GL 6100
25 Mar-26,Revenue,Revenue,Corp. clients,"3,425",Check,M. Chen,Posted,Map to GL 6100
15 Feb-26,Marketing,Google Ads,Google / LinkedIn,"(2,739)",cash,M. Chen,accrual,Check sign
2026-04-01,Services,Prof services,Implementation clients,"9,571",ERP,,late invoice,Timing issue
2026-04-01,COGS,Cloud hosting,AWS / Datadog,"8,714",Check,,accrual,Vendor invoice late
2026-04-01,COGS,Cloud hosting,AWS / Datadog,30,ERP,M. Chen,late invoice,
01/1/26,Services,Prof services,Implementation clients,"4,854",cash,Andres,accrual,Vendor invoice late
01/3/26,Revenue,Revenue,Corp. clients,"7,886",manual Entry,Erikfinance ops,needs mapping,One-off item
2026-02-26,Sales,Payroll - sales,Payroll,"3,811",Pos,Andres,Posted,Timing issue
25 Mar-26,Services,Prof services,Implementation clients,"3,679",Check,Erikfinance ops,posted,Vendor invoice late
01/2/26,Revenue,Revenue,Retail Customer,"1,585",Check,,posted,Vendor invoice late
01-Jan-26,Sales,Sales commission,Payroll,607,ERP,M. Chen,,Ask owner
2026-02-26,Sales,Sales commission,Payroll,"7,816",Pos,M. Chen,accrual,Map to GL 6100
01/1/26,Marketing,Customer appr.,Soccer Ticket,"8,550",Pos,M. Chen,Posted,Map to GL 6100
01/1/26,Mktg,Events & webinars,Various,"5,980",manual Entry,TBD,Posted,One-off item
15 Feb-26,Marketing,Paid media,Google / LinkedIn,"2,879",Pos,Alex - FP&A,late invoice,One-off item
2026-01-25,R&D,Payroll - eng,Payroll,"4,919",Pos,,manual adj,Check sign
01/1/26,Services,Prof services,Implementation clients,"2,827",ERP,TBD,,Ask owner
2026-04-01,Sales,CRM / RevOps tools,Salesforce / Outreach,"(1,499)",ERP,Erikfinance ops,manual adj,Timing issue
01/3/26,Mktg,Paid media,Google / LinkedIn,"6,010",Check,Alex - FP&A,posted,One-off item
15 Feb-26,Revenue,Subscr. revenue,Corp. clients,"7,645",Check,Andres,posted,Check sign
01/1/26,Mktg,Customer appr.,Soccer Ticket,"5,835",Pos,Andres,Posted,Check sign
2026-03-28,R&D,Cloud hosting,AWS / Datadog,"(3,919)",manual Entry,TBD,,Check sign
2026-03-28,G&A,Office rent,Landlord,"(2,860)",Check,TBD,late invoice,One-off item
01-Jan-26,R&D,Payroll - eng,Payroll,"2,832",manual Entry,TBD,posted,Map to GL 6100
15 Apr-26,Services,Prof services,Implementation clients,"1,247",manual Entry,Andres,late invoice,
25 Mar-26,R&D,Cloud hosting,AWS / Datadog,"7,414",ERP,Erikfinance ops,late invoice,Timing issue
2026-01-25,Services,Prof services,Implementation clients,"(3,891)",manual Entry,Alex - FP&A,needs mapping,Ask owner
25 Mar-26,R&D,Cloud hosting,AWS / Datadog,"2,843",Check,Erikfinance ops,Posted,
01-Jan-26,Services,Prof services,Implementation clients,"7,947",Check,Erikfinance ops,late invoice,Map to GL 6100
2026-04-01,Revenue,Product sales,Corp. clients,"(6,181)",manual Entry,Erikfinance ops,needs mapping,Ask owner
2026-01-25,Revenue,Product sales,Retail Customer,"(6,101)",ERP,Erikfinance ops,needs mapping,Check sign
2026-04-01,Services,Prof services,Implementation clients,"8,852",ERP,,posted,
15 Apr-26,Services,Support tools,Zendesk / Gainsight,"4,984",cash,,accrual,
01/3/26,R&D,Cloud hosting,AWS / Datadog,"1,585",Pos,Alex - FP&A,Posted,Timing issue
01-Jan-26,Mktg,Customer appr.,Amazon gift c.,"4,149",Check,TBD,needs mapping,Vendor invoice late
2026-03-28,Sales,CRM / RevOps tools,Salesforce / Outreach,"8,268",ERP,,manual adj,Timing issue
01/2/26,Services,Support tools,Zendesk / Gainsight,"7,130",manual Entry,Erikfinance ops,Posted,Timing issue
25 Mar-26,Mktg,Paid media,Google / LinkedIn,"9,444",Check,,late invoice,Ask owner
2026-01-25,Revenue,Service,Retail Customer,"(5,442)",Pos,,Posted,One-off item
15 Apr-26,Services,Prof services,Implementation clients,"9,646",Check,Andres,,One-off item
01/3/26,Sales,Sales commission,Payroll,"5,307",Check,,,Vendor invoice late
15 Apr-26,G&A,Accounting fees,Brandon,"3,466",ERP,Erikfinance ops,,Map to GL 6100
2026-04-01,Mktg,Paid media,Google / LinkedIn,"6,644",manual Entry,Andres,accrual,Map to GL 6100
2026-04-01,Sales,CRM / RevOps tools,Salesforce / Outreach,"5,432",Pos,Erikfinance ops,late invoice,
25 Mar-26,R&D,Cloud hosting,AWS / Datadog,"3,712",ERP,TBD,Posted,Ask owner
2026-04-01,Revenue,Product sales,Corp. clients,"9,867",ERP,Andres,needs mapping,Map to GL 6100
01/4/26,G&A,Office rent,Landlord,"(9,609)",cash,,posted,Check sign
2026-02-26,Revenue,Service,Retail Customer,"(2,713)",Check,TBD,needs mapping,Timing issue
15 Feb-26,G&A,Accounting fees,Jason CPA,"3,830",manual Entry,M. Chen,needs mapping,Vendor invoice late
15 Feb-26,COGS,Materials,Home Depot,"9,225",Pos,Alex - FP&A,,Map to GL 6100
2026-01-25,R&D,Cloud hosting,AWS / Datadog,"2,847",Check,TBD,accrual,Check sign
15 Apr-26,Services,Support tools,Zendesk / Gainsight,"(1,697)",manual Entry,Alex - FP&A,needs mapping,Map to GL 6100
25 Mar-26,COGS,Materials,Electric house,"(9,339)",cash,TBD,late invoice,
15 Feb-26,COGS,Materials,Home Depot,"3,536",manual Entry,Andres,manual adj,
25 Mar-26,Marketing,Events & webinars,Various,"8,507",Pos,,needs mapping,Timing issue
15 Feb-26,Mktg,Paid media,Google / LinkedIn,"(3,373)",ERP,Erikfinance ops,accrual,Check sign
2026-01-25,G&A,Legal fees,Europa Law firm,"(8,986)",manual Entry,Andres,,Ask owner
2026-02-26,COGS,Payroll - eng,Payroll,"6,506",manual Entry,Andres,late invoice,Map to GL 6100
2026-04-01,Mktg,Customer appr.,Soccer Ticket,"3,116",manual Entry,Erikfinance ops,needs mapping,Timing issue
01-Jan-26,Sales,Sales commission,Payroll,"7,241",Check,TBD,needs mapping,One-off item
2026-04-01,R&D,AI automation,n8n,"1,771",ERP,Andres,,Check sign
2026-01-25,COGS,Materials,Walmart,"8,334",Check,TBD,accrual,Map to GL 6100
01-Jan-26,Sales,CRM / RevOps tools,Salesforce / Outreach,"9,807",ERP,Alex - FP&A,,Check sign
01-Jan-26,Mktg,Paid media,Google / LinkedIn,"(2,896)",manual Entry,TBD,,Map to GL 6100
2026-01-25,Mktg,Customer appr.,Soccer Ticket,"(3,400)",manual Entry,Andres,late invoice,
2026-01-25,Revenue,Revenue,Corp. clients,(145),Pos,TBD,,Check sign
2026-01-25,Mktg,Paid media,Google / LinkedIn,"6,839",ERP,Andres,accrual,
01/3/26,COGS,Cloud hosting,AWS / Datadog,"4,383",ERP,TBD,posted,Map to GL 6100
01/4/26,Services,Prof services,Implementation clients,"2,651",ERP,Erikfinance ops,late invoice,Map to GL 6100
15 Feb-26,Sales,Sales commission,Payroll,"3,326",manual Entry,M. Chen,late invoice,Timing issue
01/1/26,Sales,Sales commission,Payroll,63,manual Entry,,late invoice,One-off item
25 Mar-26,R&D,Payroll - eng,Payroll,"2,964",Pos,,late invoice,
15 Feb-26,Marketing,Google Ads,Google / LinkedIn,(226),cash,TBD,Posted,Map to GL 6100
2026-01-25,Mktg,Customer appr.,Soccer Ticket,"7,246",Pos,Erikfinance ops,,Check sign
01/1/26,Mktg,Customer appr.,Soccer Ticket,"2,450",cash,Erikfinance ops,late invoice,
2026-02-26,Mktg,Paid media,Google / LinkedIn,"2,046",cash,M. Chen,manual adj,Check sign
25 Mar-26,Services,Support tools,Zendesk / Gainsight,"1,171",manual Entry,Alex - FP&A,,Ask owner
01/3/26,COGS,Cloud hosting,AWS / Datadog,535,cash,,,Check sign
2026-02-26,Mktg,Paid media,Google / LinkedIn,"(2,384)",ERP,Erikfinance ops,accrual,One-off item
01/3/26,R&D,Cloud hosting,AWS / Datadog,466,ERP,,manual adj,
15 Apr-26,Revenue,Revenue,Corp. clients,"(9,858)",Pos,TBD,,Map to GL 6100
01/2/26,Revenue,Product sales,Retail Customer,"3,945",cash,TBD,late invoice,
25 Mar-26,Mktg,Events & webinars,Various,856,Pos,M. Chen,,
01/4/26,R&D,AI automation,n8n,"9,289",Pos,,manual adj,Timing issue
2026-04-01,Sales,Payroll - sales,Payroll,"3,572",Pos,M. Chen,manual adj,Vendor invoice late
15 Feb-26,Marketing,Customer appr.,Soccer Ticket,"4,234",Pos,Alex - FP&A,late invoice,Ask owner
01/3/26,Sales,Sales commission,Payroll,"3,644",ERP,TBD,needs mapping,Timing issue
01/2/26,Sales,Payroll - sales,Payroll,"4,320",Pos,,late invoice,Check sign
2026-02-26,Marketing,Events & webinars,Various,"8,910",Check,,posted,
2026-02-26,Revenue,Subscr. revenue,Retail Customer,"1,505",cash,,posted,Vendor invoice late
2026-02-26,Mktg,Customer appr.,Amazon gift c.,"5,050",cash,M. Chen,Posted,Check sign
2026-02-26,Services,Support tools,Zendesk / Gainsight,"7,577",manual Entry,,posted,Vendor invoice late
01/4/26,R&D,AI automation,n8n,"2,836",Check,Andres,needs mapping,Check sign
01/1/26,Marketing,Customer appr.,Soccer Ticket,"4,822",ERP,Erikfinance ops,,Map to GL 6100
2026-03-28,G&A,Office rent,Landlord,"6,253",cash,Alex - FP&A,needs mapping,One-off item
2026-01-25,Marketing,Customer appr.,Soccer Ticket,"(7,387)",manual Entry,M. Chen,needs mapping,One-off item
01/3/26,R&D,Cloud hosting,AWS / Datadog,319,manual Entry,M. Chen,accrual,One-off item
2026-02-26,G&A,Office rent,Landlord,404,manual Entry,Alex - FP&A,late invoice,Map to GL 6100
25 Mar-26,COGS,Payroll - eng,Payroll,"9,701",ERP,Alex - FP&A,posted,Check sign
2026-03-28,COGS,Payroll - eng,Payroll,"8,832",Pos,,late invoice,Timing issue
01/2/26,G&A,Legal fees,Europa Law firm,"2,785",Pos,TBD,late invoice,Check sign
01/3/26,Marketing,Paid media,Google / LinkedIn,"9,363",Pos,M. Chen,accrual,Map to GL 6100
01/4/26,Mktg,Events & webinars,Various,"1,588",ERP,Andres,manual adj,Vendor invoice late
01/3/26,R&D,Payroll - eng,Payroll,"7,340",Check,M. Chen,manual adj,One-off item
01/4/26,G&A,Accounting fees,Jason CPA,"2,261",Check,M. Chen,late invoice,Vendor invoice late
15 Feb-26,Revenue,Service,Corp. clients,"7,708",Check,Erikfinance ops,late invoice,Vendor invoice late
2026-02-26,Sales,Sales commission,Payroll,"5,173",manual Entry,Erikfinance ops,Posted,Vendor invoice late
01-Jan-26,Revenue,Product sales,Retail Customer,"(5,367)",Check,Andres,,One-off item
01/3/26,Marketing,Events & webinars,Various,(69),ERP,,,
2026-03-28,Marketing,Google Ads,Google / LinkedIn,593,Pos,M. Chen,manual adj,Timing issue
15 Apr-26,Services,Support tools,Zendesk / Gainsight,"8,618",Check,TBD,late invoice,Map to GL 6100
15 Feb-26,R&D,Cloud hosting,AWS / Datadog,"3,241",Check,Andres,late invoice,
2026-03-28,G&A,Legal fees,Europa Law firm,"5,253",Pos,M. Chen,late invoice,Check sign
2026-01-25,Services,Support tools,Zendesk / Gainsight,"1,913",Check,M. Chen,late invoice,Check sign
2026-02-26,R&D,Payroll - eng,Payroll,"2,897",ERP,TBD,,Map to GL 6100
15 Apr-26,Sales,CRM / RevOps tools,Salesforce / Outreach,"7,698",cash,TBD,posted,Timing issue
15 Feb-26,G&A,Legal fees,Europa Law firm,"4,431",manual Entry,Erikfinance ops,Posted,Ask owner
01/2/26,Mktg,Customer appr.,Amazon gift c.,(825),manual Entry,Erikfinance ops,Posted,
2026-04-01,G&A,Office rent,Landlord,"6,343",cash,Andres,manual adj,Map to GL 6100
01/3/26,Mktg,Paid media,Google / LinkedIn,"7,489",ERP,Andres,late invoice,
15 Feb-26,Services,Support tools,Zendesk / Gainsight,"6,710",manual Entry,TBD,accrual,Check sign
2026-02-26,Marketing,Customer appr.,Gift hamper,"4,891",manual Entry,Erikfinance ops,needs mapping,Map to GL 6100
01/3/26,Services,Support tools,Zendesk / Gainsight,"2,996",Check,,,Ask owner
2026-04-01,Mktg,Paid media,Google / LinkedIn,"5,685",ERP,Andres,needs mapping,Vendor invoice late
2026-01-25,Marketing,Google Ads,Google / LinkedIn,"(7,395)",Pos,Alex - FP&A,accrual,Vendor invoice late
01-Jan-26,Mktg,Paid media,Google / LinkedIn,"5,389",Check,Erikfinance ops,posted,Check sign
25 Mar-26,COGS,Payroll - eng,Payroll,"5,816",Check,Erikfinance ops,manual adj,Vendor invoice late
2026-04-01,R&D,Cloud hosting,AWS / Datadog,"1,786",Check,Alex - FP&A,manual adj,One-off item
01-Jan-26,Sales,Sales commission,Payroll,462,ERP,TBD,accrual,Map to GL 6100
25 Mar-26,COGS,Materials,Electric house,"(8,396)",Pos,Andres,manual adj,Ask owner
01/1/26,Services,Support tools,Zendesk / Gainsight,"4,719",cash,Alex - FP&A,,Check sign
15 Feb-26,Sales,Payroll - sales,Payroll,"(7,843)",cash,Alex - FP&A,late invoice,One-off item
2026-03-28,Sales,CRM / RevOps tools,Salesforce / Outreach,"6,349",cash,Andres,manual adj,Check sign
01/2/26,R&D,Payroll - eng,Payroll,"(8,224)",cash,Alex - FP&A,needs mapping,Map to GL 6100
2026-02-26,Services,Support tools,Zendesk / Gainsight,"(5,353)",Pos,Erikfinance ops,posted,Map to GL 6100
2026-03-28,Marketing,Google Ads,Google / LinkedIn,"(6,658)",Pos,,,Vendor invoice late
15 Feb-26,Revenue,Subscr. revenue,Retail Customer,"2,681",ERP,Erikfinance ops,needs mapping,Map to GL 6100
2026-02-26,Revenue,Product sales,Retail Customer,"5,951",ERP,Alex - FP&A,manual adj,Map to GL 6100
2026-04-01,R&D,Cloud hosting,AWS / Datadog,"9,157",ERP,M. Chen,accrual,Timing issue
15 Feb-26,Services,Prof services,Implementation clients,"3,355",Check,M. Chen,,Check sign
2026-03-28,Services,Prof services,Implementation clients,852,ERP,Andres,late invoice,Map to GL 6100
01/1/26,COGS,Payroll - eng,Payroll,"(5,591)",cash,,Posted,One-off item
15 Feb-26,Mktg,Events & webinars,Various,"4,694",Pos,Alex - FP&A,needs mapping,One-off item
2026-01-25,COGS,Materials,Walmart,"4,045",ERP,Erikfinance ops,,Timing issue
2026-02-26,Sales,CRM / RevOps tools,Salesforce / Outreach,"(9,016)",manual Entry,Erikfinance ops,posted,Vendor invoice late
2026-02-26,Services,Support tools,Zendesk / Gainsight,"3,818",manual Entry,Alex - FP&A,late invoice,Ask owner
2026-02-26,Services,Support tools,Zendesk / Gainsight,"8,873",cash,Erikfinance ops,needs mapping,Ask owner
2026-01-25,G&A,Office rent,Landlord,"7,696",ERP,M. Chen,accrual,Vendor invoice late
15 Apr-26,COGS,Materials,Electric house,"5,103",manual Entry,TBD,Posted,Check sign
25 Mar-26,Mktg,Customer appr.,Amazon gift c.,"2,862",Check,TBD,,Check sign
15 Feb-26,Revenue,Revenue,Retail Customer,"(9,635)",ERP,,posted,Vendor invoice late
01/2/26,Marketing,Paid media,Google / LinkedIn,"(5,317)",Pos,TBD,manual adj,Map to GL 6100
01/4/26,COGS,Cloud hosting,AWS / Datadog,"8,800",ERP,Alex - FP&A,late invoice,Ask owner
2026-04-01,Mktg,Paid media,Google / LinkedIn,"(5,209)",Pos,Andres,accrual,Ask owner
2026-03-28,Marketing,Customer appr.,Soccer Ticket,"3,866",Check,Andres,,Timing issue
01/3/26,Services,Support tools,Zendesk / Gainsight,"6,257",manual Entry,,accrual,Vendor invoice late
01/1/26,Services,Prof services,Implementation clients,"8,621",Check,Andres,manual adj,One-off item
2026-04-01,R&D,AI automation,n8n,"9,112",cash,,Posted,
2026-04-01,Revenue,Service,Retail Customer,"4,698",ERP,M. Chen,,Map to GL 6100
01/4/26,Revenue,Subscr. revenue,Retail Customer,"4,219",ERP,Erikfinance ops,posted,Map to GL 6100
2026-01-25,Revenue,Revenue,Retail Customer,"3,959",Check,Andres,manual adj,Ask owner
2026-03-28,R&D,AI automation,n8n,"2,438",Check,M. Chen,late invoice,Map to GL 6100
01/4/26,G&A,Accounting fees,Brandon,"1,502",Check,M. Chen,Posted,Map to GL 6100
2026-03-28,G&A,Legal fees,Buchalter,"2,872",manual Entry,Andres,accrual,Vendor invoice late
2026-04-01,Mktg,Customer appr.,Gift hamper,"7,133",Pos,,accrual,Ask owner
01-Jan-26,Services,Prof services,Implementation clients,235,Check,Erikfinance ops,posted,Ask owner
2026-02-26,Sales,Sales commission,Payroll,"8,665",Pos,Erikfinance ops,manual adj,One-off item
01/3/26,COGS,Cloud hosting,AWS / Datadog,"1,289",Pos,,manual adj,
01/4/26,R&D,Payroll - eng,Payroll,"(6,534)",Pos,Andres,Posted,Timing issue
01/1/26,G&A,Accounting fees,Brandon,"2,587",Check,Alex - FP&A,late invoice,Ask owner
2026-02-26,Marketing,Customer appr.,Soccer Ticket,"9,070",manual Entry,Andres,,
01/1/26,Sales,CRM / RevOps tools,Salesforce / Outreach,"7,614",Check,M. Chen,Posted,Timing issue
01/1/26,COGS,Cloud hosting,AWS / Datadog,"4,768",manual Entry,TBD,manual adj,One-off item
01/3/26,Sales,Payroll - sales,Payroll,"2,895",ERP,M. Chen,accrual,Ask owner
2026-01-25,Sales,Sales commission,Payroll,"5,906",Check,Andres,,Timing issue
01/2/26,COGS,Payroll - eng,Payroll,"5,747",Check,TBD,needs mapping,One-off item
01-Jan-26,COGS,Cloud hosting,AWS / Datadog,"4,494",cash,,manual adj,Check sign
01/1/26,Sales,Payroll - sales,Payroll,"1,599",cash,M. Chen,,Check sign
2026-04-01,Marketing,Google Ads,Google / LinkedIn,813,ERP,M. Chen,Posted,
25 Mar-26,R&D,Payroll - eng,Payroll,"2,307",cash,,late invoice,One-off item
2026-02-26,R&D,Payroll - eng,Payroll,177,Pos,M. Chen,late invoice,Timing issue
2026-04-01,Revenue,Service,Retail Customer,"9,640",cash,M. Chen,late invoice,Check sign
15 Feb-26,Marketing,Customer appr.,Soccer Ticket,"2,272",cash,Andres,late invoice,Vendor invoice late
2026-01-25,Services,Prof services,Implementation clients,"3,502",ERP,,needs mapping,Map to GL 6100
2026-04-01,G&A,Accounting fees,Jason CPA,"5,695",ERP,Erikfinance ops,accrual,
2026-03-28,Revenue,Revenue,Retail Customer,"9,682",Pos,,late invoice,Ask owner
2026-04-01,R&D,AI automation,n8n,"(8,543)",Check,,manual adj,Vendor invoice late
25 Mar-26,Sales,Payroll - sales,Payroll,"6,609",Check,Erikfinance ops,Posted,
01/4/26,COGS,Materials,Electric house,"4,200",Pos,,accrual,Vendor invoice late
25 Mar-26,Marketing,Customer appr.,Gift hamper,"4,054",cash,Alex - FP&A,,Ask owner
01/2/26,Sales,Payroll - sales,Payroll,"1,871",ERP,Alex - FP&A,needs mapping,Ask owner
2026-03-28,Marketing,Google Ads,Google / LinkedIn,"1,827",ERP,TBD,posted,Vendor invoice late
2026-01-25,COGS,Payroll - eng,Payroll,"5,617",ERP,TBD,late invoice,One-off item
15 Apr-26,Mktg,Events & webinars,Various,"9,098",ERP,M. Chen,needs mapping,One-off item
2026-04-01,R&D,Payroll - eng,Payroll,"3,047",Pos,,Posted,One-off item
01/1/26,Mktg,Customer appr.,Soccer Ticket,"2,068",Pos,,late invoice,Ask owner
01-Jan-26,Services,Prof services,Implementation clients,"6,069",manual Entry,,accrual,Vendor invoice late
2026-02-26,COGS,Cloud hosting,AWS / Datadog,"3,229",Check,M. Chen,posted,Map to GL 6100
15 Feb-26,G&A,Legal fees,Buchalter,"8,299",Pos,M. Chen,late invoice,Map to GL 6100
2026-03-28,Marketing,Events & webinars,Various,"7,397",cash,Andres,needs mapping,
2026-04-01,Marketing,Customer appr.,Soccer Ticket,"4,012",Check,,,Check sign
01/1/26,R&D,Cloud hosting,AWS / Datadog,"3,444",cash,,late invoice,Timing issue
01/4/26,Marketing,Google Ads,Google / LinkedIn,"4,839",Pos,M. Chen,accrual,Check sign
2026-04-01,Mktg,Events & webinars,Various,"1,963",cash,Andres,accrual,Check sign
01/4/26,Mktg,Customer appr.,Soccer Ticket,"(8,654)",ERP,M. Chen,accrual,Ask owner
01-Jan-26,Services,Support tools,Zendesk / Gainsight,"(4,658)",Pos,,needs mapping,Timing issue
15 Apr-26,Marketing,Events & webinars,Various,"(5,773)",ERP,Alex - FP&A,accrual,Map to GL 6100
01/2/26,Sales,Payroll - sales,Payroll,"3,305",ERP,TBD,posted,Timing issue
01-Jan-26,Services,Support tools,Zendesk / Gainsight,"2,875",Check,Erikfinance ops,needs mapping,Vendor invoice late
15 Apr-26,G&A,Legal fees,Europa Law firm,"3,435",Check,Andres,Posted,Vendor invoice late
15 Apr-26,Services,Prof services,Implementation clients,"3,992",manual Entry,Erikfinance ops,manual adj,Vendor invoice late
15 Apr-26,Sales,CRM / RevOps tools,Salesforce / Outreach,"(5,060)",Check,Alex - FP&A,accrual,
01-Jan-26,Mktg,Events & webinars,Various,"2,457",Pos,Alex - FP&A,,
01/4/26,COGS,Payroll - eng,Payroll,"(1,232)",Check,,posted,Map to GL 6100
25 Mar-26,G&A,Office rent,Landlord,"7,451",manual Entry,Alex - FP&A,accrual,Map to GL 6100
2026-01-25,Services,Prof services,Implementation clients,"4,152",Check,M. Chen,,Vendor invoice late
2026-04-01,Services,Support tools,Zendesk / Gainsight,"4,327",Check,Erikfinance ops,late invoice,Timing issue
01/3/26,Mktg,Events & webinars,Various,"8,756",ERP,TBD,posted,Vendor invoice late
2026-04-01,R&D,AI automation,n8n,(784),manual Entry,Andres,posted,Timing issue
01-Jan-26,Mktg,Events & webinars,Various,"2,957",manual Entry,TBD,manual adj,Ask owner
01/4/26,Mktg,Paid media,Google / LinkedIn,"3,192",Check,TBD,accrual,Vendor invoice late
15 Feb-26,COGS,Materials,Electric house,731,cash,Alex - FP&A,manual adj,Ask owner
25 Mar-26,Sales,Sales commission,Payroll,"9,229",cash,Alex - FP&A,late invoice,
01/1/26,Services,Support tools,Zendesk / Gainsight,"4,411",Check,,late invoice,Map to GL 6100
25 Mar-26,COGS,Payroll - eng,Payroll,"4,870",Check,TBD,accrual,One-off item
01/2/26,Marketing,Paid media,Google / LinkedIn,"9,316",cash,,Posted,Check sign
2026-01-25,R&D,Cloud hosting,AWS / Datadog,342,Check,Alex - FP&A,needs mapping,One-off item
15 Feb-26,COGS,Cloud hosting,AWS / Datadog,"6,520",Pos,,accrual,One-off item
01/1/26,Services,Support tools,Zendesk / Gainsight,"4,163",cash,Erikfinance ops,needs mapping,Vendor invoice late
25 Mar-26,Marketing,Paid media,Google / LinkedIn,"5,229",cash,Alex - FP&A,,One-off item
01-Jan-26,Sales,Payroll - sales,Payroll,"2,024",Pos,Alex - FP&A,late invoice,Ask owner
01/3/26,Sales,CRM / RevOps tools,Salesforce / Outreach,"8,802",Check,,late invoice,Timing issue
2026-03-28,R&D,AI automation,n8n,"6,905",Check,TBD,accrual,Map to GL 6100
25 Mar-26,G&A,Office rent,Landlord,"2,378",cash,TBD,manual adj,Map to GL 6100
01/3/26,Revenue,Product sales,Retail Customer,"(4,539)",cash,TBD,,One-off item
01/3/26,Marketing,Customer appr.,Amazon gift c.,"7,898",ERP,M. Chen,posted,Map to GL 6100
2026-01-25,Services,Support tools,Zendesk / Gainsight,"9,003",ERP,Erikfinance ops,,Timing issue
01-Jan-26,Revenue,Revenue,Corp. clients,"9,681",Check,,accrual,Check sign
2026-03-28,R&D,AI automation,n8n,"7,859",Pos,Erikfinance ops,posted,Ask owner
01/4/26,R&D,AI automation,n8n,"3,920",manual Entry,Alex - FP&A,,Timing issue
15 Apr-26,G&A,Legal fees,Buchalter,"4,108",Pos,TBD,manual adj,One-off item
01/1/26,Services,Prof services,Implementation clients,"5,753",Check,Erikfinance ops,manual adj,Check sign
2026-01-25,COGS,Payroll - eng,Payroll,"6,125",Pos,,late invoice,Check sign
2026-04-01,Revenue,Subscr. revenue,Retail Customer,"8,986",Check,TBD,Posted,One-off item
2026-03-28,G&A,Accounting fees,Brandon,"2,000",Check,,manual adj,Map to GL 6100
01/1/26,Mktg,Paid media,Google / LinkedIn,"6,878",manual Entry,TBD,,Map to GL 6100
15 Apr-26,Services,Prof services,Implementation clients,"9,262",Pos,TBD,accrual,Vendor invoice late
01/2/26,Services,Support tools,Zendesk / Gainsight,"8,722",Check,M. Chen,Posted,One-off item
01/3/26,Services,Prof services,Implementation clients,"6,031",Check,Alex - FP&A,Posted,Vendor invoice late
15 Feb-26,Revenue,Service,Retail Customer,"6,758",Pos,Alex - FP&A,accrual,Map to GL 6100
01/4/26,Mktg,Events & webinars,Various,"(1,766)",ERP,M. Chen,needs mapping,Timing issue
2026-04-01,Revenue,Product sales,Corp. clients,"1,796",manual Entry,M. Chen,late invoice,One-off item
01/1/26,Marketing,Google Ads,Google / LinkedIn,"4,137",cash,Alex - FP&A,late invoice,Check sign
2026-01-25,R&D,Payroll - eng,Payroll,"(3,873)",manual Entry,,manual adj,Map to GL 6100
01/1/26,COGS,Payroll - eng,Payroll,"3,679",Pos,TBD,late invoice,Vendor invoice late
2026-03-28,G&A,Office rent,Landlord,"5,905",Pos,Andres,late invoice,One-off item
01/1/26,Marketing,Customer appr.,Soccer Ticket,"(8,069)",Pos,Andres,late invoice,Vendor invoice late
2026-04-01,G&A,Office rent,Landlord,"(7,499)",ERP,Andres,late invoice,
01-Jan-26,Mktg,Paid media,Google / LinkedIn,"3,518",ERP,M. Chen,posted,Check sign
2026-01-25,COGS,Cloud hosting,AWS / Datadog,"8,209",Pos,Erikfinance ops,manual adj,Check sign
2026-04-01,Services,Support tools,Zendesk / Gainsight,"3,125",Pos,Erikfinance ops,late invoice,Map to GL 6100
2026-04-01,Services,Support tools,Zendesk / Gainsight,"1,963",Pos,M. Chen,Posted,Check sign
15 Feb-26,Sales,Payroll - sales,Payroll,723,Pos,Alex - FP&A,late invoice,One-off item
2026-04-01,R&D,Payroll - eng,Payroll,"8,098",Pos,,accrual,Map to GL 6100
2026-01-25,COGS,Cloud hosting,AWS / Datadog,453,manual Entry,Andres,needs mapping,Check sign
15 Feb-26,Sales,Payroll - sales,Payroll,"5,712",manual Entry,,Posted,Ask owner
2026-01-25,Services,Support tools,Zendesk / Gainsight,"1,451",manual Entry,Andres,manual adj,One-off item
01/2/26,Revenue,Subscr. revenue,Corp. clients,"7,707",ERP,Erikfinance ops,late invoice,One-off item
2026-04-01,Sales,Sales commission,Payroll,"6,347",manual Entry,,needs mapping,Map to GL 6100
2026-01-25,Sales,Sales commission,Payroll,523,manual Entry,Erikfinance ops,manual adj,Timing issue
2026-02-26,Revenue,Product sales,Corp. clients,587,Pos,Erikfinance ops,late invoice,
01/1/26,Services,Support tools,Zendesk / Gainsight,"3,875",Check,M. Chen,late invoice,One-off item
01/2/26,R&D,Cloud hosting,AWS / Datadog,"3,146",Pos,Erikfinance ops,late invoice,Map to GL 6100
01/4/26,Revenue,Subscr. revenue,Retail Customer,"3,719",cash,,manual adj,Vendor invoice late
01-Jan-26,COGS,Materials,Walmart,"(8,533)",cash,Alex - FP&A,accrual,Timing issue
15 Feb-26,R&D,Cloud hosting,AWS / Datadog,"(6,943)",manual Entry,Alex - FP&A,accrual,One-off item
2026-02-26,G&A,Office rent,Landlord,"2,528",manual Entry,Erikfinance ops,Posted,Map to GL 6100
2026-01-25,Revenue,Service,Retail Customer,"2,471",Pos,Alex - FP&A,,Map to GL 6100
2026-04-01,Services,Support tools,Zendesk / Gainsight,722,Check,Andres,Posted,Timing issue
01/1/26,R&D,AI automation,n8n,"4,082",Check,Erikfinance ops,late invoice,Vendor invoice late
15 Feb-26,Revenue,Service,Corp. clients,"8,438",ERP,Andres,accrual,Vendor invoice late
2026-04-01,Marketing,Events & webinars,Various,"1,566",cash,M. Chen,,
01-Jan-26,Marketing,Events & webinars,Various,"4,047",ERP,TBD,,
2026-04-01,R&D,Payroll - eng,Payroll,"8,301",manual Entry,TBD,late invoice,Check sign
01-Jan-26,Revenue,Service,Corp. clients,"5,514",Pos,TBD,manual adj,Ask owner
25 Mar-26,R&D,Payroll - eng,Payroll,"2,341",manual Entry,TBD,accrual,Timing issue
2026-03-28,Revenue,Subscr. revenue,Corp. clients,"(3,138)",Pos,Alex - FP&A,needs mapping,Check sign
2026-01-25,Services,Support tools,Zendesk / Gainsight,"8,560",Pos,M. Chen,,One-off item
15 Feb-26,Services,Prof services,Implementation clients,"7,423",manual Entry,M. Chen,needs mapping,Ask owner
01-Jan-26,Revenue,Subscr. revenue,Corp. clients,"(9,990)",Check,,posted,Timing issue
01/4/26,G&A,Legal fees,Buchalter,"(3,881)",ERP,TBD,posted,Check sign
01/3/26,Sales,CRM / RevOps tools,Salesforce / Outreach,"2,274",Check,Alex - FP&A,manual adj,One-off item
2026-03-28,G&A,Legal fees,Europa Law firm,"7,574",ERP,Andres,,Vendor invoice late
2026-04-01,Services,Support tools,Zendesk / Gainsight,"5,733",ERP,M. Chen,needs mapping,Check sign
01/2/26,Revenue,Subscr. revenue,Corp. clients,"2,385",Pos,,,Map to GL 6100
01/1/26,Services,Prof services,Implementation clients,"8,139",ERP,Andres,Posted,
01/3/26,R&D,Payroll - eng,Payroll,"6,704",ERP,,posted,One-off item
15 Feb-26,Sales,Payroll - sales,Payroll,"3,663",Pos,Alex - FP&A,late invoice,
01/2/26,Revenue,Service,Retail Customer,"4,953",ERP,,accrual,Check sign
01-Jan-26,G&A,Legal fees,Buchalter,"6,940",Check,Erikfinance ops,Posted,Map to GL 6100
01/3/26,G&A,Legal fees,Buchalter,"2,478",cash,,late invoice,One-off item
01-Jan-26,Mktg,Customer appr.,Amazon gift c.,"8,254",Pos,TBD,posted,Vendor invoice late
01-Jan-26,Marketing,Google Ads,Google / LinkedIn,"7,297",cash,Erikfinance ops,accrual,Vendor invoice late
01-Jan-26,Revenue,Product sales,Retail Customer,"(7,599)",manual Entry,,manual adj,Map to GL 6100
2026-02-26,Mktg,Customer appr.,Soccer Ticket,"2,893",Pos,M. Chen,,Timing issue
01/3/26,Revenue,Revenue,Retail Customer,"4,001",Pos,Erikfinance ops,posted,Ask owner
2026-02-26,Revenue,Subscr. revenue,Retail Customer,(973),cash,,,Map to GL 6100
15 Feb-26,R&D,Cloud hosting,AWS / Datadog,"1,304",Check,Andres,needs mapping,One-off item
01/2/26,Mktg,Events & webinars,Various,"7,323",cash,Andres,manual adj,Timing issue
01/2/26,Mktg,Paid media,Google / LinkedIn,"2,237",Check,M. Chen,late invoice,Check sign
2026-04-01,Marketing,Google Ads,Google / LinkedIn,"3,011",Pos,Erikfinance ops,,
2026-03-28,G&A,Office rent,Landlord,"(4,519)",Check,M. Chen,Posted,Vendor invoice late
01/3/26,Revenue,Service,Corp. clients,"5,416",Pos,Andres,manual adj,
15 Apr-26,Marketing,Customer appr.,Amazon gift c.,"(3,496)",cash,Alex - FP&A,accrual,Map to GL 6100
01/3/26,Marketing,Paid media,Google / LinkedIn,883,ERP,Andres,posted,Vendor invoice late
01/4/26,COGS,Materials,Johnsons Supply,"1,468",manual Entry,,manual adj,One-off item
2026-02-26,COGS,Cloud hosting,AWS / Datadog,"2,106",ERP,M. Chen,needs mapping,Check sign
01/4/26,R&D,AI automation,n8n,"6,463",Check,Andres,,
2026-03-28,R&D,Payroll - eng,Payroll,"3,267",manual Entry,Erikfinance ops,,Ask owner
2026-02-26,R&D,Cloud hosting,AWS / Datadog,"9,792",cash,Alex - FP&A,posted,Timing issue
01/4/26,Revenue,Subscr. revenue,Retail Customer,"8,893",Pos,Alex - FP&A,manual adj,Timing issue
15 Feb-26,Services,Support tools,Zendesk / Gainsight,"(7,808)",manual Entry,Erikfinance ops,Posted,Ask owner
01/3/26,Sales,Payroll - sales,Payroll,"1,937",Check,Alex - FP&A,late invoice,Ask owner
15 Feb-26,Revenue,Service,Retail Customer,"1,288",Pos,Erikfinance ops,posted,Vendor invoice late
2026-01-25,Revenue,Subscr. revenue,Retail Customer,"(9,449)",cash,Erikfinance ops,manual adj,One-off item
2026-04-01,COGS,Materials,Home Depot,"2,068",cash,M. Chen,manual adj,Check sign
2026-04-01,Marketing,Google Ads,Google / LinkedIn,"1,141",cash,Alex - FP&A,posted,Timing issue
25 Mar-26,Mktg,Customer appr.,Soccer Ticket,"(8,030)",Check,Erikfinance ops,manual adj,Ask owner
01/3/26,G&A,Legal fees,Buchalter,"4,658",manual Entry,M. Chen,accrual,One-off item
01/4/26,R&D,Payroll - eng,Payroll,"5,709",ERP,TBD,needs mapping,
01/3/26,Services,Support tools,Zendesk / Gainsight,"(5,493)",cash,TBD,needs mapping,Check sign
01-Jan-26,Services,Prof services,Implementation clients,768,Check,Andres,Posted,Vendor invoice late
2026-04-01,Services,Prof services,Implementation clients,"9,257",cash,TBD,Posted,Map to GL 6100
15 Feb-26,Mktg,Paid media,Google / LinkedIn,"7,188",Check,,,Timing issue
2026-01-25,Revenue,Product sales,Retail Customer,"7,917",Check,Andres,late invoice,Ask owner
25 Mar-26,Marketing,Customer appr.,Amazon gift c.,"4,667",Pos,Alex - FP&A,accrual,Map to GL 6100
2026-04-01,R&D,Payroll - eng,Payroll,"8,959",manual Entry,Andres,accrual,One-off item
15 Feb-26,Revenue,Service,Retail Customer,"2,192",ERP,M. Chen,needs mapping,Check sign
15 Apr-26,Sales,CRM / RevOps tools,Salesforce / Outreach,"5,684",manual Entry,Andres,posted,
2026-02-26,Services,Prof services,Implementation clients,"9,748",manual Entry,,posted,Ask owner
2026-01-25,Sales,Sales commission,Payroll,"4,975",Check,M. Chen,manual adj,Timing issue
2026-03-28,G&A,Accounting fees,Jason CPA,"(5,089)",Pos,TBD,posted,Ask owner
15 Feb-26,Marketing,Events & webinars,Various,"1,290",manual Entry,Andres,,Ask owner
15 Apr-26,Mktg,Paid media,Google / LinkedIn,"4,831",manual Entry,Andres,accrual,Ask owner
2026-03-28,COGS,Materials,Johnsons Supply,"7,688",cash,M. Chen,Posted,Ask owner
2026-01-25,Mktg,Events & webinars,Various,"1,534",manual Entry,TBD,Posted,Ask owner
01-Jan-26,Mktg,Paid media,Google / LinkedIn,"2,513",Check,M. Chen,,Map to GL 6100
01/2/26,Services,Prof services,Implementation clients,"7,267",ERP,Erikfinance ops,,Timing issue
2026-02-26,G&A,Legal fees,Europa Law firm,"4,749",Pos,,needs mapping,Timing issue
2026-04-01,Sales,CRM / RevOps tools,Salesforce / Outreach,"(4,721)",manual Entry,Andres,posted,
2026-03-28,Mktg,Customer appr.,Amazon gift c.,"4,477",Pos,TBD,posted,Check sign
01/1/26,Services,Prof services,Implementation clients,"3,645",Pos,Alex - FP&A,needs mapping,Timing issue
15 Feb-26,Revenue,Service,Retail Customer,"9,810",cash,M. Chen,needs mapping,Map to GL 6100
01/2/26,COGS,Cloud hosting,AWS / Datadog,"4,083",Pos,Andres,,
2026-02-26,Sales,Payroll - sales,Payroll,"1,573",Pos,Erikfinance ops,needs mapping,
2026-03-28,Revenue,Service,Retail Customer,"1,311",Check,Erikfinance ops,late invoice,Ask owner
01/1/26,Revenue,Subscr. revenue,Retail Customer,"9,043",manual Entry,Erikfinance ops,posted,Timing issue
01-Jan-26,Services,Prof services,Implementation clients,"3,476",cash,TBD,,Vendor invoice late
01/2/26,Services,Support tools,Zendesk / Gainsight,"7,326",Pos,Andres,manual adj,Map to GL 6100
2026-01-25,Sales,Sales commission,Payroll,"6,449",Check,,manual adj,Ask owner
2026-04-01,Sales,Payroll - sales,Payroll,"6,935",Check,M. Chen,posted,Ask owner
01/1/26,Services,Prof services,Implementation clients,"9,458",cash,,manual adj,Timing issue
01-Jan-26,Mktg,Paid media,Google / LinkedIn,"6,794",Check,Andres,late invoice,Ask owner
2026-01-25,Services,Prof services,Implementation clients,"6,179",ERP,TBD,needs mapping,Ask owner
2026-02-26,Marketing,Paid media,Google / LinkedIn,413,cash,Andres,late invoice,Vendor invoice late
01/1/26,COGS,Cloud hosting,AWS / Datadog,"8,199",Check,M. Chen,late invoice,Ask owner
2026-02-26,Sales,Sales commission,Payroll,"2,638",cash,Alex - FP&A,,Map to GL 6100
15 Apr-26,Services,Prof services,Implementation clients,"7,974",Check,Andres,needs mapping,Map to GL 6100
01/3/26,R&D,AI automation,n8n,"(1,120)",ERP,M. Chen,late invoice,Map to GL 6100
01/2/26,Services,Support tools,Zendesk / Gainsight,"9,962",Check,M. Chen,manual adj,Check sign
2026-01-25,Mktg,Events & webinars,Various,"2,264",manual Entry,TBD,,Ask owner
2026-04-01,COGS,Cloud hosting,AWS / Datadog,"(3,468)",Check,TBD,,Timing issue
2026-02-26,Sales,CRM / RevOps tools,Salesforce / Outreach,"3,728",ERP,M. Chen,needs mapping,Map to GL 6100
01/3/26,Sales,Sales commission,Payroll,"8,400",Pos,TBD,Posted,Timing issue
2026-01-25,Services,Prof services,Implementation clients,"7,732",Pos,TBD,accrual,Ask owner
01/2/26,COGS,Cloud hosting,AWS / Datadog,"6,910",manual Entry,Andres,Posted,Map to GL 6100
2026-03-28,Marketing,Paid media,Google / LinkedIn,"8,603",cash,Alex - FP&A,,Timing issue
01/2/26,Marketing,Customer appr.,Amazon gift c.,"8,895",manual Entry,Alex - FP&A,,
01/1/26,Sales,Payroll - sales,Payroll,"7,630",cash,Erikfinance ops,manual adj,Vendor invoice late
2026-01-25,G&A,Office rent,Landlord,"5,735",cash,Andres,manual adj,Check sign
01-Jan-26,Sales,Sales commission,Payroll,"9,902",Pos,M. Chen,manual adj,Map to GL 6100
01/2/26,Services,Support tools,Zendesk / Gainsight,625,manual Entry,TBD,needs mapping,One-off item
01/1/26,Services,Prof services,Implementation clients,"3,565",Check,M. Chen,posted,Vendor invoice late
01/2/26,Revenue,Product sales,Corp. clients,"7,562",Check,M. Chen,,Vendor invoice late
25 Mar-26,G&A,Accounting fees,Brandon,"7,863",Check,TBD,needs mapping,Ask owner
2026-04-01,G&A,Legal fees,Europa Law firm,"6,889",cash,Andres,manual adj,Ask owner
2026-04-01,Services,Prof services,Implementation clients,"4,344",ERP,Erikfinance ops,needs mapping,Check sign
01/4/26,Sales,Sales commission,Payroll,"9,856",cash,TBD,accrual,One-off item
01/4/26,Sales,Payroll - sales,Payroll,"8,712",manual Entry,Andres,late invoice,Map to GL 6100
01-Jan-26,COGS,Materials,Home Depot,"1,261",Pos,,accrual,
2026-03-28,Revenue,Service,Corp. clients,"5,516",ERP,,posted,One-off item
01/1/26,G&A,Office rent,Landlord,"7,872",ERP,Alex - FP&A,posted,One-off item
2026-01-25,Sales,Payroll - sales,Payroll,"2,755",cash,Alex - FP&A,accrual,Vendor invoice late
2026-04-01,Services,Support tools,Zendesk / Gainsight,"4,778",Check,TBD,Posted,Timing issue
15 Feb-26,Revenue,Revenue,Corp. clients,693,Pos,TBD,accrual,Ask owner
15 Apr-26,Marketing,Events & webinars,Various,"4,163",cash,Alex - FP&A,late invoice,Check sign
2026-01-25,Sales,CRM / RevOps tools,Salesforce / Outreach,"4,894",cash,Erikfinance ops,late invoice,Ask owner
25 Mar-26,Sales,CRM / RevOps tools,Salesforce / Outreach,"3,815",Pos,,posted,Ask owner
2026-04-01,COGS,Payroll - eng,Payroll,"6,622",cash,Erikfinance ops,manual adj,Timing issue
01/2/26,Services,Prof services,Implementation clients,"3,660",ERP,Andres,needs mapping,One-off item
01/1/26,Mktg,Customer appr.,Gift hamper,"4,118",ERP,Andres,late invoice,Map to GL 6100
01/2/26,COGS,Materials,Walmart,"(3,974)",ERP,Andres,Posted,Vendor invoice late
01/3/26,G&A,Legal fees,Buchalter,"(1,780)",Pos,M. Chen,needs mapping,Vendor invoice late
15 Feb-26,Mktg,Paid media,Google / LinkedIn,"6,073",manual Entry,M. Chen,Posted,Timing issue
2026-01-25,R&D,AI automation,n8n,"4,959",manual Entry,,needs mapping,Vendor invoice late
2026-01-25,COGS,Materials,Walmart,"5,429",Pos,Andres,late invoice,Timing issue
15 Feb-26,Revenue,Service,Retail Customer,"8,211",Check,,late invoice,Timing issue
2026-03-28,Mktg,Customer appr.,Amazon gift c.,682,ERP,TBD,posted,One-off item
2026-02-26,Marketing,Google Ads,Google / LinkedIn,"9,784",cash,Andres,needs mapping,Ask owner
25 Mar-26,Revenue,Service,Corp. clients,"1,563",Check,M. Chen,needs mapping,
15 Feb-26,Services,Support tools,Zendesk / Gainsight,"6,110",ERP,,Posted,Vendor invoice late
2026-04-01,Marketing,Customer appr.,Gift hamper,"(2,260)",cash,TBD,posted,Check sign
15 Apr-26,G&A,Accounting fees,Jason CPA,"9,600",Check,Andres,,Map to GL 6100
15 Feb-26,Services,Prof services,Implementation clients,"8,768",cash,M. Chen,manual adj,One-off item
2026-03-28,Revenue,Subscr. revenue,Retail Customer,"8,695",cash,Andres,Posted,Vendor invoice late
01/4/26,Sales,Payroll - sales,Payroll,"9,918",Pos,Alex - FP&A,posted,Timing issue
2026-04-01,COGS,Payroll - eng,Payroll,"4,637",cash,M. Chen,needs mapping,
25 Mar-26,Marketing,Paid media,Google / LinkedIn,"3,906",Pos,M. Chen,Posted,One-off item
01-Jan-26,Mktg,Customer appr.,Amazon gift c.,"1,547",Check,Andres,manual adj,Ask owner
2026-02-26,Sales,Sales commission,Payroll,"9,269",ERP,Alex - FP&A,late invoice,One-off item
2026-03-28,G&A,Accounting fees,Jason CPA,"9,762",Check,Andres,accrual,Timing issue
01/1/26,Marketing,Customer appr.,Soccer Ticket,"(7,854)",ERP,Alex - FP&A,needs mapping,Map to GL 6100
01-Jan-26,COGS,Materials,Electric house,"1,117",Pos,TBD,needs mapping,Timing issue
2026-01-25,COGS,Cloud hosting,AWS / Datadog,"9,568",manual Entry,,late invoice,Timing issue
2026-03-28,Marketing,Customer appr.,Soccer Ticket,"2,248",cash,,late invoice,Timing issue
2026-04-01,R&D,Payroll - eng,Payroll,"9,876",manual Entry,Andres,posted,Vendor invoice late
15 Apr-26,Sales,Sales commission,Payroll,"9,188",ERP,Erikfinance ops,accrual,Vendor invoice late
2026-01-25,Mktg,Events & webinars,Various,"6,008",Pos,TBD,late invoice,Ask owner
2026-01-25,Services,Prof services,Implementation clients,"5,454",Pos,Andres,Posted,Timing issue
2026-01-25,COGS,Payroll - eng,Payroll,"5,440",manual Entry,Alex - FP&A,posted,Timing issue
2026-01-25,Revenue,Service,Corp. clients,"1,765",Check,M. Chen,accrual,One-off item
15 Feb-26,Sales,Sales commission,Payroll,"(7,354)",Pos,Andres,,Check sign
01/3/26,Revenue,Subscr. revenue,Corp. clients,"(6,647)",manual Entry,M. Chen,manual adj,Ask owner
01/2/26,G&A,Accounting fees,Brandon,"5,170",ERP,,needs mapping,Timing issue
2026-01-25,R&D,Cloud hosting,AWS / Datadog,"4,079",Check,Andres,accrual,
01-Jan-26,Marketing,Events & webinars,Various,"8,869",ERP,Alex - FP&A,needs mapping,Check sign
2026-01-25,R&D,AI automation,n8n,"1,038",Pos,M. Chen,Posted,
2026-01-25,Sales,CRM / RevOps tools,Salesforce / Outreach,"(3,711)",cash,,late invoice,Timing issue
01/2/26,Mktg,Paid media,Google / LinkedIn,"4,284",manual Entry,Alex - FP&A,manual adj,Vendor invoice late
01/1/26,Marketing,Paid media,Google / LinkedIn,"4,975",manual Entry,,Posted,
15 Feb-26,G&A,Accounting fees,Jason CPA,"4,583",ERP,Andres,late invoice,Timing issue
15 Apr-26,Revenue,Subscr. revenue,Retail Customer,"(9,769)",ERP,TBD,late invoice,Map to GL 6100
01/3/26,Marketing,Paid media,Google / LinkedIn,"2,400",Pos,TBD,accrual,
15 Apr-26,G&A,Office rent,Landlord,"9,415",ERP,M. Chen,late invoice,Map to GL 6100
01/2/26,COGS,Materials,Walmart,"7,760",Check,Alex - FP&A,manual adj,
2026-03-28,G&A,Accounting fees,Brandon,"1,539",Pos,,accrual,
01/2/26,R&D,AI automation,n8n,"(6,592)",Check,M. Chen,needs mapping,Vendor invoice late
25 Mar-26,Services,Prof services,Implementation clients,"9,957",cash,TBD,manual adj,Vendor invoice late
2026-04-01,COGS,Payroll - eng,Payroll,"9,741",Pos,,late invoice,Check sign
15 Apr-26,Sales,CRM / RevOps tools,Salesforce / Outreach,"9,703",Pos,TBD,,Timing issue
2026-02-26,Marketing,Paid media,Google / LinkedIn,"7,762",ERP,M. Chen,needs mapping,Map to GL 6100
2026-01-25,Mktg,Customer appr.,Soccer Ticket,"6,517",Check,M. Chen,posted,Map to GL 6100
15 Feb-26,Marketing,Events & webinars,Various,"6,641",ERP,M. Chen,needs mapping,Timing issue
01/2/26,Sales,Sales commission,Payroll,"2,559",Pos,Andres,late invoice,Check sign
01-Jan-26,R&D,Payroll - eng,Payroll,"4,357",cash,Andres,posted,Map to GL 6100
01-Jan-26,G&A,Accounting fees,Jason CPA,(819),Pos,,Posted,
01/4/26,Services,Prof services,Implementation clients,"(2,536)",ERP,Alex - FP&A,posted,Vendor invoice late
2026-02-26,Mktg,Events & webinars,Various,"5,094",cash,M. Chen,manual adj,One-off item
2026-01-25,COGS,Payroll - eng,Payroll,"7,740",Pos,Erikfinance ops,accrual,One-off item
2026-03-28,Mktg,Paid media,Google / LinkedIn,"(7,700)",Pos,Erikfinance ops,,One-off item
01/4/26,Sales,Sales commission,Payroll,"1,978",cash,Andres,accrual,Vendor invoice late
2026-02-26,Revenue,Product sales,Corp. clients,(719),ERP,Alex - FP&A,manual adj,Check sign
2026-02-26,G&A,Accounting fees,Jason CPA,"3,423",ERP,,Posted,
2026-02-26,Revenue,Revenue,Retail Customer,"8,520",cash,Alex - FP&A,needs mapping,Check sign
2026-01-25,COGS,Cloud hosting,AWS / Datadog,"7,779",manual Entry,Erikfinance ops,Posted,Ask owner
15 Apr-26,G&A,Legal fees,Europa Law firm,"5,413",Pos,M. Chen,Posted,Map to GL 6100
01/3/26,Mktg,Events & webinars,Various,"7,480",Pos,TBD,,One-off item
15 Feb-26,R&D,Payroll - eng,Payroll,"6,668",ERP,TBD,needs mapping,Check sign
01/1/26,COGS,Payroll - eng,Payroll,"1,734",manual Entry,M. Chen,,One-off item
01/1/26,G&A,Accounting fees,Brandon,"1,799",ERP,Alex - FP&A,posted,Map to GL 6100
2026-03-28,R&D,Cloud hosting,AWS / Datadog,"(9,970)",Pos,Erikfinance ops,,One-off item
15 Feb-26,R&D,Payroll - eng,Payroll,"(3,442)",manual Entry,M. Chen,accrual,Map to GL 6100
15 Apr-26,Revenue,Service,Corp. clients,"7,903",cash,Andres,late invoice,Check sign
01/2/26,R&D,Payroll - eng,Payroll,28,ERP,TBD,Posted,Check sign
15 Feb-26,G&A,Legal fees,Europa Law firm,"1,201",Pos,M. Chen,late invoice,
01/3/26,Mktg,Events & webinars,Various,"2,405",cash,Erikfinance ops,,Check sign
01-Jan-26,G&A,Accounting fees,Jason CPA,(405),ERP,Alex - FP&A,accrual,Check sign
01/4/26,COGS,Cloud hosting,AWS / Datadog,"3,930",cash,M. Chen,Posted,
01-Jan-26,Sales,Sales commission,Payroll,"3,407",manual Entry,Alex - FP&A,posted,
01/3/26,R&D,AI automation,n8n,"4,653",ERP,Andres,Posted,Map to GL 6100
15 Apr-26,Mktg,Events & webinars,Various,"8,218",manual Entry,M. Chen,Posted,Vendor invoice late
2026-04-01,Revenue,Revenue,Retail Customer,"9,661",cash,,late invoice,Vendor invoice late
2026-04-01,Mktg,Paid media,Google / LinkedIn,"7,683",ERP,,accrual,Check sign
25 Mar-26,COGS,Cloud hosting,AWS / Datadog,"5,649",cash,M. Chen,needs mapping,
01/1/26,Revenue,Revenue,Retail Customer,"4,831",manual Entry,TBD,Posted,Timing issue
2026-01-25,Sales,CRM / RevOps tools,Salesforce / Outreach,"4,515",cash,Erikfinance ops,accrual,Ask owner
15 Apr-26,Marketing,Paid media,Google / LinkedIn,"(3,969)",manual Entry,TBD,posted,Check sign
15 Apr-26,Marketing,Customer appr.,Amazon gift c.,"4,619",cash,M. Chen,needs mapping,Timing issue
2026-04-01,Revenue,Revenue,Corp. clients,"5,815",ERP,Erikfinance ops,late invoice,One-off item
2026-01-25,R&D,Cloud hosting,AWS / Datadog,"5,720",ERP,TBD,,One-off item
2026-01-25,Services,Prof services,Implementation clients,"4,009",manual Entry,Andres,late invoice,Timing issue
01/2/26,G&A,Legal fees,Buchalter,"7,064",Check,Alex - FP&A,,
25 Mar-26,Revenue,Revenue,Corp. clients,"8,665",Check,TBD,late invoice,Map to GL 6100
01/1/26,COGS,Payroll - eng,Payroll,"6,271",Pos,M. Chen,needs mapping,Vendor invoice late
01/2/26,Sales,CRM / RevOps tools,Salesforce / Outreach,"7,954",ERP,Alex - FP&A,posted,Ask owner
01/2/26,COGS,Materials,Johnsons Supply,"3,718",cash,Andres,late invoice,Vendor invoice late
2026-01-25,Sales,CRM / RevOps tools,Salesforce / Outreach,"8,492",Check,,accrual,Check sign
15 Feb-26,Mktg,Customer appr.,Soccer Ticket,"9,638",cash,Andres,,One-off item
01/2/26,G&A,Office rent,Landlord,"4,683",ERP,,posted,One-off item
2026-01-25,Sales,Sales commission,Payroll,"7,523",Pos,Erikfinance ops,needs mapping,Ask owner
01-Jan-26,Sales,Payroll - sales,Payroll,"(5,407)",cash,Andres,needs mapping,Ask owner
01/1/26,Sales,Sales commission,Payroll,870,Pos,Alex - FP&A,posted,Ask owner
01/4/26,Mktg,Customer appr.,Amazon gift c.,"4,849",Check,Erikfinance ops,needs mapping,Timing issue
01/3/26,Revenue,Revenue,Corp. clients,"(9,520)",cash,M. Chen,,Check sign
01/4/26,Mktg,Paid media,Google / LinkedIn,"4,796",ERP,TBD,accrual,Ask owner
01/3/26,Sales,Sales commission,Payroll,"6,768",Pos,TBD,accrual,Map to GL 6100
15 Apr-26,Revenue,Subscr. revenue,Retail Customer,"5,401",manual Entry,Andres,Posted,One-off item
15 Apr-26,Services,Prof services,Implementation clients,"8,599",ERP,Alex - FP&A,accrual,Map to GL 6100
15 Apr-26,Sales,Payroll - sales,Payroll,"2,551",manual Entry,M. Chen,late invoice,Vendor invoice late
2026-03-28,COGS,Cloud hosting,AWS / Datadog,258,ERP,Alex - FP&A,needs mapping,Map to GL 6100
15 Apr-26,R&D,Cloud hosting,AWS / Datadog,"3,753",Pos,Erikfinance ops,late invoice,Ask owner
01-Jan-26,Revenue,Service,Retail Customer,"(6,253)",manual Entry,Alex - FP&A,posted,Map to GL 6100
2026-04-01,R&D,AI automation,n8n,"2,360",Check,Andres,needs mapping,Map to GL 6100
2026-03-28,Mktg,Customer appr.,Gift hamper,"(9,494)",manual Entry,,accrual,
01/3/26,Marketing,Paid media,Google / LinkedIn,"9,566",ERP,Erikfinance ops,,Timing issue
15 Feb-26,Sales,CRM / RevOps tools,Salesforce / Outreach,"4,624",ERP,Alex - FP&A,,Ask owner
01/3/26,Sales,CRM / RevOps tools,Salesforce / Outreach,"6,930",Check,TBD,,Check sign
25 Mar-26,Services,Prof services,Implementation clients,"5,056",Check,Erikfinance ops,late invoice,
01-Jan-26,G&A,Legal fees,Europa Law firm,"(1,900)",Pos,M. Chen,Posted,Vendor invoice late
15 Apr-26,Mktg,Customer appr.,Gift hamper,"1,591",ERP,Andres,needs mapping,Timing issue
2026-04-01,Mktg,Events & webinars,Various,"6,985",manual Entry,Erikfinance ops,posted,Map to GL 6100
2026-01-25,Services,Support tools,Zendesk / Gainsight,"6,269",ERP,TBD,needs mapping,One-off item
2026-02-26,Sales,CRM / RevOps tools,Salesforce / Outreach,"2,700",Pos,Andres,Posted,Check sign
2026-04-01,G&A,Office rent,Landlord,"8,654",cash,M. Chen,manual adj,Vendor invoice late
2026-04-01,Sales,CRM / RevOps tools,Salesforce / Outreach,"9,983",Check,,accrual,Map to GL 6100
01-Jan-26,Marketing,Paid media,Google / LinkedIn,"9,962",manual Entry,TBD,posted,Ask owner
2026-04-01,Mktg,Customer appr.,Soccer Ticket,"5,014",Check,Andres,late invoice,Vendor invoice late
01/2/26,COGS,Cloud hosting,AWS / Datadog,"(2,909)",Pos,TBD,late invoice,Map to GL 6100
2026-04-01,Mktg,Events & webinars,Various,"8,631",ERP,Erikfinance ops,needs mapping,
25 Mar-26,Mktg,Customer appr.,Amazon gift c.,"7,342",Pos,M. Chen,Posted,
15 Apr-26,G&A,Accounting fees,Brandon,"(4,187)",Pos,Erikfinance ops,Posted,Ask owner
2026-04-01,G&A,Legal fees,Buchalter,984,cash,Alex - FP&A,posted,Check sign
01/3/26,G&A,Accounting fees,Jason CPA,"(7,744)",Check,Alex - FP&A,Posted,Check sign
01/1/26,G&A,Office rent,Landlord,"5,344",Pos,Erikfinance ops,accrual,Vendor invoice late
25 Mar-26,Marketing,Paid media,Google / LinkedIn,"8,809",cash,Erikfinance ops,late invoice,Vendor invoice late
01/3/26,COGS,Cloud hosting,AWS / Datadog,"3,530",Pos,M. Chen,late invoice,One-off item
01/1/26,G&A,Office rent,Landlord,"4,193",Check,Erikfinance ops,accrual,Vendor invoice late
2026-01-25,Revenue,Subscr. revenue,Corp. clients,"8,560",Pos,Andres,needs mapping,Vendor invoice late
01/1/26,Sales,CRM / RevOps tools,Salesforce / Outreach,"3,459",ERP,Andres,needs mapping,Map to GL 6100
01/4/26,Sales,CRM / RevOps tools,Salesforce / Outreach,423,manual Entry,M. Chen,Posted,Check sign
15 Apr-26,Services,Prof services,Implementation clients,"(2,338)",cash,Alex - FP&A,Posted,Timing issue
25 Mar-26,Sales,CRM / RevOps tools,Salesforce / Outreach,"6,596",manual Entry,Andres,late invoice,Timing issue
01/3/26,Sales,Payroll - sales,Payroll,"(2,195)",Pos,TBD,Posted,Ask owner
15 Apr-26,Services,Prof services,Implementation clients,"3,953",manual Entry,Andres,posted,Vendor invoice late
2026-02-26,R&D,AI automation,n8n,"2,740",Check,M. Chen,late invoice,Check sign
01/3/26,Sales,Payroll - sales,Payroll,"8,878",cash,M. Chen,late invoice,Vendor invoice late
2026-02-26,Marketing,Customer appr.,Amazon gift c.,"3,968",ERP,Erikfinance ops,late invoice,Map to GL 6100
2026-03-28,R&D,Cloud hosting,AWS / Datadog,"7,099",manual Entry,Erikfinance ops,Posted,Timing issue
15 Apr-26,R&D,AI automation,n8n,"1,079",Check,,late invoice,Timing issue
01-Jan-26,Sales,CRM / RevOps tools,Salesforce / Outreach,439,cash,TBD,Posted,
2026-01-25,Marketing,Customer appr.,Gift hamper,"3,453",Check,Erikfinance ops,needs mapping,Vendor invoice late
15 Apr-26,Marketing,Paid media,Google / LinkedIn,"8,552",ERP,Erikfinance ops,manual adj,Ask owner
2026-04-01,COGS,Materials,Home Depot,"7,844",Check,M. Chen,Posted,Vendor invoice late
2026-01-25,R&D,AI automation,n8n,"3,081",Check,M. Chen,accrual,One-off item
01/1/26,R&D,Cloud hosting,AWS / Datadog,"3,303",Pos,Alex - FP&A,Posted,Ask owner
15 Apr-26,Revenue,Service,Retail Customer,"7,118",ERP,M. Chen,posted,Check sign
01/2/26,Revenue,Revenue,Corp. clients,"5,917",cash,Alex - FP&A,manual adj,Map to GL 6100
01-Jan-26,Services,Prof services,Implementation clients,"3,271",manual Entry,,late invoice,Vendor invoice late
15 Feb-26,Sales,Payroll - sales,Payroll,"2,010",Pos,,manual adj,
2026-04-01,R&D,Payroll - eng,Payroll,"5,014",cash,Erikfinance ops,Posted,Vendor invoice late
2026-01-25,Services,Support tools,Zendesk / Gainsight,"2,927",Pos,,late invoice,Map to GL 6100
2026-03-28,COGS,Materials,Johnsons Supply,"4,421",ERP,Andres,posted,Check sign
15 Feb-26,Marketing,Customer appr.,Soccer Ticket,"6,305",ERP,TBD,accrual,Ask owner
15 Apr-26,Services,Support tools,Zendesk / Gainsight,"3,309",Check,Andres,needs mapping,Vendor invoice late
2026-01-25,G&A,Accounting fees,Brandon,"(9,189)",cash,,late invoice,Map to GL 6100
15 Apr-26,COGS,Payroll - eng,Payroll,"2,830",ERP,TBD,late invoice,Ask owner
01/1/26,G&A,Legal fees,Buchalter,"(5,486)",Check,Erikfinance ops,manual adj,One-off item
2026-01-25,Mktg,Customer appr.,Amazon gift c.,"8,182",Check,,Posted,Ask owner
2026-02-26,G&A,Office rent,Landlord,"(2,978)",ERP,Alex - FP&A,manual adj,Timing issue
01/3/26,R&D,Cloud hosting,AWS / Datadog,"5,266",ERP,TBD,needs mapping,Vendor invoice late
01/2/26,Mktg,Events & webinars,Various,"7,133",Pos,TBD,manual adj,Check sign
2026-01-25,Sales,CRM / RevOps tools,Salesforce / Outreach,"2,943",Pos,Andres,manual adj,
15 Apr-26,G&A,Legal fees,Europa Law firm,"3,780",manual Entry,Andres,Posted,Ask owner
2026-02-26,Marketing,Paid media,Google / LinkedIn,"5,300",cash,Erikfinance ops,manual adj,Vendor invoice late
15 Apr-26,Mktg,Paid media,Google / LinkedIn,"(6,217)",cash,M. Chen,needs mapping,
01/3/26,Mktg,Events & webinars,Various,"3,558",Check,Erikfinance ops,Posted,One-off item
2026-03-28,Revenue,Revenue,Corp. clients,(318),cash,TBD,posted,Ask owner
2026-04-01,COGS,Payroll - eng,Payroll,"2,179",Pos,TBD,late invoice,
2026-04-01,COGS,Materials,Walmart,"6,930",cash,,Posted,Ask owner
25 Mar-26,R&D,Cloud hosting,AWS / Datadog,"2,553",cash,TBD,accrual,One-off item
15 Apr-26,COGS,Cloud hosting,AWS / Datadog,"(8,528)",Check,M. Chen,late invoice,Vendor invoice late
25 Mar-26,Mktg,Customer appr.,Amazon gift c.,"1,303",cash,TBD,manual adj,One-off item
01/2/26,Revenue,Subscr. revenue,Retail Customer,"7,392",ERP,TBD,posted,
01/1/26,Marketing,Events & webinars,Various,"7,574",Check,TBD,needs mapping,One-off item
15 Feb-26,Services,Support tools,Zendesk / Gainsight,"6,369",Pos,Andres,Posted,One-off item
01/1/26,Marketing,Customer appr.,Soccer Ticket,"8,038",manual Entry,TBD,needs mapping,Check sign
2026-03-28,Marketing,Events & webinars,Various,"7,251",Pos,TBD,late invoice,One-off item
2026-01-25,COGS,Materials,Johnsons Supply,"4,131",Check,Alex - FP&A,late invoice,One-off item
01/1/26,Sales,Payroll - sales,Payroll,"9,703",Pos,Andres,accrual,Ask owner
15 Apr-26,R&D,Cloud hosting,AWS / Datadog,"6,608",cash,,accrual,Timing issue
01/1/26,Marketing,Events & webinars,Various,"3,748",cash,TBD,posted,Vendor invoice late
15 Feb-26,Services,Prof services,Implementation clients,"3,618",ERP,Andres,accrual,One-off item
15 Feb-26,COGS,Cloud hosting,AWS / Datadog,"2,678",ERP,Andres,manual adj,Ask owner
15 Apr-26,Services,Support tools,Zendesk / Gainsight,"6,310",ERP,M. Chen,,
15 Feb-26,Revenue,Service,Retail Customer,"3,729",manual Entry,Alex - FP&A,late invoice,Map to GL 6100
01/2/26,R&D,Payroll - eng,Payroll,822,Check,Andres,posted,Timing issue
2026-04-01,Sales,CRM / RevOps tools,Salesforce / Outreach,"(8,439)",cash,Alex - FP&A,accrual,One-off item
2026-01-25,Revenue,Revenue,Corp. clients,"9,426",manual Entry,TBD,,Timing issue
2026-03-28,Sales,CRM / RevOps tools,Salesforce / Outreach,"7,310",ERP,Erikfinance ops,accrual,Map to GL 6100
2026-04-01,Marketing,Customer appr.,Soccer Ticket,"8,282",cash,Alex - FP&A,manual adj,Map to GL 6100
15 Apr-26,Mktg,Paid media,Google / LinkedIn,"9,127",Check,Alex - FP&A,,Ask owner
25 Mar-26,COGS,Payroll - eng,Payroll,"9,059",manual Entry,Erikfinance ops,,One-off item
01/4/26,Services,Prof services,Implementation clients,"6,452",manual Entry,TBD,late invoice,Map to GL 6100
01-Jan-26,R&D,Payroll - eng,Payroll,"4,535",Pos,Erikfinance ops,needs mapping,Map to GL 6100
01-Jan-26,Services,Support tools,Zendesk / Gainsight,"4,311",manual Entry,TBD,,Timing issue
2026-02-26,Marketing,Google Ads,Google / LinkedIn,"5,308",cash,,needs mapping,Timing issue
2026-02-26,Marketing,Events & webinars,Various,"1,519",ERP,Andres,needs mapping,Check sign
01/2/26,Revenue,Subscr. revenue,Retail Customer,"3,298",Check,,Posted,Ask owner
2026-02-26,Services,Prof services,Implementation clients,"4,037",cash,Alex - FP&A,needs mapping,Ask owner
2026-04-01,Marketing,Customer appr.,Amazon gift c.,"8,180",manual Entry,,manual adj,One-off item
2026-04-01,Mktg,Events & webinars,Various,"(2,677)",ERP,TBD,,Vendor invoice late
2026-03-28,COGS,Payroll - eng,Payroll,"8,690",Check,Erikfinance ops,accrual,
01-Jan-26,Services,Prof services,Implementation clients,"7,680",cash,Andres,needs mapping,Map to GL 6100
15 Feb-26,COGS,Cloud hosting,AWS / Datadog,"2,201",ERP,Alex - FP&A,accrual,Vendor invoice late
25 Mar-26,Revenue,Product sales,Corp. clients,"8,054",cash,,accrual,Timing issue
15 Apr-26,Mktg,Customer appr.,Soccer Ticket,"(9,404)",Check,Andres,,Map to GL 6100
2026-01-25,Mktg,Events & webinars,Various,"2,924",Pos,TBD,accrual,Ask owner
25 Mar-26,G&A,Legal fees,Europa Law firm,"(3,486)",manual Entry,M. Chen,manual adj,Map to GL 6100
01/4/26,Marketing,Google Ads,Google / LinkedIn,14,cash,,,Timing issue
2026-01-25,R&D,Payroll - eng,Payroll,"3,503",cash,Erikfinance ops,posted,Vendor invoice late
25 Mar-26,COGS,Cloud hosting,AWS / Datadog,"6,328",cash,,,Timing issue
15 Feb-26,Sales,CRM / RevOps tools,Salesforce / Outreach,664,Pos,Erikfinance ops,,
2026-01-25,Marketing,Events & webinars,Various,"2,268",Pos,M. Chen,posted,Vendor invoice late
01/3/26,Services,Prof services,Implementation clients,"4,915",manual Entry,Erikfinance ops,accrual,One-off item
01/2/26,Mktg,Customer appr.,Amazon gift c.,"2,745",cash,M. Chen,accrual,
01/3/26,Sales,Payroll - sales,Payroll,"8,739",cash,TBD,posted,Timing issue
2026-01-25,Sales,Payroll - sales,Payroll,"5,203",manual Entry,Andres,accrual,Ask owner
2026-01-25,Services,Prof services,Implementation clients,"7,292",Pos,Andres,,Check sign
2026-01-25,Marketing,Google Ads,Google / LinkedIn,"1,763",ERP,,,Check sign
01/4/26,Services,Prof services,Implementation clients,"(1,037)",ERP,,manual adj,Map to GL 6100
2026-01-25,R&D,Cloud hosting,AWS / Datadog,"4,107",cash,Andres,Posted,Ask owner
2026-03-28,Revenue,Service,Retail Customer,"(6,217)",Check,Andres,needs mapping,Check sign
2026-04-01,Services,Support tools,Zendesk / Gainsight,"8,673",Pos,M. Chen,accrual,One-off item
2026-03-28,COGS,Materials,Home Depot,"(7,861)",Check,Andres,late invoice,Ask owner
25 Mar-26,G&A,Accounting fees,Jason CPA,"6,207",ERP,M. Chen,accrual,One-off item
2026-02-26,Marketing,Customer appr.,Gift hamper,"3,489",Pos,,Posted,One-off item
2026-01-25,G&A,Accounting fees,Brandon,"9,955",Pos,M. Chen,needs mapping,Timing issue
01-Jan-26,Sales,Payroll - sales,Payroll,"1,277",ERP,TBD,accrual,Timing issue
01/1/26,Services,Support tools,Zendesk / Gainsight,"8,408",cash,Alex - FP&A,manual adj,Timing issue
01/1/26,R&D,Cloud hosting,AWS / Datadog,"(3,973)",cash,Andres,Posted,Vendor invoice late
2026-03-28,Mktg,Customer appr.,Gift hamper,"(5,968)",ERP,Andres,manual adj,Timing issue
01/4/26,Mktg,Paid media,Google / LinkedIn,"9,700",Check,Andres,,Ask owner
2026-03-28,Services,Prof services,Implementation clients,"5,319",cash,TBD,Posted,Ask owner
2026-04-01,Sales,Payroll - sales,Payroll,"2,600",ERP,Alex - FP&A,Posted,One-off item
15 Apr-26,G&A,Legal fees,Europa Law firm,"9,405",Check,Andres,late invoice,Map to GL 6100
01-Jan-26,COGS,Payroll - eng,Payroll,"(1,339)",manual Entry,Erikfinance ops,needs mapping,One-off item
01/1/26,COGS,Cloud hosting,AWS / Datadog,"3,648",cash,Erikfinance ops,manual adj,Check sign
2026-04-01,Marketing,Google Ads,Google / LinkedIn,"2,543",Pos,,late invoice,
2026-02-26,Mktg,Events & webinars,Various,"1,021",Check,,needs mapping,One-off item
15 Feb-26,R&D,AI automation,n8n,199,manual Entry,TBD,manual adj,Ask owner
2026-04-01,Mktg,Paid media,Google / LinkedIn,"4,321",Pos,TBD,accrual,Timing issue
15 Apr-26,Mktg,Events & webinars,Various,"1,233",cash,Andres,,Map to GL 6100
2026-01-25,G&A,Legal fees,Europa Law firm,"5,584",Check,Alex - FP&A,accrual,Vendor invoice late
2026-01-25,Services,Prof services,Implementation clients,"(3,631)",Check,Alex - FP&A,manual adj,Check sign
2026-04-01,Sales,CRM / RevOps tools,Salesforce / Outreach,847,Pos,TBD,posted,Map to GL 6100
25 Mar-26,Sales,CRM / RevOps tools,Salesforce / Outreach,"9,546",ERP,M. Chen,Posted,Map to GL 6100
2026-01-25,R&D,AI automation,n8n,"8,269",manual Entry,Erikfinance ops,needs mapping,Ask owner
01/1/26,Marketing,Paid media,Google / LinkedIn,"6,226",cash,,manual adj,
01/3/26,Sales,Sales commission,Payroll,"3,439",ERP,TBD,Posted,One-off item
2026-01-25,Marketing,Customer appr.,Gift hamper,641,Check,M. Chen,,Ask owner
01/2/26,G&A,Accounting fees,Jason CPA,"1,745",manual Entry,Erikfinance ops,,Timing issue
15 Feb-26,Revenue,Revenue,Corp. clients,"4,239",Pos,Andres,needs mapping,Map to GL 6100
2026-01-25,Sales,Payroll - sales,Payroll,(664),cash,M. Chen,manual adj,Map to GL 6100
2026-01-25,Marketing,Paid media,Google / LinkedIn,"9,755",cash,TBD,late invoice,Map to GL 6100
01/3/26,Services,Support tools,Zendesk / Gainsight,"3,232",manual Entry,M. Chen,,Vendor invoice late
25 Mar-26,Marketing,Paid media,Google / LinkedIn,"7,353",Pos,,Posted,One-off item
01/2/26,Mktg,Paid media,Google / LinkedIn,"1,308",ERP,Andres,,Vendor invoice late
2026-01-25,Services,Support tools,Zendesk / Gainsight,"(3,820)",Pos,,,
15 Feb-26,Revenue,Revenue,Corp. clients,"2,940",ERP,M. Chen,,Ask owner
01/4/26,Revenue,Product sales,Retail Customer,"1,460",Pos,Andres,needs mapping,Map to GL 6100
2026-04-01,Marketing,Customer appr.,Amazon gift c.,157,Check,Erikfinance ops,accrual,
2026-02-26,Revenue,Product sales,Retail Customer,"7,980",Check,,posted,Map to GL 6100
15 Apr-26,R&D,Cloud hosting,AWS / Datadog,"4,846",manual Entry,,,
01-Jan-26,Mktg,Events & webinars,Various,"1,722",Pos,M. Chen,needs mapping,Check sign
01/2/26,COGS,Materials,Johnsons Supply,"4,595",manual Entry,M. Chen,posted,One-off item
25 Mar-26,Marketing,Customer appr.,Gift hamper,"2,048",manual Entry,M. Chen,posted,Vendor invoice late
2026-03-28,Marketing,Events & webinars,Various,"9,834",Check,Andres,needs mapping,Ask owner
01/2/26,Sales,Sales commission,Payroll,"9,515",Pos,TBD,late invoice,Timing issue
2026-01-25,Services,Prof services,Implementation clients,"6,390",cash,M. Chen,Posted,Map to GL 6100
2026-03-28,R&D,Payroll - eng,Payroll,"2,104",cash,,Posted,One-off item
01/4/26,Services,Prof services,Implementation clients,"4,610",cash,,accrual,Timing issue
2026-04-01,G&A,Legal fees,Buchalter,"2,777",ERP,,late invoice,Timing issue
15 Apr-26,COGS,Payroll - eng,Payroll,"7,914",Pos,Alex - FP&A,manual adj,Map to GL 6100
2026-01-25,G&A,Office rent,Landlord,"8,561",Check,,late invoice,Check sign
2026-03-28,Revenue,Revenue,Corp. clients,"6,849",Check,Andres,needs mapping,Timing issue
2026-04-01,Sales,CRM / RevOps tools,Salesforce / Outreach,"(2,941)",manual Entry,Alex - FP&A,needs mapping,Vendor invoice late
15 Apr-26,Sales,Sales commission,Payroll,"(5,131)",ERP,TBD,needs mapping,Ask owner
15 Feb-26,Services,Support tools,Zendesk / Gainsight,"9,089",ERP,,posted,Map to GL 6100
2026-03-28,Services,Support tools,Zendesk / Gainsight,"2,128",manual Entry,Andres,,Vendor invoice late
2026-03-28,Mktg,Customer appr.,Amazon gift c.,"4,017",Check,,late invoice,Ask owner
2026-03-28,R&D,AI automation,n8n,"(6,406)",Check,Erikfinance ops,Posted,Vendor invoice late
15 Apr-26,R&D,AI automation,n8n,"6,838",Pos,Andres,accrual,One-off item
2026-03-28,Services,Prof services,Implementation clients,"(7,483)",Check,Andres,late invoice,
15 Feb-26,Marketing,Events & webinars,Various,"4,239",ERP,,late invoice,Vendor invoice late
2026-04-01,COGS,Cloud hosting,AWS / Datadog,721,Check,Andres,,Map to GL 6100
25 Mar-26,Mktg,Paid media,Google / LinkedIn,"6,832",Pos,M. Chen,late invoice,Map to GL 6100
25 Mar-26,Marketing,Events & webinars,Various,"9,258",cash,,Posted,Timing issue
01/1/26,Revenue,Subscr. revenue,Retail Customer,"3,324",manual Entry,,,Vendor invoice late
01/2/26,Services,Prof services,Implementation clients,"9,546",manual Entry,TBD,Posted,Ask owner
2026-04-01,Services,Support tools,Zendesk / Gainsight,"4,341",manual Entry,M. Chen,late invoice,One-off item
01/2/26,Revenue,Revenue,Retail Customer,"5,510",cash,Andres,posted,
2026-04-01,COGS,Cloud hosting,AWS / Datadog,"2,522",cash,M. Chen,needs mapping,Vendor invoice late
2026-03-28,R&D,Cloud hosting,AWS / Datadog,"(7,205)",ERP,Erikfinance ops,accrual,Map to GL 6100
01/1/26,G&A,Accounting fees,Jason CPA,"4,922",Pos,Andres,Posted,
2026-04-01,R&D,Payroll - eng,Payroll,"8,571",manual Entry,Andres,accrual,Ask owner
01/4/26,COGS,Cloud hosting,AWS / Datadog,"3,677",manual Entry,Andres,manual adj,Timing issue
2026-02-26,Revenue,Product sales,Corp. clients,"9,897",ERP,Andres,needs mapping,Vendor invoice late
15 Feb-26,R&D,AI automation,n8n,"9,641",Check,M. Chen,late invoice,One-off item
01/2/26,Marketing,Events & webinars,Various,"9,031",Check,Alex - FP&A,manual adj,Timing issue
2026-03-28,Revenue,Product sales,Corp. clients,"5,563",Pos,Alex - FP&A,late invoice,
01/1/26,G&A,Legal fees,Buchalter,"5,662",cash,M. Chen,late invoice,Timing issue
2026-04-01,Mktg,Paid media,Google / LinkedIn,"(6,132)",manual Entry,Alex - FP&A,accrual,Timing issue
25 Mar-26,Services,Support tools,Zendesk / Gainsight,"5,853",ERP,,,Check sign
2026-01-25,Revenue,Product sales,Corp. clients,"4,633",manual Entry,Erikfinance ops,,One-off item
2026-02-26,Services,Prof services,Implementation clients,"6,913",cash,TBD,,One-off item
2026-02-26,Sales,Payroll - sales,Payroll,"(8,951)",ERP,M. Chen,needs mapping,Timing issue
01/2/26,G&A,Accounting fees,Jason CPA,"(9,848)",cash,TBD,accrual,Vendor invoice late
01/3/26,R&D,Cloud hosting,AWS / Datadog,"6,168",Pos,Alex - FP&A,accrual,Check sign
15 Apr-26,G&A,Accounting fees,Jason CPA,"5,032",Pos,,posted,Vendor invoice late
25 Mar-26,Marketing,Google Ads,Google / LinkedIn,"(3,805)",manual Entry,Alex - FP&A,,Ask owner
2026-04-01,Mktg,Customer appr.,Gift hamper,"7,860",manual Entry,,needs mapping,Map to GL 6100
2026-04-01,G&A,Office rent,Landlord,"4,854",manual Entry,Erikfinance ops,,Ask owner
2026-04-01,Services,Prof services,Implementation clients,"5,221",manual Entry,Andres,late invoice,
2026-04-01,G&A,Office rent,Landlord,"9,734",manual Entry,TBD,accrual,
2026-01-25,R&D,Cloud hosting,AWS / Datadog,350,Pos,M. Chen,,One-off item
01/2/26,Marketing,Events & webinars,Various,"3,014",ERP,Andres,needs mapping,Check sign
01/1/26,R&D,AI automation,n8n,249,cash,TBD,accrual,Ask owner
15 Apr-26,Sales,Payroll - sales,Payroll,"(9,070)",Check,Alex - FP&A,late invoice,One-off item
25 Mar-26,Marketing,Google Ads,Google / LinkedIn,"(6,129)",ERP,Erikfinance ops,posted,
15 Apr-26,COGS,Materials,Johnsons Supply,884,Check,,late invoice,Map to GL 6100
15 Apr-26,Marketing,Google Ads,Google / LinkedIn,"2,755",cash,Erikfinance ops,needs mapping,Map to GL 6100
01/1/26,Services,Support tools,Zendesk / Gainsight,"3,241",ERP,Alex - FP&A,manual adj,Map to GL 6100
01/4/26,Services,Prof services,Implementation clients,"8,730",manual Entry,M. Chen,manual adj,Timing issue
01/3/26,Revenue,Product sales,Retail Customer,"2,836",Pos,Andres,Posted,Vendor invoice late
2026-02-26,COGS,Payroll - eng,Payroll,"(9,992)",Pos,Andres,Posted,Ask owner
01/1/26,COGS,Cloud hosting,AWS / Datadog,"7,785",Pos,,needs mapping,Timing issue
01/4/26,G&A,Legal fees,Buchalter,"9,207",manual Entry,Alex - FP&A,needs mapping,One-off item
2026-03-28,COGS,Materials,Walmart,"1,010",Check,Andres,late invoice,Timing issue
01/4/26,Revenue,Product sales,Retail Customer,"1,409",Check,Andres,Posted,Ask owner
2026-03-28,COGS,Cloud hosting,AWS / Datadog,"9,461",Check,Erikfinance ops,,Vendor invoice late
2026-03-28,G&A,Office rent,Landlord,"2,975",cash,Andres,posted,Timing issue
25 Mar-26,R&D,AI automation,n8n,"(5,824)",ERP,Andres,Posted,Vendor invoice late
01/1/26,G&A,Legal fees,Buchalter,"4,151",cash,TBD,posted,Map to GL 6100
01/4/26,Mktg,Paid media,Google / LinkedIn,"8,836",ERP,Alex - FP&A,late invoice,Timing issue
01/1/26,Sales,Sales commission,Payroll,"(6,999)",Check,TBD,accrual,Timing issue
01/2/26,R&D,AI automation,n8n,"5,084",ERP,,manual adj,Check sign
2026-02-26,R&D,Payroll - eng,Payroll,"1,083",manual Entry,Alex - FP&A,accrual,Check sign
01/2/26,G&A,Accounting fees,Jason CPA,525,ERP,TBD,accrual,Ask owner
01/4/26,COGS,Cloud hosting,AWS / Datadog,"3,358",ERP,Erikfinance ops,Posted,Check sign
01/3/26,Revenue,Service,Retail Customer,"8,536",ERP,Erikfinance ops,,Timing issue
2026-01-25,Revenue,Revenue,Retail Customer,"4,860",Pos,M. Chen,posted,Timing issue
01/3/26,R&D,Payroll - eng,Payroll,"6,842",Check,TBD,late invoice,Map to GL 6100
2026-02-26,G&A,Legal fees,Europa Law firm,"3,697",manual Entry,,needs mapping,Map to GL 6100
01/2/26,Revenue,Revenue,Corp. clients,"1,307",manual Entry,Alex - FP&A,accrual,Check sign
2026-01-25,COGS,Cloud hosting,AWS / Datadog,"4,388",Check,TBD,manual adj,Ask owner
01/3/26,Sales,Sales commission,Payroll,(483),cash,Alex - FP&A,needs mapping,One-off item
15 Apr-26,Marketing,Customer appr.,Soccer Ticket,"8,630",cash,Alex - FP&A,manual adj,One-off item
01-Jan-26,Sales,Sales commission,Payroll,"8,349",Check,M. Chen,late invoice,One-off item
2026-01-25,Sales,CRM / RevOps tools,Salesforce / Outreach,"8,356",cash,TBD,late invoice,
2026-03-28,Mktg,Events & webinars,Various,720,manual Entry,M. Chen,posted,
15 Apr-26,Sales,Payroll - sales,Payroll,"9,295",cash,M. Chen,Posted,
2026-02-26,R&D,AI automation,n8n,"4,848",ERP,TBD,late invoice,Map to GL 6100
01/2/26,Marketing,Google Ads,Google / LinkedIn,"(4,524)",cash,TBD,needs mapping,One-off item
25 Mar-26,G&A,Legal fees,Buchalter,593,manual Entry,Erikfinance ops,accrual,
2026-03-28,Revenue,Product sales,Retail Customer,"7,535",cash,Erikfinance ops,,Check sign
01/1/26,Mktg,Events & webinars,Various,"2,303",Pos,,,One-off item
01/1/26,Revenue,Product sales,Corp. clients,"2,138",manual Entry,M. Chen,Posted,Timing issue
01/3/26,Sales,Payroll - sales,Payroll,(222),manual Entry,Erikfinance ops,posted,Ask owner
01/1/26,Marketing,Customer appr.,Soccer Ticket,"6,540",cash,M. Chen,manual adj,
01/2/26,Revenue,Subscr. revenue,Retail Customer,"4,513",cash,Andres,Posted,Vendor invoice late
2026-04-01,COGS,Cloud hosting,AWS / Datadog,818,ERP,M. Chen,needs mapping,Map to GL 6100
01/3/26,Revenue,Product sales,Retail Customer,"4,541",ERP,Erikfinance ops,,One-off item
15 Apr-26,Marketing,Google Ads,Google / LinkedIn,"3,395",cash,,posted,Vendor invoice late
15 Apr-26,R&D,Payroll - eng,Payroll,"8,633",Pos,Alex - FP&A,Posted,Check sign
01/3/26,G&A,Accounting fees,Jason CPA,"8,669",ERP,Andres,accrual,
01/1/26,R&D,Payroll - eng,Payroll,"5,687",ERP,Erikfinance ops,Posted,Ask owner
01/1/26,Mktg,Paid media,Google / LinkedIn,"6,469",Pos,TBD,late invoice,Ask owner
01/2/26,Marketing,Events & webinars,Various,"1,281",manual Entry,Erikfinance ops,needs mapping,One-off item
01-Jan-26,R&D,AI automation,n8n,"9,435",cash,Andres,needs mapping,One-off item
2026-01-25,Marketing,Customer appr.,Soccer Ticket,"(8,412)",ERP,TBD,accrual,Check sign
2026-01-25,Mktg,Paid media,Google / LinkedIn,"2,249",manual Entry,M. Chen,manual adj,Ask owner
2026-03-28,R&D,AI automation,n8n,851,ERP,,accrual,
01-Jan-26,Mktg,Events & webinars,Various,360,ERP,TBD,late invoice,One-off item
2026-03-28,R&D,Payroll - eng,Payroll,"8,370",Pos,TBD,,Check sign
15 Feb-26,Revenue,Service,Corp. clients,"4,471",cash,Erikfinance ops,needs mapping,Vendor invoice late
01/2/26,Mktg,Customer appr.,Amazon gift c.,"3,042",Check,TBD,late invoice,Map to GL 6100
2026-04-01,Mktg,Events & webinars,Various,778,Check,,needs mapping,Ask owner
2026-03-28,Mktg,Events & webinars,Various,"1,693",ERP,Alex - FP&A,late invoice,One-off item
01/3/26,Sales,CRM / RevOps tools,Salesforce / Outreach,"4,544",manual Entry,M. Chen,posted,Check sign
01/3/26,R&D,Cloud hosting,AWS / Datadog,396,Check,M. Chen,Posted,One-off item
15 Feb-26,Marketing,Google Ads,Google / LinkedIn,"1,484",cash,M. Chen,,One-off item
01-Jan-26,COGS,Cloud hosting,AWS / Datadog,"5,782",Pos,Erikfinance ops,late invoice,Check sign
2026-03-28,Services,Prof services,Implementation clients,(11),Check,Andres,,Timing issue
01/2/26,Revenue,Service,Retail Customer,"4,106",cash,,accrual,Check sign
01-Jan-26,Marketing,Customer appr.,Gift hamper,"2,030",Check,Erikfinance ops,manual adj,Check sign
01/1/26,Mktg,Customer appr.,Soccer Ticket,"7,486",Pos,,posted,Map to GL 6100
2026-03-28,Revenue,Service,Corp. clients,248,Check,Erikfinance ops,posted,Timing issue
01/2/26,G&A,Office rent,Landlord,"5,783",Check,M. Chen,,One-off item
01/3/26,Sales,CRM / RevOps tools,Salesforce / Outreach,"9,028",cash,Erikfinance ops,Posted,One-off item
2026-03-28,G&A,Legal fees,Buchalter,"4,467",Pos,Alex - FP&A,,Vendor invoice late
15 Apr-26,R&D,Payroll - eng,Payroll,"7,821",Pos,Erikfinance ops,posted,
01-Jan-26,Sales,CRM / RevOps tools,Salesforce / Outreach,"3,025",cash,,posted,Vendor invoice late
2026-04-01,Marketing,Paid media,Google / LinkedIn,"9,304",ERP,M. Chen,posted,Ask owner
01/3/26,Revenue,Service,Corp. clients,"7,774",cash,Alex - FP&A,accrual,Ask owner
15 Apr-26,Sales,CRM / RevOps tools,Salesforce / Outreach,"9,911",Check,Alex - FP&A,Posted,
2026-01-25,G&A,Legal fees,Europa Law firm,"7,627",Check,Andres,late invoice,Vendor invoice late
2026-03-28,Sales,CRM / RevOps tools,Salesforce / Outreach,"1,049",Check,M. Chen,posted,Timing issue
2026-02-26,Sales,Sales commission,Payroll,"4,848",Check,Erikfinance ops,late invoice,Map to GL 6100
2026-04-01,R&D,Payroll - eng,Payroll,"6,312",Pos,TBD,Posted,Map to GL 6100
01/3/26,Revenue,Revenue,Corp. clients,"9,365",manual Entry,Erikfinance ops,Posted,Timing issue
15 Feb-26,R&D,AI automation,n8n,"4,900",manual Entry,,needs mapping,
01/3/26,Services,Support tools,Zendesk / Gainsight,"(1,670)",cash,TBD,posted,One-off item
2026-03-28,Mktg,Customer appr.,Soccer Ticket,"9,367",cash,M. Chen,posted,Check sign
2026-03-28,COGS,Materials,Johnsons Supply,"9,092",manual Entry,Andres,accrual,Timing issue
01/1/26,Marketing,Paid media,Google / LinkedIn,"2,743",Check,,needs mapping,Map to GL 6100
2026-04-01,Marketing,Paid media,Google / LinkedIn,"1,514",Pos,TBD,,Vendor invoice late
2026-02-26,Marketing,Events & webinars,Various,"4,167",cash,Alex - FP&A,posted,Map to GL 6100
2026-03-28,Marketing,Paid media,Google / LinkedIn,"(2,508)",Pos,Erikfinance ops,accrual,Map to GL 6100
2026-04-01,Services,Prof services,Implementation clients,"7,975",Pos,Alex - FP&A,posted,Vendor invoice late
01/4/26,Sales,CRM / RevOps tools,Salesforce / Outreach,"1,487",manual Entry,M. Chen,manual adj,
15 Apr-26,R&D,Payroll - eng,Payroll,"(3,649)",Pos,TBD,needs mapping,
15 Apr-26,Sales,Sales commission,Payroll,"2,074",cash,,late invoice,Ask owner
25 Mar-26,Mktg,Paid media,Google / LinkedIn,"(8,067)",Pos,TBD,posted,Vendor invoice late
15 Feb-26,Sales,CRM / RevOps tools,Salesforce / Outreach,"1,231",manual Entry,TBD,posted,
01/4/26,Marketing,Paid media,Google / LinkedIn,"(5,132)",Pos,Alex - FP&A,late invoice,Check sign
2026-03-28,R&D,Cloud hosting,AWS / Datadog,"6,441",ERP,,needs mapping,One-off item
01/3/26,Mktg,Paid media,Google / LinkedIn,"3,688",manual Entry,M. Chen,late invoice,One-off item
01-Jan-26,Mktg,Paid media,Google / LinkedIn,"3,882",Check,Andres,accrual,Ask owner
01/2/26,Mktg,Paid media,Google / LinkedIn,"1,777",ERP,M. Chen,Posted,Timing issue
2026-02-26,Marketing,Customer appr.,Soccer Ticket,"2,913",cash,Andres,needs mapping,Timing issue
2026-02-26,Services,Support tools,Zendesk / Gainsight,"3,874",Check,,accrual,One-off item
01/2/26,Revenue,Revenue,Retail Customer,"6,477",ERP,TBD,accrual,Vendor invoice late
2026-04-01,Mktg,Paid media,Google / LinkedIn,"3,507",cash,,,
2026-01-25,Services,Prof services,Implementation clients,"5,538",manual Entry,M. Chen,needs mapping,Map to GL 6100
2026-02-26,Revenue,Subscr. revenue,Corp. clients,"1,932",Check,Alex - FP&A,accrual,Timing issue
01-Jan-26,R&D,Payroll - eng,Payroll,"8,089",manual Entry,Erikfinance ops,accrual,One-off item
01/2/26,Marketing,Paid media,Google / LinkedIn,"3,909",manual Entry,Alex - FP&A,needs mapping,Check sign
01/3/26,Marketing,Google Ads,Google / LinkedIn,"1,525",manual Entry,,manual adj,One-off item
25 Mar-26,G&A,Legal fees,Europa Law firm,816,Pos,Alex - FP&A,accrual,Ask owner
2026-03-28,Revenue,Product sales,Corp. clients,"1,491",Pos,Erikfinance ops,posted,One-off item
2026-04-01,Mktg,Events & webinars,Various,"(3,390)",Check,Andres,needs mapping,Vendor invoice late
2026-02-26,Mktg,Paid media,Google / LinkedIn,"7,631",cash,M. Chen,,Check sign
2026-04-01,R&D,AI automation,n8n,"3,096",cash,Alex - FP&A,manual adj,Ask owner
01/4/26,Revenue,Service,Retail Customer,"9,547",cash,Erikfinance ops,,One-off item
2026-01-25,Marketing,Events & webinars,Various,"7,964",cash,M. Chen,posted,One-off item
01/4/26,R&D,AI automation,n8n,"7,390",Pos,M. Chen,posted,Map to GL 6100
01/2/26,Sales,Sales commission,Payroll,"8,659",manual Entry,,posted,Timing issue
01/2/26,Sales,Sales commission,Payroll,"(6,050)",Pos,,,Map to GL 6100
2026-02-26,Marketing,Paid media,Google / LinkedIn,"3,933",cash,M. Chen,late invoice,Check sign
01/3/26,COGS,Cloud hosting,AWS / Datadog,303,Check,M. Chen,posted,Vendor invoice late
01/1/26,Revenue,Service,Retail Customer,"4,159",Check,Erikfinance ops,posted,Vendor invoice late
15 Feb-26,R&D,AI automation,n8n,"3,835",Check,,Posted,Ask owner
01/2/26,R&D,Cloud hosting,AWS / Datadog,"4,062",cash,M. Chen,late invoice,One-off item
2026-01-25,G&A,Office rent,Landlord,"5,130",manual Entry,Erikfinance ops,posted,Ask owner
01/3/26,Mktg,Customer appr.,Soccer Ticket,"1,244",cash,Alex - FP&A,late invoice,Timing issue
01/3/26,Marketing,Customer appr.,Amazon gift c.,"4,761",cash,M. Chen,Posted,Vendor invoice late
01/4/26,G&A,Accounting fees,Jason CPA,"5,710",cash,TBD,,Vendor invoice late
15 Feb-26,Mktg,Customer appr.,Amazon gift c.,"6,563",Check,Erikfinance ops,needs mapping,Timing issue
2026-03-28,Mktg,Customer appr.,Gift hamper,"5,476",Pos,Andres,needs mapping,Ask owner
01/3/26,Sales,CRM / RevOps tools,Salesforce / Outreach,715,Check,M. Chen,accrual,Timing issue
01/3/26,R&D,Payroll - eng,Payroll,"2,656",ERP,M. Chen,accrual,Map to GL 6100
15 Feb-26,Mktg,Paid media,Google / LinkedIn,"4,165",Check,Erikfinance ops,Posted,Check sign
01/2/26,Mktg,Customer appr.,Gift hamper,"(4,920)",Check,,Posted,Ask owner
2026-03-28,R&D,AI automation,n8n,"9,426",Check,TBD,needs mapping,Ask owner
01/3/26,Revenue,Service,Corp. clients,"4,208",ERP,Erikfinance ops,accrual,Vendor invoice late
15 Apr-26,G&A,Legal fees,Buchalter,"8,272",manual Entry,Andres,manual adj,Ask owner
01/4/26,R&D,Payroll - eng,Payroll,"1,111",cash,TBD,posted,Ask owner
01-Jan-26,Services,Support tools,Zendesk / Gainsight,"(6,390)",Check,TBD,late invoice,Timing issue
2026-03-28,Marketing,Google Ads,Google / LinkedIn,"4,838",ERP,Erikfinance ops,late invoice,One-off item
01/1/26,Mktg,Events & webinars,Various,"6,817",Pos,,,Ask owner
2026-02-26,R&D,Cloud hosting,AWS / Datadog,"7,174",ERP,,accrual,
01/1/26,R&D,AI automation,n8n,"1,880",Check,TBD,Posted,Ask owner
01/4/26,R&D,Cloud hosting,AWS / Datadog,"(9,848)",cash,TBD,,Timing issue
01/2/26,Marketing,Customer appr.,Amazon gift c.,"3,989",Check,Andres,accrual,Timing issue
2026-02-26,Sales,Payroll - sales,Payroll,"7,305",cash,M. Chen,needs mapping,Timing issue
2026-01-25,G&A,Office rent,Landlord,"7,423",Check,TBD,Posted,Check sign
01-Jan-26,G&A,Legal fees,Buchalter,"3,865",Pos,Erikfinance ops,manual adj,Timing issue
15 Apr-26,Mktg,Paid media,Google / LinkedIn,"(1,179)",cash,M. Chen,needs mapping,Ask owner
01/2/26,Mktg,Events & webinars,Various,"(9,573)",Pos,M. Chen,manual adj,Ask owner
2026-04-01,COGS,Payroll - eng,Payroll,"5,879",cash,Erikfinance ops,needs mapping,Timing issue
15 Feb-26,Revenue,Revenue,Retail Customer,"3,606",ERP,Erikfinance ops,,Check sign
01/4/26,Services,Support tools,Zendesk / Gainsight,"(8,394)",cash,M. Chen,late invoice,Vendor invoice late
01/4/26,Mktg,Paid media,Google / LinkedIn,"5,974",Pos,Alex - FP&A,posted,One-off item
01/3/26,Services,Support tools,Zendesk / Gainsight,"6,036",ERP,Alex - FP&A,needs mapping,Check sign
01-Jan-26,G&A,Legal fees,Buchalter,"9,930",cash,Alex - FP&A,needs mapping,Map to GL 6100
15 Apr-26,G&A,Legal fees,Europa Law firm,"2,722",cash,M. Chen,,Check sign
2026-02-26,Services,Prof services,Implementation clients,"8,201",cash,Erikfinance ops,accrual,
01/1/26,Sales,CRM / RevOps tools,Salesforce / Outreach,"1,746",cash,M. Chen,Posted,Vendor invoice late
01/3/26,G&A,Office rent,Landlord,"1,650",ERP,TBD,accrual,Map to GL 6100
01/4/26,COGS,Payroll - eng,Payroll,"(3,643)",cash,M. Chen,posted,Map to GL 6100
01/4/26,Mktg,Paid media,Google / LinkedIn,"6,785",Pos,TBD,Posted,
2026-04-01,G&A,Accounting fees,Brandon,"8,099",ERP,Alex - FP&A,late invoice,
01/1/26,Revenue,Product sales,Retail Customer,"4,803",cash,M. Chen,,Vendor invoice late
2026-02-26,G&A,Legal fees,Europa Law firm,"6,879",ERP,Alex - FP&A,accrual,Ask owner
01/4/26,Marketing,Paid media,Google / LinkedIn,"(3,601)",ERP,Alex - FP&A,,Vendor invoice late
01/1/26,COGS,Cloud hosting,AWS / Datadog,"1,944",manual Entry,Erikfinance ops,,Check sign
2026-04-01,Revenue,Service,Corp. clients,"4,672",ERP,TBD,accrual,
2026-02-26,Mktg,Customer appr.,Gift hamper,"5,390",ERP,Erikfinance ops,late invoice,One-off item
01/3/26,Mktg,Customer appr.,Soccer Ticket,"1,293",ERP,Erikfinance ops,accrual,
2026-03-28,Revenue,Subscr. revenue,Retail Customer,"2,787",Check,Alex - FP&A,,Timing issue
2026-02-26,R&D,Payroll - eng,Payroll,"2,538",Check,Erikfinance ops,posted,Vendor invoice late
25 Mar-26,Services,Prof services,Implementation clients,"1,399",Check,TBD,manual adj,Ask owner
2026-01-25,Marketing,Events & webinars,Various,"4,358",Pos,Erikfinance ops,needs mapping,Vendor invoice late
01/2/26,Sales,Payroll - sales,Payroll,"(3,689)",Check,M. Chen,needs mapping,Check sign
01/1/26,Mktg,Customer appr.,Soccer Ticket,"5,704",manual Entry,M. Chen,needs mapping,Map to GL 6100
2026-04-01,Sales,CRM / RevOps tools,Salesforce / Outreach,"(1,216)",cash,M. Chen,needs mapping,Check sign
01/1/26,Marketing,Events & webinars,Various,"7,453",ERP,Erikfinance ops,posted,
2026-04-01,Revenue,Product sales,Corp. clients,"7,175",manual Entry,M. Chen,,Map to GL 6100
15 Feb-26,Marketing,Paid media,Google / LinkedIn,"(9,555)",ERP,Andres,manual adj,Check sign
2026-03-28,G&A,Office rent,Landlord,"4,287",manual Entry,Alex - FP&A,posted,Check sign
2026-03-28,G&A,Legal fees,Buchalter,"4,519",cash,TBD,accrual,One-off item
15 Feb-26,COGS,Materials,Electric house,218,ERP,,accrual,
2026-01-25,Services,Prof services,Implementation clients,"3,437",Check,Andres,late invoice,Vendor invoice late
25 Mar-26,Services,Prof services,Implementation clients,"5,419",Pos,Alex - FP&A,manual adj,Map to GL 6100
01/3/26,G&A,Office rent,Landlord,"(8,828)",Check,Alex - FP&A,needs mapping,One-off item
01/1/26,Revenue,Product sales,Retail Customer,"4,819",manual Entry,M. Chen,late invoice,Ask owner
01-Jan-26,G&A,Accounting fees,Brandon,"5,854",cash,TBD,manual adj,
25 Mar-26,Mktg,Events & webinars,Various,"8,849",manual Entry,,late invoice,Map to GL 6100
01-Jan-26,R&D,Cloud hosting,AWS / Datadog,"9,276",Check,TBD,needs mapping,Map to GL 6100
2026-02-26,Services,Support tools,Zendesk / Gainsight,"8,885",Pos,M. Chen,accrual,Ask owner
01-Jan-26,G&A,Legal fees,Buchalter,"1,088",Pos,Erikfinance ops,,Timing issue
2026-01-25,Revenue,Product sales,Retail Customer,"2,938",ERP,Erikfinance ops,,Vendor invoice late
25 Mar-26,G&A,Legal fees,Europa Law firm,"9,961",Check,Alex - FP&A,late invoice,
25 Mar-26,G&A,Accounting fees,Jason CPA,"8,219",cash,,manual adj,Vendor invoice late
01-Jan-26,G&A,Accounting fees,Brandon,"9,871",Check,Andres,needs mapping,
01/3/26,Services,Support tools,Zendesk / Gainsight,"8,650",cash,,posted,Timing issue
01/1/26,Marketing,Google Ads,Google / LinkedIn,"(3,232)",Check,Andres,posted,Ask owner
2026-03-28,Marketing,Google Ads,Google / LinkedIn,778,manual Entry,TBD,late invoice,Vendor invoice late
01/4/26,G&A,Legal fees,Buchalter,"7,710",Check,,manual adj,One-off item
01-Jan-26,Mktg,Paid media,Google / LinkedIn,"1,480",Pos,Erikfinance ops,posted,Ask owner
2026-01-25,Revenue,Product sales,Retail Customer,"4,908",Check,,accrual,Ask owner
01/2/26,Mktg,Customer appr.,Soccer Ticket,"9,258",cash,Alex - FP&A,needs mapping,Check sign
01-Jan-26,R&D,Payroll - eng,Payroll,"4,164",manual Entry,Andres,late invoice,Check sign
15 Apr-26,G&A,Accounting fees,Brandon,"(4,395)",cash,M. Chen,,
2026-01-25,G&A,Legal fees,Europa Law firm,"9,756",Pos,TBD,accrual,
01/4/26,Marketing,Customer appr.,Amazon gift c.,"2,778",Pos,Andres,manual adj,
25 Mar-26,R&D,Payroll - eng,Payroll,(23),manual Entry,Andres,Posted,One-off item
01/1/26,Services,Prof services,Implementation clients,"6,170",Pos,TBD,Posted,Timing issue
25 Mar-26,COGS,Cloud hosting,AWS / Datadog,"7,591",cash,TBD,needs mapping,One-off item
2026-03-28,G&A,Legal fees,Buchalter,"7,163",manual Entry,,posted,Timing issue
25 Mar-26,COGS,Materials,Home Depot,"1,756",manual Entry,M. Chen,posted,Ask owner
01/3/26,Mktg,Customer appr.,Amazon gift c.,"7,586",cash,Andres,,
01/4/26,Revenue,Service,Retail Customer,"5,704",ERP,M. Chen,needs mapping,Ask owner
01/2/26,Mktg,Paid media,Google / LinkedIn,"2,346",cash,Alex - FP&A,manual adj,Check sign
25 Mar-26,Services,Support tools,Zendesk / Gainsight,"(2,343)",Check,Erikfinance ops,needs mapping,Check sign
25 Mar-26,Services,Prof services,Implementation clients,"5,598",Check,,Posted,Vendor invoice late
01/2/26,Services,Prof services,Implementation clients,"8,913",manual Entry,Alex - FP&A,Posted,One-off item
2026-01-25,G&A,Legal fees,Europa Law firm,"5,710",ERP,TBD,manual adj,Map to GL 6100
01/2/26,Mktg,Paid media,Google / LinkedIn,"7,318",Pos,,manual adj,One-off item
01-Jan-26,Services,Support tools,Zendesk / Gainsight,"4,759",cash,M. Chen,needs mapping,Ask owner
01-Jan-26,Sales,Sales commission,Payroll,"7,639",Check,,Posted,One-off item
15 Apr-26,Marketing,Google Ads,Google / LinkedIn,"(5,070)",ERP,,Posted,
01/4/26,Marketing,Events & webinars,Various,"1,736",ERP,Erikfinance ops,posted,
01/3/26,R&D,AI automation,n8n,583,Pos,Alex - FP&A,,
2026-03-28,COGS,Materials,Electric house,"6,262",Pos,M. Chen,accrual,Vendor invoice late
01/3/26,Marketing,Paid media,Google / LinkedIn,"8,359",manual Entry,Alex - FP&A,accrual,One-off item
2026-03-28,Revenue,Service,Corp. clients,(408),ERP,TBD,needs mapping,Timing issue
25 Mar-26,Sales,CRM / RevOps tools,Salesforce / Outreach,"3,276",Pos,M. Chen,Posted,Map to GL 6100
01-Jan-26,Revenue,Revenue,Retail Customer,"5,211",Pos,,needs mapping,Vendor invoice late
01/2/26,Revenue,Service,Corp. clients,"5,260",Pos,Erikfinance ops,posted,Timing issue
15 Apr-26,G&A,Legal fees,Buchalter,"8,018",ERP,M. Chen,manual adj,Ask owner
01/2/26,Marketing,Paid media,Google / LinkedIn,"1,780",Check,M. Chen,,Ask owner
15 Apr-26,Marketing,Google Ads,Google / LinkedIn,"7,638",manual Entry,Andres,posted,Ask owner
2026-01-25,Sales,Sales commission,Payroll,"7,346",cash,Andres,manual adj,Check sign
2026-01-25,Mktg,Customer appr.,Gift hamper,"6,155",Pos,TBD,Posted,
15 Feb-26,Mktg,Events & webinars,Various,"5,276",ERP,TBD,needs mapping,
2026-01-25,Marketing,Events & webinars,Various,"6,357",Check,TBD,manual adj,Check sign
2026-04-01,Services,Prof services,Implementation clients,"5,070",Pos,M. Chen,Posted,Check sign
15 Apr-26,COGS,Cloud hosting,AWS / Datadog,"7,419",cash,TBD,accrual,Map to GL 6100
15 Feb-26,G&A,Office rent,Landlord,"(9,633)",cash,TBD,accrual,Map to GL 6100
25 Mar-26,COGS,Cloud hosting,AWS / Datadog,"2,968",cash,M. Chen,,Timing issue
2026-02-26,R&D,Cloud hosting,AWS / Datadog,"8,540",Check,Erikfinance ops,late invoice,Timing issue
01/1/26,R&D,Payroll - eng,Payroll,"2,618",cash,TBD,manual adj,Vendor invoice late
01/3/26,Services,Support tools,Zendesk / Gainsight,"2,227",cash,Andres,needs mapping,
01-Jan-26,G&A,Accounting fees,Jason CPA,"2,314",Check,M. Chen,accrual,One-off item
01/4/26,Revenue,Revenue,Retail Customer,"8,503",Check,TBD,needs mapping,
2026-04-01,Sales,Payroll - sales,Payroll,"(4,353)",Check,Alex - FP&A,needs mapping,
15 Apr-26,Sales,Payroll - sales,Payroll,"6,270",manual Entry,TBD,accrual,Ask owner
2026-04-01,Sales,Payroll - sales,Payroll,"1,411",Check,TBD,manual adj,Map to GL 6100
15 Feb-26,G&A,Office rent,Landlord,"7,001",manual Entry,TBD,,Check sign
2026-04-01,Services,Prof services,Implementation clients,190,ERP,Andres,needs mapping,Vendor invoice late
25 Mar-26,Sales,Sales commission,Payroll,"4,863",manual Entry,,,Check sign
2026-02-26,Marketing,Paid media,Google / LinkedIn,"6,525",manual Entry,M. Chen,posted,Ask owner
01/3/26,G&A,Legal fees,Buchalter,"4,040",Pos,M. Chen,,Ask owner
01/3/26,Mktg,Events & webinars,Various,"9,410",Check,M. Chen,Posted,Timing issue
2026-01-25,Sales,Payroll - sales,Payroll,"3,988",ERP,Andres,late invoice,
15 Apr-26,Sales,Sales commission,Payroll,"2,245",Check,,Posted,Map to GL 6100
2026-01-25,Sales,Payroll - sales,Payroll,"(4,547)",Check,Erikfinance ops,late invoice,One-off item
15 Feb-26,Marketing,Paid media,Google / LinkedIn,"3,846",cash,TBD,accrual,Vendor invoice late
2026-01-25,Marketing,Paid media,Google / LinkedIn,"8,338",manual Entry,Erikfinance ops,Posted,Ask owner
01/3/26,Services,Prof services,Implementation clients,"9,433",cash,Andres,,Map to GL 6100
01/4/26,Mktg,Paid media,Google / LinkedIn,"2,346",Pos,Andres,posted,One-off item
2026-02-26,Sales,Sales commission,Payroll,"9,114",Check,Erikfinance ops,posted,Timing issue
2026-01-25,Mktg,Events & webinars,Various,"1,992",manual Entry,Andres,late invoice,Vendor invoice late
15 Feb-26,Mktg,Customer appr.,Soccer Ticket,"5,930",Pos,Erikfinance ops,,Ask owner
2026-02-26,COGS,Cloud hosting,AWS / Datadog,"3,653",manual Entry,M. Chen,late invoice,Ask owner
2026-03-28,R&D,AI automation,n8n,"4,850",Check,Erikfinance ops,accrual,Timing issue
25 Mar-26,Sales,CRM / RevOps tools,Salesforce / Outreach,"3,821",cash,Alex - FP&A,accrual,Check sign
01/1/26,COGS,Payroll - eng,Payroll,"5,397",manual Entry,M. Chen,late invoice,
01/2/26,R&D,Payroll - eng,Payroll,"6,725",Check,,needs mapping,Vendor invoice late
25 Mar-26,Revenue,Revenue,Retail Customer,"8,760",Check,Alex - FP&A,accrual,Timing issue
2026-04-01,Services,Support tools,Zendesk / Gainsight,"(2,772)",cash,Alex - FP&A,accrual,Ask owner
01/1/26,Services,Support tools,Zendesk / Gainsight,"3,447",cash,Alex - FP&A,late invoice,Ask owner
01/4/26,Sales,Payroll - sales,Payroll,"(3,709)",ERP,M. Chen,accrual,Ask owner
2026-01-25,G&A,Legal fees,Europa Law firm,"5,473",ERP,TBD,,Check sign
2026-01-25,Mktg,Events & webinars,Various,"4,038",Check,Erikfinance ops,accrual,Map to GL 6100
01/2/26,R&D,AI automation,n8n,"5,848",Check,Erikfinance ops,,One-off item
2026-02-26,R&D,AI automation,n8n,"6,528",Check,M. Chen,Posted,Ask owner
2026-03-28,Revenue,Product sales,Retail Customer,"6,990",Check,M. Chen,late invoice,One-off item
15 Feb-26,Revenue,Subscr. revenue,Corp. clients,(791),Pos,Erikfinance ops,needs mapping,Timing issue
2026-03-28,Services,Prof services,Implementation clients,750,manual Entry,,accrual,Check sign
15 Apr-26,Services,Support tools,Zendesk / Gainsight,(869),cash,Alex - FP&A,accrual,One-off item
15 Apr-26,G&A,Legal fees,Buchalter,"4,248",Check,Andres,needs mapping,Map to GL 6100
2026-02-26,Marketing,Events & webinars,Various,"1,467",manual Entry,Alex - FP&A,accrual,Check sign
2026-04-01,G&A,Legal fees,Europa Law firm,929,Check,Erikfinance ops,manual adj,Vendor invoice late
2026-04-01,Mktg,Customer appr.,Amazon gift c.,(733),cash,Erikfinance ops,posted,Vendor invoice late
2026-03-28,Revenue,Product sales,Corp. clients,"9,288",cash,Erikfinance ops,accrual,One-off item
2026-01-25,Services,Prof services,Implementation clients,"6,348",cash,TBD,Posted,Ask owner
15 Feb-26,COGS,Cloud hosting,AWS / Datadog,"1,992",Pos,,late invoice,Map to GL 6100
01/2/26,Revenue,Product sales,Corp. clients,"(3,675)",Check,Alex - FP&A,,Check sign
2026-04-01,Services,Prof services,Implementation clients,"(3,202)",ERP,Alex - FP&A,Posted,Timing issue
25 Mar-26,Marketing,Paid media,Google / LinkedIn,"(4,519)",Pos,,,
01/4/26,COGS,Payroll - eng,Payroll,"6,744",manual Entry,,Posted,One-off item
01/2/26,Services,Prof services,Implementation clients,"4,120",ERP,,,One-off item
01/2/26,Revenue,Revenue,Retail Customer,"1,964",Pos,Erikfinance ops,needs mapping,Check sign
01/2/26,Services,Prof services,Implementation clients,"6,096",cash,Erikfinance ops,posted,Map to GL 6100
01/4/26,Marketing,Events & webinars,Various,"5,880",Pos,Andres,Posted,One-off item
2026-03-28,Revenue,Revenue,Corp. clients,473,Pos,Alex - FP&A,late invoice,
01/2/26,R&D,Cloud hosting,AWS / Datadog,"1,017",cash,M. Chen,Posted,Check sign
2026-04-01,Mktg,Paid media,Google / LinkedIn,"7,106",ERP,,Posted,Vendor invoice late
2026-04-01,Marketing,Events & webinars,Various,"7,957",manual Entry,Erikfinance ops,,Check sign
2026-02-26,Marketing,Customer appr.,Amazon gift c.,"7,119",cash,Alex - FP&A,needs mapping,Check sign
25 Mar-26,R&D,Cloud hosting,AWS / Datadog,"3,251",Check,Alex - FP&A,posted,Vendor invoice late
2026-02-26,Services,Support tools,Zendesk / Gainsight,"1,854",cash,TBD,,
01/4/26,Mktg,Paid media,Google / LinkedIn,578,manual Entry,Alex - FP&A,manual adj,
01/1/26,Sales,CRM / RevOps tools,Salesforce / Outreach,250,Pos,Erikfinance ops,accrual,Map to GL 6100
01/1/26,G&A,Legal fees,Europa Law firm,"8,339",ERP,M. Chen,accrual,Map to GL 6100
2026-03-28,Revenue,Service,Corp. clients,"4,777",cash,M. Chen,posted,Check sign
2026-01-25,R&D,Cloud hosting,AWS / Datadog,"4,663",cash,Alex - FP&A,accrual,Vendor invoice late
01/4/26,G&A,Legal fees,Europa Law firm,"5,424",cash,Andres,accrual,Timing issue
15 Apr-26,Revenue,Revenue,Corp. clients,"4,241",ERP,Erikfinance ops,late invoice,Ask owner
01/2/26,Services,Prof services,Implementation clients,"1,358",cash,Alex - FP&A,Posted,One-off item
01/2/26,Mktg,Events & webinars,Various,"7,164",Check,M. Chen,needs mapping,One-off item
01/3/26,Revenue,Product sales,Corp. clients,"7,662",cash,TBD,late invoice,Check sign
2026-01-25,R&D,Payroll - eng,Payroll,"4,196",manual Entry,Andres,late invoice,Map to GL 6100
01/1/26,Sales,Sales commission,Payroll,"(7,580)",ERP,M. Chen,late invoice,Map to GL 6100
15 Feb-26,Mktg,Events & webinars,Various,"(4,104)",cash,,posted,
2026-02-26,Sales,CRM / RevOps tools,Salesforce / Outreach,"(7,820)",manual Entry,M. Chen,Posted,Timing issue
01/3/26,Revenue,Subscr. revenue,Corp. clients,"7,170",ERP,,accrual,Map to GL 6100
15 Feb-26,Revenue,Revenue,Retail Customer,402,manual Entry,TBD,manual adj,Map to GL 6100
01/1/26,Revenue,Product sales,Corp. clients,958,Pos,Andres,manual adj,Check sign
01/3/26,R&D,Payroll - eng,Payroll,"2,638",ERP,Alex - FP&A,Posted,One-off item
01/2/26,Services,Prof services,Implementation clients,540,manual Entry,Andres,posted,One-off item
25 Mar-26,G&A,Legal fees,Buchalter,"4,362",Pos,,Posted,Check sign
15 Apr-26,G&A,Accounting fees,Jason CPA,"2,774",Pos,TBD,manual adj,Timing issue
01/4/26,COGS,Payroll - eng,Payroll,"(6,637)",cash,M. Chen,posted,
01/2/26,Mktg,Events & webinars,Various,60,Pos,,posted,Vendor invoice late
15 Apr-26,Marketing,Google Ads,Google / LinkedIn,"9,479",cash,TBD,Posted,Vendor invoice late
01/3/26,R&D,AI automation,n8n,"4,124",Pos,,needs mapping,Check sign
2026-01-25,Sales,CRM / RevOps tools,Salesforce / Outreach,"3,382",Check,M. Chen,manual adj,One-off item
25 Mar-26,COGS,Payroll - eng,Payroll,"4,234",Check,Andres,Posted,Ask owner
2026-02-26,Revenue,Revenue,Corp. clients,"1,843",ERP,,,Ask owner
15 Feb-26,Services,Support tools,Zendesk / Gainsight,"1,460",ERP,Alex - FP&A,accrual,Check sign
2026-03-28,G&A,Legal fees,Buchalter,"7,911",Pos,M. Chen,late invoice,One-off item
2026-01-25,Marketing,Google Ads,Google / LinkedIn,"1,118",Pos,M. Chen,manual adj,One-off item
15 Apr-26,Mktg,Paid media,Google / LinkedIn,"8,246",cash,,Posted,One-off item
2026-01-25,Sales,CRM / RevOps tools,Salesforce / Outreach,"8,453",Check,Andres,manual adj,One-off item
01-Jan-26,Revenue,Product sales,Corp. clients,"4,069",ERP,Erikfinance ops,late invoice,Timing issue
01/2/26,COGS,Materials,Electric house,"9,853",ERP,M. Chen,manual adj,Timing issue
01-Jan-26,Sales,Payroll - sales,Payroll,"9,384",Check,M. Chen,,Map to GL 6100
2026-01-25,Sales,CRM / RevOps tools,Salesforce / Outreach,"(9,767)",Pos,Alex - FP&A,needs mapping,One-off item
15 Apr-26,COGS,Payroll - eng,Payroll,"1,622",Pos,Alex - FP&A,late invoice,Check sign
2026-01-25,Services,Support tools,Zendesk / Gainsight,"4,429",ERP,Erikfinance ops,needs mapping,Ask owner
01-Jan-26,Revenue,Revenue,Retail Customer,16,Pos,TBD,manual adj,
2026-02-26,COGS,Materials,Walmart,"1,143",ERP,TBD,accrual,Ask owner
01/4/26,Marketing,Paid media,Google / LinkedIn,"6,488",ERP,Andres,posted,Check sign
2026-04-01,Services,Support tools,Zendesk / Gainsight,"9,060",cash,M. Chen,needs mapping,Ask owner
01-Jan-26,Marketing,Paid media,Google / LinkedIn,"9,733",Pos,Erikfinance ops,accrual,Check sign
15 Apr-26,Mktg,Events & webinars,Various,"(3,877)",Check,Alex - FP&A,manual adj,Map to GL 6100
01/2/26,G&A,Legal fees,Buchalter,"(8,594)",Check,Alex - FP&A,needs mapping,Ask owner
01/1/26,Services,Prof services,Implementation clients,"9,301",ERP,M. Chen,Posted,One-off item
01/1/26,Marketing,Events & webinars,Various,"8,324",ERP,TBD,late invoice,Check sign
01-Jan-26,Revenue,Service,Corp. clients,"4,828",cash,Alex - FP&A,posted,
01/3/26,R&D,Payroll - eng,Payroll,"4,170",manual Entry,TBD,,One-off item
2026-02-26,Sales,Sales commission,Payroll,"7,478",Pos,,Posted,
01/1/26,COGS,Cloud hosting,AWS / Datadog,"(6,084)",Check,Erikfinance ops,accrual,Timing issue
2026-04-01,G&A,Accounting fees,Brandon,"(6,311)",ERP,M. Chen,Posted,Check sign
15 Apr-26,G&A,Office rent,Landlord,"2,125",cash,Andres,Posted,Map to GL 6100
01/1/26,Mktg,Events & webinars,Various,"6,229",ERP,TBD,accrual,Vendor invoice late
25 Mar-26,Marketing,Events & webinars,Various,"2,247",manual Entry,M. Chen,late invoice,Map to GL 6100
2026-01-25,Mktg,Customer appr.,Soccer Ticket,"(1,009)",ERP,TBD,posted,Timing issue
01/4/26,COGS,Materials,Walmart,"5,165",cash,TBD,Posted,Map to GL 6100
15 Feb-26,G&A,Accounting fees,Brandon,"7,938",Check,Alex - FP&A,manual adj,Vendor invoice late
01/3/26,G&A,Accounting fees,Jason CPA,632,manual Entry,Alex - FP&A,needs mapping,Timing issue
01-Jan-26,Services,Support tools,Zendesk / Gainsight,"9,437",manual Entry,M. Chen,,Ask owner
01/2/26,COGS,Payroll - eng,Payroll,"4,538",ERP,Andres,manual adj,Ask owner
2026-03-28,Marketing,Customer appr.,Gift hamper,"(1,397)",ERP,Erikfinance ops,Posted,Ask owner
01/2/26,G&A,Accounting fees,Brandon,"4,563",Check,Alex - FP&A,needs mapping,Timing issue
2026-01-25,G&A,Accounting fees,Jason CPA,"(9,063)",ERP,Andres,Posted,Map to GL 6100
2026-01-25,Sales,Payroll - sales,Payroll,"1,992",cash,TBD,manual adj,Timing issue
01-Jan-26,Services,Prof services,Implementation clients,"4,914",Check,,accrual,Ask owner
15 Apr-26,R&D,AI automation,n8n,"4,385",Pos,Erikfinance ops,posted,Timing issue
2026-02-26,R&D,Cloud hosting,AWS / Datadog,"5,142",Pos,Erikfinance ops,manual adj,Vendor invoice late
01/2/26,Services,Prof services,Implementation clients,"8,009",Pos,M. Chen,accrual,Map to GL 6100
2026-02-26,Sales,CRM / RevOps tools,Salesforce / Outreach,"3,199",cash,M. Chen,,One-off item
2026-02-26,COGS,Materials,Home Depot,"4,153",cash,,needs mapping,
25 Mar-26,Sales,CRM / RevOps tools,Salesforce / Outreach,"8,610",Pos,M. Chen,posted,Timing issue
2026-04-01,R&D,Payroll - eng,Payroll,"5,899",cash,Alex - FP&A,Posted,One-off item
01/2/26,G&A,Accounting fees,Brandon,"4,228",ERP,Andres,posted,
2026-04-01,COGS,Cloud hosting,AWS / Datadog,"8,932",Pos,M. Chen,accrual,Timing issue
2026-03-28,Services,Prof services,Implementation clients,"2,627",manual Entry,Andres,accrual,Timing issue
01/3/26,Services,Prof services,Implementation clients,"(9,032)",Check,M. Chen,posted,
15 Apr-26,G&A,Office rent,Landlord,"4,372",manual Entry,Andres,late invoice,One-off item
01/4/26,Marketing,Customer appr.,Amazon gift c.,"9,042",Check,M. Chen,,Timing issue
01/1/26,R&D,Payroll - eng,Payroll,"9,822",cash,M. Chen,,Timing issue
01-Jan-26,Services,Prof services,Implementation clients,"9,393",manual Entry,,,One-off item
25 Mar-26,G&A,Legal fees,Buchalter,"6,441",cash,Andres,late invoice,Timing issue
15 Apr-26,Services,Support tools,Zendesk / Gainsight,"4,479",cash,,manual adj,Vendor invoice late
2026-02-26,G&A,Legal fees,Europa Law firm,"8,073",Pos,Andres,late invoice,
2026-01-25,Services,Support tools,Zendesk / Gainsight,"2,832",manual Entry,Andres,accrual,Ask owner
15 Feb-26,G&A,Office rent,Landlord,988,cash,M. Chen,Posted,Map to GL 6100
15 Feb-26,Sales,CRM / RevOps tools,Salesforce / Outreach,"5,331",Pos,TBD,manual adj,Vendor invoice late
01/1/26,Mktg,Events & webinars,Various,"8,529",Check,Alex - FP&A,Posted,Check sign
2026-02-26,Mktg,Paid media,Google / LinkedIn,"6,667",manual Entry,Alex - FP&A,manual adj,Timing issue
15 Apr-26,Mktg,Paid media,Google / LinkedIn,"6,419",Check,Andres,late invoice,One-off item
01/2/26,Mktg,Customer appr.,Amazon gift c.,"4,359",Pos,Alex - FP&A,,Check sign
25 Mar-26,COGS,Materials,Home Depot,"5,106",ERP,Alex - FP&A,Posted,Timing issue
2026-03-28,G&A,Office rent,Landlord,"7,947",ERP,Andres,posted,Timing issue
01/1/26,Mktg,Customer appr.,Soccer Ticket,"9,068",Pos,,accrual,One-off item
2026-04-01,R&D,Cloud hosting,AWS / Datadog,"1,292",Pos,M. Chen,,
2026-02-26,COGS,Cloud hosting,AWS / Datadog,"(1,645)",Check,Andres,manual adj,Map to GL 6100
01/1/26,Mktg,Paid media,Google / LinkedIn,"(4,170)",cash,Andres,,Check sign
2026-03-28,Services,Support tools,Zendesk / Gainsight,"(6,344)",manual Entry,Alex - FP&A,,Timing issue
2026-04-01,Sales,CRM / RevOps tools,Salesforce / Outreach,"8,896",Pos,M. Chen,posted,Vendor invoice late
2026-04-01,R&D,Payroll - eng,Payroll,637,ERP,TBD,late invoice,Ask owner
2026-03-28,G&A,Office rent,Landlord,"6,729",Pos,Andres,posted,
01/4/26,COGS,Payroll - eng,Payroll,"5,342",Check,,late invoice,Timing issue
15 Apr-26,Services,Prof services,Implementation clients,"3,035",ERP,M. Chen,needs mapping,Vendor invoice late
01/3/26,R&D,Cloud hosting,AWS / Datadog,"(7,292)",ERP,Andres,late invoice,One-off item
2026-02-26,Sales,Sales commission,Payroll,"2,936",manual Entry,TBD,manual adj,Map to GL 6100
15 Apr-26,G&A,Accounting fees,Brandon,"8,065",Pos,Alex - FP&A,Posted,Map to GL 6100
15 Apr-26,COGS,Cloud hosting,AWS / Datadog,"(5,653)",Check,TBD,manual adj,Vendor invoice late
01/4/26,Sales,CRM / RevOps tools,Salesforce / Outreach,"(5,421)",Pos,Alex - FP&A,needs mapping,One-off item
15 Apr-26,R&D,Payroll - eng,Payroll,"5,916",Check,,posted,
25 Mar-26,G&A,Accounting fees,Brandon,"1,468",Pos,Andres,,Map to GL 6100
01/2/26,G&A,Accounting fees,Jason CPA,"9,853",manual Entry,TBD,Posted,Vendor invoice late
2026-01-25,Services,Support tools,Zendesk / Gainsight,"(9,533)",cash,Erikfinance ops,manual adj,Ask owner
2026-02-26,R&D,AI automation,n8n,"7,907",manual Entry,Erikfinance ops,manual adj,Ask owner
15 Feb-26,G&A,Legal fees,Buchalter,"(5,068)",manual Entry,Erikfinance ops,,Map to GL 6100
01/2/26,R&D,AI automation,n8n,"2,552",manual Entry,Alex - FP&A,late invoice,Vendor invoice late
2026-04-01,R&D,AI automation,n8n,"7,082",Pos,M. Chen,needs mapping,One-off item
15 Feb-26,Marketing,Paid media,Google / LinkedIn,"4,116",cash,,Posted,One-off item
2026-01-25,Services,Support tools,Zendesk / Gainsight,"9,125",manual Entry,,accrual,
01/3/26,COGS,Cloud hosting,AWS / Datadog,"1,201",ERP,Alex - FP&A,needs mapping,Check sign
15 Feb-26,Services,Prof services,Implementation clients,"7,728",ERP,,posted,Vendor invoice late
01/4/26,Marketing,Customer appr.,Amazon gift c.,"(5,396)",Check,Erikfinance ops,needs mapping,Ask owner
01/3/26,Sales,Payroll - sales,Payroll,"(4,618)",cash,Alex - FP&A,late invoice,Map to GL 6100
2026-03-28,Mktg,Events & webinars,Various,"6,628",manual Entry,Erikfinance ops,Posted,One-off item
15 Apr-26,Sales,Payroll - sales,Payroll,"9,471",manual Entry,M. Chen,posted,One-off item
2026-02-26,Mktg,Events & webinars,Various,"2,969",Check,,,Vendor invoice late
2026-02-26,Services,Support tools,Zendesk / Gainsight,"4,689",manual Entry,M. Chen,manual adj,Ask owner
2026-04-01,Revenue,Product sales,Corp. clients,"(6,481)",Check,,accrual,Ask owner
01/4/26,Mktg,Paid media,Google / LinkedIn,"9,793",ERP,,manual adj,One-off item
01/4/26,R&D,AI automation,n8n,"1,564",manual Entry,Alex - FP&A,manual adj,Vendor invoice late
01-Jan-26,Marketing,Events & webinars,Various,876,cash,Erikfinance ops,needs mapping,Check sign
2026-04-01,G&A,Office rent,Landlord,"8,176",Check,TBD,,One-off item
01/1/26,Sales,CRM / RevOps tools,Salesforce / Outreach,"4,995",Check,,accrual,
2026-03-28,Sales,Payroll - sales,Payroll,"6,835",ERP,Alex - FP&A,manual adj,Timing issue
15 Apr-26,Revenue,Product sales,Corp. clients,"3,993",ERP,TBD,,Map to GL 6100
15 Apr-26,COGS,Cloud hosting,AWS / Datadog,"(9,270)",Check,Erikfinance ops,late invoice,One-off item
01/3/26,Mktg,Customer appr.,Amazon gift c.,"5,540",manual Entry,,posted,Vendor invoice late
2026-04-01,R&D,Cloud hosting,AWS / Datadog,"8,926",cash,,Posted,Check sign
01-Jan-26,COGS,Materials,Walmart,"8,652",Check,Erikfinance ops,Posted,Map to GL 6100
2026-01-25,Sales,CRM / RevOps tools,Salesforce / Outreach,"(5,104)",Check,M. Chen,accrual,One-off item
01/3/26,G&A,Accounting fees,Brandon,"8,144",ERP,Alex - FP&A,,Vendor invoice late
01/3/26,Marketing,Google Ads,Google / LinkedIn,"3,031",manual Entry,,manual adj,Check sign
01/3/26,Sales,CRM / RevOps tools,Salesforce / Outreach,"9,183",Pos,TBD,Posted,
2026-03-28,COGS,Cloud hosting,AWS / Datadog,"9,090",Pos,Erikfinance ops,,One-off item
01/1/26,G&A,Legal fees,Europa Law firm,"1,684",manual Entry,,posted,One-off item
01/4/26,Marketing,Google Ads,Google / LinkedIn,"(3,165)",Check,TBD,late invoice,Ask owner
2026-04-01,Mktg,Paid media,Google / LinkedIn,"6,017",Pos,Erikfinance ops,Posted,Timing issue
01/2/26,G&A,Accounting fees,Brandon,"1,981",Pos,Alex - FP&A,manual adj,One-off item
2026-02-26,Mktg,Customer appr.,Soccer Ticket,"4,591",Pos,Andres,late invoice,Check sign
2026-03-28,Sales,Payroll - sales,Payroll,"3,626",Check,Erikfinance ops,Posted,One-off item
01/1/26,Mktg,Paid media,Google / LinkedIn,"2,347",Check,,Posted,Map to GL 6100
01/2/26,Revenue,Product sales,Retail Customer,"5,665",ERP,Andres,needs mapping,Vendor invoice late
2026-03-28,R&D,AI automation,n8n,"8,794",manual Entry,,accrual,Vendor invoice late
01/1/26,G&A,Accounting fees,Jason CPA,"5,057",Pos,Erikfinance ops,manual adj,Map to GL 6100
01/4/26,G&A,Office rent,Landlord,"9,187",Pos,M. Chen,Posted,Ask owner
01/3/26,Revenue,Product sales,Retail Customer,"(4,153)",ERP,Erikfinance ops,accrual,Ask owner
2026-03-28,Services,Support tools,Zendesk / Gainsight,"(6,881)",cash,TBD,manual adj,Timing issue
25 Mar-26,COGS,Materials,Electric house,"7,441",ERP,Erikfinance ops,posted,One-off item
25 Mar-26,R&D,Cloud hosting,AWS / Datadog,"5,394",manual Entry,Alex - FP&A,accrual,Vendor invoice late
2026-04-01,Mktg,Paid media,Google / LinkedIn,257,Pos,Erikfinance ops,needs mapping,One-off item
2026-02-26,Marketing,Google Ads,Google / LinkedIn,"2,024",Pos,Erikfinance ops,late invoice,Timing issue
2026-02-26,Services,Support tools,Zendesk / Gainsight,"4,927",manual Entry,M. Chen,manual adj,Ask owner
2026-04-01,Revenue,Revenue,Retail Customer,"4,565",manual Entry,Erikfinance ops,late invoice,One-off item
2026-04-01,COGS,Cloud hosting,AWS / Datadog,732,Pos,Alex - FP&A,Posted,One-off item
01-Jan-26,Revenue,Service,Corp. clients,"(2,026)",cash,TBD,Posted,One-off item
2026-02-26,Sales,Payroll - sales,Payroll,"1,877",cash,Andres,manual adj,Ask owner
2026-04-01,Sales,CRM / RevOps tools,Salesforce / Outreach,"5,400",Pos,TBD,late invoice,Vendor invoice late
01/1/26,Sales,Payroll - sales,Payroll,"1,996",Check,M. Chen,Posted,Timing issue
01-Jan-26,Mktg,Customer appr.,Gift hamper,"(3,180)",ERP,TBD,late invoice,Ask owner
01-Jan-26,G&A,Office rent,Landlord,"9,915",Pos,M. Chen,late invoice,Ask owner
01/3/26,Services,Support tools,Zendesk / Gainsight,970,Check,Erikfinance ops,posted,Check sign
15 Apr-26,Services,Support tools,Zendesk / Gainsight,"3,749",Pos,TBD,accrual,Map to GL 6100
15 Feb-26,Revenue,Product sales,Corp. clients,"9,682",Pos,Alex - FP&A,late invoice,Vendor invoice late
01-Jan-26,Sales,Sales commission,Payroll,"7,284",Check,TBD,late invoice,One-off item
15 Feb-26,Revenue,Service,Corp. clients,"1,131",Check,Andres,Posted,One-off item
01/3/26,Marketing,Events & webinars,Various,"9,842",manual Entry,Alex - FP&A,accrual,
01/3/26,Sales,Payroll - sales,Payroll,"4,049",ERP,Erikfinance ops,Posted,One-off item
25 Mar-26,Revenue,Revenue,Corp. clients,"9,252",Pos,M. Chen,late invoice,Vendor invoice late
01-Jan-26,Services,Prof services,Implementation clients,152,Pos,TBD,accrual,One-off item
01/3/26,Mktg,Events & webinars,Various,"3,780",ERP,,needs mapping,Vendor invoice late
2026-01-25,G&A,Accounting fees,Brandon,"8,413",cash,Erikfinance ops,,Vendor invoice late
15 Apr-26,Revenue,Revenue,Corp. clients,"(9,252)",Check,Erikfinance ops,needs mapping,Map to GL 6100
2026-03-28,Mktg,Paid media,Google / LinkedIn,"6,821",Pos,M. Chen,,
2026-02-26,Sales,CRM / RevOps tools,Salesforce / Outreach,"(6,572)",ERP,Andres,late invoice,One-off item
01-Jan-26,R&D,AI automation,n8n,"(9,988)",ERP,TBD,manual adj,Vendor invoice late
01/1/26,COGS,Materials,Walmart,"7,943",manual Entry,Andres,manual adj,Check sign
15 Apr-26,Mktg,Paid media,Google / LinkedIn,"6,900",manual Entry,,late invoice,Vendor invoice late
01/2/26,Services,Support tools,Zendesk / Gainsight,"5,997",Pos,,needs mapping,Timing issue
25 Mar-26,Marketing,Customer appr.,Soccer Ticket,"(4,594)",manual Entry,TBD,,Map to GL 6100
01/4/26,R&D,AI automation,n8n,"8,947",Check,Erikfinance ops,manual adj,Vendor invoice late
25 Mar-26,Marketing,Google Ads,Google / LinkedIn,"4,813",ERP,TBD,manual adj,Ask owner
15 Apr-26,R&D,Payroll - eng,Payroll,"7,439",Pos,M. Chen,needs mapping,Vendor invoice late
01/2/26,Sales,CRM / RevOps tools,Salesforce / Outreach,"2,578",Check,TBD,posted,Vendor invoice late
2026-04-01,G&A,Legal fees,Europa Law firm,"(5,549)",cash,Erikfinance ops,posted,Vendor invoice late
2026-03-28,Sales,CRM / RevOps tools,Salesforce / Outreach,"8,700",Check,TBD,late invoice,One-off item
01/1/26,Revenue,Product sales,Corp. clients,"4,073",Pos,M. Chen,posted,Check sign
01/2/26,COGS,Payroll - eng,Payroll,"1,421",cash,Erikfinance ops,,One-off item
2026-03-28,R&D,Payroll - eng,Payroll,"8,899",ERP,,late invoice,One-off item
2026-04-01,Marketing,Google Ads,Google / LinkedIn,"(8,371)",manual Entry,Alex - FP&A,,Map to GL 6100
01-Jan-26,Mktg,Paid media,Google / LinkedIn,81,ERP,Alex - FP&A,posted,Vendor invoice late
2026-03-28,COGS,Materials,Johnsons Supply,"5,635",cash,Erikfinance ops,,One-off item
2026-03-28,Sales,CRM / RevOps tools,Salesforce / Outreach,"6,545",manual Entry,M. Chen,manual adj,One-off item
01/1/26,Mktg,Paid media,Google / LinkedIn,"1,629",Check,Andres,Posted,Map to GL 6100
01/4/26,Services,Prof services,Implementation clients,"7,584",ERP,Andres,,Map to GL 6100
01-Jan-26,Mktg,Paid media,Google / LinkedIn,"1,958",Pos,Andres,needs mapping,One-off item
2026-02-26,Mktg,Events & webinars,Various,"1,359",Pos,Alex - FP&A,manual adj,Check sign
15 Apr-26,Mktg,Customer appr.,Soccer Ticket,"4,663",cash,,posted,Vendor invoice late
01/2/26,Revenue,Revenue,Retail Customer,"8,258",Pos,TBD,late invoice,Check sign
2026-01-25,COGS,Cloud hosting,AWS / Datadog,988,ERP,Andres,Posted,
01-Jan-26,Revenue,Subscr. revenue,Retail Customer,"7,821",ERP,TBD,manual adj,Vendor invoice late
2026-04-01,COGS,Cloud hosting,AWS / Datadog,"7,437",Check,M. Chen,late invoice,Vendor invoice late
2026-02-26,G&A,Legal fees,Buchalter,"1,847",manual Entry,Alex - FP&A,manual adj,One-off item
01/3/26,COGS,Materials,Walmart,"9,961",Pos,M. Chen,manual adj,Vendor invoice late
2026-04-01,R&D,Payroll - eng,Payroll,"1,435",manual Entry,TBD,needs mapping,Map to GL 6100
01/1/26,Services,Prof services,Implementation clients,"9,122",manual Entry,,Posted,Timing issue
15 Feb-26,Marketing,Paid media,Google / LinkedIn,"2,583",ERP,Erikfinance ops,needs mapping,Check sign
2026-04-01,Sales,CRM / RevOps tools,Salesforce / Outreach,"1,765",ERP,Erikfinance ops,,Map to GL 6100
01/1/26,Revenue,Service,Corp. clients,"(8,750)",manual Entry,Alex - FP&A,posted,One-off item
2026-04-01,G&A,Legal fees,Europa Law firm,"4,745",cash,Erikfinance ops,posted,Timing issue
15 Apr-26,Marketing,Events & webinars,Various,"6,301",ERP,M. Chen,accrual,Ask owner
01/1/26,R&D,Payroll - eng,Payroll,"9,948",ERP,Alex - FP&A,late invoice,One-off item
2026-04-01,R&D,AI automation,n8n,"3,326",manual Entry,Andres,accrual,Vendor invoice late
15 Feb-26,COGS,Materials,Walmart,"9,541",Pos,Alex - FP&A,late invoice,Map to GL 6100
2026-02-26,R&D,AI automation,n8n,"8,508",manual Entry,Erikfinance ops,needs mapping,Ask owner
01/4/26,Services,Prof services,Implementation clients,55,manual Entry,Alex - FP&A,Posted,One-off item
2026-04-01,Revenue,Product sales,Retail Customer,(907),Pos,TBD,needs mapping,Check sign
15 Apr-26,Sales,CRM / RevOps tools,Salesforce / Outreach,"8,000",Pos,Alex - FP&A,accrual,
01/3/26,Mktg,Customer appr.,Soccer Ticket,"8,831",cash,Alex - FP&A,,One-off item
01/1/26,Sales,CRM / RevOps tools,Salesforce / Outreach,"8,973",ERP,Alex - FP&A,needs mapping,Map to GL 6100
2026-03-28,Revenue,Subscr. revenue,Corp. clients,"6,228",manual Entry,,Posted,Ask owner
01/3/26,Services,Prof services,Implementation clients,"9,139",ERP,,accrual,
2026-01-25,Services,Support tools,Zendesk / Gainsight,"(7,136)",cash,TBD,manual adj,Ask owner
01-Jan-26,Services,Support tools,Zendesk / Gainsight,"3,246",manual Entry,Erikfinance ops,late invoice,One-off item
2026-02-26,Mktg,Events & webinars,Various,"(2,923)",Pos,Andres,needs mapping,Ask owner
25 Mar-26,Marketing,Paid media,Google / LinkedIn,"2,020",manual Entry,M. Chen,Posted,Map to GL 6100
2026-04-01,Revenue,Revenue,Corp. clients,534,Check,Alex - FP&A,needs mapping,
2026-02-26,Revenue,Product sales,Retail Customer,"(1,657)",ERP,Andres,manual adj,Vendor invoice late
25 Mar-26,COGS,Materials,Johnsons Supply,"2,923",Check,M. Chen,manual adj,Vendor invoice late
25 Mar-26,Services,Support tools,Zendesk / Gainsight,"5,999",Pos,Andres,late invoice,Map to GL 6100
15 Feb-26,Revenue,Product sales,Retail Customer,"4,658",Pos,Andres,,Map to GL 6100
2026-04-01,Marketing,Google Ads,Google / LinkedIn,"9,288",cash,Alex - FP&A,,Ask owner
01/3/26,Sales,Sales commission,Payroll,"7,964",cash,M. Chen,manual adj,
2026-01-25,Revenue,Service,Retail Customer,"7,711",cash,,needs mapping,Check sign
2026-03-28,G&A,Legal fees,Europa Law firm,"(8,506)",Check,Alex - FP&A,posted,Check sign
15 Feb-26,G&A,Office rent,Landlord,"9,759",manual Entry,M. Chen,Posted,Check sign
2026-03-28,Sales,CRM / RevOps tools,Salesforce / Outreach,"(2,642)",manual Entry,Erikfinance ops,Posted,Timing issue
2026-04-01,G&A,Legal fees,Buchalter,"3,501",cash,Alex - FP&A,Posted,Vendor invoice late
01/1/26,Mktg,Events & webinars,Various,"3,101",Check,Alex - FP&A,needs mapping,Ask owner
2026-04-01,COGS,Materials,Walmart,"7,260",cash,Andres,needs mapping,Map to GL 6100
2026-04-01,Services,Prof services,Implementation clients,"(4,229)",ERP,M. Chen,accrual,One-off item
15 Feb-26,Revenue,Subscr. revenue,Corp. clients,"4,462",cash,,Posted,One-off item
2026-03-28,Services,Prof services,Implementation clients,"(2,345)",Pos,Erikfinance ops,accrual,Timing issue
25 Mar-26,COGS,Cloud hosting,AWS / Datadog,"(8,967)",Pos,Alex - FP&A,manual adj,
15 Feb-26,Revenue,Service,Retail Customer,"9,976",Check,Alex - FP&A,manual adj,
2026-01-25,Mktg,Events & webinars,Various,"(3,986)",cash,TBD,accrual,Check sign
2026-02-26,Mktg,Customer appr.,Amazon gift c.,"2,875",manual Entry,Erikfinance ops,,Check sign
01-Jan-26,Mktg,Paid media,Google / LinkedIn,"9,113",manual Entry,TBD,late invoice,Map to GL 6100
01/4/26,Sales,CRM / RevOps tools,Salesforce / Outreach,"6,295",ERP,M. Chen,posted,Map to GL 6100
2026-04-01,COGS,Cloud hosting,AWS / Datadog,"7,146",manual Entry,Andres,needs mapping,
15 Feb-26,Sales,CRM / RevOps tools,Salesforce / Outreach,"(5,778)",cash,Andres,needs mapping,Vendor invoice late
01/4/26,Sales,Payroll - sales,Payroll,"(1,145)",Check,Andres,,Ask owner
2026-01-25,G&A,Legal fees,Buchalter,"1,117",ERP,Erikfinance ops,Posted,Map to GL 6100
01-Jan-26,Mktg,Paid media,Google / LinkedIn,330,cash,Alex - FP&A,needs mapping,One-off item
2026-03-28,Revenue,Subscr. revenue,Retail Customer,"6,021",Check,Andres,accrual,Check sign
2026-02-26,Marketing,Customer appr.,Amazon gift c.,"1,389",Pos,,Posted,One-off item
15 Apr-26,Mktg,Paid media,Google / LinkedIn,"(3,373)",cash,,manual adj,Vendor invoice late
01/4/26,R&D,AI automation,n8n,"2,948",Check,Andres,posted,Vendor invoice late
01/1/26,Mktg,Customer appr.,Amazon gift c.,"2,000",manual Entry,,needs mapping,One-off item
01-Jan-26,Mktg,Paid media,Google / LinkedIn,"8,192",Pos,,late invoice,Timing issue
01/1/26,Revenue,Product sales,Corp. clients,"(7,852)",cash,Erikfinance ops,posted,
01/3/26,Mktg,Paid media,Google / LinkedIn,"3,581",manual Entry,,needs mapping,Timing issue
2026-04-01,Services,Support tools,Zendesk / Gainsight,"3,073",Pos,Alex - FP&A,Posted,Check sign
15 Apr-26,Mktg,Customer appr.,Gift hamper,"5,555",Check,Andres,Posted,Timing issue
01/4/26,Services,Support tools,Zendesk / Gainsight,"5,639",ERP,Erikfinance ops,Posted,
01-Jan-26,Mktg,Paid media,Google / LinkedIn,"6,571",ERP,M. Chen,needs mapping,Vendor invoice late
2026-01-25,R&D,Payroll - eng,Payroll,"6,489",Check,Alex - FP&A,posted,Ask owner
25 Mar-26,Revenue,Revenue,Retail Customer,"1,203",ERP,,manual adj,Check sign
15 Apr-26,Revenue,Product sales,Corp. clients,"1,482",Check,M. Chen,,Timing issue
25 Mar-26,Services,Support tools,Zendesk / Gainsight,"3,750",manual Entry,Erikfinance ops,posted,Check sign
2026-04-01,Sales,Sales commission,Payroll,"8,709",manual Entry,Alex - FP&A,,Timing issue
01/3/26,Revenue,Service,Corp. clients,"5,954",manual Entry,Alex - FP&A,accrual,Ask owner
2026-01-25,R&D,AI automation,n8n,"9,373",Check,M. Chen,Posted,
2026-02-26,COGS,Cloud hosting,AWS / Datadog,"1,564",cash,Alex - FP&A,Posted,Vendor invoice late
2026-04-01,Services,Prof services,Implementation clients,"2,039",Pos,Alex - FP&A,late invoice,Check sign
01/2/26,Services,Prof services,Implementation clients,(593),Check,Andres,,Ask owner
01/1/26,Mktg,Customer appr.,Amazon gift c.,"7,427",Pos,Erikfinance ops,late invoice,
2026-03-28,Revenue,Service,Corp. clients,"4,380",Check,,needs mapping,Ask owner
01/3/26,Mktg,Paid media,Google / LinkedIn,"2,739",cash,Andres,Posted,Timing issue
01/4/26,R&D,Cloud hosting,AWS / Datadog,"7,594",manual Entry,Erikfinance ops,late invoice,Timing issue
25 Mar-26,Marketing,Events & webinars,Various,"4,153",Check,Erikfinance ops,,One-off item
15 Feb-26,Sales,CRM / RevOps tools,Salesforce / Outreach,"1,266",manual Entry,,Posted,Vendor invoice late
2026-02-26,Revenue,Revenue,Retail Customer,"8,463",Check,TBD,Posted,Check sign
01-Jan-26,Services,Prof services,Implementation clients,"4,491",Pos,TBD,late invoice,Timing issue
2026-04-01,Mktg,Paid media,Google / LinkedIn,896,Check,,accrual,Vendor invoice late
01/3/26,R&D,Cloud hosting,AWS / Datadog,"8,810",Pos,Andres,Posted,Check sign
2026-02-26,Mktg,Customer appr.,Amazon gift c.,"(8,757)",Pos,M. Chen,posted,Timing issue
01/1/26,COGS,Materials,Walmart,"7,650",Pos,M. Chen,late invoice,Check sign
01-Jan-26,COGS,Payroll - eng,Payroll,"6,946",ERP,TBD,,Vendor invoice late
15 Apr-26,COGS,Payroll - eng,Payroll,"2,313",Pos,,Posted,Vendor invoice late
01/4/26,G&A,Legal fees,Europa Law firm,"2,005",ERP,M. Chen,Posted,
15 Feb-26,COGS,Cloud hosting,AWS / Datadog,(364),manual Entry,Erikfinance ops,,Ask owner
01/4/26,R&D,AI automation,n8n,"(1,843)",Check,TBD,needs mapping,Check sign
2026-04-01,Sales,Sales commission,Payroll,"7,974",Pos,Andres,manual adj,
25 Mar-26,Marketing,Google Ads,Google / LinkedIn,"2,589",Check,,posted,One-off item
2026-01-25,COGS,Materials,Home Depot,"9,666",Check,,late invoice,Ask owner
2026-04-01,Services,Support tools,Zendesk / Gainsight,"(7,233)",manual Entry,TBD,needs mapping,Vendor invoice late
15 Feb-26,Services,Prof services,Implementation clients,453,ERP,Erikfinance ops,needs mapping,Vendor invoice late
15 Apr-26,COGS,Cloud hosting,AWS / Datadog,271,ERP,M. Chen,posted,Check sign
01-Jan-26,Sales,CRM / RevOps tools,Salesforce / Outreach,655,Pos,M. Chen,manual adj,Vendor invoice late
2026-04-01,G&A,Legal fees,Buchalter,"8,625",Pos,Erikfinance ops,manual adj,Vendor invoice late
15 Apr-26,R&D,Cloud hosting,AWS / Datadog,"4,607",manual Entry,M. Chen,accrual,One-off item
15 Feb-26,Marketing,Google Ads,Google / LinkedIn,"(8,168)",Check,,Posted,One-off item
25 Mar-26,G&A,Office rent,Landlord,"8,581",ERP,Andres,,Timing issue
2026-02-26,Services,Support tools,Zendesk / Gainsight,"7,996",Pos,Andres,Posted,Vendor invoice late
2026-01-25,Sales,CRM / RevOps tools,Salesforce / Outreach,"6,610",Pos,M. Chen,manual adj,Vendor invoice late
2026-03-28,G&A,Office rent,Landlord,"9,342",Check,Erikfinance ops,Posted,Map to GL 6100
15 Feb-26,COGS,Materials,Walmart,"8,250",cash,,manual adj,
01/1/26,Marketing,Paid media,Google / LinkedIn,"(5,475)",Pos,Alex - FP&A,accrual,
01-Jan-26,Revenue,Service,Corp. clients,"5,381",manual Entry,,Posted,Map to GL 6100
2026-03-28,Revenue,Subscr. revenue,Corp. clients,"4,048",manual Entry,M. Chen,late invoice,Map to GL 6100
01/1/26,G&A,Legal fees,Buchalter,"8,675",Pos,Erikfinance ops,,Check sign
01/3/26,Sales,CRM / RevOps tools,Salesforce / Outreach,"6,134",cash,,accrual,Map to GL 6100
25 Mar-26,Mktg,Paid media,Google / LinkedIn,"6,159",Check,Alex - FP&A,needs mapping,One-off item
01/2/26,G&A,Accounting fees,Brandon,"6,883",Check,Alex - FP&A,Posted,Map to GL 6100
2026-04-01,Revenue,Revenue,Retail Customer,"8,866",manual Entry,M. Chen,posted,Check sign
2026-04-01,G&A,Accounting fees,Jason CPA,"3,325",manual Entry,Alex - FP&A,,Timing issue
01/3/26,Marketing,Paid media,Google / LinkedIn,"(3,606)",Check,TBD,needs mapping,
01/4/26,COGS,Cloud hosting,AWS / Datadog,"3,254",Pos,Erikfinance ops,accrual,Check sign
01/2/26,Services,Prof services,Implementation clients,"3,318",ERP,Andres,manual adj,One-off item
2026-01-25,Revenue,Revenue,Corp. clients,"4,998",cash,M. Chen,Posted,Map to GL 6100
01/1/26,Revenue,Revenue,Corp. clients,"9,094",manual Entry,,posted,One-off item
01/2/26,Revenue,Revenue,Retail Customer,"9,337",Check,,Posted,Map to GL 6100
2026-03-28,Revenue,Product sales,Retail Customer,"8,786",cash,Andres,posted,Timing issue
2026-01-25,R&D,Cloud hosting,AWS / Datadog,"7,196",Pos,TBD,needs mapping,Ask owner
2026-03-28,R&D,Payroll - eng,Payroll,"3,545",Pos,,,Vendor invoice late
25 Mar-26,COGS,Payroll - eng,Payroll,"9,581",cash,M. Chen,needs mapping,
2026-04-01,R&D,Payroll - eng,Payroll,"4,160",Check,Andres,,One-off item
25 Mar-26,R&D,AI automation,n8n,"1,175",manual Entry,Erikfinance ops,accrual,Ask owner
2026-03-28,Mktg,Paid media,Google / LinkedIn,"5,033",cash,TBD,needs mapping,Vendor invoice late
2026-04-01,Services,Prof services,Implementation clients,"3,693",manual Entry,Andres,accrual,Map to GL 6100
15 Apr-26,Sales,CRM / RevOps tools,Salesforce / Outreach,118,Pos,Erikfinance ops,posted,Timing issue
01/1/26,G&A,Legal fees,Buchalter,"2,190",Pos,M. Chen,accrual,Vendor invoice late
25 Mar-26,Sales,Sales commission,Payroll,"(2,421)",cash,,posted,Map to GL 6100
2026-03-28,G&A,Accounting fees,Jason CPA,"2,754",manual Entry,Erikfinance ops,manual adj,
25 Mar-26,Marketing,Customer appr.,Soccer Ticket,"5,992",Check,Alex - FP&A,manual adj,Ask owner
01/1/26,Revenue,Revenue,Corp. clients,"5,475",Pos,Andres,accrual,Ask owner
15 Feb-26,G&A,Accounting fees,Jason CPA,"(1,862)",Check,Andres,needs mapping,Check sign
01/4/26,G&A,Office rent,Landlord,"(5,690)",manual Entry,M. Chen,posted,Check sign
25 Mar-26,Sales,Sales commission,Payroll,654,Pos,Andres,Posted,Vendor invoice late
01-Jan-26,COGS,Materials,Johnsons Supply,"9,538",Check,Erikfinance ops,late invoice,Timing issue
25 Mar-26,COGS,Materials,Home Depot,"1,525",Pos,M. Chen,needs mapping,Timing issue
01/1/26,Services,Prof services,Implementation clients,"9,748",cash,,,Check sign
01-Jan-26,Mktg,Events & webinars,Various,"(9,548)",Pos,Erikfinance ops,needs mapping,Vendor invoice late
25 Mar-26,Sales,Payroll - sales,Payroll,510,Check,Erikfinance ops,manual adj,Ask owner
15 Feb-26,COGS,Materials,Johnsons Supply,"9,551",Check,Andres,Posted,One-off item
01-Jan-26,Services,Support tools,Zendesk / Gainsight,"9,137",manual Entry,M. Chen,late invoice,Vendor invoice late
01/1/26,R&D,AI automation,n8n,"(9,394)",ERP,Erikfinance ops,posted,
01/1/26,COGS,Payroll - eng,Payroll,"8,039",cash,Andres,needs mapping,Check sign
15 Feb-26,R&D,AI automation,n8n,"4,454",cash,TBD,,Ask owner
01/2/26,R&D,AI automation,n8n,"6,846",manual Entry,TBD,accrual,
2026-01-25,Sales,Payroll - sales,Payroll,"8,326",Check,Andres,late invoice,
01/1/26,R&D,AI automation,n8n,"6,422",Pos,M. Chen,Posted,
01/1/26,COGS,Materials,Johnsons Supply,"(2,289)",Pos,Erikfinance ops,accrual,Vendor invoice late
15 Apr-26,Marketing,Events & webinars,Various,"6,120",Check,,Posted,One-off item
01/4/26,Services,Support tools,Zendesk / Gainsight,"(6,254)",manual Entry,,posted,Ask owner
15 Apr-26,Services,Support tools,Zendesk / Gainsight,"1,072",cash,,accrual,Check sign
2026-04-01,Mktg,Paid media,Google / LinkedIn,"2,781",cash,Erikfinance ops,late invoice,
25 Mar-26,Sales,CRM / RevOps tools,Salesforce / Outreach,"1,953",cash,M. Chen,late invoice,
25 Mar-26,G&A,Legal fees,Europa Law firm,"8,294",ERP,TBD,Posted,
25 Mar-26,COGS,Materials,Home Depot,"9,829",cash,M. Chen,posted,
01/3/26,Revenue,Service,Retail Customer,"(8,944)",ERP,Erikfinance ops,Posted,
15 Apr-26,Marketing,Paid media,Google / LinkedIn,"(1,546)",manual Entry,,late invoice,
25 Mar-26,Sales,CRM / RevOps tools,Salesforce / Outreach,"5,650",manual Entry,Andres,posted,
01/2/26,Mktg,Paid media,Google / LinkedIn,"3,346",ERP,Erikfinance ops,manual adj,Check sign
25 Mar-26,Services,Support tools,Zendesk / Gainsight,"3,777",Check,Erikfinance ops,manual adj,
01-Jan-26,G&A,Accounting fees,Brandon,"2,403",manual Entry,M. Chen,needs mapping,Timing issue
15 Apr-26,G&A,Office rent,Landlord,366,ERP,M. Chen,posted,Map to GL 6100
01/2/26,G&A,Office rent,Landlord,"7,836",manual Entry,TBD,needs mapping,One-off item
2026-03-28,Mktg,Customer appr.,Soccer Ticket,"(9,171)",manual Entry,TBD,,One-off item
2026-04-01,Revenue,Product sales,Retail Customer,"4,280",Check,Erikfinance ops,needs mapping,Timing issue
2026-03-28,Revenue,Subscr. revenue,Retail Customer,"7,025",Check,TBD,,One-off item
25 Mar-26,COGS,Cloud hosting,AWS / Datadog,"6,889",manual Entry,Erikfinance ops,,Vendor invoice late
15 Apr-26,COGS,Materials,Johnsons Supply,"1,635",ERP,Andres,Posted,Vendor invoice late
01/4/26,R&D,Payroll - eng,Payroll,"9,723",Check,Erikfinance ops,Posted,Check sign
01/4/26,Services,Prof services,Implementation clients,"(8,923)",Check,,accrual,One-off item
2026-03-28,Services,Prof services,Implementation clients,"(5,478)",Pos,Alex - FP&A,accrual,Ask owner
01/4/26,R&D,Cloud hosting,AWS / Datadog,"5,099",manual Entry,TBD,posted,Check sign
15 Feb-26,Sales,CRM / RevOps tools,Salesforce / Outreach,"6,902",ERP,Andres,posted,
25 Mar-26,Sales,CRM / RevOps tools,Salesforce / Outreach,757,cash,Erikfinance ops,Posted,Ask owner
2026-03-28,Revenue,Subscr. revenue,Corp. clients,"2,091",ERP,M. Chen,late invoice,One-off item
2026-04-01,Mktg,Events & webinars,Various,"1,258",cash,Andres,needs mapping,
25 Mar-26,Sales,Payroll - sales,Payroll,(945),Pos,Alex - FP&A,manual adj,Vendor invoice late
01/3/26,R&D,Payroll - eng,Payroll,"3,830",Check,Alex - FP&A,needs mapping,Vendor invoice late
2026-02-26,Sales,Sales commission,Payroll,"7,454",manual Entry,TBD,needs mapping,
15 Feb-26,COGS,Payroll - eng,Payroll,"(4,077)",manual Entry,M. Chen,manual adj,One-off item
15 Feb-26,Sales,Sales commission,Payroll,"5,488",Check,Erikfinance ops,manual adj,
01/4/26,Sales,CRM / RevOps tools,Salesforce / Outreach,"6,669",Pos,TBD,accrual,One-off item
2026-04-01,R&D,AI automation,n8n,"2,711",cash,Erikfinance ops,late invoice,Check sign
01/3/26,Sales,CRM / RevOps tools,Salesforce / Outreach,"1,299",Pos,Andres,late invoice,
01/3/26,COGS,Payroll - eng,Payroll,"3,795",ERP,,posted,One-off item
2026-02-26,Revenue,Service,Corp. clients,"9,452",Check,Andres,accrual,Ask owner
01/4/26,Marketing,Paid media,Google / LinkedIn,"(8,001)",cash,Erikfinance ops,late invoice,Timing issue
2026-03-28,Services,Support tools,Zendesk / Gainsight,"2,044",Check,TBD,needs mapping,Check sign
01/3/26,R&D,Cloud hosting,AWS / Datadog,"6,858",cash,Alex - FP&A,late invoice,Check sign
2026-04-01,R&D,Payroll - eng,Payroll,"7,083",Check,,Posted,Ask owner
2026-01-25,Sales,Sales commission,Payroll,"(2,421)",ERP,Erikfinance ops,accrual,
25 Mar-26,Revenue,Service,Corp. clients,"5,498",manual Entry,Erikfinance ops,needs mapping,One-off item
01/1/26,R&D,Payroll - eng,Payroll,"4,767",cash,,needs mapping,Check sign
01/2/26,G&A,Office rent,Landlord,(592),ERP,,Posted,Vendor invoice late
15 Feb-26,R&D,Cloud hosting,AWS / Datadog,"8,303",Pos,Andres,late invoice,Ask owner
2026-01-25,Sales,CRM / RevOps tools,Salesforce / Outreach,"(2,626)",ERP,Erikfinance ops,Posted,Ask owner
01-Jan-26,R&D,Payroll - eng,Payroll,"3,314",manual Entry,M. Chen,late invoice,Vendor invoice late
01/2/26,Sales,CRM / RevOps tools,Salesforce / Outreach,"8,988",Pos,M. Chen,Posted,Ask owner
25 Mar-26,G&A,Legal fees,Buchalter,"(4,993)",manual Entry,M. Chen,accrual,
2026-02-26,Services,Prof services,Implementation clients,"8,781",manual Entry,M. Chen,,Check sign
01-Jan-26,Services,Prof services,Implementation clients,"5,175",cash,Erikfinance ops,Posted,
15 Apr-26,Revenue,Subscr. revenue,Retail Customer,"6,991",cash,,,Ask owner
2026-03-28,Revenue,Revenue,Corp. clients,"5,110",Pos,TBD,late invoice,Check sign
15 Feb-26,COGS,Materials,Walmart,"(6,944)",manual Entry,Erikfinance ops,,Check sign
01/3/26,COGS,Cloud hosting,AWS / Datadog,"9,030",manual Entry,Andres,accrual,
01/4/26,Mktg,Events & webinars,Various,"5,847",Pos,Erikfinance ops,Posted,Check sign
2026-03-28,Revenue,Product sales,Corp. clients,575,Check,TBD,posted,Timing issue
2026-02-26,Services,Support tools,Zendesk / Gainsight,"4,981",ERP,Andres,,Check sign
25 Mar-26,COGS,Payroll - eng,Payroll,"2,105",cash,Andres,posted,Ask owner
15 Feb-26,Sales,Payroll - sales,Payroll,"4,335",manual Entry,,late invoice,Check sign
01-Jan-26,COGS,Materials,Home Depot,"2,946",Pos,Alex - FP&A,late invoice,One-off item
15 Feb-26,Revenue,Subscr. revenue,Corp. clients,"(7,569)",Pos,,needs mapping,Ask owner
2026-02-26,Services,Support tools,Zendesk / Gainsight,"(3,665)",manual Entry,Erikfinance ops,accrual,Check sign
2026-04-01,Mktg,Customer appr.,Soccer Ticket,"6,831",Pos,TBD,Posted,One-off item
01/2/26,Services,Support tools,Zendesk / Gainsight,"8,275",Check,Alex - FP&A,accrual,Ask owner
01/4/26,Services,Prof services,Implementation clients,"1,447",ERP,,posted,Vendor invoice late
15 Apr-26,R&D,Cloud hosting,AWS / Datadog,"3,048",manual Entry,M. Chen,accrual,Timing issue
01/4/26,R&D,Cloud hosting,AWS / Datadog,"5,492",manual Entry,Andres,accrual,
2026-02-26,COGS,Payroll - eng,Payroll,"9,923",ERP,TBD,posted,Ask owner
01-Jan-26,COGS,Materials,Home Depot,"5,129",Pos,Andres,manual adj,
01/2/26,Marketing,Paid media,Google / LinkedIn,"(4,601)",Check,,posted,One-off item
2026-03-28,G&A,Accounting fees,Brandon,(31),Check,Alex - FP&A,late invoice,Map to GL 6100
01/4/26,Revenue,Product sales,Corp. clients,"(2,087)",Check,M. Chen,needs mapping,Timing issue
01/1/26,COGS,Cloud hosting,AWS / Datadog,"3,592",ERP,,,Map to GL 6100
2026-01-25,G&A,Legal fees,Europa Law firm,"6,573",Pos,,Posted,Map to GL 6100
01/2/26,R&D,AI automation,n8n,"1,891",Pos,,needs mapping,One-off item
2026-02-26,Mktg,Customer appr.,Gift hamper,"1,512",manual Entry,M. Chen,posted,Ask owner
01/4/26,Marketing,Google Ads,Google / LinkedIn,"4,404",Pos,Alex - FP&A,Posted,Check sign
2026-03-28,R&D,AI automation,n8n,190,ERP,Alex - FP&A,needs mapping,Check sign
2026-03-28,Marketing,Customer appr.,Gift hamper,"4,817",Check,TBD,Posted,Ask owner
2026-03-28,R&D,AI automation,n8n,"5,674",Check,TBD,accrual,
25 Mar-26,R&D,AI automation,n8n,"7,151",Check,TBD,,Vendor invoice late
15 Apr-26,Marketing,Customer appr.,Soccer Ticket,"4,596",manual Entry,,manual adj,
15 Feb-26,Services,Prof services,Implementation clients,"8,501",Check,M. Chen,accrual,Map to GL 6100
01/2/26,R&D,Cloud hosting,AWS / Datadog,"5,474",cash,M. Chen,manual adj,Timing issue
01/3/26,Services,Prof services,Implementation clients,51,cash,Erikfinance ops,needs mapping,Timing issue
01/3/26,R&D,AI automation,n8n,"7,360",manual Entry,Erikfinance ops,accrual,Map to GL 6100
25 Mar-26,G&A,Legal fees,Europa Law firm,"6,929",ERP,Erikfinance ops,accrual,Timing issue
01/4/26,R&D,Cloud hosting,AWS / Datadog,"1,731",ERP,M. Chen,accrual,Vendor invoice late
01-Jan-26,R&D,Cloud hosting,AWS / Datadog,860,manual Entry,Andres,Posted,Ask owner
2026-04-01,Revenue,Service,Corp. clients,698,manual Entry,,late invoice,Vendor invoice late
01/3/26,Sales,Sales commission,Payroll,"9,224",Pos,Andres,accrual,One-off item
01/2/26,Services,Prof services,Implementation clients,"6,601",manual Entry,,late invoice,Vendor invoice late
01/2/26,Mktg,Events & webinars,Various,"2,479",Pos,,needs mapping,Vendor invoice late
01-Jan-26,Revenue,Service,Corp. clients,"1,093",cash,TBD,posted,
01/1/26,Services,Prof services,Implementation clients,"3,759",cash,Alex - FP&A,Posted,Vendor invoice late
25 Mar-26,G&A,Accounting fees,Brandon,"4,646",cash,M. Chen,needs mapping,One-off item
01/1/26,COGS,Payroll - eng,Payroll,"3,017",manual Entry,Alex - FP&A,posted,
01/4/26,Sales,Payroll - sales,Payroll,"1,309",manual Entry,TBD,posted,Vendor invoice late
01/2/26,COGS,Materials,Home Depot,"5,353",Pos,M. Chen,Posted,Timing issue
15 Apr-26,R&D,Payroll - eng,Payroll,"3,943",ERP,Andres,manual adj,Vendor invoice late
15 Feb-26,Revenue,Subscr. revenue,Retail Customer,"2,497",cash,Erikfinance ops,Posted,Check sign
01/1/26,G&A,Accounting fees,Brandon,"4,575",manual Entry,Alex - FP&A,accrual,One-off item
25 Mar-26,Mktg,Events & webinars,Various,"9,603",manual Entry,Alex - FP&A,posted,Check sign
25 Mar-26,Sales,Payroll - sales,Payroll,"(6,909)",ERP,M. Chen,Posted,Vendor invoice late
01/1/26,R&D,Cloud hosting,AWS / Datadog,829,ERP,TBD,posted,Ask owner
01/4/26,R&D,Payroll - eng,Payroll,"9,587",cash,M. Chen,needs mapping,Check sign
2026-01-25,Revenue,Subscr. revenue,Corp. clients,"5,644",manual Entry,TBD,manual adj,Ask owner
15 Apr-26,COGS,Payroll - eng,Payroll,"7,372",manual Entry,M. Chen,needs mapping,Ask owner
01/4/26,Marketing,Events & webinars,Various,699,Check,M. Chen,needs mapping,Vendor invoice late
01-Jan-26,Services,Support tools,Zendesk / Gainsight,"(7,843)",Pos,Erikfinance ops,needs mapping,Vendor invoice late
01-Jan-26,Marketing,Customer appr.,Gift hamper,"1,967",manual Entry,Alex - FP&A,posted,Check sign
2026-01-25,Mktg,Paid media,Google / LinkedIn,"8,791",ERP,,accrual,Vendor invoice late
01/3/26,COGS,Payroll - eng,Payroll,"2,515",Check,TBD,Posted,Timing issue
2026-02-26,Sales,Payroll - sales,Payroll,"3,092",cash,Alex - FP&A,late invoice,Timing issue
25 Mar-26,Marketing,Events & webinars,Various,"5,350",Pos,,,Timing issue
15 Apr-26,Sales,Sales commission,Payroll,"(8,985)",Check,Andres,accrual,One-off item
2026-01-25,COGS,Cloud hosting,AWS / Datadog,(410),cash,TBD,,Ask owner
01-Jan-26,Revenue,Subscr. revenue,Retail Customer,"9,630",cash,Erikfinance ops,needs mapping,
2026-02-26,Sales,Payroll - sales,Payroll,"3,585",Pos,TBD,Posted,One-off item
15 Feb-26,G&A,Office rent,Landlord,"2,325",manual Entry,M. Chen,needs mapping,Map to GL 6100
01/1/26,Sales,Sales commission,Payroll,"8,480",Pos,TBD,,One-off item
01/3/26,Marketing,Events & webinars,Various,"3,717",manual Entry,M. Chen,late invoice,
01/3/26,COGS,Cloud hosting,AWS / Datadog,"7,419",manual Entry,,Posted,Check sign
25 Mar-26,R&D,Cloud hosting,AWS / Datadog,"9,720",Pos,,manual adj,Timing issue
15 Apr-26,COGS,Materials,Walmart,"5,605",Check,Erikfinance ops,manual adj,Vendor invoice late
15 Apr-26,R&D,Payroll - eng,Payroll,"(3,596)",Check,TBD,,Check sign
01/3/26,Services,Support tools,Zendesk / Gainsight,"9,910",manual Entry,Alex - FP&A,,Map to GL 6100
25 Mar-26,Sales,CRM / RevOps tools,Salesforce / Outreach,"(1,109)",cash,TBD,posted,Timing issue
01/4/26,Revenue,Service,Retail Customer,"3,022",ERP,M. Chen,manual adj,Map to GL 6100
2026-02-26,Services,Support tools,Zendesk / Gainsight,786,cash,,late invoice,One-off item
25 Mar-26,G&A,Accounting fees,Jason CPA,162,manual Entry,TBD,accrual,Map to GL 6100
2026-04-01,Mktg,Customer appr.,Soccer Ticket,"4,725",manual Entry,Erikfinance ops,posted,Ask owner
25 Mar-26,Marketing,Google Ads,Google / LinkedIn,"(9,586)",cash,M. Chen,late invoice,Check sign
01/1/26,Sales,CRM / RevOps tools,Salesforce / Outreach,95,Check,M. Chen,late invoice,Vendor invoice late
15 Feb-26,Sales,Sales commission,Payroll,"2,109",Check,Alex - FP&A,needs mapping,Vendor invoice late
25 Mar-26,Mktg,Paid media,Google / LinkedIn,"9,819",manual Entry,Andres,needs mapping,
2026-02-26,Mktg,Paid media,Google / LinkedIn,"9,043",manual Entry,M. Chen,accrual,Ask owner
15 Apr-26,G&A,Accounting fees,Brandon,27,Check,M. Chen,Posted,Vendor invoice late
25 Mar-26,COGS,Materials,Home Depot,"(2,747)",ERP,Alex - FP&A,posted,Map to GL 6100
2026-04-01,COGS,Materials,Electric house,961,Pos,M. Chen,late invoice,Check sign
15 Apr-26,Marketing,Customer appr.,Soccer Ticket,"6,590",Check,TBD,accrual,One-off item
2026-03-28,R&D,Cloud hosting,AWS / Datadog,"2,913",Pos,Alex - FP&A,needs mapping,Vendor invoice late
01/3/26,Marketing,Customer appr.,Gift hamper,"8,038",ERP,Andres,accrual,Ask owner
01-Jan-26,Services,Prof services,Implementation clients,"5,889",cash,M. Chen,,
01-Jan-26,Marketing,Paid media,Google / LinkedIn,"2,576",Pos,Andres,accrual,Vendor invoice late
01/2/26,Services,Support tools,Zendesk / Gainsight,(903),Pos,M. Chen,posted,Timing issue
2026-03-28,Revenue,Product sales,Retail Customer,"5,183",ERP,Erikfinance ops,accrual,Timing issue
2026-01-25,R&D,AI automation,n8n,782,manual Entry,Alex - FP&A,manual adj,Check sign
2026-04-01,Services,Prof services,Implementation clients,"(1,966)",ERP,M. Chen,posted,Timing issue
2026-04-01,Mktg,Customer appr.,Soccer Ticket,"8,229",ERP,Erikfinance ops,accrual,Vendor invoice late
01/3/26,Marketing,Paid media,Google / LinkedIn,"8,453",manual Entry,Alex - FP&A,needs mapping,Ask owner
15 Feb-26,Revenue,Product sales,Corp. clients,"6,868",cash,M. Chen,posted,
15 Feb-26,COGS,Cloud hosting,AWS / Datadog,"8,448",Check,,late invoice,
25 Mar-26,Marketing,Customer appr.,Gift hamper,"3,894",Check,Erikfinance ops,accrual,Check sign
2026-02-26,Mktg,Paid media,Google / LinkedIn,"9,830",manual Entry,M. Chen,manual adj,Map to GL 6100
2026-02-26,COGS,Cloud hosting,AWS / Datadog,"4,531",ERP,Alex - FP&A,late invoice,Map to GL 6100
2026-04-01,COGS,Payroll - eng,Payroll,(49),manual Entry,Alex - FP&A,late invoice,Ask owner
15 Feb-26,Mktg,Customer appr.,Gift hamper,(528),ERP,TBD,manual adj,One-off item
2026-04-01,Revenue,Product sales,Corp. clients,"3,571",Pos,Andres,accrual,Check sign
25 Mar-26,G&A,Office rent,Landlord,302,Pos,M. Chen,Posted,
2026-03-28,R&D,Cloud hosting,AWS / Datadog,"2,987",Pos,Erikfinance ops,needs mapping,Vendor invoice late
25 Mar-26,Revenue,Subscr. revenue,Corp. clients,(121),Check,,posted,
2026-03-28,Services,Support tools,Zendesk / Gainsight,"(5,800)",Check,,posted,Ask owner
2026-04-01,Sales,Sales commission,Payroll,"9,026",Pos,Alex - FP&A,posted,Vendor invoice late
01/3/26,Services,Support tools,Zendesk / Gainsight,"(5,099)",ERP,Alex - FP&A,needs mapping,Check sign
2026-01-25,G&A,Legal fees,Europa Law firm,"(6,952)",ERP,Erikfinance ops,late invoice,Check sign
2026-02-26,Services,Prof services,Implementation clients,"4,528",Check,M. Chen,late invoice,Vendor invoice late
2026-04-01,Sales,Payroll - sales,Payroll,"(7,165)",cash,Alex - FP&A,accrual,One-off item
15 Feb-26,Marketing,Events & webinars,Various,"(8,589)",Pos,Andres,accrual,
15 Feb-26,COGS,Payroll - eng,Payroll,"6,544",Pos,Erikfinance ops,,Check sign
15 Apr-26,G&A,Office rent,Landlord,"6,918",cash,Erikfinance ops,Posted,One-off item
15 Feb-26,Revenue,Product sales,Corp. clients,"2,812",cash,,,Ask owner
01/4/26,Services,Support tools,Zendesk / Gainsight,"9,884",Check,M. Chen,late invoice,Vendor invoice late
2026-03-28,G&A,Accounting fees,Jason CPA,"9,567",Pos,TBD,needs mapping,Ask owner
2026-04-01,Services,Prof services,Implementation clients,"8,616",Pos,Alex - FP&A,accrual,Vendor invoice late
01/1/26,Services,Prof services,Implementation clients,"(7,337)",Pos,Andres,,
01/2/26,COGS,Materials,Walmart,"(6,192)",manual Entry,Andres,posted,Check sign
2026-04-01,R&D,Cloud hosting,AWS / Datadog,"7,234",Pos,M. Chen,,Timing issue
01/2/26,G&A,Office rent,Landlord,"(1,815)",manual Entry,Erikfinance ops,Posted,Ask owner
01/4/26,COGS,Payroll - eng,Payroll,"2,181",Pos,Erikfinance ops,accrual,Map to GL 6100
01/2/26,G&A,Legal fees,Europa Law firm,"2,539",ERP,M. Chen,posted,Map to GL 6100
2026-02-26,Sales,Sales commission,Payroll,"7,851",ERP,M. Chen,manual adj,Check sign
2026-04-01,Marketing,Customer appr.,Gift hamper,"3,945",ERP,Alex - FP&A,posted,Map to GL 6100
15 Apr-26,Services,Support tools,Zendesk / Gainsight,"1,377",cash,Andres,,Ask owner
2026-01-25,Mktg,Customer appr.,Amazon gift c.,"8,967",Check,,late invoice,Check sign
25 Mar-26,G&A,Accounting fees,Brandon,"1,020",Pos,Andres,Posted,Check sign
2026-04-01,Services,Support tools,Zendesk / Gainsight,"5,115",cash,Erikfinance ops,Posted,Check sign
01/4/26,Mktg,Customer appr.,Gift hamper,"8,822",manual Entry,,Posted,One-off item
01-Jan-26,G&A,Accounting fees,Jason CPA,"2,959",ERP,Erikfinance ops,Posted,Map to GL 6100
2026-03-28,Mktg,Events & webinars,Various,81,ERP,,accrual,Vendor invoice late
01/3/26,Marketing,Paid media,Google / LinkedIn,"6,056",cash,TBD,manual adj,Timing issue
2026-03-28,Services,Support tools,Zendesk / Gainsight,755,cash,TBD,,Vendor invoice late
01/2/26,G&A,Legal fees,Buchalter,"9,094",Check,Alex - FP&A,needs mapping,Timing issue
01/1/26,COGS,Materials,Home Depot,"(5,492)",cash,M. Chen,Posted,Ask owner
01/2/26,Mktg,Customer appr.,Soccer Ticket,"9,588",ERP,TBD,late invoice,Timing issue
01/2/26,Services,Support tools,Zendesk / Gainsight,378,cash,TBD,accrual,
2026-01-25,Marketing,Customer appr.,Amazon gift c.,"5,055",manual Entry,,Posted,Vendor invoice late
2026-02-26,R&D,Payroll - eng,Payroll,"2,131",Pos,TBD,late invoice,Timing issue
25 Mar-26,Revenue,Product sales,Corp. clients,"8,161",ERP,Alex - FP&A,needs mapping,Check sign
15 Apr-26,Mktg,Paid media,Google / LinkedIn,"2,929",manual Entry,Erikfinance ops,needs mapping,Vendor invoice late
2026-03-28,Marketing,Paid media,Google / LinkedIn,"1,820",Check,TBD,accrual,One-off item
25 Mar-26,R&D,AI automation,n8n,"1,824",Check,Erikfinance ops,manual adj,Ask owner
2026-04-01,Mktg,Customer appr.,Amazon gift c.,"2,584",Pos,Erikfinance ops,,Map to GL 6100
01-Jan-26,COGS,Materials,Electric house,"5,411",ERP,Erikfinance ops,posted,Check sign
2026-04-01,Sales,Payroll - sales,Payroll,"5,405",manual Entry,M. Chen,manual adj,One-off item
01/2/26,Mktg,Customer appr.,Soccer Ticket,"9,409",manual Entry,Erikfinance ops,posted,One-off item
01/4/26,G&A,Office rent,Landlord,"9,827",manual Entry,Andres,Posted,Check sign
25 Mar-26,Services,Support tools,Zendesk / Gainsight,81,ERP,,Posted,One-off item
01/4/26,Marketing,Paid media,Google / LinkedIn,"1,334",ERP,Andres,posted,Vendor invoice late
25 Mar-26,Services,Support tools,Zendesk / Gainsight,"3,164",ERP,TBD,late invoice,One-off item
15 Feb-26,G&A,Legal fees,Buchalter,"(4,853)",Check,Andres,late invoice,Vendor invoice late
01/4/26,R&D,Payroll - eng,Payroll,"1,014",cash,Erikfinance ops,needs mapping,Vendor invoice late
2026-02-26,Sales,CRM / RevOps tools,Salesforce / Outreach,"5,224",manual Entry,Alex - FP&A,posted,Vendor invoice late
01/3/26,COGS,Payroll - eng,Payroll,"5,603",ERP,M. Chen,needs mapping,Check sign
2026-02-26,Marketing,Paid media,Google / LinkedIn,"(4,295)",manual Entry,Alex - FP&A,manual adj,Map to GL 6100
2026-01-25,Mktg,Customer appr.,Amazon gift c.,"8,671",manual Entry,Erikfinance ops,Posted,Vendor invoice late
01/4/26,COGS,Materials,Home Depot,"8,986",cash,Andres,manual adj,Timing issue
01/4/26,Mktg,Customer appr.,Amazon gift c.,"6,996",Pos,Erikfinance ops,posted,One-off item
2026-02-26,Marketing,Google Ads,Google / LinkedIn,"(7,240)",ERP,TBD,Posted,Map to GL 6100
01/2/26,Mktg,Customer appr.,Gift hamper,"(5,287)",Check,M. Chen,late invoice,Ask owner
01/2/26,G&A,Legal fees,Europa Law firm,"5,170",Pos,Alex - FP&A,needs mapping,Check sign
2026-03-28,Marketing,Events & webinars,Various,64,Check,M. Chen,posted,Ask owner
2026-03-28,R&D,AI automation,n8n,152,ERP,Erikfinance ops,manual adj,
01/1/26,R&D,Payroll - eng,Payroll,"1,193",Pos,Andres,needs mapping,
01/4/26,R&D,Cloud hosting,AWS / Datadog,"3,633",manual Entry,,needs mapping,Vendor invoice late
25 Mar-26,Marketing,Google Ads,Google / LinkedIn,"1,570",manual Entry,,Posted,
01/4/26,Sales,Sales commission,Payroll,"1,199",Pos,M. Chen,posted,Vendor invoice late
01/1/26,Mktg,Events & webinars,Various,"5,989",cash,Erikfinance ops,accrual,Timing issue
01-Jan-26,Revenue,Subscr. revenue,Corp. clients,"8,539",ERP,Andres,,
25 Mar-26,Marketing,Events & webinars,Various,"(4,427)",manual Entry,Alex - FP&A,needs mapping,Ask owner
15 Feb-26,Services,Prof services,Implementation clients,"3,439",cash,,posted,Ask owner
15 Apr-26,R&D,Cloud hosting,AWS / Datadog,"(7,600)",manual Entry,,needs mapping,Timing issue
15 Apr-26,COGS,Cloud hosting,AWS / Datadog,"6,552",ERP,TBD,,Ask owner
01/3/26,Marketing,Events & webinars,Various,"1,991",ERP,Alex - FP&A,manual adj,
2026-02-26,G&A,Office rent,Landlord,"1,764",Pos,TBD,late invoice,One-off item
15 Apr-26,R&D,Payroll - eng,Payroll,"4,398",cash,Erikfinance ops,late invoice,One-off item
01/2/26,Mktg,Paid media,Google / LinkedIn,"3,432",Pos,TBD,Posted,Map to GL 6100
01/2/26,Revenue,Revenue,Retail Customer,"(3,345)",ERP,Erikfinance ops,Posted,
2026-01-25,Marketing,Google Ads,Google / LinkedIn,"7,610",ERP,Erikfinance ops,late invoice,Check sign
15 Feb-26,Revenue,Product sales,Retail Customer,"6,817",Pos,TBD,accrual,Vendor invoice late
2026-03-28,R&D,Payroll - eng,Payroll,"9,569",Pos,Andres,Posted,One-off item
01/4/26,G&A,Accounting fees,Jason CPA,"4,096",cash,,late invoice,Timing issue
01/4/26,COGS,Cloud hosting,AWS / Datadog,"(7,499)",manual Entry,Erikfinance ops,,One-off item
2026-03-28,Mktg,Customer appr.,Gift hamper,"4,677",ERP,Erikfinance ops,manual adj,Timing issue
01/4/26,Sales,Sales commission,Payroll,"(1,113)",ERP,M. Chen,posted,
01/2/26,G&A,Legal fees,Europa Law firm,454,Pos,Alex - FP&A,needs mapping,Ask owner
15 Feb-26,Mktg,Paid media,Google / LinkedIn,"5,375",ERP,Alex - FP&A,posted,Ask owner
01/1/26,G&A,Office rent,Landlord,"4,572",cash,,,
01-Jan-26,Marketing,Paid media,Google / LinkedIn,"(5,610)",manual Entry,TBD,posted,Check sign
01/4/26,Mktg,Customer appr.,Gift hamper,"4,879",Check,,manual adj,Check sign
15 Apr-26,Revenue,Subscr. revenue,Retail Customer,"3,764",cash,Andres,Posted,
2026-02-26,Services,Prof services,Implementation clients,"1,406",ERP,TBD,Posted,One-off item
15 Apr-26,R&D,Payroll - eng,Payroll,"(6,443)",Check,M. Chen,accrual,Timing issue
2026-01-25,G&A,Office rent,Landlord,"(3,702)",cash,,late invoice,Check sign
01-Jan-26,Mktg,Paid media,Google / LinkedIn,"1,420",Check,M. Chen,Posted,One-off item
2026-01-25,Sales,Payroll - sales,Payroll,"(8,591)",ERP,Alex - FP&A,manual adj,
01-Jan-26,Mktg,Paid media,Google / LinkedIn,"3,741",manual Entry,M. Chen,manual adj,Check sign
2026-03-28,Mktg,Customer appr.,Soccer Ticket,"(7,296)",manual Entry,TBD,accrual,One-off item
01-Jan-26,Services,Prof services,Implementation clients,949,manual Entry,M. Chen,late invoice,
01/3/26,COGS,Cloud hosting,AWS / Datadog,"9,885",Pos,,Posted,Check sign
01-Jan-26,COGS,Materials,Walmart,"3,214",manual Entry,Alex - FP&A,accrual,Ask owner
2026-02-26,Services,Support tools,Zendesk / Gainsight,"2,645",Check,M. Chen,manual adj,Timing issue
25 Mar-26,Marketing,Events & webinars,Various,"5,705",cash,Erikfinance ops,accrual,
2026-02-26,Marketing,Events & webinars,Various,"(9,288)",manual Entry,,accrual,Ask owner
2026-02-26,Marketing,Customer appr.,Amazon gift c.,"4,070",ERP,Alex - FP&A,accrual,Check sign
15 Apr-26,Services,Prof services,Implementation clients,"2,629",cash,TBD,Posted,Check sign
01-Jan-26,R&D,Payroll - eng,Payroll,"6,546",ERP,M. Chen,,Check sign
01/2/26,COGS,Cloud hosting,AWS / Datadog,"(7,593)",Pos,,manual adj,Vendor invoice late
01/3/26,COGS,Payroll - eng,Payroll,"7,604",cash,Erikfinance ops,Posted,Timing issue
01/2/26,Mktg,Paid media,Google / LinkedIn,"8,535",ERP,,accrual,Timing issue
01-Jan-26,Services,Support tools,Zendesk / Gainsight,"9,718",cash,TBD,late invoice,Check sign
2026-02-26,COGS,Materials,Home Depot,"2,086",cash,,posted,Ask owner
25 Mar-26,COGS,Materials,Home Depot,"4,147",Check,,Posted,Ask owner
15 Apr-26,R&D,AI automation,n8n,"6,557",ERP,,needs mapping,
2026-03-28,COGS,Cloud hosting,AWS / Datadog,"6,251",cash,Erikfinance ops,posted,Vendor invoice late
01/4/26,Services,Support tools,Zendesk / Gainsight,"(8,073)",manual Entry,M. Chen,late invoice,One-off item
15 Apr-26,COGS,Cloud hosting,AWS / Datadog,175,cash,TBD,,Timing issue
2026-01-25,Services,Prof services,Implementation clients,945,Check,M. Chen,,One-off item
2026-01-25,Mktg,Paid media,Google / LinkedIn,"2,762",cash,M. Chen,Posted,Vendor invoice late
25 Mar-26,Revenue,Service,Corp. clients,"2,091",Pos,,manual adj,Timing issue
01/3/26,COGS,Payroll - eng,Payroll,"(8,572)",ERP,Erikfinance ops,late invoice,Ask owner
25 Mar-26,G&A,Accounting fees,Brandon,"4,367",ERP,TBD,accrual,Map to GL 6100
01-Jan-26,Marketing,Customer appr.,Soccer Ticket,"1,184",manual Entry,Alex - FP&A,late invoice,Map to GL 6100
2026-04-01,R&D,Cloud hosting,AWS / Datadog,"9,119",cash,,Posted,Map to GL 6100
2026-02-26,R&D,Cloud hosting,AWS / Datadog,"(8,836)",ERP,Erikfinance ops,posted,Timing issue
25 Mar-26,G&A,Office rent,Landlord,"(3,211)",manual Entry,,Posted,Ask owner
01/2/26,R&D,AI automation,n8n,"4,437",Pos,M. Chen,,One-off item
15 Feb-26,Mktg,Paid media,Google / LinkedIn,"8,268",manual Entry,TBD,,Vendor invoice late
01/4/26,R&D,Payroll - eng,Payroll,"8,499",manual Entry,,accrual,Check sign
2026-03-28,G&A,Accounting fees,Jason CPA,"7,951",Pos,Alex - FP&A,manual adj,One-off item
15 Apr-26,COGS,Materials,Walmart,"(1,137)",manual Entry,M. Chen,needs mapping,Vendor invoice late
01/1/26,Sales,Payroll - sales,Payroll,"9,285",cash,Erikfinance ops,accrual,Vendor invoice late
01/1/26,Sales,Payroll - sales,Payroll,"8,262",manual Entry,M. Chen,Posted,Ask owner
01/3/26,Revenue,Product sales,Retail Customer,"5,676",cash,Erikfinance ops,,Check sign
2026-02-26,R&D,AI automation,n8n,"8,768",manual Entry,Andres,,Vendor invoice late
15 Feb-26,Mktg,Paid media,Google / LinkedIn,"1,847",cash,Erikfinance ops,needs mapping,One-off item
2026-01-25,Services,Prof services,Implementation clients,641,manual Entry,M. Chen,accrual,Timing issue
01/2/26,Mktg,Events & webinars,Various,"1,403",Pos,TBD,Posted,Check sign
15 Apr-26,Marketing,Google Ads,Google / LinkedIn,"(2,802)",cash,Andres,late invoice,Map to GL 6100
2026-04-01,G&A,Legal fees,Buchalter,"4,873",Check,Andres,posted,Map to GL 6100
2026-01-25,Revenue,Revenue,Corp. clients,"5,704",Pos,TBD,needs mapping,Map to GL 6100
2026-03-28,Mktg,Events & webinars,Various,"8,538",cash,M. Chen,,One-off item
2026-03-28,Services,Prof services,Implementation clients,"2,982",cash,M. Chen,manual adj,One-off item
01/2/26,COGS,Payroll - eng,Payroll,"1,226",manual Entry,TBD,late invoice,Check sign
01-Jan-26,Mktg,Events & webinars,Various,"6,996",Pos,Erikfinance ops,accrual,Map to GL 6100
2026-03-28,Sales,CRM / RevOps tools,Salesforce / Outreach,"2,442",ERP,Erikfinance ops,Posted,Timing issue
15 Apr-26,Marketing,Events & webinars,Various,"1,036",cash,TBD,,Timing issue
01/1/26,COGS,Payroll - eng,Payroll,"6,048",Check,TBD,accrual,Ask owner
2026-02-26,Marketing,Google Ads,Google / LinkedIn,"3,675",ERP,Andres,late invoice,
01-Jan-26,G&A,Legal fees,Europa Law firm,"(4,912)",manual Entry,Alex - FP&A,accrual,Vendor invoice late
01/3/26,Services,Support tools,Zendesk / Gainsight,"3,587",manual Entry,TBD,needs mapping,
01/3/26,Mktg,Customer appr.,Soccer Ticket,"(6,148)",Check,Erikfinance ops,late invoice,One-off item
01/4/26,Services,Support tools,Zendesk / Gainsight,"8,825",cash,Andres,posted,
2026-01-25,COGS,Cloud hosting,AWS / Datadog,"8,031",manual Entry,Alex - FP&A,needs mapping,Ask owner
01/4/26,COGS,Cloud hosting,AWS / Datadog,"6,928",Pos,Alex - FP&A,,One-off item
01/2/26,Marketing,Google Ads,Google / LinkedIn,"(6,363)",ERP,TBD,manual adj,Check sign
01-Jan-26,Revenue,Revenue,Corp. clients,"2,604",ERP,M. Chen,,Ask owner
2026-04-01,Mktg,Events & webinars,Various,"9,753",manual Entry,TBD,Posted,Check sign
2026-03-28,Revenue,Product sales,Corp. clients,"8,095",Check,Andres,accrual,Check sign
2026-01-25,G&A,Accounting fees,Brandon,878,manual Entry,Andres,manual adj,Map to GL 6100
01/4/26,Mktg,Customer appr.,Soccer Ticket,"8,495",Pos,Erikfinance ops,manual adj,Timing issue
01/4/26,COGS,Payroll - eng,Payroll,"(5,608)",cash,TBD,,One-off item
2026-03-28,Sales,Sales commission,Payroll,"6,424",Pos,TBD,late invoice,Vendor invoice late
25 Mar-26,Sales,Sales commission,Payroll,"(1,888)",Pos,M. Chen,manual adj,Vendor invoice late
01-Jan-26,COGS,Cloud hosting,AWS / Datadog,"7,671",Check,M. Chen,Posted,Map to GL 6100
2026-01-25,Marketing,Events & webinars,Various,"9,421",Check,,manual adj,
25 Mar-26,Revenue,Product sales,Retail Customer,"4,294",Check,M. Chen,,Vendor invoice late
01-Jan-26,G&A,Accounting fees,Brandon,"1,653",Pos,Alex - FP&A,posted,Map to GL 6100
01/2/26,Services,Prof services,Implementation clients,"6,432",ERP,M. Chen,late invoice,
01-Jan-26,COGS,Materials,Johnsons Supply,"8,304",cash,M. Chen,Posted,One-off item
01-Jan-26,COGS,Payroll - eng,Payroll,"2,897",Pos,,needs mapping,
01/2/26,R&D,Payroll - eng,Payroll,"1,051",manual Entry,M. Chen,accrual,Check sign
01/1/26,Marketing,Google Ads,Google / LinkedIn,"5,076",cash,Andres,Posted,Vendor invoice late
2026-03-28,R&D,Cloud hosting,AWS / Datadog,"7,499",Check,,accrual,Ask owner
01-Jan-26,Marketing,Customer appr.,Amazon gift c.,"3,032",ERP,M. Chen,Posted,
25 Mar-26,Services,Prof services,Implementation clients,"8,599",manual Entry,Andres,manual adj,Ask owner
25 Mar-26,Services,Prof services,Implementation clients,988,cash,Erikfinance ops,needs mapping,
01-Jan-26,Services,Support tools,Zendesk / Gainsight,473,Check,,posted,Timing issue
2026-04-01,R&D,Payroll - eng,Payroll,"3,155",cash,TBD,manual adj,Map to GL 6100
01/2/26,Marketing,Events & webinars,Various,"4,309",Check,,accrual,Map to GL 6100
2026-03-28,G&A,Legal fees,Buchalter,"6,499",Check,TBD,needs mapping,Vendor invoice late
01-Jan-26,G&A,Accounting fees,Brandon,"(1,259)",Check,Alex - FP&A,posted,One-off item
2026-03-28,Marketing,Customer appr.,Soccer Ticket,"(2,637)",Pos,,manual adj,Map to GL 6100
01/1/26,Sales,Payroll - sales,Payroll,"3,708",cash,M. Chen,accrual,Check sign
2026-02-26,Services,Prof services,Implementation clients,"(1,055)",Check,TBD,manual adj,Vendor invoice late
15 Apr-26,Services,Prof services,Implementation clients,"6,624",Pos,Andres,posted,Check sign
15 Feb-26,Revenue,Revenue,Retail Customer,"(8,530)",Pos,Erikfinance ops,late invoice,Vendor invoice late
15 Feb-26,COGS,Cloud hosting,AWS / Datadog,"5,128",ERP,Andres,Posted,
2026-02-26,Revenue,Product sales,Corp. clients,"6,570",Pos,Erikfinance ops,accrual,Timing issue
2026-04-01,G&A,Accounting fees,Brandon,"5,023",manual Entry,Erikfinance ops,needs mapping,Check sign
01/1/26,COGS,Payroll - eng,Payroll,"9,390",Check,Andres,manual adj,Map to GL 6100
01/1/26,Revenue,Revenue,Corp. clients,"(3,614)",ERP,Alex - FP&A,posted,One-off item
25 Mar-26,Marketing,Customer appr.,Soccer Ticket,"6,257",ERP,M. Chen,manual adj,One-off item
01/2/26,Services,Prof services,Implementation clients,(111),ERP,Andres,manual adj,One-off item
01/1/26,Sales,CRM / RevOps tools,Salesforce / Outreach,"3,182",cash,Erikfinance ops,,Map to GL 6100
2026-04-01,Marketing,Events & webinars,Various,"1,311",manual Entry,TBD,manual adj,Check sign
2026-01-25,Revenue,Product sales,Corp. clients,"1,096",cash,Erikfinance ops,,Timing issue
01/4/26,G&A,Legal fees,Europa Law firm,"9,299",Pos,Andres,manual adj,Timing issue
01-Jan-26,Mktg,Customer appr.,Soccer Ticket,"9,847",cash,Andres,Posted,Timing issue
15 Feb-26,Services,Prof services,Implementation clients,"(6,942)",cash,Erikfinance ops,accrual,One-off item
2026-02-26,Revenue,Subscr. revenue,Retail Customer,"6,520",manual Entry,,late invoice,One-off item
15 Apr-26,Services,Prof services,Implementation clients,"9,605",Check,Alex - FP&A,late invoice,Check sign
01-Jan-26,Marketing,Events & webinars,Various,"5,616",Pos,,manual adj,Timing issue
2026-02-26,COGS,Cloud hosting,AWS / Datadog,146,Pos,,,Vendor invoice late
2026-02-26,R&D,AI automation,n8n,"(5,657)",Pos,,Posted,Vendor invoice late
01/3/26,Services,Support tools,Zendesk / Gainsight,"(9,887)",cash,Erikfinance ops,,Map to GL 6100
15 Feb-26,R&D,Cloud hosting,AWS / Datadog,"9,817",Check,M. Chen,accrual,One-off item
15 Feb-26,R&D,AI automation,n8n,"7,136",cash,Andres,needs mapping,Check sign
2026-04-01,R&D,AI automation,n8n,"7,328",ERP,TBD,accrual,Map to GL 6100
01/1/26,Revenue,Product sales,Corp. clients,"(3,194)",manual Entry,Erikfinance ops,needs mapping,Check sign
01/2/26,Services,Prof services,Implementation clients,"3,898",Pos,Alex - FP&A,Posted,
2026-04-01,G&A,Legal fees,Europa Law firm,"(6,367)",Check,Alex - FP&A,Posted,Vendor invoice late
01/2/26,COGS,Cloud hosting,AWS / Datadog,"4,024",Pos,Alex - FP&A,needs mapping,Map to GL 6100
15 Apr-26,COGS,Cloud hosting,AWS / Datadog,"4,956",Check,TBD,late invoice,Vendor invoice late
01/4/26,Mktg,Customer appr.,Gift hamper,"7,461",manual Entry,M. Chen,manual adj,Check sign
2026-01-25,Marketing,Events & webinars,Various,"6,407",Pos,M. Chen,Posted,
01/1/26,Revenue,Revenue,Corp. clients,"2,275",Check,Andres,posted,One-off item
2026-04-01,Marketing,Paid media,Google / LinkedIn,"8,168",Pos,M. Chen,posted,Map to GL 6100
2026-02-26,Services,Support tools,Zendesk / Gainsight,"4,818",Pos,Andres,Posted,One-off item
2026-03-28,Revenue,Subscr. revenue,Corp. clients,"2,187",manual Entry,Andres,manual adj,Map to GL 6100
15 Feb-26,R&D,Payroll - eng,Payroll,"1,562",manual Entry,TBD,,Vendor invoice late
2026-02-26,Sales,Sales commission,Payroll,"6,792",ERP,Alex - FP&A,Posted,Check sign
2026-02-26,G&A,Accounting fees,Jason CPA,"1,145",Pos,Erikfinance ops,late invoice,Check sign
2026-02-26,G&A,Office rent,Landlord,"6,082",manual Entry,Alex - FP&A,,Check sign
2026-04-01,Marketing,Events & webinars,Various,"7,208",Check,Erikfinance ops,posted,Check sign
2026-01-25,Mktg,Events & webinars,Various,"(9,232)",Pos,M. Chen,late invoice,Ask owner
01-Jan-26,Mktg,Events & webinars,Various,"8,418",Check,Erikfinance ops,Posted,Vendor invoice late
15 Apr-26,Sales,Sales commission,Payroll,"1,791",ERP,,needs mapping,Map to GL 6100
01/2/26,G&A,Office rent,Landlord,"2,055",Pos,Andres,needs mapping,Check sign
01-Jan-26,G&A,Legal fees,Buchalter,"2,452",cash,M. Chen,late invoice,Vendor invoice late
2026-04-01,Services,Prof services,Implementation clients,"4,757",Pos,Andres,,Vendor invoice late
01/1/26,COGS,Payroll - eng,Payroll,"8,580",Pos,Andres,late invoice,Timing issue
15 Feb-26,Services,Prof services,Implementation clients,"(5,596)",Pos,TBD,late invoice,Timing issue
01/2/26,Sales,CRM / RevOps tools,Salesforce / Outreach,"(5,547)",Pos,,accrual,Timing issue
25 Mar-26,Revenue,Product sales,Retail Customer,"6,905",Pos,Alex - FP&A,posted,One-off item
2026-04-01,Services,Support tools,Zendesk / Gainsight,"2,166",manual Entry,Andres,accrual,Check sign
01-Jan-26,Services,Support tools,Zendesk / Gainsight,"8,521",ERP,Erikfinance ops,Posted,One-off item
15 Apr-26,Marketing,Google Ads,Google / LinkedIn,"6,053",cash,,,Map to GL 6100
2026-03-28,Sales,CRM / RevOps tools,Salesforce / Outreach,"9,853",manual Entry,,,Timing issue
01-Jan-26,G&A,Accounting fees,Jason CPA,"(5,274)",Check,M. Chen,needs mapping,Timing issue
01/4/26,Mktg,Customer appr.,Gift hamper,"2,761",manual Entry,Erikfinance ops,late invoice,Check sign
01/3/26,G&A,Office rent,Landlord,"7,674",manual Entry,TBD,accrual,
2026-02-26,R&D,Cloud hosting,AWS / Datadog,"9,904",manual Entry,M. Chen,late invoice,Map to GL 6100
15 Apr-26,Services,Prof services,Implementation clients,"3,146",Check,Andres,Posted,
01/3/26,Services,Support tools,Zendesk / Gainsight,"(4,890)",manual Entry,Alex - FP&A,needs mapping,Map to GL 6100
2026-04-01,Mktg,Customer appr.,Soccer Ticket,"(7,207)",manual Entry,Erikfinance ops,accrual,One-off item
01/4/26,Marketing,Customer appr.,Gift hamper,"(8,421)",Pos,,late invoice,Ask owner
15 Feb-26,Marketing,Google Ads,Google / LinkedIn,"(6,032)",manual Entry,TBD,late invoice,Ask owner
01/4/26,Sales,Payroll - sales,Payroll,"6,175",manual Entry,Erikfinance ops,accrual,One-off item
2026-02-26,Revenue,Product sales,Retail Customer,"6,145",cash,Erikfinance ops,needs mapping,Vendor invoice late
01/3/26,Mktg,Paid media,Google / LinkedIn,"8,195",Check,Andres,,Check sign
2026-03-28,Sales,Sales commission,Payroll,"8,689",ERP,,manual adj,Ask owner
01/2/26,COGS,Payroll - eng,Payroll,"(3,913)",cash,TBD,,Ask owner
01/4/26,COGS,Materials,Walmart,"(6,246)",cash,M. Chen,needs mapping,Check sign
15 Apr-26,R&D,AI automation,n8n,"3,264",Check,,Posted,Ask owner
15 Apr-26,G&A,Legal fees,Europa Law firm,324,Check,Erikfinance ops,accrual,
01/1/26,G&A,Legal fees,Buchalter,"7,018",Check,TBD,Posted,
01/3/26,Marketing,Google Ads,Google / LinkedIn,"(9,436)",cash,Alex - FP&A,Posted,
2026-04-01,G&A,Office rent,Landlord,"5,033",Check,,accrual,Check sign
2026-02-26,Sales,Payroll - sales,Payroll,"1,275",cash,M. Chen,Posted,Vendor invoice late
25 Mar-26,COGS,Materials,Johnsons Supply,"6,342",manual Entry,Alex - FP&A,posted,Ask owner
2026-04-01,G&A,Office rent,Landlord,"3,197",Check,Erikfinance ops,,Map to GL 6100
01/2/26,Services,Prof services,Implementation clients,"7,463",ERP,Erikfinance ops,needs mapping,Check sign
2026-04-01,COGS,Payroll - eng,Payroll,"5,362",Pos,TBD,Posted,
2026-04-01,Services,Support tools,Zendesk / Gainsight,879,Pos,Andres,late invoice,Check sign
01/2/26,Sales,Payroll - sales,Payroll,"8,937",manual Entry,M. Chen,manual adj,Vendor invoice late
15 Feb-26,Mktg,Events & webinars,Various,"5,730",Pos,,Posted,Timing issue
15 Feb-26,Sales,CRM / RevOps tools,Salesforce / Outreach,"3,457",manual Entry,TBD,Posted,Map to GL 6100
01/3/26,Mktg,Events & webinars,Various,34,Check,TBD,accrual,Ask owner
01/4/26,R&D,Payroll - eng,Payroll,"8,785",Check,M. Chen,manual adj,
2026-03-28,Sales,CRM / RevOps tools,Salesforce / Outreach,"(8,461)",manual Entry,Erikfinance ops,needs mapping,Vendor invoice late
2026-04-01,Sales,CRM / RevOps tools,Salesforce / Outreach,"4,570",manual Entry,TBD,,One-off item
01/3/26,G&A,Accounting fees,Brandon,"(5,148)",Pos,,late invoice,
01/2/26,Mktg,Events & webinars,Various,141,manual Entry,TBD,needs mapping,Vendor invoice late
01/3/26,Services,Support tools,Zendesk / Gainsight,639,Check,TBD,manual adj,Timing issue
25 Mar-26,Sales,Payroll - sales,Payroll,"6,087",Pos,Alex - FP&A,accrual,Ask owner
2026-04-01,Marketing,Google Ads,Google / LinkedIn,"(7,417)",Check,M. Chen,needs mapping,
01/1/26,G&A,Office rent,Landlord,"9,017",manual Entry,Erikfinance ops,posted,
15 Apr-26,Services,Support tools,Zendesk / Gainsight,"2,031",manual Entry,Andres,manual adj,
2026-04-01,Revenue,Service,Retail Customer,"3,628",Pos,Alex - FP&A,late invoice,Vendor invoice late
01/4/26,Mktg,Paid media,Google / LinkedIn,"6,843",manual Entry,,posted,Timing issue
2026-03-28,G&A,Accounting fees,Brandon,"4,410",manual Entry,M. Chen,Posted,Vendor invoice late
15 Apr-26,Revenue,Revenue,Corp. clients,"2,067",Pos,Alex - FP&A,accrual,Check sign
2026-01-25,Revenue,Service,Retail Customer,862,cash,TBD,late invoice,Check sign
01/4/26,Revenue,Revenue,Retail Customer,"1,510",ERP,TBD,needs mapping,One-off item
2026-03-28,COGS,Payroll - eng,Payroll,745,ERP,TBD,manual adj,Check sign
01/1/26,Marketing,Paid media,Google / LinkedIn,"(3,331)",Pos,Andres,manual adj,One-off item
2026-04-01,R&D,Payroll - eng,Payroll,973,manual Entry,M. Chen,late invoice,One-off item
2026-04-01,Services,Support tools,Zendesk / Gainsight,"6,726",Pos,Andres,manual adj,Timing issue
01/1/26,Revenue,Subscr. revenue,Corp. clients,"5,144",ERP,M. Chen,accrual,Timing issue
01/1/26,Revenue,Revenue,Retail Customer,"7,965",manual Entry,Alex - FP&A,posted,Ask owner
01/2/26,Mktg,Customer appr.,Amazon gift c.,"5,862",Pos,Andres,,Timing issue
25 Mar-26,R&D,Cloud hosting,AWS / Datadog,"6,857",Pos,Alex - FP&A,Posted,Map to GL 6100
2026-04-01,Marketing,Events & webinars,Various,"8,474",Check,TBD,accrual,Vendor invoice late
2026-03-28,Revenue,Service,Corp. clients,"3,912",Pos,Andres,accrual,One-off item
01/4/26,Mktg,Events & webinars,Various,"5,718",Pos,Erikfinance ops,,One-off item
01/3/26,Marketing,Google Ads,Google / LinkedIn,"1,855",Check,TBD,needs mapping,Ask owner
2026-04-01,Services,Prof services,Implementation clients,"9,990",cash,Alex - FP&A,late invoice,
2026-01-25,Mktg,Paid media,Google / LinkedIn,"5,835",Check,Alex - FP&A,posted,
15 Apr-26,Sales,Payroll - sales,Payroll,"9,658",cash,TBD,needs mapping,One-off item
15 Feb-26,Sales,Payroll - sales,Payroll,"1,829",Check,Andres,needs mapping,One-off item
2026-03-28,G&A,Accounting fees,Brandon,"3,082",manual Entry,Alex - FP&A,late invoice,Check sign
2026-03-28,Marketing,Events & webinars,Various,"9,671",Check,Andres,posted,Map to GL 6100
01-Jan-26,Revenue,Subscr. revenue,Corp. clients,"(1,741)",manual Entry,M. Chen,late invoice,
01/1/26,Revenue,Product sales,Retail Customer,"4,904",Pos,Alex - FP&A,posted,
2026-02-26,G&A,Accounting fees,Brandon,"4,795",manual Entry,Andres,accrual,Check sign
01/1/26,Sales,Sales commission,Payroll,"3,502",manual Entry,Erikfinance ops,posted,One-off item
01/2/26,Revenue,Subscr. revenue,Corp. clients,"8,311",Pos,Alex - FP&A,manual adj,Timing issue
01/3/26,COGS,Materials,Johnsons Supply,787,ERP,Erikfinance ops,late invoice,Vendor invoice late
01/1/26,Revenue,Revenue,Retail Customer,"3,573",Pos,,manual adj,Ask owner
01/2/26,Revenue,Service,Retail Customer,"3,304",Check,Alex - FP&A,posted,Map to GL 6100
01/1/26,G&A,Legal fees,Europa Law firm,"5,077",ERP,M. Chen,posted,Map to GL 6100
01/1/26,Services,Prof services,Implementation clients,"8,309",Check,Erikfinance ops,late invoice,One-off item
2026-04-01,Marketing,Events & webinars,Various,"2,936",manual Entry,Andres,late invoice,
2026-02-26,COGS,Payroll - eng,Payroll,(615),ERP,TBD,,Map to GL 6100
15 Feb-26,Sales,Payroll - sales,Payroll,"8,584",Pos,Andres,manual adj,Check sign
01/4/26,G&A,Accounting fees,Brandon,"(4,583)",ERP,Andres,,Map to GL 6100
2026-03-28,Marketing,Events & webinars,Various,"6,825",Check,Andres,accrual,Check sign
01/1/26,COGS,Cloud hosting,AWS / Datadog,"1,891",ERP,Erikfinance ops,posted,Check sign
2026-03-28,Revenue,Product sales,Retail Customer,"4,787",manual Entry,,needs mapping,Map to GL 6100
01/1/26,COGS,Cloud hosting,AWS / Datadog,"(9,784)",manual Entry,Erikfinance ops,late invoice,
15 Feb-26,Marketing,Paid media,Google / LinkedIn,"4,508",cash,Erikfinance ops,manual adj,Vendor invoice late
25 Mar-26,G&A,Legal fees,Buchalter,"2,501",manual Entry,TBD,manual adj,Ask owner
01/2/26,Revenue,Product sales,Retail Customer,"8,156",ERP,,late invoice,
01/4/26,COGS,Cloud hosting,AWS / Datadog,"9,898",Pos,Erikfinance ops,needs mapping,Vendor invoice late
15 Feb-26,Revenue,Revenue,Corp. clients,"3,465",Check,M. Chen,late invoice,One-off item
25 Mar-26,Mktg,Paid media,Google / LinkedIn,"3,429",Check,Alex - FP&A,,Ask owner
15 Feb-26,Sales,Payroll - sales,Payroll,"(5,673)",Pos,M. Chen,posted,Vendor invoice late
01-Jan-26,Services,Support tools,Zendesk / Gainsight,"6,250",cash,M. Chen,manual adj,One-off item
01/4/26,R&D,AI automation,n8n,"4,713",Pos,,,Timing issue
2026-02-26,COGS,Cloud hosting,AWS / Datadog,"5,237",Pos,Alex - FP&A,Posted,Map to GL 6100
15 Feb-26,Services,Support tools,Zendesk / Gainsight,"8,747",cash,M. Chen,manual adj,Vendor invoice late
01/4/26,Revenue,Revenue,Corp. clients,"6,216",Pos,TBD,manual adj,Timing issue
25 Mar-26,G&A,Office rent,Landlord,"5,549",manual Entry,M. Chen,posted,Vendor invoice late
25 Mar-26,Marketing,Google Ads,Google / LinkedIn,"4,738",Check,Erikfinance ops,Posted,Ask owner
2026-01-25,G&A,Legal fees,Buchalter,"7,339",Pos,Alex - FP&A,accrual,
01/4/26,Mktg,Paid media,Google / LinkedIn,"(1,750)",cash,Alex - FP&A,accrual,One-off item
2026-03-28,Revenue,Service,Corp. clients,"4,880",manual Entry,Andres,needs mapping,Map to GL 6100
01/4/26,Revenue,Subscr. revenue,Corp. clients,"1,983",ERP,TBD,accrual,Timing issue
2026-02-26,Marketing,Google Ads,Google / LinkedIn,"7,493",ERP,Andres,,Timing issue
25 Mar-26,Services,Prof services,Implementation clients,"2,684",ERP,,late invoice,One-off item
2026-01-25,Mktg,Paid media,Google / LinkedIn,"(7,572)",manual Entry,Alex - FP&A,manual adj,Vendor invoice late
15 Apr-26,Sales,CRM / RevOps tools,Salesforce / Outreach,"(8,822)",Pos,Alex - FP&A,posted,Ask owner
01/2/26,Marketing,Paid media,Google / LinkedIn,"(5,678)",Check,Andres,manual adj,Vendor invoice late
01-Jan-26,COGS,Cloud hosting,AWS / Datadog,"7,611",cash,,late invoice,One-off item
2026-04-01,Services,Support tools,Zendesk / Gainsight,"3,534",manual Entry,Alex - FP&A,needs mapping,One-off item
01/2/26,Revenue,Product sales,Retail Customer,"1,300",manual Entry,TBD,manual adj,One-off item
01/1/26,Sales,Sales commission,Payroll,"8,095",Check,Alex - FP&A,needs mapping,Map to GL 6100
01/1/26,Revenue,Service,Corp. clients,"4,790",manual Entry,Alex - FP&A,manual adj,
2026-03-28,Revenue,Product sales,Retail Customer,"7,766",ERP,TBD,accrual,Ask owner
25 Mar-26,Services,Support tools,Zendesk / Gainsight,"3,437",cash,,Posted,Vendor invoice late
01/2/26,Revenue,Product sales,Corp. clients,"6,874",Pos,Erikfinance ops,posted,
01/1/26,Revenue,Product sales,Corp. clients,"1,756",manual Entry,,posted,
2026-02-26,R&D,Cloud hosting,AWS / Datadog,"8,714",Pos,Erikfinance ops,,Map to GL 6100
2026-04-01,Sales,Sales commission,Payroll,"3,051",ERP,Andres,accrual,Ask owner
01/2/26,Sales,Sales commission,Payroll,"7,965",cash,Erikfinance ops,Posted,Vendor invoice late
2026-04-01,Mktg,Paid media,Google / LinkedIn,"5,517",manual Entry,Erikfinance ops,needs mapping,Vendor invoice late
15 Feb-26,Sales,CRM / RevOps tools,Salesforce / Outreach,"7,312",manual Entry,,needs mapping,Ask owner
01/4/26,Mktg,Customer appr.,Soccer Ticket,(932),cash,TBD,Posted,Ask owner
25 Mar-26,Marketing,Paid media,Google / LinkedIn,"7,709",cash,M. Chen,late invoice,Timing issue
2026-01-25,G&A,Accounting fees,Brandon,"1,180",ERP,TBD,Posted,Check sign
01-Jan-26,Sales,CRM / RevOps tools,Salesforce / Outreach,938,Pos,M. Chen,needs mapping,Ask owner
01/3/26,R&D,Payroll - eng,Payroll,"1,371",manual Entry,Erikfinance ops,posted,Vendor invoice late
2026-03-28,Mktg,Paid media,Google / LinkedIn,"3,438",cash,M. Chen,posted,
01/1/26,Revenue,Subscr. revenue,Corp. clients,"(8,909)",cash,,Posted,One-off item
15 Feb-26,Marketing,Events & webinars,Various,"1,431",manual Entry,M. Chen,,Ask owner
2026-02-26,G&A,Office rent,Landlord,"3,849",Pos,Andres,Posted,Ask owner
01/1/26,Marketing,Events & webinars,Various,"4,365",Check,TBD,posted,
01/2/26,COGS,Payroll - eng,Payroll,"3,208",ERP,Erikfinance ops,Posted,Check sign
01/1/26,R&D,Payroll - eng,Payroll,"8,658",cash,Erikfinance ops,late invoice,One-off item
15 Feb-26,Services,Support tools,Zendesk / Gainsight,"5,257",ERP,Andres,Posted,Vendor invoice late
01/2/26,Sales,CRM / RevOps tools,Salesforce / Outreach,"4,767",ERP,,manual adj,Timing issue
01/3/26,Marketing,Events & webinars,Various,"7,360",Check,M. Chen,manual adj,Ask owner
2026-02-26,G&A,Office rent,Landlord,"(8,306)",manual Entry,,posted,Vendor invoice late
01-Jan-26,Marketing,Events & webinars,Various,"2,831",Check,,accrual,Check sign
15 Apr-26,Revenue,Revenue,Retail Customer,681,ERP,Andres,needs mapping,
01/1/26,Services,Prof services,Implementation clients,"8,791",Pos,TBD,accrual,Timing issue
2026-03-28,Services,Support tools,Zendesk / Gainsight,"4,302",manual Entry,M. Chen,Posted,One-off item
2026-03-28,Mktg,Paid media,Google / LinkedIn,"8,968",Check,Andres,manual adj,Map to GL 6100
01/2/26,Services,Support tools,Zendesk / Gainsight,"8,242",Check,M. Chen,manual adj,Ask owner
25 Mar-26,Sales,CRM / RevOps tools,Salesforce / Outreach,"9,618",Check,Andres,Posted,Check sign
2026-01-25,Sales,CRM / RevOps tools,Salesforce / Outreach,"2,630",Pos,TBD,Posted,One-off item
01/4/26,Marketing,Customer appr.,Soccer Ticket,"5,745",Pos,,late invoice,Check sign
01-Jan-26,R&D,Payroll - eng,Payroll,"2,567",ERP,Andres,late invoice,Check sign
01/3/26,Sales,Payroll - sales,Payroll,"7,358",Pos,Erikfinance ops,needs mapping,Ask owner
01-Jan-26,G&A,Legal fees,Europa Law firm,"6,786",cash,Alex - FP&A,manual adj,
01/1/26,G&A,Office rent,Landlord,"(2,092)",Pos,Erikfinance ops,,Map to GL 6100
15 Feb-26,Services,Prof services,Implementation clients,"1,585",Check,Alex - FP&A,posted,One-off item
2026-02-26,COGS,Cloud hosting,AWS / Datadog,"(6,129)",manual Entry,,posted,Vendor invoice late
2026-04-01,Services,Support tools,Zendesk / Gainsight,"5,600",manual Entry,,Posted,Map to GL 6100
2026-02-26,Sales,CRM / RevOps tools,Salesforce / Outreach,"4,954",cash,Erikfinance ops,late invoice,Timing issue
2026-04-01,Services,Prof services,Implementation clients,"5,699",Pos,Andres,late invoice,One-off item
2026-01-25,Sales,Payroll - sales,Payroll,"8,033",cash,TBD,accrual,Vendor invoice late
15 Apr-26,Marketing,Paid media,Google / LinkedIn,777,cash,M. Chen,needs mapping,One-off item
01/2/26,Mktg,Paid media,Google / LinkedIn,"(2,695)",Pos,Erikfinance ops,needs mapping,One-off item
15 Apr-26,Mktg,Paid media,Google / LinkedIn,"7,278",Check,Alex - FP&A,manual adj,Timing issue
01-Jan-26,Mktg,Paid media,Google / LinkedIn,"6,019",ERP,M. Chen,Posted,Vendor invoice late
2026-02-26,COGS,Payroll - eng,Payroll,"1,031",Pos,Andres,late invoice,Check sign
2026-04-01,R&D,Cloud hosting,AWS / Datadog,"4,605",Pos,Alex - FP&A,accrual,Vendor invoice late
15 Feb-26,R&D,Payroll - eng,Payroll,"8,036",ERP,Alex - FP&A,,Check sign
15 Feb-26,Sales,Sales commission,Payroll,"3,246",Check,Erikfinance ops,posted,One-off item
01/2/26,Services,Support tools,Zendesk / Gainsight,"9,241",Check,Alex - FP&A,manual adj,Vendor invoice late
15 Apr-26,Mktg,Paid media,Google / LinkedIn,"9,896",manual Entry,M. Chen,accrual,Map to GL 6100
2026-01-25,Sales,Sales commission,Payroll,"7,397",Check,M. Chen,needs mapping,One-off item
2026-03-28,Sales,CRM / RevOps tools,Salesforce / Outreach,"8,552",ERP,,needs mapping,Map to GL 6100
01/3/26,Marketing,Customer appr.,Soccer Ticket,"6,507",ERP,,Posted,One-off item
2026-03-28,G&A,Office rent,Landlord,"8,706",cash,Erikfinance ops,manual adj,Map to GL 6100
25 Mar-26,Sales,Payroll - sales,Payroll,"(5,460)",Check,Alex - FP&A,accrual,
01/1/26,Sales,Payroll - sales,Payroll,"3,045",cash,Alex - FP&A,accrual,Vendor invoice late
15 Apr-26,G&A,Accounting fees,Brandon,"8,072",cash,Andres,accrual,One-off item
25 Mar-26,COGS,Payroll - eng,Payroll,"2,828",Pos,TBD,needs mapping,Vendor invoice late
2026-04-01,R&D,Cloud hosting,AWS / Datadog,652,Check,,,Timing issue
25 Mar-26,Sales,Payroll - sales,Payroll,"5,006",Pos,TBD,needs mapping,
2026-04-01,Marketing,Customer appr.,Gift hamper,"1,693",manual Entry,,Posted,Check sign
2026-02-26,Mktg,Events & webinars,Various,"1,998",ERP,M. Chen,manual adj,Vendor invoice late
01/2/26,Services,Prof services,Implementation clients,502,cash,Erikfinance ops,late invoice,
15 Apr-26,Marketing,Events & webinars,Various,"8,092",cash,TBD,manual adj,Vendor invoice late
15 Feb-26,Sales,Payroll - sales,Payroll,"6,099",Pos,Andres,accrual,One-off item
01/3/26,COGS,Cloud hosting,AWS / Datadog,"8,655",cash,Andres,Posted,Ask owner
01-Jan-26,G&A,Legal fees,Europa Law firm,"(4,189)",Pos,,posted,Ask owner
01/3/26,Revenue,Revenue,Retail Customer,"4,489",Pos,TBD,accrual,Timing issue
01-Jan-26,COGS,Cloud hosting,AWS / Datadog,"9,933",Check,TBD,accrual,
01-Jan-26,Sales,Payroll - sales,Payroll,"1,106",ERP,Alex - FP&A,accrual,Check sign
2026-02-26,COGS,Cloud hosting,AWS / Datadog,"(6,259)",ERP,TBD,late invoice,Map to GL 6100
01/2/26,COGS,Cloud hosting,AWS / Datadog,433,ERP,,late invoice,Ask owner
2026-01-25,Sales,Payroll - sales,Payroll,"6,874",ERP,TBD,posted,Vendor invoice late
01/3/26,R&D,Payroll - eng,Payroll,"4,899",manual Entry,TBD,manual adj,Check sign
01/2/26,Revenue,Subscr. revenue,Corp. clients,"2,703",Check,M. Chen,accrual,
15 Feb-26,G&A,Accounting fees,Jason CPA,854,cash,M. Chen,posted,Map to GL 6100
01/2/26,Services,Prof services,Implementation clients,"(2,134)",Check,Alex - FP&A,accrual,Map to GL 6100
01-Jan-26,Mktg,Customer appr.,Amazon gift c.,"5,638",Check,M. Chen,accrual,Ask owner
2026-01-25,Services,Support tools,Zendesk / Gainsight,"(5,993)",Check,Andres,posted,Timing issue
2026-01-25,Revenue,Revenue,Retail Customer,"4,180",manual Entry,Alex - FP&A,needs mapping,Check sign
15 Apr-26,Mktg,Events & webinars,Various,332,Check,,Posted,Map to GL 6100
2026-01-25,COGS,Cloud hosting,AWS / Datadog,"4,841",cash,M. Chen,posted,Check sign
15 Feb-26,COGS,Payroll - eng,Payroll,"7,972",manual Entry,Alex - FP&A,late invoice,
25 Mar-26,R&D,AI automation,n8n,"(7,664)",manual Entry,M. Chen,needs mapping,One-off item
2026-02-26,Services,Support tools,Zendesk / Gainsight,483,Check,Alex - FP&A,late invoice,Vendor invoice late
01/3/26,Revenue,Service,Retail Customer,"5,464",ERP,TBD,manual adj,One-off item
01-Jan-26,Revenue,Product sales,Retail Customer,"3,906",manual Entry,Alex - FP&A,late invoice,One-off item
25 Mar-26,Revenue,Service,Retail Customer,"5,212",ERP,Andres,late invoice,Timing issue
15 Feb-26,R&D,Cloud hosting,AWS / Datadog,"6,010",ERP,Alex - FP&A,,Map to GL 6100
25 Mar-26,Sales,Payroll - sales,Payroll,"3,844",Check,TBD,needs mapping,Vendor invoice late
01/4/26,Revenue,Service,Retail Customer,"(3,441)",cash,Alex - FP&A,late invoice,Timing issue
15 Feb-26,Services,Support tools,Zendesk / Gainsight,"6,060",ERP,,accrual,Timing issue
15 Feb-26,Mktg,Paid media,Google / LinkedIn,"4,842",manual Entry,Andres,,Ask owner
01-Jan-26,Marketing,Customer appr.,Amazon gift c.,"(7,189)",Check,Andres,accrual,
2026-03-28,G&A,Legal fees,Buchalter,"9,375",ERP,Andres,needs mapping,
2026-02-26,R&D,AI automation,n8n,"1,119",manual Entry,Andres,posted,Check sign
01/4/26,Marketing,Customer appr.,Gift hamper,"3,189",Pos,Erikfinance ops,Posted,Map to GL 6100
15 Feb-26,Marketing,Events & webinars,Various,"3,802",manual Entry,,Posted,Map to GL 6100
25 Mar-26,Sales,Payroll - sales,Payroll,"7,438",ERP,TBD,accrual,
2026-04-01,Services,Prof services,Implementation clients,"1,625",cash,TBD,late invoice,Vendor invoice late
01/3/26,Sales,Sales commission,Payroll,"(3,572)",cash,Erikfinance ops,needs mapping,Timing issue
15 Apr-26,Sales,CRM / RevOps tools,Salesforce / Outreach,"(2,326)",Pos,,late invoice,Timing issue
01/4/26,G&A,Office rent,Landlord,"(3,603)",manual Entry,TBD,late invoice,Map to GL 6100
2026-04-01,Sales,CRM / RevOps tools,Salesforce / Outreach,"1,704",manual Entry,Andres,,Check sign
25 Mar-26,Mktg,Paid media,Google / LinkedIn,598,Check,Erikfinance ops,needs mapping,Ask owner
2026-02-26,Revenue,Service,Corp. clients,"6,245",Check,M. Chen,accrual,Vendor invoice late
2026-01-25,Sales,Sales commission,Payroll,"8,662",Pos,Andres,needs mapping,Timing issue
2026-02-26,Sales,Sales commission,Payroll,"(4,387)",manual Entry,Erikfinance ops,needs mapping,Vendor invoice late
15 Feb-26,Revenue,Revenue,Retail Customer,"1,022",cash,Andres,manual adj,Map to GL 6100
01/3/26,Services,Prof services,Implementation clients,"(8,140)",cash,Alex - FP&A,Posted,Map to GL 6100
01/4/26,R&D,AI automation,n8n,126,ERP,TBD,manual adj,One-off item
01/1/26,R&D,Payroll - eng,Payroll,"(9,711)",Pos,M. Chen,accrual,Timing issue
01-Jan-26,G&A,Accounting fees,Jason CPA,"4,838",cash,Erikfinance ops,posted,Vendor invoice late
15 Apr-26,Revenue,Revenue,Retail Customer,"7,477",cash,,manual adj,One-off item
25 Mar-26,Services,Prof services,Implementation clients,"9,958",Check,,Posted,Map to GL 6100
2026-04-01,Revenue,Revenue,Retail Customer,"2,897",manual Entry,,accrual,Timing issue
01/3/26,COGS,Materials,Johnsons Supply,"8,501",cash,TBD,manual adj,Check sign
01/4/26,COGS,Payroll - eng,Payroll,"7,588",ERP,Alex - FP&A,accrual,Ask owner
2026-02-26,G&A,Office rent,Landlord,"8,145",manual Entry,M. Chen,Posted,Timing issue
01/3/26,Revenue,Product sales,Corp. clients,"(8,938)",Check,Erikfinance ops,posted,Vendor invoice late
2026-02-26,Mktg,Paid media,Google / LinkedIn,(145),Pos,Alex - FP&A,Posted,One-off item
01/2/26,Marketing,Customer appr.,Soccer Ticket,"5,248",Pos,Alex - FP&A,Posted,Ask owner
01/2/26,Revenue,Product sales,Retail Customer,"1,838",Check,,manual adj,
2026-01-25,Services,Support tools,Zendesk / Gainsight,800,Check,M. Chen,posted,Ask owner
15 Feb-26,Marketing,Google Ads,Google / LinkedIn,"6,264",Pos,Erikfinance ops,manual adj,
01/3/26,Services,Prof services,Implementation clients,"(2,295)",manual Entry,M. Chen,late invoice,Vendor invoice late
15 Apr-26,Marketing,Events & webinars,Various,"5,276",manual Entry,Erikfinance ops,Posted,Vendor invoice late
01-Jan-26,Mktg,Customer appr.,Soccer Ticket,"4,299",Pos,,posted,Vendor invoice late
15 Apr-26,Revenue,Service,Corp. clients,"5,726",manual Entry,TBD,late invoice,Vendor invoice late
01/2/26,G&A,Accounting fees,Brandon,"4,162",ERP,Erikfinance ops,late invoice,Map to GL 6100
01/4/26,R&D,Cloud hosting,AWS / Datadog,"9,139",cash,Alex - FP&A,accrual,Ask owner
2026-01-25,COGS,Materials,Home Depot,"(8,983)",Check,TBD,Posted,Timing issue
15 Feb-26,COGS,Materials,Walmart,"1,697",ERP,TBD,late invoice,
2026-04-01,R&D,Cloud hosting,AWS / Datadog,"8,661",Check,Erikfinance ops,accrual,Timing issue
2026-02-26,G&A,Legal fees,Europa Law firm,"5,050",cash,Alex - FP&A,late invoice,Ask owner
2026-04-01,R&D,Cloud hosting,AWS / Datadog,"7,481",ERP,Alex - FP&A,posted,Ask owner
01/2/26,Revenue,Revenue,Corp. clients,"7,637",Check,,needs mapping,Ask owner
2026-04-01,Sales,Sales commission,Payroll,"5,048",cash,Andres,needs mapping,Vendor invoice late
2026-03-28,R&D,AI automation,n8n,"1,442",manual Entry,,,Ask owner
25 Mar-26,R&D,Cloud hosting,AWS / Datadog,"7,165",Check,,Posted,Vendor invoice late
01/4/26,Revenue,Revenue,Retail Customer,"1,790",ERP,M. Chen,late invoice,Timing issue
15 Apr-26,COGS,Materials,Walmart,"(4,145)",Pos,,needs mapping,
2026-03-28,G&A,Accounting fees,Jason CPA,"6,053",Pos,Andres,needs mapping,One-off item
2026-03-28,COGS,Materials,Electric house,"2,946",Check,M. Chen,late invoice,
01/2/26,Sales,Payroll - sales,Payroll,"(4,652)",manual Entry,Erikfinance ops,Posted,Map to GL 6100
01/3/26,G&A,Legal fees,Europa Law firm,"3,926",manual Entry,Erikfinance ops,accrual,Ask owner
01/3/26,R&D,Payroll - eng,Payroll,"7,890",cash,Alex - FP&A,Posted,Map to GL 6100
2026-01-25,Revenue,Subscr. revenue,Retail Customer,"5,738",cash,Andres,posted,Ask owner
15 Feb-26,COGS,Payroll - eng,Payroll,"6,357",cash,M. Chen,,Map to GL 6100
2026-02-26,Marketing,Events & webinars,Various,"6,427",Check,Andres,,One-off item
01/4/26,Revenue,Revenue,Corp. clients,"3,312",Check,,needs mapping,Vendor invoice late
2026-03-28,Mktg,Paid media,Google / LinkedIn,"2,235",Check,TBD,late invoice,Timing issue
15 Apr-26,Revenue,Product sales,Retail Customer,"1,377",Pos,Erikfinance ops,manual adj,Map to GL 6100
01/4/26,Sales,CRM / RevOps tools,Salesforce / Outreach,"3,231",Check,Alex - FP&A,needs mapping,Ask owner
15 Apr-26,Mktg,Customer appr.,Soccer Ticket,"2,978",manual Entry,Andres,Posted,
15 Feb-26,COGS,Payroll - eng,Payroll,"(2,320)",manual Entry,M. Chen,Posted,Ask owner
15 Feb-26,Sales,CRM / RevOps tools,Salesforce / Outreach,"1,579",manual Entry,Andres,needs mapping,One-off item
25 Mar-26,Mktg,Customer appr.,Amazon gift c.,"8,477",ERP,Andres,needs mapping,Vendor invoice late
01/2/26,Revenue,Subscr. revenue,Retail Customer,"6,509",Check,Erikfinance ops,Posted,Vendor invoice late
01/3/26,Mktg,Events & webinars,Various,"8,191",Check,M. Chen,manual adj,Map to GL 6100
2026-04-01,Marketing,Paid media,Google / LinkedIn,"9,712",Check,Andres,accrual,One-off item
01/3/26,Mktg,Events & webinars,Various,"9,041",Pos,Andres,accrual,Timing issue
2026-03-28,Mktg,Customer appr.,Amazon gift c.,"1,623",Check,TBD,Posted,Timing issue
15 Apr-26,R&D,Payroll - eng,Payroll,"4,528",cash,M. Chen,,Vendor invoice late
25 Mar-26,Mktg,Paid media,Google / LinkedIn,"4,120",manual Entry,Alex - FP&A,needs mapping,Ask owner
25 Mar-26,G&A,Legal fees,Buchalter,"4,334",ERP,Alex - FP&A,,
15 Apr-26,Revenue,Service,Corp. clients,"8,013",ERP,TBD,Posted,Timing issue
15 Apr-26,Sales,Sales commission,Payroll,"(3,875)",ERP,Erikfinance ops,needs mapping,Timing issue
01/4/26,Sales,CRM / RevOps tools,Salesforce / Outreach,"(2,289)",cash,Andres,late invoice,Timing issue
01/4/26,COGS,Payroll - eng,Payroll,"(6,768)",Check,Alex - FP&A,late invoice,Ask owner
2026-02-26,COGS,Materials,Electric house,"7,182",ERP,Erikfinance ops,manual adj,Timing issue
01/3/26,G&A,Accounting fees,Jason CPA,"(8,211)",cash,Alex - FP&A,Posted,Ask owner
15 Feb-26,G&A,Accounting fees,Brandon,"5,677",manual Entry,M. Chen,manual adj,Check sign
15 Feb-26,Revenue,Product sales,Corp. clients,"9,791",ERP,Andres,manual adj,Check sign
15 Apr-26,Marketing,Paid media,Google / LinkedIn,"8,857",Check,Erikfinance ops,Posted,Map to GL 6100
15 Feb-26,Mktg,Events & webinars,Various,"(5,345)",manual Entry,M. Chen,manual adj,Timing issue
01-Jan-26,R&D,Cloud hosting,AWS / Datadog,257,ERP,Andres,posted,Ask owner
2026-02-26,COGS,Materials,Walmart,"7,748",manual Entry,Alex - FP&A,accrual,Vendor invoice late
2026-02-26,Marketing,Events & webinars,Various,"5,665",Pos,,Posted,Ask owner
2026-01-25,R&D,Cloud hosting,AWS / Datadog,"8,038",cash,Alex - FP&A,late invoice,Check sign
2026-03-28,Mktg,Events & webinars,Various,"7,156",ERP,Andres,needs mapping,Map to GL 6100
2026-03-28,Services,Prof services,Implementation clients,939,Pos,Andres,Posted,Check sign
15 Apr-26,R&D,Payroll - eng,Payroll,"1,903",Pos,Erikfinance ops,manual adj,Map to GL 6100
15 Feb-26,Services,Support tools,Zendesk / Gainsight,"6,346",Pos,TBD,,Ask owner
25 Mar-26,Services,Support tools,Zendesk / Gainsight,"2,471",manual Entry,Erikfinance ops,Posted,One-off item
01/3/26,Marketing,Events & webinars,Various,"9,288",manual Entry,Erikfinance ops,needs mapping,Map to GL 6100
25 Mar-26,Revenue,Revenue,Retail Customer,"9,605",cash,,accrual,Map to GL 6100
2026-03-28,G&A,Legal fees,Buchalter,"7,825",Pos,Alex - FP&A,manual adj,Vendor invoice late
2026-03-28,G&A,Office rent,Landlord,"9,623",Check,Erikfinance ops,manual adj,Vendor invoice late
2026-04-01,COGS,Materials,Walmart,"4,621",cash,Alex - FP&A,accrual,Map to GL 6100
2026-01-25,Services,Support tools,Zendesk / Gainsight,"7,241",cash,Erikfinance ops,,Map to GL 6100
2026-01-25,Services,Prof services,Implementation clients,"1,555",ERP,Erikfinance ops,manual adj,One-off item
2026-04-01,Marketing,Events & webinars,Various,"4,685",manual Entry,,Posted,Ask owner
01-Jan-26,Mktg,Events & webinars,Various,"8,723",manual Entry,Alex - FP&A,needs mapping,Vendor invoice late
25 Mar-26,Revenue,Subscr. revenue,Retail Customer,"4,920",Pos,TBD,,Ask owner
01/2/26,R&D,AI automation,n8n,"5,649",cash,Andres,Posted,Ask owner
01/1/26,Services,Prof services,Implementation clients,"8,431",Check,,needs mapping,One-off item
25 Mar-26,Revenue,Service,Corp. clients,842,cash,Andres,needs mapping,Map to GL 6100
01/2/26,Revenue,Subscr. revenue,Retail Customer,"(7,500)",ERP,,needs mapping,Check sign
25 Mar-26,R&D,Cloud hosting,AWS / Datadog,"3,020",Pos,Alex - FP&A,Posted,One-off item
2026-03-28,Sales,Payroll - sales,Payroll,"2,450",Check,TBD,manual adj,Ask owner
25 Mar-26,Mktg,Paid media,Google / LinkedIn,"1,293",Pos,Andres,,Vendor invoice late
2026-02-26,Mktg,Customer appr.,Soccer Ticket,"(8,852)",manual Entry,Erikfinance ops,late invoice,
25 Mar-26,Services,Prof services,Implementation clients,"1,681",cash,Andres,accrual,Check sign
2026-01-25,G&A,Office rent,Landlord,"2,925",ERP,Alex - FP&A,accrual,
01/2/26,Revenue,Product sales,Corp. clients,"(9,564)",Check,Andres,Posted,One-off item
15 Apr-26,Mktg,Events & webinars,Various,"2,683",Pos,Erikfinance ops,posted,Ask owner
01/2/26,Mktg,Events & webinars,Various,"1,975",ERP,Alex - FP&A,accrual,Vendor invoice late
2026-02-26,Sales,CRM / RevOps tools,Salesforce / Outreach,"(9,708)",manual Entry,Erikfinance ops,accrual,Timing issue
15 Feb-26,Revenue,Revenue,Retail Customer,"3,026",ERP,Alex - FP&A,Posted,
15 Feb-26,R&D,Payroll - eng,Payroll,783,cash,Alex - FP&A,manual adj,Ask owner
25 Mar-26,COGS,Cloud hosting,AWS / Datadog,"1,454",Pos,,late invoice,Ask owner
01/2/26,Marketing,Customer appr.,Gift hamper,"(3,806)",ERP,TBD,posted,Vendor invoice late
01/4/26,Marketing,Events & webinars,Various,"(4,160)",Check,Erikfinance ops,,Timing issue
01/2/26,Services,Prof services,Implementation clients,"8,207",Pos,,accrual,Check sign
01/2/26,Sales,Sales commission,Payroll,"5,369",Pos,Andres,Posted,Ask owner
2026-04-01,Revenue,Service,Corp. clients,"5,466",ERP,Andres,needs mapping,Ask owner
2026-03-28,Services,Prof services,Implementation clients,"(7,199)",cash,TBD,Posted,
25 Mar-26,Sales,Sales commission,Payroll,"(3,332)",ERP,M. Chen,Posted,Check sign
2026-02-26,Mktg,Paid media,Google / LinkedIn,"5,512",Pos,Alex - FP&A,posted,Check sign
01/4/26,Services,Support tools,Zendesk / Gainsight,"7,406",ERP,Erikfinance ops,Posted,One-off item
01-Jan-26,Mktg,Customer appr.,Soccer Ticket,425,cash,,accrual,One-off item
2026-04-01,Marketing,Events & webinars,Various,"6,399",ERP,Alex - FP&A,late invoice,Map to GL 6100
01/3/26,COGS,Cloud hosting,AWS / Datadog,"1,214",ERP,,late invoice,One-off item
01/1/26,Marketing,Customer appr.,Soccer Ticket,"6,342",Check,Andres,accrual,Map to GL 6100
2026-04-01,COGS,Cloud hosting,AWS / Datadog,"9,209",cash,Erikfinance ops,accrual,Vendor invoice late
25 Mar-26,Services,Prof services,Implementation clients,"(2,023)",cash,Andres,accrual,One-off item
01-Jan-26,Mktg,Paid media,Google / LinkedIn,"8,589",cash,M. Chen,Posted,Timing issue
25 Mar-26,Sales,CRM / RevOps tools,Salesforce / Outreach,235,Pos,TBD,manual adj,One-off item
25 Mar-26,Sales,CRM / RevOps tools,Salesforce / Outreach,"3,820",ERP,Alex - FP&A,manual adj,Check sign
2026-04-01,COGS,Payroll - eng,Payroll,"1,887",Pos,Erikfinance ops,needs mapping,Map to GL 6100
2026-04-01,Revenue,Product sales,Corp. clients,"4,718",ERP,Erikfinance ops,needs mapping,Vendor invoice late
01-Jan-26,Sales,Payroll - sales,Payroll,"(6,441)",ERP,TBD,needs mapping,
01/4/26,R&D,AI automation,n8n,"7,068",Check,Alex - FP&A,late invoice,Vendor invoice late
01/3/26,Mktg,Events & webinars,Various,"1,662",Pos,TBD,late invoice,One-off item
25 Mar-26,G&A,Accounting fees,Brandon,"(3,448)",ERP,M. Chen,late invoice,
2026-04-01,Revenue,Subscr. revenue,Corp. clients,"9,001",Pos,Andres,late invoice,Ask owner
2026-03-28,G&A,Legal fees,Buchalter,"7,710",cash,Alex - FP&A,late invoice,Vendor invoice late
2026-03-28,COGS,Payroll - eng,Payroll,"2,582",cash,Erikfinance ops,late invoice,Ask owner
01-Jan-26,Revenue,Product sales,Retail Customer,"5,529",cash,M. Chen,posted,Timing issue
01/4/26,Revenue,Subscr. revenue,Retail Customer,"5,358",ERP,Alex - FP&A,,Timing issue
15 Feb-26,Sales,Sales commission,Payroll,"3,743",ERP,,posted,Timing issue
25 Mar-26,Revenue,Product sales,Corp. clients,"9,031",Check,Erikfinance ops,late invoice,Map to GL 6100
01/1/26,Sales,Sales commission,Payroll,"2,547",Pos,,,Check sign
2026-02-26,G&A,Accounting fees,Brandon,"(8,361)",manual Entry,M. Chen,late invoice,Vendor invoice late
01/1/26,Services,Support tools,Zendesk / Gainsight,"(1,688)",manual Entry,Alex - FP&A,needs mapping,Vendor invoice late
15 Apr-26,Revenue,Subscr. revenue,Retail Customer,"8,363",cash,,accrual,
25 Mar-26,Marketing,Events & webinars,Various,"6,801",manual Entry,Alex - FP&A,manual adj,Check sign
2026-02-26,Sales,Sales commission,Payroll,"(7,382)",Check,Andres,accrual,Vendor invoice late
15 Feb-26,G&A,Legal fees,Europa Law firm,"4,324",Pos,Andres,manual adj,
2026-04-01,Sales,Payroll - sales,Payroll,"2,596",Check,M. Chen,accrual,Ask owner
15 Apr-26,R&D,Cloud hosting,AWS / Datadog,"9,150",cash,,Posted,One-off item
2026-01-25,Revenue,Revenue,Retail Customer,"9,780",Pos,,manual adj,Map to GL 6100
25 Mar-26,R&D,Cloud hosting,AWS / Datadog,"3,914",ERP,Erikfinance ops,needs mapping,
01/4/26,Marketing,Customer appr.,Soccer Ticket,843,ERP,Alex - FP&A,accrual,Vendor invoice late
2026-03-28,G&A,Office rent,Landlord,"7,976",Pos,Alex - FP&A,Posted,One-off item
01-Jan-26,Marketing,Customer appr.,Gift hamper,"(3,088)",cash,TBD,posted,Check sign
25 Mar-26,COGS,Cloud hosting,AWS / Datadog,"9,770",Check,TBD,,Timing issue
01/4/26,Services,Prof services,Implementation clients,"(9,949)",cash,M. Chen,accrual,Map to GL 6100
2026-02-26,Revenue,Service,Corp. clients,131,ERP,TBD,,One-off item
2026-02-26,G&A,Accounting fees,Brandon,"9,523",Pos,M. Chen,posted,Check sign
25 Mar-26,Sales,Sales commission,Payroll,"(6,961)",Check,Andres,late invoice,Vendor invoice late
01/3/26,COGS,Materials,Walmart,"3,342",cash,TBD,,Timing issue
25 Mar-26,R&D,Payroll - eng,Payroll,"4,962",manual Entry,,accrual,Timing issue
2026-04-01,R&D,Cloud hosting,AWS / Datadog,"1,482",Check,TBD,needs mapping,Ask owner
2026-04-01,R&D,Cloud hosting,AWS / Datadog,"9,377",manual Entry,Erikfinance ops,Posted,One-off item
01-Jan-26,G&A,Legal fees,Buchalter,"4,821",cash,M. Chen,manual adj,Vendor invoice late
2026-01-25,Mktg,Customer appr.,Amazon gift c.,"(1,300)",ERP,TBD,Posted,
2026-02-26,COGS,Cloud hosting,AWS / Datadog,"3,365",cash,,manual adj,Vendor invoice late
15 Apr-26,Services,Support tools,Zendesk / Gainsight,"8,281",cash,Alex - FP&A,late invoice,Vendor invoice late
01/4/26,G&A,Accounting fees,Brandon,"1,335",cash,Alex - FP&A,Posted,Vendor invoice late
15 Apr-26,Revenue,Subscr. revenue,Retail Customer,"7,459",ERP,,late invoice,Map to GL 6100
01/1/26,Services,Support tools,Zendesk / Gainsight,"(5,386)",manual Entry,,late invoice,Vendor invoice late
2026-01-25,COGS,Materials,Johnsons Supply,"(9,167)",cash,Andres,manual adj,Timing issue
2026-04-01,Revenue,Product sales,Corp. clients,"(7,776)",Check,Andres,late invoice,Ask owner
2026-02-26,R&D,Cloud hosting,AWS / Datadog,"8,165",Check,Alex - FP&A,late invoice,Timing issue
2026-02-26,Services,Prof services,Implementation clients,"2,491",Pos,Andres,accrual,Vendor invoice late
01/3/26,Mktg,Paid media,Google / LinkedIn,"(1,304)",manual Entry,TBD,,Check sign
01/2/26,R&D,Cloud hosting,AWS / Datadog,876,cash,Andres,manual adj,
2026-03-28,Mktg,Customer appr.,Gift hamper,"8,050",ERP,Alex - FP&A,needs mapping,
2026-03-28,Mktg,Events & webinars,Various,"8,057",Pos,M. Chen,late invoice,Vendor invoice late
2026-01-25,COGS,Cloud hosting,AWS / Datadog,(239),ERP,Alex - FP&A,Posted,One-off item
2026-04-01,Sales,Sales commission,Payroll,109,Check,Erikfinance ops,late invoice,Timing issue
15 Feb-26,Sales,Sales commission,Payroll,"7,700",Pos,M. Chen,manual adj,Check sign
25 Mar-26,G&A,Legal fees,Europa Law firm,"(1,103)",cash,,accrual,Map to GL 6100
2026-01-25,Revenue,Subscr. revenue,Corp. clients,"7,739",Check,Erikfinance ops,posted,Check sign
01/4/26,Marketing,Google Ads,Google / LinkedIn,"8,278",cash,,posted,Map to GL 6100
2026-04-01,Revenue,Subscr. revenue,Corp. clients,"2,431",Pos,M. Chen,posted,Map to GL 6100
01/4/26,Mktg,Events & webinars,Various,"(3,700)",manual Entry,TBD,manual adj,
01/1/26,Services,Prof services,Implementation clients,"(2,734)",Pos,Andres,Posted,Timing issue
15 Apr-26,Sales,CRM / RevOps tools,Salesforce / Outreach,"1,127",cash,,late invoice,Check sign
2026-02-26,Sales,Sales commission,Payroll,"9,785",Pos,,manual adj,Check sign
01/1/26,R&D,Cloud hosting,AWS / Datadog,"1,696",ERP,Alex - FP&A,accrual,Ask owner
01/4/26,G&A,Legal fees,Europa Law firm,"(3,908)",cash,Erikfinance ops,manual adj,Vendor invoice late
15 Apr-26,R&D,Payroll - eng,Payroll,"2,095",Check,,,Check sign
25 Mar-26,R&D,AI automation,n8n,"2,440",Pos,TBD,late invoice,One-off item
01/2/26,Revenue,Product sales,Corp. clients,"1,610",Check,Andres,Posted,Timing issue
01/4/26,COGS,Materials,Home Depot,"8,498",cash,Alex - FP&A,,Check sign
2026-01-25,G&A,Office rent,Landlord,"8,933",Pos,Andres,needs mapping,Map to GL 6100
2026-04-01,Services,Prof services,Implementation clients,"9,002",Pos,Andres,needs mapping,Timing issue
01-Jan-26,Sales,CRM / RevOps tools,Salesforce / Outreach,"2,009",Check,Alex - FP&A,accrual,Check sign
01/2/26,Revenue,Revenue,Retail Customer,"9,142",ERP,M. Chen,accrual,Vendor invoice late
2026-04-01,COGS,Materials,Walmart,"(2,146)",Pos,TBD,needs mapping,Vendor invoice late
25 Mar-26,G&A,Legal fees,Europa Law firm,"(9,797)",Pos,Andres,Posted,Ask owner
01/3/26,G&A,Legal fees,Europa Law firm,"(9,711)",cash,TBD,needs mapping,Ask owner
01-Jan-26,Mktg,Paid media,Google / LinkedIn,"7,384",Pos,M. Chen,accrual,
15 Apr-26,R&D,Payroll - eng,Payroll,131,Check,Andres,,One-off item
2026-02-26,Sales,Payroll - sales,Payroll,"3,735",Pos,Erikfinance ops,manual adj,One-off item
01-Jan-26,COGS,Cloud hosting,AWS / Datadog,"8,319",Check,,accrual,Check sign
25 Mar-26,Services,Support tools,Zendesk / Gainsight,"5,990",cash,Erikfinance ops,posted,Timing issue
01-Jan-26,R&D,AI automation,n8n,300,cash,Alex - FP&A,needs mapping,Vendor invoice late
2026-02-26,Services,Prof services,Implementation clients,"6,713",manual Entry,Alex - FP&A,,Timing issue
01/1/26,Services,Prof services,Implementation clients,"1,265",ERP,,Posted,Timing issue
15 Apr-26,Marketing,Google Ads,Google / LinkedIn,"9,388",cash,Alex - FP&A,Posted,Vendor invoice late
2026-01-25,Mktg,Customer appr.,Gift hamper,"9,349",ERP,Andres,Posted,Vendor invoice late
01/1/26,R&D,AI automation,n8n,"2,836",Check,,,
2026-03-28,Revenue,Service,Corp. clients,"9,069",cash,Alex - FP&A,late invoice,Map to GL 6100
25 Mar-26,Mktg,Customer appr.,Amazon gift c.,"(4,599)",cash,,manual adj,
15 Feb-26,Revenue,Service,Corp. clients,82,cash,Andres,,Check sign
01-Jan-26,Revenue,Revenue,Corp. clients,"1,097",Pos,TBD,needs mapping,Vendor invoice late
01/4/26,G&A,Office rent,Landlord,"(8,062)",Check,Erikfinance ops,manual adj,One-off item
01/3/26,G&A,Accounting fees,Brandon,"7,172",ERP,Erikfinance ops,late invoice,
2026-04-01,Services,Support tools,Zendesk / Gainsight,"2,729",Check,M. Chen,accrual,Timing issue
01/4/26,G&A,Office rent,Landlord,"1,114",manual Entry,M. Chen,manual adj,Timing issue
2026-03-28,G&A,Accounting fees,Jason CPA,"4,962",Check,,manual adj,Vendor invoice late
2026-01-25,Services,Prof services,Implementation clients,"9,393",ERP,,manual adj,Check sign
01/3/26,Services,Prof services,Implementation clients,"1,137",ERP,Alex - FP&A,accrual,Ask owner
01-Jan-26,Sales,Sales commission,Payroll,"1,607",Pos,M. Chen,posted,Ask owner
15 Apr-26,Sales,Payroll - sales,Payroll,"5,594",manual Entry,Erikfinance ops,late invoice,
15 Apr-26,R&D,Cloud hosting,AWS / Datadog,"2,816",manual Entry,Alex - FP&A,manual adj,Check sign
01/4/26,Services,Support tools,Zendesk / Gainsight,"5,335",Pos,,manual adj,Vendor invoice late
01/4/26,Sales,CRM / RevOps tools,Salesforce / Outreach,"7,747",cash,TBD,manual adj,
01-Jan-26,Revenue,Service,Retail Customer,835,Check,M. Chen,needs mapping,One-off item
25 Mar-26,Marketing,Google Ads,Google / LinkedIn,"1,520",manual Entry,,,One-off item
01-Jan-26,G&A,Accounting fees,Brandon,"3,275",ERP,,posted,Timing issue
15 Apr-26,G&A,Accounting fees,Brandon,"2,840",Check,,Posted,Map to GL 6100
01-Jan-26,COGS,Cloud hosting,AWS / Datadog,711,cash,Alex - FP&A,accrual,Check sign
2026-01-25,Mktg,Paid media,Google / LinkedIn,"(7,312)",Check,TBD,Posted,One-off item
01/4/26,R&D,Cloud hosting,AWS / Datadog,"(7,584)",Pos,M. Chen,accrual,Check sign
01/1/26,R&D,AI automation,n8n,"8,214",Pos,TBD,late invoice,One-off item
2026-04-01,G&A,Office rent,Landlord,"1,817",Pos,Andres,posted,Timing issue
2026-02-26,Mktg,Customer appr.,Soccer Ticket,"8,893",cash,M. Chen,manual adj,Map to GL 6100
01/4/26,Sales,Payroll - sales,Payroll,"8,609",manual Entry,TBD,Posted,Ask owner
15 Apr-26,Sales,Payroll - sales,Payroll,46,cash,Erikfinance ops,Posted,
01/2/26,Mktg,Customer appr.,Soccer Ticket,"5,055",manual Entry,M. Chen,late invoice,Vendor invoice late
01/4/26,Marketing,Google Ads,Google / LinkedIn,"4,811",Pos,Andres,needs mapping,Check sign
01/4/26,Marketing,Google Ads,Google / LinkedIn,"2,860",Pos,TBD,needs mapping,Map to GL 6100
01/3/26,Marketing,Customer appr.,Gift hamper,"4,750",cash,,posted,Map to GL 6100
01/3/26,G&A,Office rent,Landlord,537,manual Entry,Andres,,One-off item
2026-01-25,Mktg,Paid media,Google / LinkedIn,784,cash,Alex - FP&A,posted,Check sign
2026-04-01,Services,Support tools,Zendesk / Gainsight,"8,604",cash,TBD,manual adj,Check sign
25 Mar-26,Mktg,Customer appr.,Gift hamper,"(9,914)",cash,Erikfinance ops,needs mapping,
01/3/26,Sales,Payroll - sales,Payroll,"2,867",Check,Andres,needs mapping,Timing issue
01/3/26,Marketing,Paid media,Google / LinkedIn,"8,978",cash,Erikfinance ops,needs mapping,
15 Apr-26,Mktg,Paid media,Google / LinkedIn,118,ERP,M. Chen,manual adj,Check sign
01/4/26,Marketing,Paid media,Google / LinkedIn,"2,464",Pos,TBD,accrual,Check sign
2026-03-28,Services,Prof services,Implementation clients,"4,195",manual Entry,Alex - FP&A,late invoice,
01/4/26,Revenue,Revenue,Retail Customer,"8,206",cash,M. Chen,posted,One-off item
01-Jan-26,G&A,Legal fees,Buchalter,"2,561",manual Entry,,needs mapping,Map to GL 6100
15 Feb-26,Mktg,Customer appr.,Amazon gift c.,"(9,003)",Pos,M. Chen,accrual,Ask owner
01/4/26,Mktg,Customer appr.,Amazon gift c.,"4,028",cash,M. Chen,Posted,Timing issue
25 Mar-26,Mktg,Paid media,Google / LinkedIn,"1,921",Check,,Posted,Map to GL 6100
15 Feb-26,Revenue,Revenue,Retail Customer,"4,241",manual Entry,Erikfinance ops,accrual,Map to GL 6100
2026-01-25,Services,Prof services,Implementation clients,"2,430",manual Entry,Andres,,Map to GL 6100
01-Jan-26,Marketing,Paid media,Google / LinkedIn,"(3,102)",manual Entry,Erikfinance ops,needs mapping,Ask owner
2026-01-25,G&A,Legal fees,Buchalter,"3,920",Pos,Alex - FP&A,Posted,
01/1/26,COGS,Cloud hosting,AWS / Datadog,"6,975",cash,M. Chen,needs mapping,One-off item
01-Jan-26,R&D,Cloud hosting,AWS / Datadog,"4,032",manual Entry,Erikfinance ops,manual adj,One-off item
01-Jan-26,COGS,Cloud hosting,AWS / Datadog,"2,952",Check,TBD,,Vendor invoice late
01-Jan-26,Services,Prof services,Implementation clients,"3,772",Check,,late invoice,Timing issue
01/3/26,COGS,Payroll - eng,Payroll,"(2,724)",Check,M. Chen,needs mapping,Timing issue
15 Feb-26,Services,Prof services,Implementation clients,"1,357",ERP,,manual adj,Map to GL 6100
01/1/26,Sales,Payroll - sales,Payroll,"8,939",cash,M. Chen,needs mapping,Ask owner
01/2/26,Sales,CRM / RevOps tools,Salesforce / Outreach,"7,051",cash,TBD,,One-off item
15 Apr-26,Services,Prof services,Implementation clients,"5,855",Pos,M. Chen,accrual,Map to GL 6100
01/2/26,Mktg,Customer appr.,Amazon gift c.,"4,665",manual Entry,,accrual,
15 Apr-26,R&D,AI automation,n8n,"5,852",Pos,M. Chen,posted,One-off item
15 Feb-26,Mktg,Events & webinars,Various,"(7,141)",Pos,TBD,posted,Map to GL 6100
01/1/26,Marketing,Paid media,Google / LinkedIn,"6,464",manual Entry,Erikfinance ops,,One-off item
15 Feb-26,Sales,Payroll - sales,Payroll,"(7,239)",manual Entry,M. Chen,needs mapping,Vendor invoice late
2026-04-01,Services,Support tools,Zendesk / Gainsight,"3,264",Check,,manual adj,Check sign
01/3/26,R&D,Cloud hosting,AWS / Datadog,"2,444",cash,,needs mapping,Check sign
01-Jan-26,Marketing,Events & webinars,Various,"7,564",cash,M. Chen,Posted,Map to GL 6100
2026-03-28,R&D,Payroll - eng,Payroll,"(5,012)",ERP,Andres,needs mapping,Timing issue
01/1/26,R&D,Payroll - eng,Payroll,"4,273",ERP,TBD,posted,One-off item
2026-04-01,COGS,Cloud hosting,AWS / Datadog,"7,851",cash,,Posted,Map to GL 6100
2026-01-25,COGS,Cloud hosting,AWS / Datadog,"9,217",Check,Erikfinance ops,Posted,One-off item
2026-04-01,COGS,Cloud hosting,AWS / Datadog,"1,686",ERP,TBD,late invoice,Check sign
2026-02-26,COGS,Materials,Walmart,"7,390",ERP,M. Chen,manual adj,Check sign
01/2/26,R&D,AI automation,n8n,"(3,253)",manual Entry,TBD,needs mapping,One-off item
01-Jan-26,G&A,Office rent,Landlord,"4,850",Check,Andres,,Vendor invoice late
01/4/26,Mktg,Paid media,Google / LinkedIn,"8,883",ERP,Andres,late invoice,Vendor invoice late
15 Feb-26,COGS,Payroll - eng,Payroll,"(5,390)",Check,,posted,One-off item
01/2/26,Services,Prof services,Implementation clients,"4,375",Check,TBD,late invoice,Timing issue
15 Apr-26,Services,Support tools,Zendesk / Gainsight,"7,575",Pos,TBD,manual adj,Check sign
01/3/26,Services,Prof services,Implementation clients,"4,293",Pos,Erikfinance ops,accrual,One-off item
01/2/26,Sales,CRM / RevOps tools,Salesforce / Outreach,"9,384",cash,Erikfinance ops,needs mapping,Timing issue
2026-03-28,Services,Support tools,Zendesk / Gainsight,"3,619",cash,TBD,posted,
15 Apr-26,R&D,Payroll - eng,Payroll,"(9,115)",Pos,,,Ask owner
15 Apr-26,G&A,Legal fees,Buchalter,"4,691",ERP,,posted,Timing issue
01/1/26,G&A,Accounting fees,Brandon,"(3,285)",manual Entry,Andres,,
2026-04-01,G&A,Accounting fees,Brandon,"(6,422)",cash,,late invoice,
15 Apr-26,G&A,Legal fees,Europa Law firm,"6,900",Check,Erikfinance ops,posted,Ask owner
2026-03-28,R&D,AI automation,n8n,"4,255",Check,,posted,One-off item
01/3/26,Mktg,Events & webinars,Various,"6,811",cash,Erikfinance ops,,One-off item
01/2/26,Mktg,Paid media,Google / LinkedIn,"6,532",Pos,Erikfinance ops,posted,Vendor invoice late
15 Feb-26,Services,Support tools,Zendesk / Gainsight,"7,273",manual Entry,Alex - FP&A,accrual,Map to GL 6100
01/1/26,Revenue,Product sales,Retail Customer,"8,598",Check,M. Chen,needs mapping,Ask owner
2026-01-25,Marketing,Google Ads,Google / LinkedIn,"4,253",cash,Andres,Posted,Ask owner
01/1/26,Services,Prof services,Implementation clients,"1,104",ERP,Alex - FP&A,posted,Ask owner
2026-03-28,Mktg,Events & webinars,Various,"(3,379)",manual Entry,TBD,accrual,Check sign
2026-01-25,COGS,Payroll - eng,Payroll,"4,228",Check,Erikfinance ops,posted,Timing issue
2026-02-26,Revenue,Revenue,Retail Customer,"1,062",Check,M. Chen,posted,Timing issue
15 Feb-26,Services,Prof services,Implementation clients,"(3,517)",Check,Alex - FP&A,accrual,Map to GL 6100
15 Apr-26,COGS,Materials,Home Depot,"3,221",cash,M. Chen,posted,Check sign
2026-04-01,Marketing,Google Ads,Google / LinkedIn,"9,052",ERP,Andres,accrual,One-off item
01/3/26,Services,Support tools,Zendesk / Gainsight,"3,094",ERP,Erikfinance ops,needs mapping,Timing issue
2026-03-28,G&A,Legal fees,Europa Law firm,"3,672",cash,TBD,posted,Ask owner
2026-01-25,COGS,Cloud hosting,AWS / Datadog,"3,822",cash,M. Chen,manual adj,Check sign
01/3/26,Marketing,Events & webinars,Various,"7,566",ERP,,,Ask owner
15 Feb-26,Sales,Payroll - sales,Payroll,"4,727",cash,Erikfinance ops,accrual,Timing issue
01-Jan-26,Marketing,Events & webinars,Various,"2,319",manual Entry,,Posted,Vendor invoice late
25 Mar-26,Marketing,Customer appr.,Amazon gift c.,"8,195",ERP,Alex - FP&A,manual adj,Ask owner
01-Jan-26,COGS,Materials,Home Depot,"(2,088)",Pos,TBD,accrual,Ask owner
01/2/26,R&D,Payroll - eng,Payroll,"1,367",Pos,Andres,late invoice,
15 Feb-26,Revenue,Product sales,Retail Customer,"2,234",Check,Alex - FP&A,manual adj,Map to GL 6100
01/4/26,COGS,Payroll - eng,Payroll,"9,064",Check,M. Chen,,Timing issue
25 Mar-26,Marketing,Paid media,Google / LinkedIn,"6,232",ERP,Andres,posted,Timing issue
2026-04-01,R&D,Cloud hosting,AWS / Datadog,"4,780",manual Entry,Andres,needs mapping,Vendor invoice late
01-Jan-26,Revenue,Product sales,Retail Customer,416,manual Entry,,posted,
01/2/26,Sales,Payroll - sales,Payroll,674,cash,Erikfinance ops,late invoice,Timing issue
25 Mar-26,G&A,Accounting fees,Brandon,"2,146",Pos,Alex - FP&A,,One-off item
25 Mar-26,Sales,Sales commission,Payroll,"7,711",manual Entry,Andres,late invoice,One-off item
2026-04-01,Sales,CRM / RevOps tools,Salesforce / Outreach,"5,368",manual Entry,,accrual,One-off item
2026-01-25,Services,Support tools,Zendesk / Gainsight,"(6,196)",ERP,M. Chen,accrual,Timing issue
2026-03-28,Mktg,Paid media,Google / LinkedIn,"4,535",manual Entry,TBD,posted,Timing issue
01-Jan-26,Revenue,Product sales,Corp. clients,"4,918",cash,,posted,Check sign
2026-03-28,R&D,Payroll - eng,Payroll,"5,515",cash,M. Chen,,Ask owner
01/3/26,G&A,Office rent,Landlord,"(3,330)",cash,,late invoice,
2026-04-01,COGS,Cloud hosting,AWS / Datadog,"2,667",manual Entry,Andres,needs mapping,Timing issue
2026-04-01,R&D,Cloud hosting,AWS / Datadog,"1,752",Check,Andres,posted,
2026-04-01,Revenue,Service,Corp. clients,"2,920",Check,M. Chen,late invoice,Timing issue
15 Apr-26,Revenue,Product sales,Corp. clients,"5,367",manual Entry,Andres,,One-off item
15 Feb-26,COGS,Payroll - eng,Payroll,"5,845",Pos,,late invoice,Timing issue
01/2/26,Services,Support tools,Zendesk / Gainsight,"9,963",Pos,M. Chen,manual adj,Ask owner
2026-03-28,G&A,Accounting fees,Jason CPA,"(6,453)",manual Entry,Andres,,Check sign
01/2/26,G&A,Office rent,Landlord,"(1,537)",ERP,TBD,late invoice,
2026-04-01,R&D,Cloud hosting,AWS / Datadog,"2,461",cash,,,One-off item
25 Mar-26,COGS,Materials,Johnsons Supply,"9,760",Pos,TBD,posted,Ask owner
01/4/26,Marketing,Google Ads,Google / LinkedIn,"(9,073)",Pos,Alex - FP&A,posted,Timing issue
2026-03-28,G&A,Legal fees,Europa Law firm,"7,045",Pos,TBD,posted,Check sign
01/1/26,Services,Prof services,Implementation clients,"9,676",cash,,accrual,Timing issue
01/4/26,G&A,Accounting fees,Brandon,963,cash,TBD,late invoice,Timing issue
01/3/26,COGS,Payroll - eng,Payroll,"8,236",ERP,TBD,late invoice,Vendor invoice late
2026-02-26,G&A,Accounting fees,Jason CPA,"(5,637)",manual Entry,,accrual,One-off item
25 Mar-26,Mktg,Customer appr.,Soccer Ticket,"4,535",Pos,Andres,Posted,One-off item
15 Apr-26,Mktg,Events & webinars,Various,"(9,116)",Check,TBD,posted,Ask owner
2026-03-28,Revenue,Service,Retail Customer,"9,777",Check,Erikfinance ops,,
2026-03-28,R&D,AI automation,n8n,"5,462",manual Entry,Alex - FP&A,manual adj,Check sign
01/3/26,Mktg,Paid media,Google / LinkedIn,"7,091",cash,Andres,,Vendor invoice late
01/4/26,G&A,Office rent,Landlord,"3,930",ERP,Alex - FP&A,Posted,
01/3/26,Services,Prof services,Implementation clients,"3,137",Pos,Erikfinance ops,accrual,Timing issue
01/2/26,Sales,CRM / RevOps tools,Salesforce / Outreach,"1,751",Check,,accrual,
2026-02-26,Marketing,Paid media,Google / LinkedIn,"(1,762)",Pos,Andres,accrual,
2026-02-26,Marketing,Google Ads,Google / LinkedIn,"6,819",Check,,accrual,
2026-04-01,Mktg,Paid media,Google / LinkedIn,"(5,173)",Check,,manual adj,Ask owner
01/4/26,Services,Prof services,Implementation clients,"(6,729)",Check,Andres,Posted,One-off item
01/4/26,Sales,Payroll - sales,Payroll,"1,126",cash,Andres,needs mapping,Timing issue
15 Apr-26,COGS,Cloud hosting,AWS / Datadog,"1,864",manual Entry,Alex - FP&A,,One-off item
25 Mar-26,R&D,Payroll - eng,Payroll,264,cash,Erikfinance ops,posted,Map to GL 6100
15 Feb-26,R&D,Payroll - eng,Payroll,"(4,011)",cash,Erikfinance ops,accrual,Check sign
15 Feb-26,Services,Prof services,Implementation clients,"(6,413)",Pos,,,One-off item
01/3/26,R&D,Payroll - eng,Payroll,592,cash,,,One-off item
01/4/26,Mktg,Paid media,Google / LinkedIn,"1,384",manual Entry,M. Chen,,Timing issue
01/4/26,Sales,Sales commission,Payroll,"6,214",cash,Erikfinance ops,posted,Timing issue
2026-01-25,G&A,Accounting fees,Jason CPA,"7,229",ERP,TBD,manual adj,Check sign
01/4/26,COGS,Payroll - eng,Payroll,"8,015",ERP,Alex - FP&A,needs mapping,Timing issue
2026-03-28,COGS,Payroll - eng,Payroll,"6,835",ERP,Erikfinance ops,posted,Check sign
25 Mar-26,R&D,Payroll - eng,Payroll,509,Pos,Erikfinance ops,,Check sign
2026-04-01,Services,Support tools,Zendesk / Gainsight,"4,187",ERP,TBD,Posted,One-off item
2026-04-01,Services,Prof services,Implementation clients,"2,160",Pos,M. Chen,late invoice,Ask owner
01/3/26,Sales,CRM / RevOps tools,Salesforce / Outreach,"8,833",Pos,,Posted,Check sign
15 Feb-26,Revenue,Subscr. revenue,Retail Customer,"7,086",Check,,late invoice,One-off item
25 Mar-26,Mktg,Paid media,Google / LinkedIn,"7,617",cash,TBD,accrual,Check sign
2026-01-25,Mktg,Customer appr.,Soccer Ticket,(749),ERP,,needs mapping,Vendor invoice late
15 Feb-26,Sales,Payroll - sales,Payroll,"6,816",manual Entry,Erikfinance ops,Posted,Map to GL 6100
01-Jan-26,Mktg,Events & webinars,Various,16,Check,M. Chen,needs mapping,One-off item
01/1/26,R&D,Cloud hosting,AWS / Datadog,"(9,691)",Pos,M. Chen,late invoice,Vendor invoice late
15 Feb-26,Mktg,Customer appr.,Gift hamper,341,Check,Alex - FP&A,manual adj,Ask owner
2026-01-25,Mktg,Customer appr.,Amazon gift c.,971,ERP,M. Chen,late invoice,Map to GL 6100
15 Feb-26,Marketing,Customer appr.,Soccer Ticket,"8,721",Pos,Alex - FP&A,needs mapping,Check sign
2026-03-28,Services,Support tools,Zendesk / Gainsight,"6,834",ERP,Erikfinance ops,late invoice,Timing issue
01/2/26,Mktg,Customer appr.,Gift hamper,"1,344",ERP,Andres,late invoice,Map to GL 6100
2026-01-25,Marketing,Customer appr.,Gift hamper,"5,753",Check,Erikfinance ops,needs mapping,One-off item
01/4/26,Revenue,Revenue,Retail Customer,62,cash,Erikfinance ops,needs mapping,Vendor invoice late
25 Mar-26,Revenue,Product sales,Retail Customer,"1,805",Check,,Posted,One-off item
25 Mar-26,G&A,Office rent,Landlord,"9,035",ERP,,late invoice,One-off item
2026-02-26,Revenue,Subscr. revenue,Corp. clients,"8,535",cash,,posted,
15 Feb-26,R&D,Payroll - eng,Payroll,"6,936",cash,M. Chen,,Vendor invoice late
01/1/26,R&D,Cloud hosting,AWS / Datadog,"4,875",cash,TBD,manual adj,Map to GL 6100
2026-01-25,R&D,AI automation,n8n,927,cash,Erikfinance ops,late invoice,Timing issue
01/4/26,R&D,AI automation,n8n,"(9,447)",Check,Erikfinance ops,manual adj,Vendor invoice late
15 Apr-26,Revenue,Product sales,Corp. clients,"8,146",manual Entry,Andres,Posted,Timing issue
01/2/26,Marketing,Paid media,Google / LinkedIn,770,Pos,Alex - FP&A,late invoice,
01/1/26,Marketing,Paid media,Google / LinkedIn,"(1,821)",cash,M. Chen,,Timing issue
01/3/26,Services,Support tools,Zendesk / Gainsight,"(4,032)",ERP,M. Chen,accrual,Vendor invoice late
01-Jan-26,Marketing,Customer appr.,Soccer Ticket,"3,687",ERP,,posted,Map to GL 6100
25 Mar-26,Revenue,Service,Corp. clients,"5,273",ERP,M. Chen,Posted,Vendor invoice late
15 Feb-26,Mktg,Customer appr.,Gift hamper,"1,801",ERP,,manual adj,Ask owner
2026-01-25,COGS,Materials,Johnsons Supply,"2,753",Check,,manual adj,Timing issue
2026-04-01,Marketing,Paid media,Google / LinkedIn,(89),ERP,Andres,needs mapping,Vendor invoice late
01/2/26,Marketing,Customer appr.,Gift hamper,"4,285",manual Entry,Alex - FP&A,accrual,Map to GL 6100
2026-03-28,COGS,Cloud hosting,AWS / Datadog,"5,873",cash,Erikfinance ops,late invoice,
15 Feb-26,COGS,Payroll - eng,Payroll,"4,541",Pos,Alex - FP&A,late invoice,One-off item
25 Mar-26,Sales,Sales commission,Payroll,"8,179",manual Entry,Erikfinance ops,needs mapping,Check sign
2026-03-28,Sales,Payroll - sales,Payroll,"9,637",Check,,Posted,
01/3/26,Revenue,Product sales,Corp. clients,(662),ERP,Alex - FP&A,Posted,
15 Apr-26,Marketing,Paid media,Google / LinkedIn,"9,741",Check,M. Chen,posted,Map to GL 6100
01/2/26,Sales,CRM / RevOps tools,Salesforce / Outreach,"1,683",cash,M. Chen,posted,One-off item
2026-01-25,Sales,Payroll - sales,Payroll,"1,109",manual Entry,Alex - FP&A,needs mapping,Ask owner
01-Jan-26,Services,Support tools,Zendesk / Gainsight,"4,766",cash,M. Chen,late invoice,Vendor invoice late
01/4/26,COGS,Cloud hosting,AWS / Datadog,"2,446",cash,,,Vendor invoice late
2026-02-26,Revenue,Revenue,Retail Customer,"(1,274)",manual Entry,Andres,accrual,One-off item
15 Feb-26,Services,Support tools,Zendesk / Gainsight,"(6,571)",Check,Andres,late invoice,Timing issue
2026-01-25,Marketing,Customer appr.,Soccer Ticket,"7,478",manual Entry,TBD,manual adj,Vendor invoice late
25 Mar-26,Mktg,Customer appr.,Soccer Ticket,"(5,107)",Pos,Andres,,One-off item
01/1/26,Marketing,Customer appr.,Amazon gift c.,"2,401",Check,M. Chen,late invoice,Timing issue
15 Feb-26,Revenue,Subscr. revenue,Retail Customer,"(2,863)",Check,,manual adj,Vendor invoice late
01-Jan-26,Marketing,Events & webinars,Various,"8,234",cash,Alex - FP&A,manual adj,Map to GL 6100
01-Jan-26,G&A,Accounting fees,Jason CPA,"(3,897)",ERP,Andres,Posted,One-off item
25 Mar-26,Revenue,Revenue,Retail Customer,"3,503",cash,TBD,,Ask owner
01/1/26,Services,Prof services,Implementation clients,"2,669",cash,M. Chen,late invoice,
15 Apr-26,COGS,Materials,Walmart,"(1,836)",ERP,Andres,manual adj,One-off item
2026-01-25,G&A,Accounting fees,Jason CPA,"(7,736)",Pos,M. Chen,Posted,Ask owner
2026-03-28,Revenue,Subscr. revenue,Retail Customer,"2,500",Pos,,needs mapping,Check sign
15 Apr-26,R&D,AI automation,n8n,"6,866",Check,M. Chen,needs mapping,Check sign
15 Feb-26,COGS,Cloud hosting,AWS / Datadog,"4,021",Check,Erikfinance ops,needs mapping,One-off item
01/3/26,G&A,Accounting fees,Jason CPA,139,Check,TBD,late invoice,Ask owner
15 Feb-26,Revenue,Subscr. revenue,Corp. clients,"(9,431)",cash,TBD,late invoice,Vendor invoice late
01-Jan-26,Mktg,Customer appr.,Soccer Ticket,"4,370",Pos,,,
2026-04-01,Marketing,Customer appr.,Soccer Ticket,"1,379",Check,Andres,late invoice,Ask owner
01/1/26,Marketing,Paid media,Google / LinkedIn,"2,509",ERP,TBD,late invoice,Check sign
25 Mar-26,Sales,CRM / RevOps tools,Salesforce / Outreach,"3,083",Check,,,Ask owner
2026-04-01,COGS,Cloud hosting,AWS / Datadog,"2,164",manual Entry,M. Chen,posted,Vendor invoice late
01/4/26,COGS,Materials,Walmart,"2,364",Pos,Erikfinance ops,Posted,Map to GL 6100
01-Jan-26,Services,Support tools,Zendesk / Gainsight,"4,863",cash,,posted,Map to GL 6100
01/2/26,G&A,Accounting fees,Brandon,"7,519",manual Entry,,late invoice,Ask owner
15 Apr-26,R&D,Payroll - eng,Payroll,975,cash,Andres,late invoice,Timing issue
2026-01-25,R&D,Cloud hosting,AWS / Datadog,"5,650",Pos,Alex - FP&A,needs mapping,Timing issue
01-Jan-26,Marketing,Events & webinars,Various,"5,322",ERP,M. Chen,needs mapping,
01/3/26,Services,Support tools,Zendesk / Gainsight,"2,436",cash,Andres,Posted,Map to GL 6100
2026-01-25,G&A,Office rent,Landlord,"2,865",cash,Erikfinance ops,late invoice,Ask owner
2026-04-01,Marketing,Google Ads,Google / LinkedIn,"1,052",manual Entry,TBD,,Map to GL 6100
2026-01-25,Sales,CRM / RevOps tools,Salesforce / Outreach,"5,958",Check,Alex - FP&A,manual adj,Check sign
25 Mar-26,G&A,Accounting fees,Brandon,"9,387",Check,M. Chen,posted,Ask owner
2026-02-26,COGS,Cloud hosting,AWS / Datadog,506,Pos,M. Chen,accrual,One-off item
2026-04-01,COGS,Cloud hosting,AWS / Datadog,"5,326",manual Entry,Andres,manual adj,Vendor invoice late
01/3/26,Marketing,Events & webinars,Various,"6,570",Check,,manual adj,Vendor invoice late
01/2/26,COGS,Payroll - eng,Payroll,"(4,960)",ERP,Erikfinance ops,accrual,Ask owner
25 Mar-26,Sales,CRM / RevOps tools,Salesforce / Outreach,657,Check,Andres,,Check sign
01-Jan-26,Services,Support tools,Zendesk / Gainsight,"8,976",Check,Alex - FP&A,manual adj,Ask owner
01/4/26,Sales,Payroll - sales,Payroll,"(4,461)",Check,,Posted,Vendor invoice late
01-Jan-26,Mktg,Events & webinars,Various,"4,385",ERP,Andres,posted,Map to GL 6100
01/1/26,Sales,Payroll - sales,Payroll,"7,380",cash,Alex - FP&A,accrual,Vendor invoice late
01/3/26,R&D,Payroll - eng,Payroll,909,manual Entry,Alex - FP&A,,Check sign
2026-02-26,Sales,Payroll - sales,Payroll,"8,173",manual Entry,Andres,needs mapping,One-off item
2026-01-25,G&A,Legal fees,Europa Law firm,"(7,586)",ERP,M. Chen,Posted,Vendor invoice late
25 Mar-26,R&D,AI automation,n8n,"4,612",Pos,Andres,posted,Map to GL 6100
2026-01-25,Revenue,Revenue,Retail Customer,"2,557",Pos,TBD,needs mapping,Vendor invoice late
01-Jan-26,Revenue,Product sales,Retail Customer,"6,159",Pos,Andres,needs mapping,Map to GL 6100
2026-01-25,COGS,Cloud hosting,AWS / Datadog,"7,224",manual Entry,M. Chen,late invoice,One-off item
15 Apr-26,COGS,Payroll - eng,Payroll,"9,823",manual Entry,Andres,late invoice,Vendor invoice late
01/4/26,COGS,Payroll - eng,Payroll,"7,347",Check,Erikfinance ops,Posted,Ask owner
01/3/26,Mktg,Paid media,Google / LinkedIn,"5,234",ERP,Erikfinance ops,accrual,Map to GL 6100
25 Mar-26,Mktg,Customer appr.,Soccer Ticket,"2,898",cash,Erikfinance ops,,
01/1/26,G&A,Office rent,Landlord,"2,133",manual Entry,Alex - FP&A,manual adj,
2026-03-28,Mktg,Paid media,Google / LinkedIn,"1,965",Check,Erikfinance ops,manual adj,Map to GL 6100
2026-01-25,R&D,Payroll - eng,Payroll,"(7,871)",Pos,Alex - FP&A,Posted,Check sign
25 Mar-26,R&D,AI automation,n8n,"(6,156)",Check,TBD,,Map to GL 6100
2026-04-01,Mktg,Customer appr.,Gift hamper,205,Pos,,late invoice,Map to GL 6100
01/4/26,Mktg,Events & webinars,Various,"3,967",Check,,late invoice,Vendor invoice late
2026-03-28,Mktg,Events & webinars,Various,"8,783",Pos,Alex - FP&A,manual adj,Timing issue
01/3/26,R&D,AI automation,n8n,677,Pos,Andres,,Vendor invoice late
15 Apr-26,R&D,Payroll - eng,Payroll,"4,536",manual Entry,Alex - FP&A,late invoice,Map to GL 6100
2026-02-26,R&D,Cloud hosting,AWS / Datadog,"8,842",ERP,M. Chen,late invoice,One-off item
01-Jan-26,G&A,Legal fees,Europa Law firm,"6,011",manual Entry,M. Chen,late invoice,Vendor invoice late
01/2/26,COGS,Cloud hosting,AWS / Datadog,"(1,597)",manual Entry,M. Chen,posted,Ask owner
01/2/26,Marketing,Google Ads,Google / LinkedIn,"2,950",manual Entry,M. Chen,,Vendor invoice late
25 Mar-26,Marketing,Customer appr.,Amazon gift c.,"(7,829)",cash,,needs mapping,Timing issue
2026-01-25,Revenue,Service,Retail Customer,"(4,148)",Check,TBD,needs mapping,One-off item
25 Mar-26,Marketing,Paid media,Google / LinkedIn,"3,261",ERP,,posted,
01/4/26,R&D,Payroll - eng,Payroll,"8,196",cash,TBD,late invoice,
2026-01-25,Sales,Sales commission,Payroll,"5,641",cash,Andres,needs mapping,Ask owner
01-Jan-26,Marketing,Google Ads,Google / LinkedIn,"(2,182)",ERP,Alex - FP&A,accrual,Timing issue
01/2/26,Services,Support tools,Zendesk / Gainsight,"8,750",cash,M. Chen,,
2026-01-25,Sales,CRM / RevOps tools,Salesforce / Outreach,"9,061",Check,Alex - FP&A,needs mapping,Ask owner
15 Apr-26,R&D,Payroll - eng,Payroll,850,Check,M. Chen,accrual,Ask owner
2026-02-26,Revenue,Service,Retail Customer,35,ERP,,late invoice,Map to GL 6100
2026-03-28,Sales,Payroll - sales,Payroll,"6,578",ERP,Alex - FP&A,accrual,Map to GL 6100
2026-02-26,R&D,Cloud hosting,AWS / Datadog,888,cash,Erikfinance ops,posted,Ask owner
2026-01-25,Revenue,Product sales,Corp. clients,"4,352",cash,TBD,needs mapping,Vendor invoice late
01-Jan-26,Revenue,Revenue,Corp. clients,"(3,165)",Pos,TBD,accrual,Timing issue
15 Apr-26,Marketing,Customer appr.,Amazon gift c.,"1,348",Pos,M. Chen,accrual,Ask owner
15 Apr-26,G&A,Legal fees,Europa Law firm,"1,527",Check,TBD,Posted,One-off item
2026-01-25,Mktg,Customer appr.,Amazon gift c.,"8,281",Pos,Alex - FP&A,posted,Vendor invoice late
2026-02-26,Sales,Payroll - sales,Payroll,"8,610",cash,TBD,late invoice,
2026-01-25,Services,Prof services,Implementation clients,"8,071",manual Entry,,manual adj,Vendor invoice late
25 Mar-26,G&A,Accounting fees,Brandon,"5,454",Pos,M. Chen,posted,Vendor invoice late
01/4/26,Marketing,Paid media,Google / LinkedIn,(741),Check,Andres,Posted,One-off item
15 Feb-26,Marketing,Google Ads,Google / LinkedIn,"(1,862)",Check,M. Chen,Posted,One-off item
15 Apr-26,Services,Support tools,Zendesk / Gainsight,"7,431",manual Entry,TBD,posted,Map to GL 6100
01/1/26,COGS,Materials,Electric house,"9,579",cash,TBD,late invoice,
15 Apr-26,Revenue,Product sales,Corp. clients,"7,735",cash,Andres,,Check sign
01/2/26,Mktg,Paid media,Google / LinkedIn,"5,896",cash,Erikfinance ops,Posted,One-off item
2026-04-01,Sales,CRM / RevOps tools,Salesforce / Outreach,"8,976",Check,Erikfinance ops,,Timing issue
01/3/26,Sales,Payroll - sales,Payroll,237,ERP,Erikfinance ops,manual adj,
2026-04-01,COGS,Cloud hosting,AWS / Datadog,"7,218",Check,Alex - FP&A,needs mapping,Timing issue
2026-03-28,Services,Prof services,Implementation clients,"4,492",Check,M. Chen,Posted,Ask owner
01/4/26,G&A,Office rent,Landlord,"5,660",Check,Alex - FP&A,posted,Ask owner
01-Jan-26,Revenue,Service,Retail Customer,"1,067",ERP,Alex - FP&A,Posted,Vendor invoice late
15 Feb-26,R&D,AI automation,n8n,"4,141",Check,Erikfinance ops,needs mapping,Vendor invoice late
25 Mar-26,Services,Prof services,Implementation clients,"1,846",Pos,Andres,late invoice,Map to GL 6100
15 Feb-26,Revenue,Subscr. revenue,Corp. clients,"7,620",ERP,TBD,Posted,Map to GL 6100
01/1/26,Mktg,Paid media,Google / LinkedIn,"9,779",Pos,TBD,Posted,
25 Mar-26,R&D,AI automation,n8n,"(2,025)",ERP,Alex - FP&A,posted,Vendor invoice late
01-Jan-26,G&A,Legal fees,Europa Law firm,"2,871",manual Entry,M. Chen,needs mapping,Check sign
2026-03-28,Marketing,Google Ads,Google / LinkedIn,"3,720",ERP,Alex - FP&A,manual adj,One-off item
2026-04-01,Sales,Sales commission,Payroll,"5,566",manual Entry,M. Chen,manual adj,Map to GL 6100
01/3/26,COGS,Materials,Walmart,"8,143",cash,Alex - FP&A,,Timing issue
2026-03-28,Mktg,Events & webinars,Various,"7,924",manual Entry,Alex - FP&A,late invoice,One-off item
2026-01-25,Services,Support tools,Zendesk / Gainsight,"3,064",Check,M. Chen,,Vendor invoice late
01-Jan-26,Mktg,Customer appr.,Soccer Ticket,"3,118",Pos,M. Chen,,Ask owner
01/1/26,Services,Prof services,Implementation clients,"8,107",ERP,Alex - FP&A,posted,One-off item
01/4/26,Sales,CRM / RevOps tools,Salesforce / Outreach,"5,136",Check,,needs mapping,One-off item
01/3/26,G&A,Accounting fees,Jason CPA,"4,203",ERP,M. Chen,late invoice,Check sign
01-Jan-26,G&A,Office rent,Landlord,"2,090",manual Entry,Erikfinance ops,Posted,One-off item
01/1/26,Mktg,Customer appr.,Gift hamper,"1,965",cash,,late invoice,Ask owner
01/3/26,G&A,Office rent,Landlord,"2,859",manual Entry,,Posted,One-off item
25 Mar-26,G&A,Office rent,Landlord,"3,074",ERP,,accrual,Timing issue
01/3/26,Revenue,Subscr. revenue,Retail Customer,"2,790",cash,Andres,Posted,Map to GL 6100
2026-03-28,Marketing,Paid media,Google / LinkedIn,"5,325",cash,,Posted,Timing issue
25 Mar-26,Services,Support tools,Zendesk / Gainsight,"6,138",ERP,M. Chen,manual adj,Ask owner
01/4/26,G&A,Office rent,Landlord,"8,762",cash,M. Chen,late invoice,Check sign
2026-03-28,Services,Support tools,Zendesk / Gainsight,"5,363",Check,Andres,,Timing issue
2026-02-26,COGS,Payroll - eng,Payroll,"(7,586)",Check,,accrual,Check sign
2026-04-01,Mktg,Events & webinars,Various,"6,484",Pos,Erikfinance ops,needs mapping,Map to GL 6100
01/4/26,Services,Support tools,Zendesk / Gainsight,"7,370",Pos,,posted,One-off item
25 Mar-26,R&D,Cloud hosting,AWS / Datadog,"7,505",cash,Andres,posted,Check sign
01/3/26,Mktg,Customer appr.,Gift hamper,"9,068",Check,Andres,accrual,Map to GL 6100
2026-04-01,G&A,Accounting fees,Brandon,"(9,500)",cash,Alex - FP&A,accrual,Vendor invoice late
01/4/26,Revenue,Product sales,Retail Customer,"(7,947)",Pos,Erikfinance ops,Posted,Vendor invoice late
01/3/26,Mktg,Customer appr.,Soccer Ticket,"6,223",Check,,manual adj,Ask owner
2026-02-26,Marketing,Google Ads,Google / LinkedIn,264,Check,,Posted,One-off item
01/4/26,G&A,Office rent,Landlord,"9,278",manual Entry,M. Chen,posted,Check sign
15 Feb-26,COGS,Cloud hosting,AWS / Datadog,"2,672",ERP,Andres,posted,One-off item
2026-04-01,R&D,AI automation,n8n,"5,052",Pos,TBD,late invoice,Check sign
25 Mar-26,COGS,Materials,Johnsons Supply,641,ERP,M. Chen,needs mapping,Map to GL 6100
2026-02-26,Marketing,Events & webinars,Various,"6,139",ERP,Alex - FP&A,needs mapping,One-off item
2026-04-01,G&A,Office rent,Landlord,"7,546",manual Entry,TBD,manual adj,One-off item
01-Jan-26,G&A,Accounting fees,Brandon,"5,439",Check,M. Chen,needs mapping,
01-Jan-26,Marketing,Events & webinars,Various,"4,708",ERP,Andres,posted,Map to GL 6100
01/2/26,R&D,Cloud hosting,AWS / Datadog,"7,415",ERP,M. Chen,Posted,
2026-03-28,G&A,Accounting fees,Brandon,"1,001",Check,Andres,Posted,Ask owner
2026-03-28,Mktg,Customer appr.,Amazon gift c.,"1,287",manual Entry,Erikfinance ops,posted,Ask owner
15 Apr-26,Services,Prof services,Implementation clients,"(7,199)",cash,,accrual,One-off item
01/1/26,Marketing,Customer appr.,Soccer Ticket,"9,736",Check,Andres,late invoice,Check sign
2026-04-01,R&D,Cloud hosting,AWS / Datadog,"6,644",manual Entry,Alex - FP&A,late invoice,Ask owner
01-Jan-26,Sales,Payroll - sales,Payroll,"5,548",Pos,Andres,,One-off item
01/1/26,COGS,Payroll - eng,Payroll,"2,942",cash,TBD,,
01/1/26,R&D,Cloud hosting,AWS / Datadog,"(6,476)",Pos,TBD,needs mapping,Ask owner
01/3/26,G&A,Legal fees,Europa Law firm,"3,884",Pos,TBD,Posted,Map to GL 6100
2026-03-28,Marketing,Customer appr.,Amazon gift c.,"2,668",Pos,Alex - FP&A,,Timing issue
15 Feb-26,Services,Prof services,Implementation clients,"5,685",Pos,Andres,late invoice,Check sign
15 Feb-26,Revenue,Service,Retail Customer,"4,518",cash,TBD,accrual,Timing issue
01/1/26,R&D,AI automation,n8n,"2,228",ERP,M. Chen,manual adj,Map to GL 6100
25 Mar-26,R&D,Cloud hosting,AWS / Datadog,"(3,934)",manual Entry,Andres,manual adj,Timing issue
01/4/26,Services,Support tools,Zendesk / Gainsight,"8,493",Check,Alex - FP&A,,Vendor invoice late
2026-01-25,COGS,Materials,Johnsons Supply,"1,762",manual Entry,,posted,One-off item
01/2/26,Marketing,Customer appr.,Soccer Ticket,"(8,032)",Pos,Erikfinance ops,Posted,Ask owner
2026-02-26,Sales,CRM / RevOps tools,Salesforce / Outreach,"4,732",manual Entry,M. Chen,late invoice,Check sign
2026-03-28,Marketing,Paid media,Google / LinkedIn,"(3,390)",cash,M. Chen,manual adj,Map to GL 6100
15 Apr-26,Sales,Payroll - sales,Payroll,"8,702",Pos,Erikfinance ops,posted,Map to GL 6100
25 Mar-26,Services,Prof services,Implementation clients,915,Check,Erikfinance ops,late invoice,Check sign
2026-03-28,Mktg,Events & webinars,Various,"4,200",manual Entry,M. Chen,,
01-Jan-26,Revenue,Service,Corp. clients,"6,444",Check,TBD,late invoice,Timing issue
01/3/26,COGS,Payroll - eng,Payroll,"(2,820)",Check,Erikfinance ops,Posted,Timing issue
25 Mar-26,Marketing,Customer appr.,Amazon gift c.,"1,225",cash,Erikfinance ops,late invoice,Check sign
01/4/26,Marketing,Google Ads,Google / LinkedIn,"(1,065)",manual Entry,Erikfinance ops,late invoice,Ask owner
01-Jan-26,Mktg,Customer appr.,Soccer Ticket,"5,920",cash,TBD,,One-off item
01/2/26,G&A,Accounting fees,Jason CPA,"4,807",cash,,,Vendor invoice late
2026-04-01,Sales,CRM / RevOps tools,Salesforce / Outreach,"1,501",ERP,Alex - FP&A,Posted,Vendor invoice late
15 Apr-26,Marketing,Events & webinars,Various,"4,684",Pos,,Posted,Check sign
01-Jan-26,R&D,Payroll - eng,Payroll,"6,612",manual Entry,TBD,,One-off item
15 Feb-26,R&D,AI automation,n8n,"1,681",ERP,,late invoice,Check sign
15 Feb-26,COGS,Cloud hosting,AWS / Datadog,"(2,725)",ERP,Andres,accrual,Vendor invoice late
01/3/26,Marketing,Paid media,Google / LinkedIn,"6,184",cash,Alex - FP&A,posted,Check sign
01-Jan-26,Sales,CRM / RevOps tools,Salesforce / Outreach,"7,170",ERP,,accrual,Timing issue
2026-02-26,Revenue,Subscr. revenue,Retail Customer,"3,961",Check,Erikfinance ops,Posted,Vendor invoice late
25 Mar-26,Services,Support tools,Zendesk / Gainsight,"2,271",ERP,TBD,accrual,One-off item
2026-04-01,Revenue,Product sales,Corp. clients,"6,085",Check,TBD,manual adj,One-off item
2026-01-25,R&D,AI automation,n8n,"9,675",cash,M. Chen,needs mapping,Timing issue
15 Apr-26,Revenue,Revenue,Corp. clients,"2,343",Check,Erikfinance ops,needs mapping,One-off item
01/4/26,Sales,Payroll - sales,Payroll,"6,801",ERP,Alex - FP&A,Posted,Map to GL 6100
2026-02-26,Services,Support tools,Zendesk / Gainsight,"6,452",cash,Alex - FP&A,accrual,One-off item
01-Jan-26,G&A,Office rent,Landlord,"5,610",Pos,M. Chen,late invoice,Vendor invoice late
01/3/26,COGS,Payroll - eng,Payroll,"3,788",Check,Alex - FP&A,Posted,One-off item
01/2/26,Marketing,Google Ads,Google / LinkedIn,"2,508",Pos,Andres,late invoice,
25 Mar-26,COGS,Cloud hosting,AWS / Datadog,"(6,161)",manual Entry,,Posted,Timing issue
2026-02-26,Mktg,Paid media,Google / LinkedIn,"9,551",Check,TBD,manual adj,Vendor invoice late
01-Jan-26,G&A,Legal fees,Buchalter,"6,498",Pos,TBD,manual adj,
15 Feb-26,Revenue,Subscr. revenue,Corp. clients,"9,286",Pos,,,Timing issue
01-Jan-26,Mktg,Paid media,Google / LinkedIn,"4,897",cash,TBD,posted,Check sign
15 Feb-26,COGS,Payroll - eng,Payroll,"(2,762)",cash,Alex - FP&A,,One-off item
01/4/26,Mktg,Paid media,Google / LinkedIn,"7,107",Check,Alex - FP&A,Posted,Map to GL 6100
01/3/26,Sales,Sales commission,Payroll,"1,598",manual Entry,Alex - FP&A,Posted,
25 Mar-26,Marketing,Paid media,Google / LinkedIn,"(3,294)",Check,,late invoice,
01/4/26,Revenue,Revenue,Corp. clients,"6,477",Check,,late invoice,Vendor invoice late
2026-02-26,Mktg,Events & webinars,Various,"9,248",Check,Alex - FP&A,manual adj,Map to GL 6100
15 Apr-26,Sales,CRM / RevOps tools,Salesforce / Outreach,"6,427",Check,TBD,manual adj,Map to GL 6100
15 Apr-26,G&A,Legal fees,Buchalter,"1,299",Check,,manual adj,One-off item
01/1/26,G&A,Office rent,Landlord,454,Pos,TBD,late invoice,Check sign
2026-02-26,R&D,Payroll - eng,Payroll,"5,192",manual Entry,TBD,Posted,Vendor invoice late
2026-01-25,Marketing,Google Ads,Google / LinkedIn,"4,126",Pos,M. Chen,posted,Ask owner
15 Apr-26,Mktg,Customer appr.,Gift hamper,"1,280",cash,Alex - FP&A,late invoice,Vendor invoice late
15 Apr-26,COGS,Materials,Home Depot,"6,114",Check,Alex - FP&A,accrual,
01/2/26,Marketing,Customer appr.,Amazon gift c.,"9,367",cash,M. Chen,late invoice,Check sign
01/2/26,Marketing,Google Ads,Google / LinkedIn,"6,330",Pos,TBD,manual adj,Timing issue
2026-04-01,COGS,Materials,Walmart,"3,911",Check,Erikfinance ops,late invoice,Ask owner
01/2/26,Mktg,Customer appr.,Gift hamper,"3,564",manual Entry,M. Chen,manual adj,Timing issue
15 Feb-26,Revenue,Service,Retail Customer,"8,863",ERP,Alex - FP&A,needs mapping,Timing issue
01/1/26,Revenue,Revenue,Retail Customer,"3,162",Check,,late invoice,Check sign
01/2/26,Sales,Sales commission,Payroll,260,Check,TBD,posted,Check sign
01-Jan-26,Revenue,Subscr. revenue,Corp. clients,"5,498",Check,,late invoice,Vendor invoice late
01/4/26,Sales,Sales commission,Payroll,"5,299",manual Entry,Andres,late invoice,Map to GL 6100
01/3/26,COGS,Materials,Electric house,"2,854",Pos,,needs mapping,Vendor invoice late
2026-04-01,Revenue,Service,Retail Customer,"(7,508)",manual Entry,Andres,,Timing issue
01-Jan-26,Mktg,Customer appr.,Soccer Ticket,"(4,639)",Pos,M. Chen,Posted,One-off item
2026-01-25,Mktg,Paid media,Google / LinkedIn,"6,101",Pos,TBD,,
25 Mar-26,Mktg,Paid media,Google / LinkedIn,"2,419",cash,Andres,Posted,Ask owner
25 Mar-26,G&A,Office rent,Landlord,"6,454",Check,Andres,,
15 Feb-26,Marketing,Customer appr.,Soccer Ticket,"3,627",Check,TBD,Posted,Map to GL 6100
01-Jan-26,Marketing,Events & webinars,Various,"(3,158)",cash,Erikfinance ops,,Timing issue
15 Feb-26,COGS,Materials,Electric house,"1,642",Pos,M. Chen,posted,Map to GL 6100
01/2/26,COGS,Cloud hosting,AWS / Datadog,"5,542",manual Entry,Alex - FP&A,Posted,Vendor invoice late
2026-03-28,Mktg,Events & webinars,Various,"1,753",ERP,M. Chen,needs mapping,One-off item
25 Mar-26,Marketing,Google Ads,Google / LinkedIn,"7,103",Check,Alex - FP&A,accrual,
2026-04-01,R&D,Payroll - eng,Payroll,"(8,428)",Check,M. Chen,posted,Ask owner
2026-03-28,Sales,Sales commission,Payroll,"4,526",manual Entry,Andres,needs mapping,
01/2/26,Sales,Sales commission,Payroll,"(1,328)",cash,M. Chen,needs mapping,Map to GL 6100
2026-04-01,Sales,Sales commission,Payroll,"3,210",ERP,Erikfinance ops,late invoice,One-off item
2026-03-28,Mktg,Events & webinars,Various,"5,580",Pos,Erikfinance ops,late invoice,
01-Jan-26,Marketing,Events & webinars,Various,"1,198",Pos,,manual adj,Map to GL 6100
15 Apr-26,Revenue,Service,Corp. clients,"1,584",Check,TBD,late invoice,Ask owner
2026-02-26,G&A,Accounting fees,Brandon,"9,875",Check,M. Chen,needs mapping,Ask owner
2026-03-28,COGS,Payroll - eng,Payroll,"1,901",Pos,Erikfinance ops,accrual,Check sign
2026-02-26,G&A,Office rent,Landlord,"9,214",cash,Alex - FP&A,late invoice,Map to GL 6100
15 Apr-26,Revenue,Subscr. revenue,Retail Customer,"4,806",manual Entry,M. Chen,needs mapping,Map to GL 6100
01-Jan-26,Revenue,Revenue,Corp. clients,"7,711",Check,,late invoice,Check sign
2026-02-26,Marketing,Customer appr.,Soccer Ticket,782,cash,Alex - FP&A,late invoice,
15 Feb-26,G&A,Legal fees,Europa Law firm,"2,889",cash,Alex - FP&A,accrual,Map to GL 6100
01/2/26,Marketing,Paid media,Google / LinkedIn,"4,796",Check,Erikfinance ops,,Ask owner
2026-02-26,Mktg,Paid media,Google / LinkedIn,"(1,774)",Check,Erikfinance ops,accrual,
2026-02-26,Marketing,Customer appr.,Gift hamper,"6,030",Pos,,accrual,Check sign
2026-01-25,Mktg,Paid media,Google / LinkedIn,"5,978",ERP,Andres,,One-off item
01/2/26,Sales,Payroll - sales,Payroll,"2,919",Check,,Posted,Timing issue
2026-02-26,R&D,Payroll - eng,Payroll,614,manual Entry,Andres,posted,Check sign
01/2/26,R&D,Payroll - eng,Payroll,"6,334",ERP,TBD,Posted,Map to GL 6100
2026-02-26,Marketing,Customer appr.,Gift hamper,"9,588",cash,M. Chen,,Ask owner
2026-03-28,Sales,Payroll - sales,Payroll,"6,762",Pos,Andres,,
01-Jan-26,Marketing,Customer appr.,Amazon gift c.,"(3,102)",manual Entry,Andres,,Check sign
15 Feb-26,Sales,Sales commission,Payroll,"2,792",Pos,TBD,accrual,Ask owner
01/2/26,Revenue,Revenue,Retail Customer,"2,527",manual Entry,M. Chen,late invoice,Vendor invoice late
2026-03-28,COGS,Payroll - eng,Payroll,"8,171",manual Entry,TBD,manual adj,Map to GL 6100
01/4/26,R&D,AI automation,n8n,"2,295",ERP,,manual adj,One-off item
2026-03-28,Sales,CRM / RevOps tools,Salesforce / Outreach,"6,865",ERP,M. Chen,Posted,Timing issue
01/2/26,Revenue,Product sales,Retail Customer,"4,009",Pos,Andres,needs mapping,Map to GL 6100
01/4/26,G&A,Legal fees,Buchalter,"8,627",ERP,TBD,Posted,Timing issue
2026-04-01,Sales,Payroll - sales,Payroll,"2,886",manual Entry,M. Chen,posted,Vendor invoice late
2026-02-26,Revenue,Revenue,Retail Customer,"9,310",cash,Erikfinance ops,,Timing issue
01-Jan-26,Sales,Payroll - sales,Payroll,"1,399",ERP,TBD,,Ask owner
2026-01-25,Revenue,Subscr. revenue,Corp. clients,"(4,994)",cash,Andres,accrual,Map to GL 6100
2026-02-26,COGS,Payroll - eng,Payroll,"3,747",Pos,Andres,Posted,Check sign
2026-02-26,G&A,Legal fees,Europa Law firm,"(6,181)",Check,Alex - FP&A,Posted,One-off item
2026-03-28,R&D,AI automation,n8n,"6,943",ERP,Alex - FP&A,,One-off item
01/2/26,Services,Support tools,Zendesk / Gainsight,"6,460",cash,Alex - FP&A,late invoice,One-off item
25 Mar-26,Sales,Payroll - sales,Payroll,"5,321",ERP,Andres,accrual,One-off item
2026-04-01,COGS,Cloud hosting,AWS / Datadog,"(4,493)",cash,Alex - FP&A,Posted,
25 Mar-26,Services,Support tools,Zendesk / Gainsight,"9,476",Pos,M. Chen,Posted,Ask owner
2026-04-01,Marketing,Paid media,Google / LinkedIn,"9,180",manual Entry,Erikfinance ops,late invoice,Map to GL 6100
2026-04-01,Marketing,Events & webinars,Various,"5,379",Check,Erikfinance ops,,
2026-01-25,Services,Support tools,Zendesk / Gainsight,"8,477",Pos,Alex - FP&A,manual adj,Check sign
25 Mar-26,G&A,Office rent,Landlord,"3,955",Pos,M. Chen,posted,Ask owner
01/3/26,Revenue,Subscr. revenue,Retail Customer,"3,945",cash,Alex - FP&A,accrual,Map to GL 6100
15 Apr-26,COGS,Materials,Walmart,28,Pos,Andres,late invoice,Ask owner
15 Apr-26,Services,Prof services,Implementation clients,"5,448",Check,Erikfinance ops,needs mapping,Vendor invoice late
01/3/26,Sales,Sales commission,Payroll,"5,016",Pos,Erikfinance ops,late invoice,Check sign
15 Feb-26,COGS,Payroll - eng,Payroll,"2,483",manual Entry,,needs mapping,Map to GL 6100
25 Mar-26,Services,Support tools,Zendesk / Gainsight,"8,501",manual Entry,Andres,posted,Ask owner
15 Feb-26,Revenue,Revenue,Corp. clients,"8,595",Check,M. Chen,accrual,Ask owner
25 Mar-26,Mktg,Customer appr.,Amazon gift c.,"(9,147)",Pos,Alex - FP&A,needs mapping,Map to GL 6100
2026-03-28,Revenue,Service,Retail Customer,"8,966",Check,Erikfinance ops,accrual,Ask owner
15 Feb-26,Services,Support tools,Zendesk / Gainsight,"2,156",Check,TBD,needs mapping,Timing issue
2026-01-25,R&D,Cloud hosting,AWS / Datadog,"6,736",cash,Alex - FP&A,late invoice,
01-Jan-26,R&D,Cloud hosting,AWS / Datadog,"3,654",cash,TBD,late invoice,Check sign
01/3/26,Mktg,Paid media,Google / LinkedIn,"(2,449)",cash,,posted,One-off item
2026-01-25,R&D,Payroll - eng,Payroll,"9,497",ERP,Andres,late invoice,Ask owner
01-Jan-26,Services,Support tools,Zendesk / Gainsight,"5,147",Check,Erikfinance ops,,Ask owner
15 Feb-26,Sales,CRM / RevOps tools,Salesforce / Outreach,"4,937",ERP,M. Chen,accrual,Ask owner
2026-01-25,Services,Prof services,Implementation clients,"4,651",cash,Andres,Posted,Map to GL 6100
2026-04-01,Revenue,Product sales,Corp. clients,"4,718",manual Entry,Erikfinance ops,manual adj,
2026-02-26,Marketing,Paid media,Google / LinkedIn,"(5,062)",ERP,Andres,accrual,Check sign
2026-01-25,Mktg,Events & webinars,Various,"2,363",manual Entry,,posted,Check sign
2026-04-01,Revenue,Subscr. revenue,Retail Customer,"1,886",cash,M. Chen,manual adj,Ask owner
01/2/26,G&A,Legal fees,Europa Law firm,"(3,514)",manual Entry,M. Chen,needs mapping,Vendor invoice late
15 Feb-26,COGS,Cloud hosting,AWS / Datadog,"6,917",manual Entry,TBD,late invoice,Vendor invoice late
01-Jan-26,Mktg,Events & webinars,Various,"2,440",Pos,Andres,accrual,Timing issue
01/4/26,G&A,Office rent,Landlord,"2,832",cash,Alex - FP&A,accrual,Ask owner
15 Feb-26,COGS,Materials,Johnsons Supply,"5,222",cash,Erikfinance ops,accrual,Timing issue
01/1/26,G&A,Legal fees,Buchalter,524,ERP,Erikfinance ops,posted,Vendor invoice late
01/1/26,Sales,Sales commission,Payroll,295,manual Entry,Andres,needs mapping,
01/4/26,Sales,Sales commission,Payroll,"5,458",manual Entry,Erikfinance ops,needs mapping,Ask owner
25 Mar-26,R&D,Payroll - eng,Payroll,534,ERP,TBD,,Check sign
25 Mar-26,COGS,Materials,Electric house,"4,594",manual Entry,Alex - FP&A,needs mapping,Vendor invoice late
2026-03-28,Revenue,Service,Retail Customer,"7,738",Pos,Andres,Posted,Timing issue
01/4/26,Sales,Payroll - sales,Payroll,"(7,873)",Check,Andres,needs mapping,
2026-01-25,Sales,Payroll - sales,Payroll,"3,456",Check,Alex - FP&A,Posted,
15 Feb-26,Sales,Payroll - sales,Payroll,"(9,627)",ERP,M. Chen,accrual,
2026-03-28,G&A,Legal fees,Europa Law firm,"8,599",Check,TBD,needs mapping,Check sign
2026-01-25,COGS,Payroll - eng,Payroll,"1,279",Pos,TBD,accrual,Timing issue
25 Mar-26,G&A,Office rent,Landlord,"4,145",Check,,,Map to GL 6100
2026-01-25,Mktg,Customer appr.,Amazon gift c.,"1,454",cash,Andres,accrual,Vendor invoice late
15 Apr-26,G&A,Office rent,Landlord,"9,576",Pos,Andres,Posted,Check sign
01/1/26,Services,Prof services,Implementation clients,"9,291",manual Entry,Erikfinance ops,posted,
2026-04-01,Sales,Payroll - sales,Payroll,"6,860",manual Entry,Erikfinance ops,Posted,One-off item
01-Jan-26,COGS,Payroll - eng,Payroll,"2,709",cash,TBD,needs mapping,One-off item
15 Apr-26,COGS,Cloud hosting,AWS / Datadog,"7,999",ERP,Andres,accrual,Map to GL 6100
2026-01-25,Mktg,Customer appr.,Gift hamper,"2,387",Pos,TBD,late invoice,Vendor invoice late
2026-02-26,Revenue,Revenue,Corp. clients,"(2,119)",manual Entry,TBD,accrual,Ask owner
2026-01-25,G&A,Accounting fees,Brandon,"7,141",Check,M. Chen,manual adj,One-off item
2026-01-25,R&D,Cloud hosting,AWS / Datadog,"7,528",cash,Erikfinance ops,Posted,Ask owner
01-Jan-26,R&D,AI automation,n8n,"9,296",Pos,Andres,late invoice,Check sign
01/4/26,R&D,Cloud hosting,AWS / Datadog,966,Pos,TBD,needs mapping,Ask owner
2026-03-28,G&A,Accounting fees,Jason CPA,"1,227",ERP,M. Chen,late invoice,Map to GL 6100
2026-03-28,Revenue,Subscr. revenue,Retail Customer,"1,833",manual Entry,Alex - FP&A,posted,Timing issue
15 Feb-26,Marketing,Events & webinars,Various,"4,142",Pos,TBD,late invoice,
2026-02-26,G&A,Legal fees,Buchalter,"(9,275)",ERP,Alex - FP&A,accrual,Ask owner
2026-03-28,Mktg,Events & webinars,Various,"6,827",manual Entry,,accrual,Ask owner
01-Jan-26,G&A,Legal fees,Buchalter,"2,182",cash,Andres,needs mapping,Ask owner
2026-04-01,G&A,Office rent,Landlord,"3,681",Check,M. Chen,needs mapping,Check sign
2026-01-25,Mktg,Customer appr.,Amazon gift c.,181,ERP,Andres,late invoice,One-off item
01/1/26,R&D,Payroll - eng,Payroll,"7,988",cash,Andres,Posted,Ask owner
01-Jan-26,G&A,Legal fees,Europa Law firm,"7,608",Check,Andres,Posted,Check sign
2026-04-01,G&A,Legal fees,Europa Law firm,"(6,997)",cash,,needs mapping,Check sign
01/2/26,Mktg,Customer appr.,Soccer Ticket,"9,865",Check,,needs mapping,
15 Feb-26,R&D,Cloud hosting,AWS / Datadog,"4,778",Pos,,Posted,Check sign
2026-02-26,Marketing,Paid media,Google / LinkedIn,"7,633",ERP,Alex - FP&A,Posted,Timing issue
15 Feb-26,Marketing,Customer appr.,Soccer Ticket,349,ERP,,late invoice,Timing issue
01/3/26,Marketing,Google Ads,Google / LinkedIn,"6,808",Pos,Alex - FP&A,accrual,Timing issue
2026-02-26,Services,Prof services,Implementation clients,"4,842",ERP,Andres,posted,Vendor invoice late
15 Apr-26,Marketing,Google Ads,Google / LinkedIn,"5,645",Check,M. Chen,,Check sign
2026-02-26,G&A,Accounting fees,Brandon,"(8,763)",Check,Erikfinance ops,manual adj,Map to GL 6100
2026-04-01,Marketing,Paid media,Google / LinkedIn,"(6,446)",cash,Alex - FP&A,late invoice,Timing issue
01/2/26,Mktg,Events & webinars,Various,"3,411",Check,TBD,late invoice,Map to GL 6100
2026-04-01,Mktg,Customer appr.,Amazon gift c.,"6,998",cash,Erikfinance ops,needs mapping,Timing issue
2026-04-01,Services,Prof services,Implementation clients,"7,381",cash,,posted,Map to GL 6100
15 Feb-26,Services,Support tools,Zendesk / Gainsight,"5,503",cash,TBD,late invoice,Timing issue
2026-01-25,Revenue,Revenue,Retail Customer,"4,151",Check,TBD,accrual,
2026-03-28,Marketing,Customer appr.,Soccer Ticket,"3,776",manual Entry,Erikfinance ops,,Timing issue
2026-01-25,COGS,Cloud hosting,AWS / Datadog,"8,889",Check,Alex - FP&A,Posted,Check sign
2026-02-26,G&A,Accounting fees,Brandon,"4,019",cash,Alex - FP&A,posted,One-off item
25 Mar-26,Marketing,Events & webinars,Various,"(4,062)",manual Entry,M. Chen,posted,Timing issue
15 Apr-26,COGS,Payroll - eng,Payroll,"2,984",ERP,Erikfinance ops,Posted,Ask owner
01/3/26,R&D,Cloud hosting,AWS / Datadog,"7,723",Pos,TBD,,Check sign
01/3/26,COGS,Cloud hosting,AWS / Datadog,"1,120",manual Entry,TBD,Posted,Map to GL 6100
01-Jan-26,R&D,AI automation,n8n,"(9,534)",Pos,Erikfinance ops,Posted,
01/3/26,G&A,Legal fees,Europa Law firm,"3,075",Check,TBD,Posted,Vendor invoice late
01/4/26,Mktg,Paid media,Google / LinkedIn,"6,673",Pos,Erikfinance ops,late invoice,
01-Jan-26,Sales,Sales commission,Payroll,"1,037",cash,Alex - FP&A,needs mapping,One-off item
2026-01-25,COGS,Materials,Electric house,"6,185",ERP,Alex - FP&A,accrual,Timing issue
2026-02-26,Services,Support tools,Zendesk / Gainsight,557,manual Entry,Alex - FP&A,,
01-Jan-26,Revenue,Service,Corp. clients,"7,482",manual Entry,Andres,late invoice,One-off item
2026-01-25,Mktg,Paid media,Google / LinkedIn,"8,116",Pos,Alex - FP&A,Posted,
2026-04-01,COGS,Cloud hosting,AWS / Datadog,"7,651",ERP,,late invoice,Map to GL 6100
01/1/26,Sales,CRM / RevOps tools,Salesforce / Outreach,"3,638",Check,Alex - FP&A,late invoice,Vendor invoice late
15 Apr-26,Mktg,Paid media,Google / LinkedIn,"(4,120)",manual Entry,,needs mapping,
01/3/26,Mktg,Paid media,Google / LinkedIn,"8,121",ERP,M. Chen,needs mapping,Ask owner
25 Mar-26,Sales,Sales commission,Payroll,"3,612",ERP,Alex - FP&A,,Vendor invoice late
15 Feb-26,Marketing,Events & webinars,Various,"5,428",manual Entry,Erikfinance ops,,One-off item
2026-03-28,Marketing,Google Ads,Google / LinkedIn,"6,540",ERP,Alex - FP&A,posted,Timing issue
2026-02-26,Mktg,Paid media,Google / LinkedIn,"(3,195)",ERP,TBD,posted,One-off item
2026-03-28,Marketing,Events & webinars,Various,"1,623",cash,Alex - FP&A,accrual,
01/3/26,Mktg,Events & webinars,Various,"8,801",ERP,,manual adj,Vendor invoice late
15 Apr-26,Revenue,Product sales,Retail Customer,"(6,933)",cash,Andres,needs mapping,One-off item
2026-04-01,R&D,Payroll - eng,Payroll,447,cash,Erikfinance ops,Posted,Check sign
01-Jan-26,Sales,Sales commission,Payroll,"6,623",Pos,Alex - FP&A,needs mapping,Map to GL 6100
2026-04-01,Marketing,Customer appr.,Amazon gift c.,"(1,477)",Check,TBD,posted,Ask owner
2026-02-26,Mktg,Paid media,Google / LinkedIn,"9,961",manual Entry,Erikfinance ops,,One-off item
2026-03-28,Revenue,Subscr. revenue,Corp. clients,"9,878",manual Entry,,late invoice,
01-Jan-26,G&A,Office rent,Landlord,"(2,115)",cash,TBD,posted,One-off item
2026-04-01,Marketing,Customer appr.,Gift hamper,"(5,253)",manual Entry,,Posted,One-off item
2026-03-28,Marketing,Events & webinars,Various,"6,520",cash,Erikfinance ops,needs mapping,Ask owner
2026-02-26,Mktg,Customer appr.,Amazon gift c.,"(3,449)",Pos,Erikfinance ops,posted,Timing issue
15 Apr-26,Sales,CRM / RevOps tools,Salesforce / Outreach,"(9,993)",cash,M. Chen,needs mapping,One-off item
01/1/26,Marketing,Events & webinars,Various,"4,472",manual Entry,M. Chen,late invoice,Vendor invoice late
2026-02-26,Revenue,Revenue,Corp. clients,602,Check,Erikfinance ops,accrual,Check sign
01-Jan-26,Marketing,Events & webinars,Various,"4,537",ERP,M. Chen,Posted,Vendor invoice late
2026-01-25,Revenue,Subscr. revenue,Corp. clients,"7,888",cash,M. Chen,late invoice,Check sign
2026-04-01,Marketing,Paid media,Google / LinkedIn,"1,809",cash,Alex - FP&A,posted,Timing issue
15 Feb-26,COGS,Cloud hosting,AWS / Datadog,"4,437",Pos,Alex - FP&A,manual adj,Check sign
2026-04-01,Services,Support tools,Zendesk / Gainsight,738,ERP,Alex - FP&A,,Map to GL 6100
01/4/26,Mktg,Paid media,Google / LinkedIn,600,Pos,Andres,late invoice,Timing issue
01/3/26,COGS,Materials,Electric house,"8,616",manual Entry,Erikfinance ops,late invoice,Check sign
15 Apr-26,Marketing,Events & webinars,Various,"5,801",Check,Andres,posted,Map to GL 6100
01/2/26,Sales,CRM / RevOps tools,Salesforce / Outreach,"(2,047)",Check,Andres,posted,Check sign
01/4/26,Revenue,Product sales,Corp. clients,"4,829",ERP,,late invoice,Vendor invoice late
01/4/26,G&A,Accounting fees,Jason CPA,"5,432",ERP,TBD,,Vendor invoice late
01/3/26,R&D,Payroll - eng,Payroll,"(4,998)",Check,Andres,,Ask owner
15 Feb-26,Sales,Payroll - sales,Payroll,"2,452",Check,TBD,manual adj,
2026-04-01,COGS,Cloud hosting,AWS / Datadog,"7,489",manual Entry,TBD,,Vendor invoice late
01/3/26,Marketing,Google Ads,Google / LinkedIn,"7,789",Check,M. Chen,,Check sign
15 Feb-26,COGS,Payroll - eng,Payroll,"1,951",Pos,TBD,,Vendor invoice late
15 Feb-26,R&D,Cloud hosting,AWS / Datadog,"6,997",manual Entry,Alex - FP&A,manual adj,Vendor invoice late
01/2/26,Mktg,Events & webinars,Various,357,ERP,,late invoice,Timing issue
01/1/26,Mktg,Events & webinars,Various,"7,684",cash,Alex - FP&A,late invoice,Ask owner
2026-01-25,Sales,CRM / RevOps tools,Salesforce / Outreach,"2,572",Check,Andres,accrual,Ask owner
15 Apr-26,Mktg,Events & webinars,Various,"8,265",manual Entry,M. Chen,posted,Vendor invoice late
01/3/26,Services,Support tools,Zendesk / Gainsight,"7,929",cash,TBD,Posted,
01/1/26,R&D,AI automation,n8n,"5,786",Pos,M. Chen,accrual,Timing issue
2026-01-25,Revenue,Revenue,Retail Customer,"8,935",cash,Alex - FP&A,manual adj,Ask owner
15 Feb-26,R&D,Cloud hosting,AWS / Datadog,"(8,976)",manual Entry,TBD,late invoice,Timing issue
01/4/26,COGS,Materials,Electric house,"2,014",Check,Andres,needs mapping,Timing issue
2026-01-25,R&D,AI automation,n8n,"(1,238)",ERP,M. Chen,accrual,Map to GL 6100
2026-02-26,R&D,Cloud hosting,AWS / Datadog,"7,726",Pos,,late invoice,
2026-03-28,Sales,Sales commission,Payroll,"5,053",Pos,Alex - FP&A,Posted,One-off item
15 Feb-26,Revenue,Product sales,Retail Customer,"7,895",ERP,Erikfinance ops,manual adj,Ask owner
15 Apr-26,Sales,Payroll - sales,Payroll,"1,504",manual Entry,,needs mapping,Ask owner
2026-03-28,COGS,Materials,Johnsons Supply,"1,906",manual Entry,,needs mapping,Vendor invoice late
2026-03-28,G&A,Office rent,Landlord,"(9,493)",ERP,Alex - FP&A,late invoice,Vendor invoice late
2026-04-01,Sales,Payroll - sales,Payroll,"6,602",ERP,TBD,manual adj,Ask owner
2026-02-26,Revenue,Product sales,Retail Customer,"3,304",manual Entry,Andres,accrual,Timing issue
2026-03-28,R&D,AI automation,n8n,"9,421",Pos,,Posted,One-off item
01/2/26,R&D,AI automation,n8n,"3,471",Pos,,posted,
2026-01-25,COGS,Materials,Walmart,"8,249",manual Entry,Andres,,Timing issue
25 Mar-26,Services,Prof services,Implementation clients,"7,001",Check,Alex - FP&A,Posted,Ask owner
01-Jan-26,Services,Support tools,Zendesk / Gainsight,"8,997",manual Entry,Andres,needs mapping,Timing issue
2026-01-25,G&A,Accounting fees,Jason CPA,"2,724",manual Entry,,accrual,One-off item
01/3/26,Services,Prof services,Implementation clients,"9,420",ERP,,needs mapping,Check sign
15 Apr-26,R&D,Payroll - eng,Payroll,"(8,456)",manual Entry,Alex - FP&A,posted,Vendor invoice late
2026-02-26,G&A,Office rent,Landlord,379,cash,Andres,posted,Check sign
01-Jan-26,Sales,Payroll - sales,Payroll,452,Pos,Erikfinance ops,accrual,One-off item
15 Apr-26,Marketing,Paid media,Google / LinkedIn,"(8,493)",ERP,Andres,late invoice,Timing issue
2026-03-28,R&D,AI automation,n8n,81,ERP,M. Chen,posted,Map to GL 6100
2026-04-01,Services,Support tools,Zendesk / Gainsight,"3,103",Check,,manual adj,Vendor invoice late
01-Jan-26,Mktg,Paid media,Google / LinkedIn,"3,042",Check,TBD,late invoice,Timing issue
25 Mar-26,Revenue,Subscr. revenue,Corp. clients,"(6,874)",ERP,Alex - FP&A,posted,Timing issue
01/1/26,Sales,CRM / RevOps tools,Salesforce / Outreach,"4,113",ERP,Alex - FP&A,late invoice,Map to GL 6100
01/2/26,R&D,AI automation,n8n,"3,404",manual Entry,Erikfinance ops,needs mapping,
15 Apr-26,R&D,AI automation,n8n,"9,846",Check,M. Chen,Posted,Map to GL 6100
01/4/26,R&D,Cloud hosting,AWS / Datadog,873,cash,TBD,needs mapping,Vendor invoice late
2026-02-26,Mktg,Events & webinars,Various,"6,499",ERP,Erikfinance ops,needs mapping,
01/3/26,G&A,Accounting fees,Jason CPA,"5,773",Pos,Alex - FP&A,,Timing issue
01-Jan-26,COGS,Materials,Electric house,999,Check,TBD,late invoice,Timing issue
2026-04-01,Marketing,Customer appr.,Soccer Ticket,"4,540",cash,TBD,,Timing issue
15 Apr-26,Services,Prof services,Implementation clients,"6,611",Check,M. Chen,late invoice,Timing issue
01/3/26,G&A,Office rent,Landlord,"5,382",Check,TBD,accrual,Check sign
01/2/26,Sales,Payroll - sales,Payroll,"(6,635)",cash,Erikfinance ops,accrual,Vendor invoice late
2026-04-01,R&D,Payroll - eng,Payroll,"(6,000)",ERP,Alex - FP&A,accrual,Timing issue
2026-04-01,Mktg,Events & webinars,Various,"(6,102)",manual Entry,Alex - FP&A,Posted,Timing issue
2026-03-28,Revenue,Service,Retail Customer,"8,474",ERP,Alex - FP&A,needs mapping,Timing issue
2026-01-25,R&D,Payroll - eng,Payroll,"(3,097)",Pos,M. Chen,posted,Check sign
15 Apr-26,R&D,Cloud hosting,AWS / Datadog,"7,634",Pos,,posted,
15 Apr-26,COGS,Payroll - eng,Payroll,"1,940",Pos,Andres,manual adj,Vendor invoice late
01/1/26,R&D,Cloud hosting,AWS / Datadog,"6,360",Pos,,needs mapping,
2026-04-01,Sales,Sales commission,Payroll,"9,999",cash,Erikfinance ops,manual adj,One-off item
25 Mar-26,Revenue,Subscr. revenue,Corp. clients,"2,456",Pos,M. Chen,needs mapping,Check sign
2026-01-25,COGS,Materials,Home Depot,"4,945",Pos,,Posted,One-off item
01/3/26,Sales,CRM / RevOps tools,Salesforce / Outreach,"(4,495)",Check,Alex - FP&A,,Timing issue
15 Apr-26,Revenue,Subscr. revenue,Retail Customer,"(7,422)",cash,Erikfinance ops,,One-off item
2026-01-25,G&A,Legal fees,Europa Law firm,"9,552",cash,TBD,late invoice,
2026-02-26,Mktg,Paid media,Google / LinkedIn,"(9,640)",manual Entry,Alex - FP&A,needs mapping,Timing issue
01/4/26,Services,Prof services,Implementation clients,"2,227",Pos,M. Chen,posted,Timing issue
15 Feb-26,COGS,Materials,Electric house,"(7,589)",Check,Andres,Posted,
2026-04-01,COGS,Cloud hosting,AWS / Datadog,"4,696",Pos,Alex - FP&A,posted,
15 Feb-26,Sales,CRM / RevOps tools,Salesforce / Outreach,233,Check,Erikfinance ops,posted,Ask owner
01/3/26,Sales,CRM / RevOps tools,Salesforce / Outreach,"(4,030)",ERP,Erikfinance ops,late invoice,One-off item
2026-04-01,Mktg,Paid media,Google / LinkedIn,"2,313",ERP,,posted,Vendor invoice late
01-Jan-26,Sales,CRM / RevOps tools,Salesforce / Outreach,"8,413",cash,TBD,accrual,
01-Jan-26,COGS,Payroll - eng,Payroll,"8,775",ERP,Alex - FP&A,posted,Timing issue
01/3/26,Sales,CRM / RevOps tools,Salesforce / Outreach,343,Pos,Andres,posted,
15 Apr-26,Revenue,Subscr. revenue,Corp. clients,"9,026",cash,M. Chen,needs mapping,Timing issue
25 Mar-26,COGS,Cloud hosting,AWS / Datadog,"(8,086)",Pos,Andres,late invoice,Ask owner
15 Apr-26,R&D,Cloud hosting,AWS / Datadog,"2,439",manual Entry,M. Chen,needs mapping,
15 Apr-26,Mktg,Customer appr.,Amazon gift c.,"3,320",ERP,TBD,manual adj,Timing issue
01/3/26,Services,Prof services,Implementation clients,"(2,047)",Pos,Alex - FP&A,manual adj,Ask owner
2026-04-01,Marketing,Paid media,Google / LinkedIn,"(3,789)",manual Entry,,needs mapping,One-off item
2026-03-28,Services,Prof services,Implementation clients,"7,553",manual Entry,,,Timing issue
15 Feb-26,Marketing,Events & webinars,Various,"9,325",Pos,Alex - FP&A,manual adj,Timing issue
01/3/26,Sales,CRM / RevOps tools,Salesforce / Outreach,"8,223",Pos,Andres,Posted,Timing issue
25 Mar-26,Sales,Payroll - sales,Payroll,"9,553",cash,,manual adj,Check sign
01/1/26,Revenue,Service,Corp. clients,"4,492",Check,M. Chen,late invoice,Map to GL 6100
01-Jan-26,Services,Prof services,Implementation clients,"(2,693)",Pos,Alex - FP&A,manual adj,Ask owner
01/4/26,G&A,Accounting fees,Jason CPA,741,Check,Andres,late invoice,Ask owner
2026-04-01,Services,Prof services,Implementation clients,"4,967",cash,,posted,Map to GL 6100
01/3/26,Marketing,Paid media,Google / LinkedIn,"6,889",ERP,TBD,needs mapping,Ask owner
2026-03-28,COGS,Cloud hosting,AWS / Datadog,"7,223",Pos,Alex - FP&A,needs mapping,Timing issue
2026-03-28,Revenue,Subscr. revenue,Corp. clients,"8,780",Pos,Alex - FP&A,posted,Check sign
01/1/26,Services,Prof services,Implementation clients,"2,330",Check,Erikfinance ops,,Vendor invoice late
2026-01-25,Services,Support tools,Zendesk / Gainsight,"9,068",manual Entry,,needs mapping,Map to GL 6100
2026-04-01,Revenue,Product sales,Retail Customer,"4,208",Pos,Alex - FP&A,Posted,
2026-02-26,COGS,Materials,Electric house,"3,561",manual Entry,M. Chen,Posted,Map to GL 6100
01/3/26,COGS,Materials,Walmart,"(6,956)",cash,M. Chen,late invoice,One-off item
15 Apr-26,R&D,Cloud hosting,AWS / Datadog,"1,754",cash,M. Chen,Posted,Vendor invoice late
01/2/26,Marketing,Customer appr.,Gift hamper,"7,860",Pos,TBD,Posted,One-off item
2026-01-25,G&A,Accounting fees,Brandon,"3,541",Check,Alex - FP&A,,Timing issue
15 Feb-26,G&A,Legal fees,Europa Law firm,"(7,694)",Pos,TBD,late invoice,Ask owner
01-Jan-26,R&D,Payroll - eng,Payroll,"1,596",cash,M. Chen,manual adj,Check sign
25 Mar-26,Services,Support tools,Zendesk / Gainsight,927,manual Entry,Erikfinance ops,accrual,Check sign
01/1/26,Services,Support tools,Zendesk / Gainsight,"7,516",ERP,TBD,Posted,
25 Mar-26,Sales,CRM / RevOps tools,Salesforce / Outreach,"8,879",manual Entry,Andres,needs mapping,One-off item
01/1/26,Marketing,Paid media,Google / LinkedIn,"1,211",manual Entry,,,Ask owner
2026-01-25,G&A,Accounting fees,Jason CPA,"1,605",cash,M. Chen,late invoice,
01/4/26,COGS,Cloud hosting,AWS / Datadog,"7,695",Pos,Erikfinance ops,posted,Map to GL 6100
01/3/26,Marketing,Customer appr.,Soccer Ticket,"9,358",cash,Andres,posted,Vendor invoice late
25 Mar-26,Marketing,Events & webinars,Various,250,cash,M. Chen,manual adj,One-off item
15 Apr-26,G&A,Office rent,Landlord,"2,355",ERP,,posted,Timing issue
01/3/26,Mktg,Customer appr.,Gift hamper,"8,124",cash,Alex - FP&A,late invoice,Ask owner
01/4/26,G&A,Accounting fees,Jason CPA,"8,781",Check,TBD,late invoice,
01/3/26,R&D,Cloud hosting,AWS / Datadog,"2,474",manual Entry,M. Chen,posted,
01/2/26,Mktg,Customer appr.,Gift hamper,"4,171",cash,TBD,needs mapping,Vendor invoice late
15 Feb-26,COGS,Payroll - eng,Payroll,"1,845",ERP,TBD,Posted,Map to GL 6100
01-Jan-26,Marketing,Customer appr.,Soccer Ticket,"4,603",ERP,,manual adj,Vendor invoice late
01-Jan-26,R&D,Payroll - eng,Payroll,"8,950",Pos,Erikfinance ops,late invoice,Check sign
15 Apr-26,Marketing,Paid media,Google / LinkedIn,93,Pos,TBD,needs mapping,Check sign
2026-04-01,G&A,Accounting fees,Jason CPA,384,manual Entry,TBD,late invoice,Timing issue
15 Apr-26,Mktg,Paid media,Google / LinkedIn,"(6,636)",ERP,M. Chen,posted,Check sign
2026-03-28,Mktg,Customer appr.,Amazon gift c.,"2,298",Pos,,needs mapping,Timing issue
2026-04-01,G&A,Office rent,Landlord,"1,286",manual Entry,,Posted,Map to GL 6100
2026-04-01,G&A,Office rent,Landlord,"3,222",cash,Erikfinance ops,accrual,Vendor invoice late
2026-02-26,Marketing,Paid media,Google / LinkedIn,"2,306",manual Entry,,,
2026-01-25,Sales,Payroll - sales,Payroll,"(5,122)",Check,Alex - FP&A,manual adj,Vendor invoice late
15 Apr-26,Services,Support tools,Zendesk / Gainsight,"(8,355)",ERP,Andres,accrual,
2026-04-01,Revenue,Service,Corp. clients,"1,566",ERP,Erikfinance ops,accrual,Check sign
01/1/26,Sales,CRM / RevOps tools,Salesforce / Outreach,"7,900",Pos,Erikfinance ops,accrual,One-off item
2026-03-28,Sales,Sales commission,Payroll,"6,323",cash,Erikfinance ops,manual adj,Ask owner
2026-01-25,Revenue,Product sales,Corp. clients,"7,377",Pos,TBD,posted,
15 Apr-26,Revenue,Subscr. revenue,Retail Customer,(869),cash,,needs mapping,One-off item
01/2/26,G&A,Office rent,Landlord,"8,315",ERP,Andres,needs mapping,Vendor invoice late
2026-03-28,Services,Prof services,Implementation clients,75,Check,,Posted,Ask owner
25 Mar-26,G&A,Legal fees,Buchalter,"4,512",Check,Andres,manual adj,One-off item
01/3/26,Mktg,Paid media,Google / LinkedIn,"9,223",ERP,Andres,manual adj,
25 Mar-26,Mktg,Customer appr.,Amazon gift c.,"1,575",Pos,TBD,,Timing issue
2026-02-26,Marketing,Customer appr.,Soccer Ticket,"7,535",manual Entry,,manual adj,
15 Feb-26,COGS,Cloud hosting,AWS / Datadog,"1,388",Check,,needs mapping,One-off item
2026-03-28,G&A,Legal fees,Buchalter,"6,526",Pos,M. Chen,manual adj,Map to GL 6100
01/4/26,Sales,Payroll - sales,Payroll,"(1,800)",cash,TBD,,Check sign
2026-02-26,R&D,AI automation,n8n,"6,219",ERP,,late invoice,Timing issue
01-Jan-26,G&A,Legal fees,Europa Law firm,"2,503",Pos,Andres,needs mapping,
01/2/26,COGS,Payroll - eng,Payroll,"(6,047)",Pos,Erikfinance ops,accrual,Timing issue
15 Apr-26,Mktg,Customer appr.,Amazon gift c.,"7,504",manual Entry,M. Chen,manual adj,One-off item
2026-02-26,Sales,Payroll - sales,Payroll,"9,994",Pos,Erikfinance ops,Posted,One-off item
01/4/26,COGS,Cloud hosting,AWS / Datadog,"3,655",Pos,Erikfinance ops,,Map to GL 6100
15 Feb-26,Services,Prof services,Implementation clients,"6,646",Pos,Erikfinance ops,accrual,Check sign
15 Apr-26,G&A,Legal fees,Europa Law firm,"1,999",Pos,,Posted,
01/3/26,Revenue,Revenue,Corp. clients,"(5,693)",cash,,manual adj,Map to GL 6100
01/3/26,Mktg,Customer appr.,Soccer Ticket,"5,950",ERP,,,Vendor invoice late
01/1/26,Mktg,Events & webinars,Various,"(7,405)",Check,,manual adj,Ask owner
2026-02-26,Marketing,Google Ads,Google / LinkedIn,"7,182",ERP,,,Timing issue
01/4/26,R&D,Payroll - eng,Payroll,"5,284",Pos,M. Chen,accrual,
2026-04-01,Marketing,Google Ads,Google / LinkedIn,"2,288",Check,Andres,,Ask owner
2026-04-01,Mktg,Events & webinars,Various,"1,785",Check,TBD,late invoice,Vendor invoice late
01-Jan-26,Sales,Sales commission,Payroll,"4,075",Pos,M. Chen,manual adj,Ask owner
01-Jan-26,Marketing,Customer appr.,Amazon gift c.,"7,411",manual Entry,TBD,needs mapping,Ask owner
01/4/26,Sales,Sales commission,Payroll,"9,790",Check,,needs mapping,Timing issue
01/4/26,Services,Prof services,Implementation clients,"9,894",ERP,Alex - FP&A,,One-off item
2026-02-26,Marketing,Paid media,Google / LinkedIn,"4,245",Pos,Erikfinance ops,accrual,One-off item
25 Mar-26,Services,Support tools,Zendesk / Gainsight,"3,522",Check,,,Check sign
2026-04-01,Sales,CRM / RevOps tools,Salesforce / Outreach,"(6,197)",Pos,TBD,Posted,Map to GL 6100
2026-04-01,Revenue,Revenue,Corp. clients,"6,050",manual Entry,Erikfinance ops,manual adj,Timing issue
25 Mar-26,Marketing,Events & webinars,Various,"8,702",ERP,Alex - FP&A,late invoice,One-off item
01/1/26,Services,Support tools,Zendesk / Gainsight,"8,545",cash,Alex - FP&A,accrual,One-off item
01/1/26,Services,Prof services,Implementation clients,"3,343",Pos,M. Chen,,Check sign
15 Apr-26,G&A,Office rent,Landlord,"(9,695)",Check,M. Chen,Posted,Map to GL 6100
2026-03-28,R&D,Cloud hosting,AWS / Datadog,"8,131",ERP,,accrual,One-off item
01-Jan-26,Revenue,Product sales,Corp. clients,"(3,416)",manual Entry,TBD,late invoice,Timing issue
2026-03-28,Revenue,Subscr. revenue,Corp. clients,"8,972",manual Entry,M. Chen,posted,Timing issue
01/3/26,Sales,Payroll - sales,Payroll,"(4,346)",manual Entry,Erikfinance ops,Posted,Map to GL 6100
2026-04-01,Services,Prof services,Implementation clients,27,cash,TBD,accrual,
01/4/26,G&A,Office rent,Landlord,"1,011",ERP,Alex - FP&A,accrual,Ask owner
2026-04-01,COGS,Payroll - eng,Payroll,"1,853",Check,,needs mapping,One-off item
2026-01-25,R&D,Payroll - eng,Payroll,"1,038",Check,Erikfinance ops,posted,Vendor invoice late
2026-01-25,Sales,Payroll - sales,Payroll,"9,864",ERP,Alex - FP&A,Posted,Map to GL 6100
01/2/26,Sales,Sales commission,Payroll,"(1,806)",manual Entry,,,Ask owner
01-Jan-26,R&D,Payroll - eng,Payroll,"(4,289)",Check,TBD,posted,One-off item
2026-02-26,Sales,CRM / RevOps tools,Salesforce / Outreach,"9,844",Pos,,Posted,Ask owner
15 Feb-26,R&D,Cloud hosting,AWS / Datadog,"(6,799)",Pos,Erikfinance ops,Posted,Check sign
01/3/26,Sales,CRM / RevOps tools,Salesforce / Outreach,"6,087",manual Entry,Alex - FP&A,late invoice,Timing issue
2026-01-25,R&D,AI automation,n8n,"4,460",Check,Erikfinance ops,accrual,One-off item
25 Mar-26,Revenue,Revenue,Corp. clients,"(2,854)",Check,M. Chen,late invoice,One-off item
2026-03-28,COGS,Payroll - eng,Payroll,"5,553",Check,TBD,late invoice,Map to GL 6100
01/4/26,COGS,Cloud hosting,AWS / Datadog,"3,971",cash,TBD,Posted,Map to GL 6100
01/3/26,Marketing,Google Ads,Google / LinkedIn,"5,175",cash,Erikfinance ops,accrual,Timing issue
15 Apr-26,Services,Support tools,Zendesk / Gainsight,"7,720",Check,Andres,accrual,One-off item
2026-04-01,R&D,Cloud hosting,AWS / Datadog,179,ERP,Erikfinance ops,Posted,Check sign
01/1/26,Sales,Sales commission,Payroll,"3,084",Check,,manual adj,Ask owner
01/1/26,COGS,Cloud hosting,AWS / Datadog,"5,240",manual Entry,Erikfinance ops,needs mapping,One-off item
01-Jan-26,COGS,Cloud hosting,AWS / Datadog,"6,134",ERP,M. Chen,Posted,Timing issue
2026-03-28,Marketing,Events & webinars,Various,"8,513",cash,Alex - FP&A,Posted,Map to GL 6100
25 Mar-26,R&D,Payroll - eng,Payroll,"5,447",ERP,Andres,,Ask owner
15 Feb-26,Marketing,Google Ads,Google / LinkedIn,"2,519",cash,TBD,late invoice,Timing issue
01/4/26,Services,Prof services,Implementation clients,"1,679",Pos,Andres,,One-off item
15 Apr-26,R&D,Payroll - eng,Payroll,"4,571",ERP,,manual adj,Map to GL 6100
2026-01-25,COGS,Payroll - eng,Payroll,"1,303",Check,,manual adj,Ask owner
2026-01-25,COGS,Payroll - eng,Payroll,309,manual Entry,TBD,needs mapping,Vendor invoice late
2026-03-28,Sales,Payroll - sales,Payroll,"5,856",cash,Andres,posted,Map to GL 6100
2026-01-25,Sales,Payroll - sales,Payroll,"2,426",manual Entry,,needs mapping,Vendor invoice late
15 Apr-26,Services,Prof services,Implementation clients,337,Pos,Andres,accrual,Ask owner
15 Apr-26,R&D,Cloud hosting,AWS / Datadog,"2,957",cash,M. Chen,manual adj,Timing issue
01-Jan-26,Services,Support tools,Zendesk / Gainsight,"4,424",manual Entry,TBD,,
2026-01-25,G&A,Legal fees,Europa Law firm,281,Pos,Alex - FP&A,manual adj,Vendor invoice late
2026-01-25,Revenue,Service,Retail Customer,"5,837",ERP,,posted,One-off item
25 Mar-26,Services,Prof services,Implementation clients,(661),ERP,Andres,posted,Timing issue
2026-01-25,Marketing,Paid media,Google / LinkedIn,"3,469",Pos,,needs mapping,Map to GL 6100
15 Apr-26,Revenue,Product sales,Corp. clients,"2,098",Pos,Andres,,Vendor invoice late
01/1/26,G&A,Office rent,Landlord,"7,142",cash,TBD,posted,Ask owner
01-Jan-26,Sales,Sales commission,Payroll,"9,314",Pos,TBD,late invoice,Ask owner
01/3/26,COGS,Payroll - eng,Payroll,"4,141",cash,Erikfinance ops,Posted,
01/2/26,Marketing,Google Ads,Google / LinkedIn,"(9,487)",Pos,Andres,,
01/3/26,R&D,AI automation,n8n,"9,477",cash,TBD,accrual,Ask owner
01/3/26,Mktg,Customer appr.,Soccer Ticket,"5,409",manual Entry,Alex - FP&A,needs mapping,Vendor invoice late
01/2/26,COGS,Materials,Johnsons Supply,"8,562",ERP,Alex - FP&A,late invoice,
01/2/26,COGS,Payroll - eng,Payroll,"4,915",Check,Andres,,Check sign
2026-04-01,R&D,Payroll - eng,Payroll,"1,109",Check,,manual adj,
01-Jan-26,G&A,Legal fees,Europa Law firm,"3,342",ERP,Erikfinance ops,manual adj,Vendor invoice late
01/2/26,Services,Support tools,Zendesk / Gainsight,"7,943",Pos,Andres,accrual,Timing issue
15 Feb-26,COGS,Materials,Walmart,"7,319",manual Entry,TBD,needs mapping,Ask owner
01/3/26,Revenue,Revenue,Retail Customer,"1,534",Check,TBD,needs mapping,Check sign
2026-02-26,COGS,Payroll - eng,Payroll,"3,998",ERP,Andres,accrual,Timing issue
2026-02-26,Marketing,Events & webinars,Various,"7,506",Pos,M. Chen,accrual,Check sign
2026-03-28,Mktg,Paid media,Google / LinkedIn,"1,511",ERP,,needs mapping,Map to GL 6100
2026-04-01,R&D,AI automation,n8n,"(6,600)",Check,Alex - FP&A,Posted,
2026-04-01,R&D,AI automation,n8n,"8,416",Pos,M. Chen,manual adj,One-off item
15 Apr-26,Revenue,Revenue,Retail Customer,"(9,489)",ERP,TBD,,Check sign
2026-01-25,G&A,Legal fees,Buchalter,"1,458",ERP,Alex - FP&A,posted,Ask owner
15 Feb-26,Services,Support tools,Zendesk / Gainsight,"6,826",Check,Andres,manual adj,Check sign
15 Apr-26,Sales,Sales commission,Payroll,"(4,313)",manual Entry,Erikfinance ops,late invoice,Ask owner
2026-03-28,COGS,Payroll - eng,Payroll,"(6,846)",manual Entry,M. Chen,accrual,One-off item
01/2/26,Services,Support tools,Zendesk / Gainsight,"9,410",manual Entry,TBD,,Map to GL 6100
01-Jan-26,G&A,Accounting fees,Brandon,"1,259",cash,Erikfinance ops,,One-off item
01/4/26,Mktg,Events & webinars,Various,"3,080",cash,M. Chen,,Vendor invoice late
25 Mar-26,Mktg,Events & webinars,Various,"8,792",ERP,M. Chen,Posted,Map to GL 6100
2026-03-28,Services,Prof services,Implementation clients,"9,466",Pos,Andres,,Ask owner
01/1/26,Revenue,Product sales,Retail Customer,"2,868",Pos,Erikfinance ops,Posted,Map to GL 6100
01/1/26,R&D,Payroll - eng,Payroll,(99),cash,TBD,needs mapping,One-off item
01/2/26,Sales,Payroll - sales,Payroll,"(9,805)",ERP,Erikfinance ops,posted,
2026-02-26,COGS,Payroll - eng,Payroll,"6,761",cash,M. Chen,posted,Map to GL 6100
01/1/26,Mktg,Events & webinars,Various,"2,886",cash,,late invoice,Timing issue
01-Jan-26,G&A,Accounting fees,Brandon,"1,115",Check,M. Chen,late invoice,
2026-02-26,Sales,CRM / RevOps tools,Salesforce / Outreach,"9,206",Check,Erikfinance ops,accrual,One-off item
01-Jan-26,COGS,Payroll - eng,Payroll,"3,498",ERP,Andres,accrual,Check sign
2026-01-25,Marketing,Customer appr.,Gift hamper,"2,697",ERP,TBD,,Vendor invoice late
25 Mar-26,G&A,Accounting fees,Brandon,"3,004",cash,Alex - FP&A,posted,Map to GL 6100
01-Jan-26,COGS,Payroll - eng,Payroll,"(8,843)",ERP,,,Vendor invoice late
2026-03-28,Mktg,Customer appr.,Gift hamper,"4,432",cash,TBD,,Check sign
2026-02-26,R&D,Payroll - eng,Payroll,(955),cash,,posted,Ask owner
15 Apr-26,R&D,Payroll - eng,Payroll,"1,122",Pos,M. Chen,,Map to GL 6100
01-Jan-26,Revenue,Subscr. revenue,Retail Customer,"5,680",Pos,Andres,late invoice,Timing issue
2026-04-01,Sales,CRM / RevOps tools,Salesforce / Outreach,"5,494",cash,M. Chen,needs mapping,
01-Jan-26,Services,Support tools,Zendesk / Gainsight,"3,831",ERP,Erikfinance ops,,
2026-03-28,Marketing,Events & webinars,Various,35,cash,TBD,,Timing issue
15 Feb-26,R&D,Cloud hosting,AWS / Datadog,"(6,701)",manual Entry,Andres,Posted,
2026-03-28,Revenue,Revenue,Corp. clients,"9,885",ERP,,late invoice,Check sign
01/3/26,Sales,CRM / RevOps tools,Salesforce / Outreach,"9,445",cash,Alex - FP&A,Posted,Vendor invoice late
2026-04-01,R&D,Cloud hosting,AWS / Datadog,"7,126",Pos,TBD,Posted,
2026-02-26,Mktg,Events & webinars,Various,"5,644",manual Entry,Erikfinance ops,Posted,Ask owner
2026-03-28,Sales,Sales commission,Payroll,"6,549",Check,Andres,Posted,One-off item
01/4/26,Sales,Sales commission,Payroll,"7,211",Pos,,,
01/1/26,COGS,Materials,Walmart,"2,072",manual Entry,TBD,accrual,Ask owner
01/1/26,Services,Prof services,Implementation clients,821,manual Entry,M. Chen,manual adj,Timing issue
01/1/26,Marketing,Customer appr.,Soccer Ticket,"7,183",ERP,TBD,needs mapping,Map to GL 6100
01/2/26,Sales,Payroll - sales,Payroll,"(4,482)",manual Entry,Andres,accrual,Check sign
01/1/26,COGS,Payroll - eng,Payroll,"(5,084)",ERP,Andres,accrual,Check sign
2026-01-25,R&D,AI automation,n8n,987,manual Entry,Alex - FP&A,manual adj,Timing issue
15 Feb-26,Marketing,Events & webinars,Various,"1,872",Check,TBD,,Map to GL 6100
01/3/26,R&D,Payroll - eng,Payroll,"7,996",cash,Alex - FP&A,manual adj,
01/2/26,R&D,Cloud hosting,AWS / Datadog,"5,875",manual Entry,Erikfinance ops,manual adj,Check sign
2026-04-01,Marketing,Customer appr.,Amazon gift c.,"6,849",ERP,TBD,Posted,Check sign
01/1/26,Mktg,Customer appr.,Soccer Ticket,"1,570",cash,Alex - FP&A,Posted,Ask owner
2026-04-01,Marketing,Google Ads,Google / LinkedIn,568,Check,Andres,posted,Check sign
01/3/26,Marketing,Events & webinars,Various,(614),Check,,accrual,Timing issue
2026-01-25,Revenue,Subscr. revenue,Retail Customer,"4,745",manual Entry,Alex - FP&A,Posted,
01/2/26,COGS,Payroll - eng,Payroll,82,Pos,M. Chen,manual adj,Ask owner
2026-04-01,Services,Prof services,Implementation clients,"5,743",Pos,M. Chen,late invoice,Timing issue
2026-01-25,Revenue,Subscr. revenue,Retail Customer,"1,509",manual Entry,,manual adj,Vendor invoice late
15 Feb-26,Marketing,Paid media,Google / LinkedIn,"3,345",cash,Andres,needs mapping,Vendor invoice late
2026-02-26,R&D,Cloud hosting,AWS / Datadog,"7,578",manual Entry,Erikfinance ops,,
2026-01-25,Sales,CRM / RevOps tools,Salesforce / Outreach,648,Pos,Andres,,Map to GL 6100
15 Feb-26,Revenue,Subscr. revenue,Corp. clients,"6,671",manual Entry,Erikfinance ops,Posted,One-off item
2026-02-26,Revenue,Product sales,Retail Customer,597,Check,Erikfinance ops,manual adj,Vendor invoice late
01/4/26,Revenue,Service,Retail Customer,(43),Check,Alex - FP&A,Posted,Ask owner
01/2/26,COGS,Payroll - eng,Payroll,"4,421",ERP,M. Chen,needs mapping,Map to GL 6100
01/1/26,R&D,Payroll - eng,Payroll,"5,822",manual Entry,Erikfinance ops,Posted,Timing issue
01/3/26,Services,Support tools,Zendesk / Gainsight,"2,791",Check,Alex - FP&A,late invoice,Check sign
01/3/26,COGS,Payroll - eng,Payroll,"1,874",manual Entry,TBD,needs mapping,Ask owner
01/2/26,COGS,Cloud hosting,AWS / Datadog,"2,465",ERP,Andres,,Map to GL 6100
01/1/26,Sales,Payroll - sales,Payroll,"3,694",ERP,M. Chen,,Check sign
01/1/26,Mktg,Customer appr.,Gift hamper,"9,593",Check,Andres,Posted,Timing issue
15 Feb-26,Marketing,Google Ads,Google / LinkedIn,"7,532",ERP,Alex - FP&A,accrual,One-off item
15 Apr-26,R&D,Cloud hosting,AWS / Datadog,(447),manual Entry,M. Chen,,Map to GL 6100
15 Feb-26,Marketing,Customer appr.,Gift hamper,701,Pos,,Posted,Map to GL 6100
15 Feb-26,Revenue,Service,Retail Customer,"9,870",ERP,,posted,Map to GL 6100
2026-02-26,Sales,Payroll - sales,Payroll,"7,670",ERP,M. Chen,manual adj,Ask owner
2026-04-01,Marketing,Google Ads,Google / LinkedIn,"2,124",cash,TBD,posted,
15 Apr-26,Revenue,Subscr. revenue,Retail Customer,"6,429",ERP,Erikfinance ops,posted,Timing issue
01/3/26,G&A,Accounting fees,Brandon,"4,388",Pos,M. Chen,late invoice,Timing issue
2026-01-25,COGS,Payroll - eng,Payroll,"5,889",manual Entry,Andres,,
2026-04-01,Marketing,Customer appr.,Gift hamper,"3,210",manual Entry,Erikfinance ops,Posted,Timing issue
25 Mar-26,Sales,Payroll - sales,Payroll,"8,272",cash,M. Chen,needs mapping,One-off item
01/2/26,G&A,Legal fees,Buchalter,"2,738",Check,Alex - FP&A,posted,Ask owner
15 Apr-26,Marketing,Events & webinars,Various,"(2,194)",Pos,Andres,accrual,Check sign
01/2/26,Revenue,Product sales,Retail Customer,"2,001",ERP,Erikfinance ops,late invoice,Timing issue
2026-02-26,COGS,Payroll - eng,Payroll,424,manual Entry,Alex - FP&A,needs mapping,Check sign
01/3/26,R&D,Payroll - eng,Payroll,"2,002",Pos,M. Chen,,
2026-04-01,Mktg,Customer appr.,Soccer Ticket,"7,627",ERP,Andres,,One-off item
01/3/26,Services,Support tools,Zendesk / Gainsight,"6,376",ERP,Alex - FP&A,manual adj,Vendor invoice late
2026-01-25,Sales,Payroll - sales,Payroll,"2,202",Check,Erikfinance ops,manual adj,Vendor invoice late
2026-01-25,COGS,Payroll - eng,Payroll,"3,546",ERP,,needs mapping,Map to GL 6100
01/2/26,Revenue,Service,Corp. clients,"(2,372)",ERP,TBD,manual adj,Vendor invoice late
2026-01-25,Revenue,Revenue,Corp. clients,"5,542",cash,TBD,needs mapping,Timing issue
01/4/26,G&A,Office rent,Landlord,"2,433",cash,Erikfinance ops,Posted,One-off item
01/1/26,Mktg,Events & webinars,Various,"5,464",cash,Erikfinance ops,posted,One-off item
01-Jan-26,R&D,Payroll - eng,Payroll,"5,504",ERP,Andres,manual adj,One-off item
15 Feb-26,Mktg,Events & webinars,Various,"1,982",manual Entry,,needs mapping,Ask owner
2026-01-25,Services,Support tools,Zendesk / Gainsight,"4,250",Pos,Andres,manual adj,Check sign
01/1/26,Marketing,Events & webinars,Various,"1,224",ERP,Alex - FP&A,accrual,Vendor invoice late
2026-03-28,Revenue,Product sales,Corp. clients,"(1,768)",Check,,late invoice,
01-Jan-26,Revenue,Revenue,Retail Customer,"9,044",Check,Andres,posted,Vendor invoice late
2026-03-28,COGS,Payroll - eng,Payroll,855,cash,M. Chen,posted,One-off item
25 Mar-26,G&A,Office rent,Landlord,"4,299",ERP,TBD,manual adj,Timing issue
2026-03-28,G&A,Office rent,Landlord,"1,521",cash,M. Chen,late invoice,Vendor invoice late
2026-02-26,COGS,Payroll - eng,Payroll,"4,786",Check,Andres,needs mapping,Timing issue
2026-02-26,Revenue,Revenue,Retail Customer,"8,156",Check,Alex - FP&A,accrual,
01/2/26,R&D,AI automation,n8n,"8,067",manual Entry,TBD,,Vendor invoice late
01/2/26,Sales,Sales commission,Payroll,"6,331",Check,,Posted,One-off item
2026-01-25,G&A,Office rent,Landlord,539,Check,Alex - FP&A,manual adj,Check sign
01/2/26,Revenue,Product sales,Corp. clients,"(9,798)",Pos,Andres,posted,Check sign
01-Jan-26,Mktg,Paid media,Google / LinkedIn,"3,658",ERP,TBD,needs mapping,Vendor invoice late
01/4/26,Sales,Payroll - sales,Payroll,"6,890",manual Entry,,posted,
01/1/26,Services,Prof services,Implementation clients,"5,230",manual Entry,M. Chen,Posted,One-off item
2026-02-26,R&D,AI automation,n8n,"5,865",cash,Alex - FP&A,late invoice,One-off item
01/1/26,Marketing,Customer appr.,Amazon gift c.,"5,287",Check,Erikfinance ops,needs mapping,Map to GL 6100
01/3/26,COGS,Cloud hosting,AWS / Datadog,"8,199",manual Entry,TBD,Posted,Timing issue
2026-04-01,Revenue,Service,Retail Customer,"6,023",manual Entry,Andres,accrual,Map to GL 6100
2026-01-25,Marketing,Google Ads,Google / LinkedIn,493,manual Entry,Alex - FP&A,manual adj,Vendor invoice late
2026-02-26,G&A,Accounting fees,Brandon,"5,908",manual Entry,,accrual,
2026-03-28,Mktg,Customer appr.,Soccer Ticket,"6,329",Check,TBD,needs mapping,Map to GL 6100
15 Feb-26,Services,Support tools,Zendesk / Gainsight,"3,732",manual Entry,M. Chen,Posted,Check sign
01/2/26,Revenue,Subscr. revenue,Corp. clients,"(8,608)",manual Entry,Erikfinance ops,posted,Timing issue
2026-01-25,Marketing,Paid media,Google / LinkedIn,"7,277",manual Entry,Andres,,Ask owner
2026-01-25,R&D,Cloud hosting,AWS / Datadog,"3,695",manual Entry,,accrual,Ask owner
2026-01-25,Services,Prof services,Implementation clients,"7,941",Check,Alex - FP&A,manual adj,
15 Apr-26,Revenue,Subscr. revenue,Corp. clients,"4,867",Pos,Andres,posted,Check sign
01/4/26,R&D,AI automation,n8n,"1,730",Pos,Erikfinance ops,accrual,Vendor invoice late
2026-04-01,Sales,Payroll - sales,Payroll,"9,646",Check,M. Chen,posted,Ask owner
2026-03-28,Revenue,Product sales,Retail Customer,"2,092",manual Entry,Alex - FP&A,needs mapping,Ask owner
01/1/26,Revenue,Service,Corp. clients,"3,940",Check,TBD,Posted,Timing issue
15 Feb-26,Marketing,Paid media,Google / LinkedIn,"8,634",Check,Erikfinance ops,accrual,
15 Apr-26,Mktg,Events & webinars,Various,"7,888",Pos,,manual adj,One-off item
2026-03-28,R&D,Cloud hosting,AWS / Datadog,"6,927",Pos,,accrual,
01/2/26,COGS,Materials,Home Depot,"3,013",Check,M. Chen,Posted,Ask owner
01/1/26,Mktg,Customer appr.,Soccer Ticket,"4,612",manual Entry,Erikfinance ops,manual adj,Ask owner
25 Mar-26,Sales,Sales commission,Payroll,"6,798",manual Entry,Erikfinance ops,late invoice,Map to GL 6100
2026-01-25,G&A,Office rent,Landlord,"6,490",manual Entry,M. Chen,Posted,Vendor invoice late
01/4/26,R&D,Payroll - eng,Payroll,"2,285",Pos,Erikfinance ops,posted,Timing issue
2026-01-25,COGS,Cloud hosting,AWS / Datadog,"3,979",Check,TBD,posted,Ask owner
2026-04-01,G&A,Legal fees,Buchalter,"2,620",Check,TBD,,Check sign
01/2/26,Revenue,Revenue,Retail Customer,"6,657",Check,Andres,posted,Timing issue
15 Feb-26,Revenue,Revenue,Retail Customer,"8,140",manual Entry,Alex - FP&A,needs mapping,Check sign
01/2/26,Services,Prof services,Implementation clients,"6,387",ERP,Erikfinance ops,,Map to GL 6100
2026-01-25,Sales,CRM / RevOps tools,Salesforce / Outreach,"(2,593)",Pos,TBD,manual adj,Check sign
2026-03-28,Services,Support tools,Zendesk / Gainsight,"8,917",ERP,,needs mapping,
01/2/26,Marketing,Google Ads,Google / LinkedIn,"2,764",ERP,Erikfinance ops,needs mapping,Check sign
01/4/26,Sales,CRM / RevOps tools,Salesforce / Outreach,"7,176",manual Entry,M. Chen,late invoice,Check sign
01/1/26,Mktg,Events & webinars,Various,"7,459",Pos,,manual adj,Check sign
2026-03-28,Revenue,Service,Retail Customer,"9,903",cash,M. Chen,late invoice,Timing issue
01/2/26,R&D,Cloud hosting,AWS / Datadog,"4,009",manual Entry,,,One-off item
2026-03-28,Marketing,Google Ads,Google / LinkedIn,"7,981",ERP,Alex - FP&A,,Ask owner
2026-01-25,Revenue,Subscr. revenue,Retail Customer,(412),cash,Alex - FP&A,late invoice,Timing issue
2026-01-25,Marketing,Google Ads,Google / LinkedIn,402,ERP,Erikfinance ops,late invoice,Vendor invoice late
15 Apr-26,G&A,Legal fees,Buchalter,"2,927",Check,TBD,,Map to GL 6100
25 Mar-26,Revenue,Product sales,Retail Customer,"4,744",Pos,TBD,late invoice,Timing issue
01-Jan-26,Revenue,Service,Retail Customer,"5,530",manual Entry,M. Chen,needs mapping,Vendor invoice late
2026-03-28,COGS,Materials,Home Depot,"9,402",ERP,M. Chen,needs mapping,Check sign
2026-04-01,Mktg,Events & webinars,Various,"1,201",cash,Andres,,Ask owner
01/2/26,Revenue,Subscr. revenue,Retail Customer,"8,175",Check,M. Chen,posted,
01/1/26,Sales,Sales commission,Payroll,"(3,106)",Check,Andres,manual adj,Timing issue
01/3/26,Mktg,Paid media,Google / LinkedIn,"9,303",manual Entry,M. Chen,late invoice,Map to GL 6100
2026-04-01,Marketing,Customer appr.,Soccer Ticket,"6,450",Pos,,accrual,Vendor invoice late
01/2/26,G&A,Accounting fees,Brandon,"1,212",Check,Alex - FP&A,needs mapping,Check sign
2026-01-25,Revenue,Subscr. revenue,Retail Customer,"(5,669)",manual Entry,Andres,accrual,Timing issue
25 Mar-26,Services,Support tools,Zendesk / Gainsight,"(5,971)",cash,TBD,manual adj,Ask owner
01/3/26,G&A,Accounting fees,Jason CPA,"4,450",Pos,Alex - FP&A,,One-off item
2026-02-26,Sales,CRM / RevOps tools,Salesforce / Outreach,"4,639",manual Entry,TBD,late invoice,One-off item
2026-02-26,Marketing,Google Ads,Google / LinkedIn,"4,504",Check,Erikfinance ops,needs mapping,One-off item
15 Apr-26,Revenue,Product sales,Retail Customer,"7,010",manual Entry,Alex - FP&A,,One-off item
2026-03-28,Sales,Payroll - sales,Payroll,"4,652",cash,Andres,accrual,Ask owner
2026-03-28,COGS,Cloud hosting,AWS / Datadog,"6,197",manual Entry,Andres,manual adj,Ask owner
2026-02-26,Revenue,Service,Retail Customer,"9,269",cash,TBD,accrual,One-off item
01-Jan-26,G&A,Office rent,Landlord,"3,596",ERP,,posted,Timing issue
25 Mar-26,Revenue,Product sales,Corp. clients,"6,467",Check,Andres,Posted,One-off item
15 Feb-26,R&D,Cloud hosting,AWS / Datadog,"2,673",Check,,accrual,Vendor invoice late
01/3/26,Sales,Sales commission,Payroll,"1,708",Pos,Erikfinance ops,manual adj,Map to GL 6100
01/4/26,G&A,Accounting fees,Brandon,"(1,133)",cash,,Posted,Map to GL 6100
2026-01-25,Marketing,Events & webinars,Various,"7,924",cash,Alex - FP&A,accrual,Map to GL 6100
01/3/26,R&D,AI automation,n8n,"(8,739)",Check,,Posted,One-off item
01/3/26,COGS,Payroll - eng,Payroll,"8,521",manual Entry,Andres,manual adj,Map to GL 6100
15 Feb-26,Services,Support tools,Zendesk / Gainsight,"6,703",cash,Erikfinance ops,manual adj,
01/4/26,Revenue,Revenue,Retail Customer,"8,233",ERP,Erikfinance ops,posted,One-off item
2026-04-01,COGS,Cloud hosting,AWS / Datadog,"6,891",cash,,Posted,Map to GL 6100
01/4/26,Revenue,Product sales,Corp. clients,"8,832",manual Entry,M. Chen,Posted,Timing issue
25 Mar-26,G&A,Accounting fees,Brandon,"9,019",ERP,Alex - FP&A,needs mapping,Check sign
2026-03-28,Mktg,Events & webinars,Various,"1,201",ERP,TBD,needs mapping,Ask owner
2026-02-26,Services,Prof services,Implementation clients,"5,329",Check,Erikfinance ops,manual adj,Ask owner
2026-01-25,Marketing,Paid media,Google / LinkedIn,"4,717",Check,Erikfinance ops,accrual,One-off item
01-Jan-26,COGS,Materials,Home Depot,"3,758",cash,Erikfinance ops,manual adj,Check sign
01-Jan-26,Marketing,Events & webinars,Various,"7,261",manual Entry,Erikfinance ops,accrual,Vendor invoice late
15 Apr-26,R&D,Payroll - eng,Payroll,670,cash,TBD,Posted,Ask owner
01/1/26,COGS,Materials,Home Depot,"4,523",Pos,,manual adj,One-off item
2026-01-25,COGS,Materials,Electric house,"7,583",ERP,Erikfinance ops,needs mapping,Timing issue
2026-01-25,COGS,Payroll - eng,Payroll,"7,157",ERP,Erikfinance ops,Posted,Check sign
01/1/26,R&D,Payroll - eng,Payroll,"8,201",cash,,manual adj,Timing issue
2026-01-25,Marketing,Google Ads,Google / LinkedIn,"8,568",cash,Alex - FP&A,needs mapping,Ask owner
01/3/26,G&A,Legal fees,Buchalter,"2,057",ERP,,Posted,Check sign
01/3/26,Services,Prof services,Implementation clients,"3,150",manual Entry,Andres,needs mapping,Vendor invoice late
01-Jan-26,COGS,Payroll - eng,Payroll,"3,410",Check,TBD,accrual,Check sign
01-Jan-26,G&A,Legal fees,Buchalter,"9,159",manual Entry,Erikfinance ops,manual adj,Check sign
01-Jan-26,G&A,Accounting fees,Jason CPA,"(4,945)",Pos,,Posted,
01-Jan-26,Marketing,Paid media,Google / LinkedIn,"2,975",manual Entry,,,Vendor invoice late
25 Mar-26,Mktg,Paid media,Google / LinkedIn,"6,990",ERP,Andres,late invoice,One-off item
25 Mar-26,Services,Support tools,Zendesk / Gainsight,"4,226",cash,Andres,needs mapping,Ask owner
2026-02-26,G&A,Office rent,Landlord,"2,177",Check,Andres,accrual,Timing issue
01/3/26,Marketing,Google Ads,Google / LinkedIn,"6,152",manual Entry,TBD,manual adj,Check sign
01/3/26,Revenue,Subscr. revenue,Corp. clients,"3,002",Pos,Andres,Posted,Check sign
25 Mar-26,Mktg,Customer appr.,Gift hamper,138,Check,M. Chen,,Check sign
25 Mar-26,Mktg,Events & webinars,Various,789,cash,Erikfinance ops,needs mapping,Check sign
01/4/26,Sales,CRM / RevOps tools,Salesforce / Outreach,240,Pos,M. Chen,,Vendor invoice late
01/1/26,Services,Support tools,Zendesk / Gainsight,"6,381",cash,M. Chen,Posted,Timing issue
01-Jan-26,Services,Prof services,Implementation clients,"9,935",Pos,Erikfinance ops,manual adj,One-off item
01-Jan-26,G&A,Legal fees,Europa Law firm,"4,277",manual Entry,Alex - FP&A,late invoice,Ask owner
01/4/26,Marketing,Events & webinars,Various,"6,521",ERP,M. Chen,accrual,Timing issue
2026-02-26,R&D,AI automation,n8n,"(6,154)",cash,M. Chen,late invoice,Timing issue
15 Feb-26,G&A,Accounting fees,Brandon,"1,052",cash,TBD,accrual,Ask owner
2026-03-28,Sales,Payroll - sales,Payroll,"8,495",ERP,,posted,Ask owner
25 Mar-26,Services,Prof services,Implementation clients,"3,842",cash,Alex - FP&A,accrual,Ask owner
01/4/26,Sales,Sales commission,Payroll,"7,977",Check,TBD,accrual,Ask owner
01-Jan-26,Revenue,Product sales,Retail Customer,"6,776",Pos,TBD,manual adj,One-off item
2026-03-28,R&D,Cloud hosting,AWS / Datadog,"2,711",ERP,M. Chen,accrual,One-off item
2026-04-01,Revenue,Subscr. revenue,Retail Customer,"8,939",Check,TBD,Posted,One-off item
2026-01-25,Revenue,Revenue,Corp. clients,"9,864",Check,Andres,manual adj,
01/4/26,Mktg,Paid media,Google / LinkedIn,"(7,323)",manual Entry,,posted,
01/2/26,Revenue,Revenue,Corp. clients,"2,590",Check,Alex - FP&A,Posted,Check sign
01/1/26,G&A,Office rent,Landlord,"6,718",cash,Erikfinance ops,manual adj,
2026-03-28,Sales,CRM / RevOps tools,Salesforce / Outreach,372,Check,Andres,,
01/1/26,G&A,Accounting fees,Jason CPA,"2,732",Check,Andres,late invoice,Vendor invoice late
15 Apr-26,Marketing,Customer appr.,Amazon gift c.,"9,115",manual Entry,M. Chen,needs mapping,Vendor invoice late
2026-04-01,COGS,Cloud hosting,AWS / Datadog,"(4,904)",manual Entry,TBD,,Check sign
2026-03-28,Mktg,Customer appr.,Amazon gift c.,"(1,608)",manual Entry,Andres,Posted,Ask owner
01/2/26,G&A,Accounting fees,Brandon,"4,945",Pos,Erikfinance ops,posted,Timing issue
2026-01-25,Marketing,Paid media,Google / LinkedIn,"9,140",cash,Erikfinance ops,posted,Vendor invoice late
2026-01-25,Services,Prof services,Implementation clients,"6,253",Check,,posted,Map to GL 6100
15 Feb-26,Mktg,Paid media,Google / LinkedIn,"9,370",ERP,TBD,manual adj,One-off item
01/3/26,R&D,Cloud hosting,AWS / Datadog,"1,460",Pos,,late invoice,Timing issue
01/2/26,Sales,CRM / RevOps tools,Salesforce / Outreach,92,Check,TBD,,Timing issue
2026-03-28,Mktg,Paid media,Google / LinkedIn,297,ERP,,Posted,Map to GL 6100
01/1/26,Revenue,Subscr. revenue,Retail Customer,"6,493",Check,Andres,,Vendor invoice late
01/1/26,COGS,Materials,Electric house,"4,063",ERP,,needs mapping,Check sign
2026-04-01,Marketing,Paid media,Google / LinkedIn,"5,579",Check,,accrual,
15 Apr-26,R&D,AI automation,n8n,"5,602",manual Entry,Andres,accrual,
2026-01-25,R&D,Cloud hosting,AWS / Datadog,"2,785",ERP,M. Chen,posted,Timing issue
01/4/26,Mktg,Customer appr.,Soccer Ticket,"3,147",manual Entry,M. Chen,posted,Vendor invoice late
2026-01-25,Revenue,Revenue,Retail Customer,"9,292",manual Entry,Alex - FP&A,accrual,One-off item
2026-02-26,COGS,Materials,Electric house,"2,974",Pos,,accrual,Timing issue
01-Jan-26,G&A,Accounting fees,Brandon,"(8,624)",cash,M. Chen,accrual,Ask owner
01/4/26,Services,Prof services,Implementation clients,"6,889",cash,M. Chen,accrual,
01-Jan-26,G&A,Accounting fees,Brandon,"7,855",Pos,Alex - FP&A,accrual,Ask owner
2026-02-26,COGS,Materials,Walmart,"4,285",Check,,accrual,
01/3/26,Mktg,Paid media,Google / LinkedIn,"8,289",ERP,,,Ask owner
2026-01-25,Revenue,Service,Corp. clients,"8,239",manual Entry,Erikfinance ops,late invoice,Vendor invoice late
2026-03-28,Revenue,Service,Retail Customer,"1,436",Check,Erikfinance ops,late invoice,One-off item
2026-02-26,G&A,Legal fees,Buchalter,"6,803",Check,Erikfinance ops,posted,
01/3/26,Services,Prof services,Implementation clients,"9,937",cash,M. Chen,,Timing issue
25 Mar-26,Marketing,Google Ads,Google / LinkedIn,489,Check,Alex - FP&A,,Ask owner
15 Feb-26,COGS,Payroll - eng,Payroll,897,manual Entry,,needs mapping,One-off item
01-Jan-26,G&A,Legal fees,Buchalter,"1,773",Check,Erikfinance ops,accrual,Ask owner
15 Feb-26,Mktg,Events & webinars,Various,"5,848",Check,TBD,Posted,One-off item
2026-04-01,Services,Support tools,Zendesk / Gainsight,575,ERP,Andres,accrual,Vendor invoice late
01-Jan-26,Services,Support tools,Zendesk / Gainsight,"9,945",Check,M. Chen,,Map to GL 6100
2026-03-28,Sales,Sales commission,Payroll,"3,815",Check,Erikfinance ops,needs mapping,Check sign
2026-04-01,Sales,CRM / RevOps tools,Salesforce / Outreach,"4,361",Check,Andres,,Map to GL 6100
2026-01-25,Marketing,Events & webinars,Various,"(1,634)",Check,Alex - FP&A,late invoice,Vendor invoice late
2026-03-28,R&D,AI automation,n8n,"5,959",Pos,Erikfinance ops,accrual,Map to GL 6100
01/3/26,Sales,Payroll - sales,Payroll,"7,301",ERP,Andres,posted,Ask owner
01/4/26,Marketing,Paid media,Google / LinkedIn,"3,509",manual Entry,TBD,posted,Map to GL 6100
2026-01-25,COGS,Cloud hosting,AWS / Datadog,"8,068",manual Entry,Andres,needs mapping,Timing issue
01-Jan-26,R&D,Payroll - eng,Payroll,"2,214",manual Entry,Erikfinance ops,accrual,Map to GL 6100
15 Feb-26,Sales,CRM / RevOps tools,Salesforce / Outreach,"6,800",Check,,,Map to GL 6100
01/1/26,Revenue,Service,Corp. clients,"5,193",cash,Erikfinance ops,accrual,One-off item
01-Jan-26,R&D,Payroll - eng,Payroll,"7,247",Check,M. Chen,late invoice,Timing issue
2026-03-28,Marketing,Google Ads,Google / LinkedIn,675,Pos,,needs mapping,Map to GL 6100
15 Apr-26,Sales,Sales commission,Payroll,"(5,090)",cash,M. Chen,accrual,Check sign
25 Mar-26,R&D,AI automation,n8n,"3,805",cash,TBD,needs mapping,Ask owner
01/3/26,Sales,Payroll - sales,Payroll,"7,540",ERP,TBD,posted,Timing issue
15 Feb-26,Services,Prof services,Implementation clients,"9,214",Pos,Andres,accrual,Vendor invoice late
01/3/26,COGS,Payroll - eng,Payroll,"9,047",cash,,accrual,Timing issue
01/1/26,Mktg,Events & webinars,Various,793,manual Entry,,posted,Map to GL 6100
01/1/26,Revenue,Revenue,Retail Customer,"9,755",Pos,M. Chen,needs mapping,Vendor invoice late
2026-03-28,COGS,Cloud hosting,AWS / Datadog,"9,792",cash,Alex - FP&A,posted,Vendor invoice late
01/4/26,Sales,Sales commission,Payroll,"8,015",Pos,M. Chen,manual adj,Timing issue
01/4/26,Services,Prof services,Implementation clients,"5,516",ERP,TBD,Posted,Map to GL 6100
25 Mar-26,R&D,AI automation,n8n,"9,918",cash,Alex - FP&A,needs mapping,Check sign
2026-03-28,Revenue,Service,Retail Customer,"8,958",manual Entry,Alex - FP&A,needs mapping,Vendor invoice late
2026-02-26,G&A,Accounting fees,Brandon,"3,444",Check,,manual adj,Timing issue
01-Jan-26,R&D,Cloud hosting,AWS / Datadog,"9,865",Check,Erikfinance ops,accrual,
2026-01-25,Mktg,Paid media,Google / LinkedIn,"8,477",manual Entry,TBD,posted,Check sign
15 Feb-26,Sales,CRM / RevOps tools,Salesforce / Outreach,"2,922",cash,Erikfinance ops,accrual,Ask owner
01/4/26,Marketing,Customer appr.,Gift hamper,"9,769",Check,Erikfinance ops,manual adj,Timing issue
01/2/26,Marketing,Paid media,Google / LinkedIn,"5,366",cash,M. Chen,accrual,Vendor invoice late
01/2/26,G&A,Legal fees,Europa Law firm,"5,996",manual Entry,TBD,accrual,Ask owner
2026-03-28,Mktg,Paid media,Google / LinkedIn,"7,465",Pos,Erikfinance ops,manual adj,Map to GL 6100
2026-02-26,COGS,Payroll - eng,Payroll,"(2,893)",Pos,Erikfinance ops,posted,Map to GL 6100
01/4/26,COGS,Payroll - eng,Payroll,"(5,024)",Check,Alex - FP&A,posted,Check sign
01/4/26,Revenue,Revenue,Corp. clients,"2,531",manual Entry,TBD,accrual,
01/4/26,Services,Support tools,Zendesk / Gainsight,"8,670",Check,,,
01/2/26,Marketing,Customer appr.,Soccer Ticket,"3,774",ERP,M. Chen,,Ask owner
01/2/26,G&A,Accounting fees,Jason CPA,"(7,913)",manual Entry,Andres,Posted,Vendor invoice late
01-Jan-26,Mktg,Events & webinars,Various,"8,892",ERP,Alex - FP&A,late invoice,Map to GL 6100
2026-02-26,Services,Prof services,Implementation clients,"7,461",manual Entry,,Posted,Map to GL 6100
01/3/26,COGS,Materials,Johnsons Supply,"1,281",Check,Andres,,
01-Jan-26,G&A,Legal fees,Europa Law firm,"1,308",ERP,Alex - FP&A,Posted,Timing issue
2026-04-01,Revenue,Service,Retail Customer,"3,041",cash,M. Chen,late invoice,Check sign
01-Jan-26,Sales,Payroll - sales,Payroll,"(7,603)",cash,Alex - FP&A,late invoice,
15 Feb-26,Mktg,Customer appr.,Gift hamper,"(2,205)",Pos,Erikfinance ops,late invoice,Vendor invoice late
2026-03-28,Mktg,Paid media,Google / LinkedIn,"6,396",cash,TBD,posted,Map to GL 6100
01/2/26,Mktg,Events & webinars,Various,"7,047",Check,Erikfinance ops,,Vendor invoice late
15 Apr-26,G&A,Accounting fees,Brandon,"6,557",Check,Andres,needs mapping,Timing issue
01-Jan-26,Mktg,Customer appr.,Soccer Ticket,(99),manual Entry,M. Chen,accrual,
25 Mar-26,G&A,Office rent,Landlord,"1,065",ERP,M. Chen,manual adj,One-off item
2026-02-26,Mktg,Events & webinars,Various,"8,882",ERP,M. Chen,manual adj,Vendor invoice late
01-Jan-26,Revenue,Revenue,Corp. clients,"5,177",Check,TBD,Posted,Vendor invoice late
25 Mar-26,G&A,Office rent,Landlord,"1,787",Check,TBD,accrual,Vendor invoice late
15 Feb-26,Sales,Sales commission,Payroll,"7,843",Check,Andres,manual adj,Vendor invoice late
01-Jan-26,Marketing,Google Ads,Google / LinkedIn,"5,724",Check,Andres,late invoice,
2026-04-01,Sales,Payroll - sales,Payroll,"9,815",ERP,Andres,,
01/4/26,Revenue,Product sales,Retail Customer,"1,797",manual Entry,Erikfinance ops,late invoice,Ask owner
01/1/26,Revenue,Subscr. revenue,Corp. clients,"(4,851)",Pos,Andres,Posted,One-off item
01/4/26,R&D,Payroll - eng,Payroll,404,ERP,Erikfinance ops,posted,One-off item
2026-02-26,COGS,Payroll - eng,Payroll,"4,460",cash,M. Chen,accrual,Timing issue
01/2/26,Marketing,Events & webinars,Various,22,ERP,M. Chen,manual adj,Vendor invoice late
15 Feb-26,R&D,Cloud hosting,AWS / Datadog,"5,136",manual Entry,M. Chen,manual adj,Timing issue
01-Jan-26,G&A,Accounting fees,Jason CPA,"8,443",manual Entry,M. Chen,needs mapping,Timing issue
2026-04-01,Services,Prof services,Implementation clients,"1,913",cash,,needs mapping,Ask owner
25 Mar-26,COGS,Materials,Walmart,"(3,365)",Check,Alex - FP&A,manual adj,Ask owner
01/4/26,Revenue,Revenue,Corp. clients,"8,098",Pos,Andres,needs mapping,Map to GL 6100
2026-01-25,Revenue,Subscr. revenue,Retail Customer,"9,734",Pos,,needs mapping,Check sign
2026-01-25,Services,Prof services,Implementation clients,"3,844",manual Entry,Erikfinance ops,manual adj,One-off item
2026-01-25,Marketing,Events & webinars,Various,"7,853",cash,Erikfinance ops,accrual,Vendor invoice late
01/1/26,G&A,Accounting fees,Jason CPA,"6,664",manual Entry,TBD,,Timing issue
15 Apr-26,Mktg,Paid media,Google / LinkedIn,"3,193",Pos,Andres,manual adj,Timing issue
15 Feb-26,Marketing,Google Ads,Google / LinkedIn,"(5,830)",ERP,Erikfinance ops,posted,Vendor invoice late
01/2/26,G&A,Office rent,Landlord,"4,222",manual Entry,Andres,Posted,Vendor invoice late
2026-02-26,Marketing,Paid media,Google / LinkedIn,"3,414",Pos,TBD,accrual,Check sign
01-Jan-26,Revenue,Subscr. revenue,Corp. clients,"3,045",manual Entry,,,
25 Mar-26,Marketing,Customer appr.,Soccer Ticket,"9,400",cash,Alex - FP&A,manual adj,
2026-02-26,R&D,Payroll - eng,Payroll,"(3,706)",Pos,Andres,accrual,Map to GL 6100
2026-04-01,R&D,Cloud hosting,AWS / Datadog,"(1,676)",cash,TBD,accrual,Map to GL 6100
01/3/26,Revenue,Subscr. revenue,Corp. clients,"6,404",Pos,M. Chen,needs mapping,One-off item
01/2/26,G&A,Legal fees,Buchalter,"4,180",Pos,Alex - FP&A,late invoice,Ask owner
2026-01-25,G&A,Accounting fees,Jason CPA,"5,506",Check,Erikfinance ops,manual adj,Map to GL 6100
15 Apr-26,Services,Prof services,Implementation clients,"(6,073)",manual Entry,TBD,needs mapping,Vendor invoice late
15 Feb-26,Services,Support tools,Zendesk / Gainsight,"3,245",cash,Erikfinance ops,needs mapping,Vendor invoice late
01/1/26,Sales,Payroll - sales,Payroll,"6,655",cash,Erikfinance ops,Posted,
01/1/26,Marketing,Paid media,Google / LinkedIn,"7,178",manual Entry,Erikfinance ops,accrual,
15 Apr-26,R&D,AI automation,n8n,"7,562",manual Entry,,accrual,
2026-01-25,Revenue,Revenue,Corp. clients,"2,849",cash,,manual adj,Ask owner
01/2/26,Services,Prof services,Implementation clients,533,Check,Andres,,Vendor invoice late
2026-01-25,G&A,Office rent,Landlord,"1,950",cash,TBD,accrual,Ask owner
2026-04-01,G&A,Office rent,Landlord,"1,214",ERP,M. Chen,late invoice,Ask owner
2026-01-25,COGS,Cloud hosting,AWS / Datadog,"7,682",cash,TBD,manual adj,Vendor invoice late
01/3/26,Sales,CRM / RevOps tools,Salesforce / Outreach,"(3,641)",cash,Erikfinance ops,late invoice,Timing issue
01/4/26,Sales,Sales commission,Payroll,"7,626",Pos,,late invoice,Timing issue
2026-01-25,R&D,Cloud hosting,AWS / Datadog,"6,503",manual Entry,Andres,manual adj,
25 Mar-26,Sales,Payroll - sales,Payroll,"9,946",Pos,Erikfinance ops,,Vendor invoice late
15 Apr-26,Sales,Payroll - sales,Payroll,"2,815",Pos,Alex - FP&A,accrual,Check sign
2026-02-26,Mktg,Paid media,Google / LinkedIn,"4,517",Check,TBD,manual adj,Map to GL 6100
01/2/26,Mktg,Events & webinars,Various,"8,721",Check,Alex - FP&A,accrual,Check sign
25 Mar-26,Revenue,Subscr. revenue,Corp. clients,"9,478",manual Entry,M. Chen,accrual,Timing issue
15 Feb-26,COGS,Cloud hosting,AWS / Datadog,"2,208",Check,,manual adj,One-off item
01/4/26,Services,Prof services,Implementation clients,"8,041",Check,Erikfinance ops,posted,Check sign
01/3/26,Mktg,Customer appr.,Amazon gift c.,"6,468",ERP,TBD,needs mapping,Vendor invoice late
01/3/26,Services,Support tools,Zendesk / Gainsight,"2,845",cash,,,Ask owner
15 Feb-26,G&A,Office rent,Landlord,"2,504",Check,Alex - FP&A,,Ask owner
2026-02-26,Sales,Payroll - sales,Payroll,"4,270",Check,,Posted,Map to GL 6100
01/3/26,Mktg,Customer appr.,Amazon gift c.,"9,951",Check,,manual adj,Timing issue
01/3/26,COGS,Materials,Home Depot,"5,067",Check,M. Chen,late invoice,Ask owner
2026-01-25,R&D,Payroll - eng,Payroll,"4,084",cash,M. Chen,posted,Map to GL 6100
01-Jan-26,Marketing,Events & webinars,Various,"6,201",ERP,Alex - FP&A,needs mapping,Ask owner
01/4/26,Marketing,Events & webinars,Various,842,ERP,M. Chen,accrual,Timing issue
2026-04-01,Mktg,Events & webinars,Various,"(1,076)",cash,TBD,manual adj,
01/3/26,Marketing,Google Ads,Google / LinkedIn,"8,541",Check,TBD,manual adj,Vendor invoice late
25 Mar-26,Revenue,Service,Corp. clients,"6,899",Pos,Erikfinance ops,late invoice,One-off item
01/3/26,Sales,Sales commission,Payroll,"6,239",manual Entry,M. Chen,Posted,Ask owner
01/2/26,Sales,Sales commission,Payroll,"(5,204)",Check,Erikfinance ops,posted,Timing issue
25 Mar-26,Services,Support tools,Zendesk / Gainsight,"(7,743)",Pos,Andres,Posted,
01/2/26,R&D,Cloud hosting,AWS / Datadog,"4,827",Pos,,needs mapping,Timing issue
2026-04-01,G&A,Office rent,Landlord,"6,140",Pos,,Posted,
2026-02-26,Services,Prof services,Implementation clients,"7,428",manual Entry,Andres,manual adj,One-off item
2026-01-25,G&A,Accounting fees,Jason CPA,"2,649",manual Entry,TBD,posted,One-off item
2026-04-01,Sales,Payroll - sales,Payroll,"4,163",Pos,Alex - FP&A,accrual,
01/3/26,COGS,Payroll - eng,Payroll,"8,080",manual Entry,Alex - FP&A,needs mapping,One-off item
2026-01-25,COGS,Materials,Electric house,"(1,256)",Check,,late invoice,Check sign
01/4/26,COGS,Materials,Johnsons Supply,74,Pos,TBD,,
01-Jan-26,Marketing,Google Ads,Google / LinkedIn,"5,600",Check,Alex - FP&A,posted,Ask owner
2026-02-26,Services,Support tools,Zendesk / Gainsight,"4,466",Pos,,late invoice,Map to GL 6100
01/1/26,Sales,CRM / RevOps tools,Salesforce / Outreach,"1,675",manual Entry,TBD,manual adj,Timing issue
25 Mar-26,Revenue,Service,Retail Customer,"3,562",Pos,Erikfinance ops,late invoice,Map to GL 6100
15 Apr-26,Revenue,Product sales,Corp. clients,"7,067",manual Entry,,accrual,Check sign
2026-02-26,G&A,Accounting fees,Brandon,894,cash,Andres,manual adj,
01/3/26,Mktg,Customer appr.,Soccer Ticket,"(6,169)",cash,Erikfinance ops,,One-off item
2026-04-01,R&D,AI automation,n8n,"5,649",Check,Alex - FP&A,needs mapping,Check sign
2026-03-28,G&A,Accounting fees,Brandon,"(8,457)",cash,,manual adj,Map to GL 6100
01/2/26,Revenue,Subscr. revenue,Corp. clients,"6,057",ERP,Andres,,Timing issue
01/4/26,G&A,Legal fees,Buchalter,262,Pos,M. Chen,,Check sign
15 Feb-26,Mktg,Events & webinars,Various,669,cash,,late invoice,Timing issue
01-Jan-26,Services,Prof services,Implementation clients,981,ERP,,posted,One-off item
01/3/26,Marketing,Google Ads,Google / LinkedIn,"6,773",Pos,Andres,needs mapping,One-off item
2026-02-26,Mktg,Customer appr.,Amazon gift c.,"4,723",Pos,Andres,late invoice,Map to GL 6100
01-Jan-26,Revenue,Revenue,Retail Customer,"(1,382)",Pos,Alex - FP&A,late invoice,One-off item
2026-01-25,Sales,Payroll - sales,Payroll,"5,195",Pos,,,Map to GL 6100
2026-01-25,G&A,Office rent,Landlord,"6,256",Pos,Erikfinance ops,accrual,Timing issue
01/4/26,Marketing,Google Ads,Google / LinkedIn,"4,791",Pos,M. Chen,posted,Check sign
2026-01-25,Sales,Sales commission,Payroll,907,Pos,Andres,needs mapping,Timing issue
15 Apr-26,COGS,Payroll - eng,Payroll,"1,339",cash,TBD,,Ask owner
01/4/26,COGS,Cloud hosting,AWS / Datadog,"(7,800)",manual Entry,Erikfinance ops,manual adj,Timing issue
15 Apr-26,COGS,Cloud hosting,AWS / Datadog,"3,840",cash,TBD,,Timing issue
01/4/26,R&D,Cloud hosting,AWS / Datadog,"(7,789)",Check,Erikfinance ops,needs mapping,Ask owner
01/4/26,Revenue,Subscr. revenue,Retail Customer,"7,515",manual Entry,Andres,Posted,
25 Mar-26,Sales,Payroll - sales,Payroll,"5,890",Pos,Andres,manual adj,
01/2/26,G&A,Office rent,Landlord,"9,719",manual Entry,Alex - FP&A,,Timing issue
2026-01-25,Mktg,Customer appr.,Soccer Ticket,(747),Check,Erikfinance ops,late invoice,Vendor invoice late
2026-04-01,COGS,Payroll - eng,Payroll,"5,186",cash,TBD,posted,Ask owner
15 Apr-26,Marketing,Paid media,Google / LinkedIn,866,ERP,Andres,posted,
01/4/26,Marketing,Paid media,Google / LinkedIn,"4,927",Pos,TBD,manual adj,
2026-02-26,Services,Prof services,Implementation clients,"(5,623)",cash,,late invoice,Map to GL 6100
01/1/26,Sales,CRM / RevOps tools,Salesforce / Outreach,68,Check,,needs mapping,Timing issue
25 Mar-26,Services,Prof services,Implementation clients,"2,589",ERP,,needs mapping,Timing issue
01/3/26,Marketing,Customer appr.,Soccer Ticket,"9,145",manual Entry,M. Chen,Posted,Vendor invoice late
2026-01-25,G&A,Office rent,Landlord,"2,094",cash,Erikfinance ops,Posted,Ask owner
2026-02-26,G&A,Office rent,Landlord,"6,559",ERP,Erikfinance ops,manual adj,Ask owner
01/3/26,COGS,Cloud hosting,AWS / Datadog,"8,855",Pos,M. Chen,,
01/4/26,COGS,Payroll - eng,Payroll,"1,831",Pos,M. Chen,needs mapping,Map to GL 6100
25 Mar-26,Sales,Payroll - sales,Payroll,"3,637",ERP,TBD,Posted,One-off item
2026-01-25,Sales,CRM / RevOps tools,Salesforce / Outreach,"4,762",Pos,Alex - FP&A,Posted,Check sign
01/4/26,COGS,Payroll - eng,Payroll,"1,719",manual Entry,Alex - FP&A,posted,Ask owner
15 Feb-26,G&A,Accounting fees,Jason CPA,"(6,639)",cash,,manual adj,Ask owner
2026-03-28,G&A,Office rent,Landlord,"2,244",Check,Alex - FP&A,manual adj,Timing issue
01-Jan-26,COGS,Cloud hosting,AWS / Datadog,"7,093",ERP,M. Chen,manual adj,Timing issue
01/2/26,R&D,AI automation,n8n,"9,372",Pos,TBD,,One-off item
15 Feb-26,COGS,Cloud hosting,AWS / Datadog,"2,535",Check,M. Chen,accrual,
01/1/26,Marketing,Events & webinars,Various,"2,220",cash,Erikfinance ops,Posted,Ask owner
01/3/26,Marketing,Customer appr.,Amazon gift c.,"4,869",Pos,,manual adj,Timing issue
2026-01-25,Marketing,Events & webinars,Various,"(7,362)",Pos,Andres,Posted,Check sign
01/2/26,Services,Support tools,Zendesk / Gainsight,"1,095",Check,,posted,Map to GL 6100
15 Feb-26,COGS,Materials,Home Depot,"9,719",Check,M. Chen,accrual,
2026-01-25,G&A,Office rent,Landlord,"7,391",Check,M. Chen,accrual,Vendor invoice late
15 Apr-26,Revenue,Revenue,Corp. clients,"3,590",ERP,Erikfinance ops,manual adj,Ask owner
01/3/26,Mktg,Paid media,Google / LinkedIn,"3,437",ERP,Alex - FP&A,accrual,Vendor invoice late
15 Feb-26,Mktg,Events & webinars,Various,"1,490",Pos,Alex - FP&A,posted,Timing issue
01/1/26,G&A,Office rent,Landlord,"6,091",Pos,Alex - FP&A,,Timing issue
01/1/26,R&D,AI automation,n8n,"8,084",manual Entry,Alex - FP&A,late invoice,Vendor invoice late
01/3/26,COGS,Payroll - eng,Payroll,"8,977",ERP,M. Chen,needs mapping,Map to GL 6100
01/2/26,Marketing,Events & webinars,Various,"(1,965)",manual Entry,Alex - FP&A,manual adj,Check sign
01/4/26,R&D,Payroll - eng,Payroll,"4,739",cash,TBD,manual adj,Timing issue
01/2/26,Revenue,Revenue,Corp. clients,"(3,200)",manual Entry,Alex - FP&A,posted,Timing issue
2026-02-26,Marketing,Google Ads,Google / LinkedIn,"5,758",ERP,TBD,needs mapping,One-off item
15 Apr-26,Marketing,Customer appr.,Gift hamper,"2,508",manual Entry,M. Chen,Posted,Check sign
2026-04-01,Services,Support tools,Zendesk / Gainsight,184,manual Entry,Andres,late invoice,One-off item
01/1/26,Services,Prof services,Implementation clients,"(2,832)",Pos,,accrual,Ask owner
01/1/26,Marketing,Paid media,Google / LinkedIn,"5,789",ERP,Alex - FP&A,needs mapping,Map to GL 6100
01/4/26,Services,Prof services,Implementation clients,"9,282",Check,,manual adj,Map to GL 6100
25 Mar-26,Revenue,Service,Retail Customer,"5,952",ERP,,late invoice,
2026-01-25,COGS,Payroll - eng,Payroll,"9,600",cash,TBD,accrual,Ask owner
15 Feb-26,Revenue,Product sales,Corp. clients,"9,031",Pos,Andres,needs mapping,Ask owner
2026-03-28,Sales,CRM / RevOps tools,Salesforce / Outreach,41,Check,Andres,posted,Check sign
2026-02-26,R&D,Cloud hosting,AWS / Datadog,"3,471",cash,Andres,late invoice,One-off item
01/1/26,Revenue,Product sales,Retail Customer,"7,073",manual Entry,Alex - FP&A,needs mapping,Ask owner
15 Apr-26,Marketing,Paid media,Google / LinkedIn,"6,665",manual Entry,,late invoice,Vendor invoice late
01/3/26,Mktg,Paid media,Google / LinkedIn,"4,822",manual Entry,M. Chen,needs mapping,Vendor invoice late
2026-01-25,R&D,AI automation,n8n,"8,908",manual Entry,,accrual,Map to GL 6100
01-Jan-26,Sales,Sales commission,Payroll,"(3,537)",ERP,Erikfinance ops,accrual,Timing issue
01/1/26,Mktg,Events & webinars,Various,"3,366",Check,TBD,posted,Check sign
25 Mar-26,Sales,Sales commission,Payroll,"(7,391)",Pos,Erikfinance ops,posted,Vendor invoice late
15 Feb-26,Revenue,Product sales,Retail Customer,"4,703",manual Entry,Alex - FP&A,,One-off item
15 Feb-26,R&D,Payroll - eng,Payroll,"5,483",cash,,accrual,
15 Apr-26,Services,Prof services,Implementation clients,"7,284",ERP,M. Chen,manual adj,Ask owner
25 Mar-26,Revenue,Revenue,Retail Customer,"6,476",Pos,TBD,,Timing issue
2026-02-26,Marketing,Paid media,Google / LinkedIn,"2,511",ERP,,Posted,
01/3/26,Services,Prof services,Implementation clients,"6,494",Check,Erikfinance ops,,
01/3/26,Mktg,Customer appr.,Amazon gift c.,"1,596",Pos,Erikfinance ops,manual adj,Timing issue
2026-01-25,G&A,Office rent,Landlord,"7,927",Check,M. Chen,posted,
2026-02-26,R&D,Cloud hosting,AWS / Datadog,"(9,042)",ERP,Alex - FP&A,,Map to GL 6100
25 Mar-26,COGS,Materials,Electric house,"2,276",cash,Erikfinance ops,,Vendor invoice late
01-Jan-26,G&A,Legal fees,Buchalter,"8,822",cash,TBD,manual adj,One-off item
2026-04-01,Marketing,Google Ads,Google / LinkedIn,"9,343",manual Entry,Andres,needs mapping,One-off item
15 Feb-26,Marketing,Customer appr.,Soccer Ticket,"(5,407)",Pos,Erikfinance ops,late invoice,Map to GL 6100
15 Feb-26,R&D,Payroll - eng,Payroll,"7,236",Pos,M. Chen,,One-off item
25 Mar-26,COGS,Cloud hosting,AWS / Datadog,"7,951",cash,Erikfinance ops,late invoice,Timing issue
2026-01-25,R&D,AI automation,n8n,"5,857",Pos,Andres,accrual,
01/4/26,Revenue,Product sales,Corp. clients,"3,522",Check,Alex - FP&A,,Vendor invoice late
01/1/26,R&D,AI automation,n8n,"(8,702)",Pos,Alex - FP&A,manual adj,Vendor invoice late
15 Apr-26,G&A,Office rent,Landlord,"6,756",manual Entry,M. Chen,accrual,
25 Mar-26,Mktg,Customer appr.,Soccer Ticket,"2,641",ERP,Andres,late invoice,One-off item
2026-04-01,COGS,Materials,Johnsons Supply,"9,239",cash,Alex - FP&A,posted,Ask owner
15 Feb-26,Services,Support tools,Zendesk / Gainsight,"9,634",manual Entry,Erikfinance ops,accrual,Map to GL 6100
25 Mar-26,G&A,Legal fees,Buchalter,"8,387",cash,,posted,One-off item
25 Mar-26,Marketing,Google Ads,Google / LinkedIn,"4,968",cash,Andres,,One-off item
25 Mar-26,Mktg,Customer appr.,Gift hamper,"(7,990)",Pos,Alex - FP&A,late invoice,Map to GL 6100
01/2/26,Mktg,Paid media,Google / LinkedIn,"2,971",manual Entry,Andres,needs mapping,
01-Jan-26,Mktg,Paid media,Google / LinkedIn,"(9,997)",manual Entry,M. Chen,posted,Vendor invoice late
2026-04-01,Services,Support tools,Zendesk / Gainsight,"6,128",cash,,posted,Map to GL 6100
2026-04-01,COGS,Payroll - eng,Payroll,"8,170",ERP,Andres,accrual,Check sign
2026-01-25,COGS,Materials,Johnsons Supply,36,Check,M. Chen,manual adj,Timing issue
15 Feb-26,Sales,Payroll - sales,Payroll,"8,855",ERP,M. Chen,late invoice,One-off item
01/3/26,G&A,Legal fees,Buchalter,"8,163",Check,Erikfinance ops,needs mapping,Ask owner
01-Jan-26,Mktg,Paid media,Google / LinkedIn,"8,836",cash,Erikfinance ops,manual adj,One-off item
01/3/26,Marketing,Google Ads,Google / LinkedIn,"5,550",cash,M. Chen,needs mapping,Map to GL 6100
15 Feb-26,Services,Support tools,Zendesk / Gainsight,"7,559",Pos,Erikfinance ops,posted,
01/4/26,Services,Prof services,Implementation clients,"3,076",manual Entry,Andres,late invoice,Vendor invoice late
2026-02-26,Marketing,Google Ads,Google / LinkedIn,"2,563",ERP,TBD,late invoice,Map to GL 6100
01/3/26,Marketing,Events & webinars,Various,"5,473",cash,Alex - FP&A,manual adj,Ask owner
01/4/26,Revenue,Subscr. revenue,Corp. clients,"(4,140)",Check,M. Chen,late invoice,Vendor invoice late
25 Mar-26,Marketing,Google Ads,Google / LinkedIn,"(1,649)",cash,TBD,posted,
15 Feb-26,Sales,Sales commission,Payroll,"1,001",cash,M. Chen,late invoice,Vendor invoice late
15 Feb-26,Marketing,Customer appr.,Gift hamper,"(2,941)",Pos,TBD,manual adj,Map to GL 6100
15 Apr-26,R&D,Payroll - eng,Payroll,"3,599",Check,TBD,,One-off item
15 Apr-26,Services,Prof services,Implementation clients,"2,848",ERP,TBD,,Check sign
15 Feb-26,Services,Support tools,Zendesk / Gainsight,"(2,830)",manual Entry,Andres,accrual,Timing issue
15 Apr-26,Marketing,Paid media,Google / LinkedIn,"7,025",Pos,Andres,manual adj,Timing issue
25 Mar-26,Revenue,Product sales,Corp. clients,"6,415",ERP,,Posted,Timing issue
15 Feb-26,G&A,Legal fees,Europa Law firm,(580),manual Entry,Alex - FP&A,,Map to GL 6100
01/1/26,Mktg,Paid media,Google / LinkedIn,"2,632",ERP,Andres,Posted,Map to GL 6100
01/4/26,Services,Prof services,Implementation clients,(434),ERP,,,Map to GL 6100
2026-03-28,Revenue,Subscr. revenue,Retail Customer,"5,377",cash,M. Chen,posted,Vendor invoice late
15 Apr-26,Revenue,Revenue,Retail Customer,"(4,394)",cash,,Posted,One-off item
01-Jan-26,Sales,CRM / RevOps tools,Salesforce / Outreach,"9,816",manual Entry,Alex - FP&A,manual adj,Map to GL 6100
2026-03-28,Marketing,Google Ads,Google / LinkedIn,"1,747",cash,TBD,accrual,Timing issue
2026-02-26,G&A,Office rent,Landlord,"(8,509)",ERP,TBD,needs mapping,Timing issue
2026-04-01,Marketing,Google Ads,Google / LinkedIn,"5,907",manual Entry,Alex - FP&A,needs mapping,Vendor invoice late
15 Apr-26,Services,Support tools,Zendesk / Gainsight,"(1,277)",manual Entry,Alex - FP&A,posted,One-off item
2026-04-01,Marketing,Customer appr.,Soccer Ticket,"(9,117)",Check,Erikfinance ops,posted,Vendor invoice late
15 Apr-26,Marketing,Paid media,Google / LinkedIn,"5,493",cash,M. Chen,,Vendor invoice late
2026-02-26,Mktg,Events & webinars,Various,"6,376",Check,,,
15 Feb-26,Services,Prof services,Implementation clients,"(2,063)",manual Entry,TBD,posted,
01/4/26,Sales,Sales commission,Payroll,"6,038",ERP,Andres,accrual,Timing issue
2026-04-01,R&D,Cloud hosting,AWS / Datadog,"8,667",Pos,,late invoice,One-off item
15 Feb-26,Sales,Sales commission,Payroll,"1,990",Check,Erikfinance ops,Posted,One-off item
25 Mar-26,G&A,Legal fees,Europa Law firm,"(1,343)",Check,Erikfinance ops,manual adj,
2026-01-25,Marketing,Events & webinars,Various,"4,683",Pos,Alex - FP&A,late invoice,Check sign
15 Apr-26,COGS,Payroll - eng,Payroll,"(8,682)",Check,TBD,needs mapping,Timing issue
15 Feb-26,G&A,Office rent,Landlord,534,manual Entry,TBD,needs mapping,
01/3/26,Marketing,Paid media,Google / LinkedIn,"9,874",cash,Alex - FP&A,late invoice,Timing issue
01/3/26,Services,Prof services,Implementation clients,"(2,203)",Check,Erikfinance ops,accrual,Ask owner
2026-04-01,Mktg,Customer appr.,Gift hamper,"6,444",Check,TBD,Posted,Ask owner
2026-02-26,Marketing,Events & webinars,Various,"(4,612)",Pos,M. Chen,Posted,One-off item
2026-01-25,Marketing,Events & webinars,Various,"(4,738)",cash,Erikfinance ops,manual adj,
2026-02-26,Sales,CRM / RevOps tools,Salesforce / Outreach,"(3,183)",cash,TBD,,Timing issue
01/1/26,Services,Prof services,Implementation clients,"5,489",manual Entry,Alex - FP&A,needs mapping,One-off item
2026-04-01,Revenue,Service,Retail Customer,"1,749",Pos,,late invoice,One-off item
2026-04-01,Revenue,Service,Corp. clients,581,Pos,Erikfinance ops,Posted,Map to GL 6100
01-Jan-26,Sales,Sales commission,Payroll,"6,972",ERP,,Posted,Check sign
2026-02-26,Services,Support tools,Zendesk / Gainsight,"(5,903)",ERP,Andres,posted,Timing issue
01-Jan-26,Sales,Sales commission,Payroll,"1,032",cash,M. Chen,needs mapping,One-off item
2026-03-28,G&A,Accounting fees,Brandon,"4,966",Check,,accrual,Map to GL 6100
01/4/26,COGS,Cloud hosting,AWS / Datadog,"(5,108)",Check,,posted,
15 Apr-26,Marketing,Paid media,Google / LinkedIn,"9,951",Check,TBD,posted,One-off item
01/3/26,Services,Prof services,Implementation clients,"7,425",manual Entry,,late invoice,Timing issue
2026-02-26,Sales,Sales commission,Payroll,"4,767",cash,Andres,late invoice,Map to GL 6100
01/2/26,R&D,Cloud hosting,AWS / Datadog,"9,376",cash,,,Timing issue
01/2/26,Revenue,Product sales,Retail Customer,674,Pos,TBD,,Ask owner
2026-01-25,COGS,Payroll - eng,Payroll,"4,594",cash,M. Chen,,Ask owner
01/1/26,Sales,Sales commission,Payroll,"4,316",Check,Andres,,One-off item
01-Jan-26,G&A,Accounting fees,Brandon,"(2,719)",ERP,Andres,,One-off item
01-Jan-26,Sales,Sales commission,Payroll,"8,819",Pos,Alex - FP&A,Posted,Timing issue
01/1/26,COGS,Cloud hosting,AWS / Datadog,"2,691",Check,Andres,needs mapping,Check sign
01-Jan-26,Marketing,Events & webinars,Various,"1,232",Check,M. Chen,,Check sign
2026-03-28,R&D,AI automation,n8n,"7,099",manual Entry,Erikfinance ops,posted,
2026-03-28,Sales,Sales commission,Payroll,"(4,000)",ERP,Alex - FP&A,needs mapping,One-off item
2026-04-01,G&A,Accounting fees,Brandon,"4,149",cash,,,Map to GL 6100
2026-03-28,G&A,Accounting fees,Brandon,"1,926",manual Entry,Erikfinance ops,needs mapping,Timing issue
2026-04-01,Services,Prof services,Implementation clients,"3,064",manual Entry,Andres,late invoice,Timing issue
01-Jan-26,Marketing,Customer appr.,Soccer Ticket,"4,801",Pos,,late invoice,Map to GL 6100
01/1/26,G&A,Office rent,Landlord,"9,994",Check,Andres,needs mapping,One-off item
2026-01-25,Mktg,Paid media,Google / LinkedIn,(795),Check,,Posted,Timing issue
2026-01-25,Mktg,Customer appr.,Soccer Ticket,"(9,202)",manual Entry,,late invoice,Map to GL 6100
15 Apr-26,G&A,Accounting fees,Jason CPA,"4,283",ERP,Alex - FP&A,late invoice,Timing issue
2026-02-26,COGS,Payroll - eng,Payroll,"8,154",ERP,Erikfinance ops,Posted,
01/3/26,G&A,Accounting fees,Jason CPA,"1,162",cash,TBD,posted,Ask owner
01/4/26,COGS,Materials,Home Depot,460,cash,Erikfinance ops,needs mapping,Timing issue
01-Jan-26,COGS,Payroll - eng,Payroll,"5,751",ERP,M. Chen,Posted,Map to GL 6100
2026-01-25,Marketing,Events & webinars,Various,"(8,494)",cash,TBD,needs mapping,One-off item
2026-03-28,Mktg,Events & webinars,Various,"3,875",cash,Erikfinance ops,,Vendor invoice late
15 Feb-26,Marketing,Google Ads,Google / LinkedIn,"1,068",cash,M. Chen,manual adj,Map to GL 6100
25 Mar-26,R&D,Cloud hosting,AWS / Datadog,"(9,249)",Pos,M. Chen,accrual,Ask owner
2026-04-01,G&A,Accounting fees,Jason CPA,"9,459",ERP,Andres,posted,Ask owner
01/1/26,Services,Support tools,Zendesk / Gainsight,(352),manual Entry,Alex - FP&A,Posted,Check sign
25 Mar-26,R&D,AI automation,n8n,"3,859",Pos,Erikfinance ops,Posted,One-off item
01/1/26,Sales,Payroll - sales,Payroll,"3,531",cash,Erikfinance ops,Posted,Map to GL 6100
01/1/26,G&A,Legal fees,Buchalter,"9,018",manual Entry,Alex - FP&A,posted,Check sign
15 Apr-26,Services,Prof services,Implementation clients,"(8,561)",manual Entry,M. Chen,accrual,One-off item
2026-01-25,COGS,Materials,Home Depot,"(8,231)",cash,TBD,late invoice,Vendor invoice late
2026-04-01,R&D,Cloud hosting,AWS / Datadog,"7,240",manual Entry,TBD,late invoice,Map to GL 6100
01/2/26,Marketing,Customer appr.,Amazon gift c.,(201),ERP,M. Chen,manual adj,One-off item
01/2/26,G&A,Accounting fees,Jason CPA,"(8,627)",manual Entry,,posted,Ask owner
2026-04-01,COGS,Materials,Home Depot,"(8,892)",ERP,Erikfinance ops,needs mapping,Check sign
2026-02-26,R&D,Payroll - eng,Payroll,"1,288",Check,Alex - FP&A,manual adj,
25 Mar-26,Services,Prof services,Implementation clients,"1,758",cash,Andres,late invoice,Check sign
01/3/26,G&A,Accounting fees,Brandon,"4,980",cash,Andres,needs mapping,Check sign
25 Mar-26,G&A,Office rent,Landlord,"7,699",ERP,M. Chen,posted,Check sign
25 Mar-26,COGS,Cloud hosting,AWS / Datadog,"4,730",ERP,Andres,,Ask owner
01-Jan-26,Revenue,Product sales,Corp. clients,"(1,689)",manual Entry,Alex - FP&A,Posted,One-off item
2026-01-25,Mktg,Paid media,Google / LinkedIn,"4,940",Pos,Erikfinance ops,manual adj,Vendor invoice late
2026-02-26,COGS,Cloud hosting,AWS / Datadog,"6,959",manual Entry,Erikfinance ops,needs mapping,Ask owner
01-Jan-26,Services,Support tools,Zendesk / Gainsight,"3,382",ERP,TBD,posted,Ask owner
15 Apr-26,R&D,Cloud hosting,AWS / Datadog,"9,089",manual Entry,Alex - FP&A,posted,Map to GL 6100
2026-02-26,Revenue,Service,Corp. clients,"2,238",manual Entry,Alex - FP&A,Posted,Ask owner
2026-01-25,Revenue,Service,Retail Customer,"6,619",Pos,M. Chen,manual adj,Check sign
2026-04-01,Revenue,Product sales,Retail Customer,"2,366",manual Entry,Erikfinance ops,accrual,One-off item
15 Apr-26,COGS,Cloud hosting,AWS / Datadog,"4,944",manual Entry,M. Chen,,Ask owner
01/2/26,G&A,Accounting fees,Brandon,"8,139",manual Entry,,posted,Map to GL 6100
01/4/26,R&D,Cloud hosting,AWS / Datadog,266,Pos,Erikfinance ops,needs mapping,Check sign
2026-02-26,COGS,Cloud hosting,AWS / Datadog,"4,875",manual Entry,Andres,posted,Vendor invoice late
01/2/26,Services,Prof services,Implementation clients,"6,859",manual Entry,Erikfinance ops,Posted,One-off item
2026-01-25,Sales,CRM / RevOps tools,Salesforce / Outreach,"(2,378)",ERP,Andres,accrual,One-off item
01/1/26,Revenue,Revenue,Corp. clients,"(9,544)",cash,,Posted,Check sign
2026-04-01,R&D,AI automation,n8n,"6,011",Pos,TBD,late invoice,Timing issue
2026-04-01,G&A,Office rent,Landlord,310,cash,TBD,,One-off item
2026-03-28,Revenue,Product sales,Corp. clients,"6,028",manual Entry,Andres,posted,Check sign
25 Mar-26,Sales,Payroll - sales,Payroll,"3,526",Check,Andres,needs mapping,Map to GL 6100
2026-02-26,R&D,AI automation,n8n,"3,326",cash,Alex - FP&A,manual adj,Ask owner
25 Mar-26,Marketing,Paid media,Google / LinkedIn,"2,190",manual Entry,Alex - FP&A,manual adj,Timing issue
01/4/26,Services,Support tools,Zendesk / Gainsight,826,cash,TBD,posted,Ask owner
01/2/26,Mktg,Events & webinars,Various,"7,642",ERP,TBD,manual adj,
25 Mar-26,Sales,Sales commission,Payroll,"7,101",Pos,Alex - FP&A,,Vendor invoice late
25 Mar-26,Mktg,Customer appr.,Soccer Ticket,"4,339",manual Entry,Andres,manual adj,Ask owner
2026-04-01,COGS,Cloud hosting,AWS / Datadog,"9,615",Check,Andres,late invoice,
2026-03-28,Marketing,Paid media,Google / LinkedIn,"5,058",ERP,Andres,manual adj,Vendor invoice late
01-Jan-26,Services,Prof services,Implementation clients,"(1,307)",Check,Erikfinance ops,,
2026-03-28,G&A,Legal fees,Buchalter,"7,527",cash,Erikfinance ops,needs mapping,Vendor invoice late
15 Feb-26,Sales,Sales commission,Payroll,"2,397",Check,Erikfinance ops,posted,Vendor invoice late
01-Jan-26,Mktg,Events & webinars,Various,(337),cash,Andres,accrual,One-off item
01-Jan-26,Marketing,Events & webinars,Various,"(5,373)",ERP,Erikfinance ops,accrual,Check sign
01/4/26,Mktg,Customer appr.,Soccer Ticket,"(1,788)",Check,Andres,accrual,Vendor invoice late
15 Apr-26,Services,Support tools,Zendesk / Gainsight,"4,090",Pos,Erikfinance ops,manual adj,Ask owner
01/2/26,Sales,Payroll - sales,Payroll,"4,952",Check,TBD,needs mapping,One-off item
01-Jan-26,Sales,Sales commission,Payroll,"7,850",ERP,,posted,Ask owner
2026-03-28,Marketing,Paid media,Google / LinkedIn,"9,297",Pos,TBD,manual adj,Timing issue
01/1/26,Revenue,Product sales,Retail Customer,"4,301",cash,M. Chen,accrual,
25 Mar-26,Marketing,Customer appr.,Gift hamper,"1,315",manual Entry,Alex - FP&A,needs mapping,Vendor invoice late
01/4/26,R&D,Payroll - eng,Payroll,"(7,020)",Pos,Alex - FP&A,,One-off item
2026-02-26,Marketing,Events & webinars,Various,"1,114",Check,Andres,Posted,Vendor invoice late
2026-02-26,Revenue,Service,Corp. clients,"3,026",Check,TBD,,One-off item
2026-01-25,R&D,Payroll - eng,Payroll,"6,124",ERP,,Posted,Timing issue
2026-04-01,R&D,Cloud hosting,AWS / Datadog,"3,042",Check,TBD,,Ask owner
25 Mar-26,R&D,Payroll - eng,Payroll,"6,123",Pos,Andres,accrual,One-off item
15 Apr-26,Mktg,Customer appr.,Soccer Ticket,"4,508",manual Entry,Erikfinance ops,manual adj,
01/1/26,Mktg,Customer appr.,Soccer Ticket,"3,903",manual Entry,Erikfinance ops,Posted,Ask owner
2026-01-25,Revenue,Service,Corp. clients,"7,593",Pos,TBD,Posted,Ask owner
25 Mar-26,Mktg,Paid media,Google / LinkedIn,"3,791",manual Entry,,accrual,One-off item
2026-04-01,Sales,CRM / RevOps tools,Salesforce / Outreach,"6,564",Check,Andres,needs mapping,Check sign
2026-01-25,Mktg,Customer appr.,Amazon gift c.,"4,675",cash,Alex - FP&A,posted,Timing issue
01/2/26,COGS,Materials,Home Depot,"5,230",Check,M. Chen,,One-off item
25 Mar-26,G&A,Office rent,Landlord,"6,054",cash,M. Chen,accrual,Map to GL 6100
2026-03-28,Revenue,Service,Retail Customer,"7,660",cash,TBD,Posted,
01/3/26,Revenue,Service,Retail Customer,"6,139",Pos,Alex - FP&A,,Timing issue
01-Jan-26,Mktg,Paid media,Google / LinkedIn,"1,303",Pos,Alex - FP&A,Posted,One-off item
01-Jan-26,Revenue,Service,Retail Customer,"8,038",cash,Andres,manual adj,Vendor invoice late
01-Jan-26,R&D,Cloud hosting,AWS / Datadog,"8,022",Pos,M. Chen,accrual,
01/3/26,G&A,Legal fees,Buchalter,"5,831",Pos,Alex - FP&A,Posted,One-off item
01/2/26,Sales,Sales commission,Payroll,"6,469",Pos,M. Chen,accrual,
15 Apr-26,Sales,CRM / RevOps tools,Salesforce / Outreach,"9,270",manual Entry,Erikfinance ops,posted,Check sign
2026-01-25,Services,Prof services,Implementation clients,"4,038",Pos,Alex - FP&A,Posted,Ask owner
01/3/26,Mktg,Events & webinars,Various,"2,572",ERP,TBD,,Map to GL 6100
2026-02-26,Marketing,Customer appr.,Soccer Ticket,"9,362",Check,Erikfinance ops,,One-off item
2026-02-26,G&A,Office rent,Landlord,"6,711",Check,M. Chen,,
01/1/26,Revenue,Revenue,Corp. clients,"(2,433)",cash,TBD,posted,Map to GL 6100
01/2/26,R&D,Cloud hosting,AWS / Datadog,"2,306",ERP,,accrual,Ask owner
15 Apr-26,R&D,Payroll - eng,Payroll,"7,729",Pos,Andres,late invoice,Ask owner
2026-01-25,Services,Support tools,Zendesk / Gainsight,"6,607",cash,,late invoice,Timing issue
15 Feb-26,Revenue,Service,Retail Customer,"(4,295)",Pos,TBD,posted,Vendor invoice late
2026-04-01,G&A,Legal fees,Europa Law firm,"2,537",Check,,late invoice,One-off item
01/1/26,Services,Support tools,Zendesk / Gainsight,"4,594",cash,Alex - FP&A,late invoice,Ask owner
01/1/26,R&D,Payroll - eng,Payroll,"8,182",manual Entry,TBD,manual adj,Map to GL 6100
2026-04-01,COGS,Materials,Walmart,"7,854",Pos,Erikfinance ops,Posted,Timing issue
2026-01-25,COGS,Materials,Home Depot,"3,446",manual Entry,Alex - FP&A,posted,Map to GL 6100
2026-04-01,R&D,AI automation,n8n,"9,366",manual Entry,M. Chen,needs mapping,Ask owner
25 Mar-26,Services,Support tools,Zendesk / Gainsight,"4,572",manual Entry,TBD,,Check sign
2026-04-01,Mktg,Customer appr.,Gift hamper,"(2,982)",ERP,Erikfinance ops,needs mapping,Map to GL 6100
01/3/26,Sales,Payroll - sales,Payroll,"1,920",Pos,Erikfinance ops,,Map to GL 6100
15 Apr-26,Mktg,Events & webinars,Various,"1,846",cash,M. Chen,,Map to GL 6100
15 Feb-26,G&A,Office rent,Landlord,"5,173",cash,Alex - FP&A,needs mapping,Check sign
01/2/26,Services,Prof services,Implementation clients,"5,181",ERP,Erikfinance ops,needs mapping,
15 Feb-26,Revenue,Product sales,Retail Customer,"4,356",ERP,Erikfinance ops,accrual,Ask owner
01/4/26,G&A,Office rent,Landlord,"8,715",cash,M. Chen,late invoice,One-off item
25 Mar-26,Revenue,Revenue,Corp. clients,"8,082",Pos,Andres,late invoice,Timing issue
25 Mar-26,COGS,Payroll - eng,Payroll,(162),manual Entry,TBD,manual adj,Ask owner
2026-02-26,Marketing,Events & webinars,Various,"(6,655)",cash,,posted,Timing issue
01/2/26,Revenue,Service,Corp. clients,"5,057",Pos,Alex - FP&A,needs mapping,
15 Apr-26,Services,Prof services,Implementation clients,"1,541",Pos,Alex - FP&A,posted,Ask owner
25 Mar-26,R&D,AI automation,n8n,"3,071",manual Entry,Alex - FP&A,needs mapping,Timing issue
2026-04-01,G&A,Legal fees,Europa Law firm,"1,324",Check,,needs mapping,Timing issue
15 Feb-26,COGS,Materials,Electric house,"1,281",manual Entry,Andres,manual adj,Map to GL 6100
01/2/26,Services,Prof services,Implementation clients,"8,109",Check,Alex - FP&A,,Map to GL 6100
15 Feb-26,Revenue,Product sales,Corp. clients,"4,341",Check,M. Chen,Posted,One-off item
01/3/26,Marketing,Events & webinars,Various,"8,341",Check,Erikfinance ops,needs mapping,Timing issue
15 Feb-26,Services,Prof services,Implementation clients,"6,260",Pos,Erikfinance ops,Posted,
01-Jan-26,Sales,Payroll - sales,Payroll,527,cash,M. Chen,accrual,Ask owner
01/1/26,G&A,Accounting fees,Jason CPA,"4,843",Check,Erikfinance ops,,
01/4/26,Marketing,Customer appr.,Amazon gift c.,"2,452",Pos,M. Chen,late invoice,Check sign
01/3/26,G&A,Legal fees,Buchalter,"7,057",Check,M. Chen,Posted,
15 Apr-26,Marketing,Customer appr.,Soccer Ticket,"6,511",cash,,needs mapping,
15 Feb-26,Sales,Sales commission,Payroll,"(6,770)",Pos,Erikfinance ops,,One-off item
01/1/26,Services,Support tools,Zendesk / Gainsight,"3,310",Pos,Erikfinance ops,manual adj,Vendor invoice late
15 Feb-26,R&D,Cloud hosting,AWS / Datadog,"7,038",ERP,M. Chen,,Check sign
15 Apr-26,Revenue,Revenue,Corp. clients,"5,279",ERP,,needs mapping,
01/1/26,COGS,Payroll - eng,Payroll,"2,417",cash,M. Chen,Posted,One-off item
2026-02-26,Sales,Sales commission,Payroll,"(5,080)",ERP,Andres,late invoice,Map to GL 6100
01/1/26,Mktg,Events & webinars,Various,121,Check,Andres,posted,Vendor invoice late
01/2/26,Sales,Sales commission,Payroll,"(6,160)",Check,Alex - FP&A,manual adj,One-off item
01-Jan-26,Revenue,Service,Corp. clients,"(8,863)",Check,Alex - FP&A,late invoice,Ask owner
01-Jan-26,Revenue,Product sales,Retail Customer,"2,062",Pos,M. Chen,needs mapping,Ask owner
25 Mar-26,Marketing,Customer appr.,Gift hamper,"2,301",cash,M. Chen,needs mapping,One-off item
2026-02-26,Mktg,Customer appr.,Amazon gift c.,"(1,447)",ERP,,manual adj,Ask owner
25 Mar-26,Sales,Payroll - sales,Payroll,"3,121",Check,TBD,manual adj,Map to GL 6100
2026-01-25,COGS,Payroll - eng,Payroll,"8,677",cash,TBD,accrual,
01/1/26,Marketing,Customer appr.,Amazon gift c.,827,ERP,Andres,needs mapping,One-off item
01-Jan-26,Revenue,Product sales,Retail Customer,"9,281",cash,Erikfinance ops,posted,Check sign
2026-02-26,Revenue,Subscr. revenue,Corp. clients,"(3,800)",manual Entry,Alex - FP&A,accrual,Timing issue
15 Apr-26,Revenue,Service,Retail Customer,"1,513",cash,Erikfinance ops,manual adj,Check sign
15 Feb-26,Revenue,Revenue,Corp. clients,"2,929",ERP,Andres,Posted,One-off item
01/2/26,Marketing,Paid media,Google / LinkedIn,"7,987",cash,Alex - FP&A,accrual,Ask owner
2026-02-26,R&D,Payroll - eng,Payroll,"(5,222)",Pos,Erikfinance ops,,
01/3/26,Services,Prof services,Implementation clients,"1,640",manual Entry,Erikfinance ops,,Vendor invoice late
2026-03-28,Mktg,Customer appr.,Amazon gift c.,"4,976",Pos,TBD,accrual,Check sign
01/4/26,R&D,AI automation,n8n,"5,549",ERP,Andres,Posted,Check sign
01-Jan-26,G&A,Accounting fees,Jason CPA,"1,465",Pos,Alex - FP&A,needs mapping,Timing issue
01-Jan-26,Marketing,Google Ads,Google / LinkedIn,"9,166",manual Entry,TBD,late invoice,Vendor invoice late
25 Mar-26,COGS,Materials,Electric house,"3,013",ERP,TBD,Posted,Check sign
2026-02-26,Sales,Sales commission,Payroll,214,ERP,,accrual,Vendor invoice late
01/1/26,Revenue,Subscr. revenue,Corp. clients,"(3,720)",Pos,Erikfinance ops,accrual,Map to GL 6100
2026-03-28,COGS,Cloud hosting,AWS / Datadog,"8,459",manual Entry,Andres,manual adj,Check sign
01/4/26,Marketing,Events & webinars,Various,"4,900",ERP,Alex - FP&A,,Map to GL 6100
15 Feb-26,COGS,Cloud hosting,AWS / Datadog,"5,476",cash,Andres,Posted,Timing issue
2026-02-26,Sales,Sales commission,Payroll,"5,042",Pos,TBD,posted,Vendor invoice late
2026-02-26,G&A,Office rent,Landlord,"6,829",Check,M. Chen,needs mapping,Ask owner
2026-02-26,Marketing,Customer appr.,Gift hamper,"2,746",Pos,Alex - FP&A,accrual,Timing issue
2026-02-26,Marketing,Google Ads,Google / LinkedIn,"6,914",Check,TBD,accrual,Check sign
2026-03-28,G&A,Accounting fees,Brandon,"1,311",ERP,,posted,Check sign
01/3/26,Sales,CRM / RevOps tools,Salesforce / Outreach,"(5,063)",cash,,manual adj,Vendor invoice late
01-Jan-26,R&D,AI automation,n8n,"(1,744)",Check,,,Map to GL 6100
2026-02-26,R&D,AI automation,n8n,"2,316",Check,Alex - FP&A,accrual,Timing issue
15 Feb-26,Marketing,Google Ads,Google / LinkedIn,"6,111",Check,Andres,late invoice,Map to GL 6100
01/3/26,COGS,Materials,Electric house,"9,409",Check,Alex - FP&A,,Map to GL 6100
25 Mar-26,R&D,Payroll - eng,Payroll,"(8,710)",cash,Erikfinance ops,late invoice,Timing issue
01/2/26,Marketing,Google Ads,Google / LinkedIn,"8,267",cash,Alex - FP&A,,Map to GL 6100
2026-01-25,COGS,Cloud hosting,AWS / Datadog,(149),Pos,Andres,manual adj,Check sign
2026-03-28,Marketing,Customer appr.,Soccer Ticket,602,cash,M. Chen,posted,Timing issue
01/2/26,COGS,Payroll - eng,Payroll,"(4,157)",ERP,TBD,Posted,One-off item
2026-03-28,Marketing,Google Ads,Google / LinkedIn,"1,827",manual Entry,Erikfinance ops,late invoice,One-off item
01/4/26,Services,Prof services,Implementation clients,"7,893",Check,,accrual,Timing issue
01/4/26,COGS,Materials,Home Depot,"7,144",Pos,,,Vendor invoice late
15 Feb-26,COGS,Materials,Walmart,"(3,526)",Pos,M. Chen,manual adj,Check sign
01/1/26,COGS,Cloud hosting,AWS / Datadog,"2,190",ERP,Erikfinance ops,needs mapping,Timing issue
15 Apr-26,R&D,Cloud hosting,AWS / Datadog,"(1,436)",cash,Andres,accrual,
2026-04-01,Revenue,Subscr. revenue,Retail Customer,"(7,289)",Check,,late invoice,Timing issue
2026-04-01,Revenue,Product sales,Retail Customer,"9,201",cash,TBD,,One-off item
01/4/26,COGS,Payroll - eng,Payroll,"7,828",Pos,,accrual,Vendor invoice late
01/2/26,Services,Prof services,Implementation clients,(193),Pos,,late invoice,One-off item
01/1/26,Sales,CRM / RevOps tools,Salesforce / Outreach,"9,372",cash,Andres,needs mapping,Map to GL 6100
01/1/26,COGS,Payroll - eng,Payroll,"9,916",Pos,M. Chen,manual adj,One-off item
01-Jan-26,G&A,Legal fees,Europa Law firm,"7,123",Check,Erikfinance ops,,Timing issue
15 Feb-26,Mktg,Paid media,Google / LinkedIn,(327),Check,M. Chen,manual adj,
01/4/26,Marketing,Paid media,Google / LinkedIn,539,Check,Erikfinance ops,accrual,Ask owner
2026-03-28,R&D,Cloud hosting,AWS / Datadog,"2,743",manual Entry,Alex - FP&A,manual adj,
01/1/26,Revenue,Subscr. revenue,Retail Customer,"7,026",cash,Erikfinance ops,posted,Check sign
01/4/26,COGS,Materials,Electric house,"3,387",manual Entry,,manual adj,Timing issue
01-Jan-26,Services,Prof services,Implementation clients,588,Check,TBD,posted,Check sign
15 Apr-26,COGS,Cloud hosting,AWS / Datadog,"9,864",ERP,Alex - FP&A,Posted,Vendor invoice late
15 Feb-26,G&A,Accounting fees,Jason CPA,"2,016",Check,Erikfinance ops,posted,One-off item
2026-04-01,COGS,Payroll - eng,Payroll,"1,883",ERP,Erikfinance ops,manual adj,Map to GL 6100
2026-01-25,G&A,Legal fees,Buchalter,"9,404",manual Entry,Andres,posted,One-off item
01/3/26,G&A,Legal fees,Europa Law firm,"9,729",manual Entry,Alex - FP&A,accrual,One-off item
2026-02-26,Sales,CRM / RevOps tools,Salesforce / Outreach,"5,322",ERP,Andres,,
2026-01-25,Mktg,Customer appr.,Soccer Ticket,"9,692",ERP,,late invoice,One-off item
15 Apr-26,R&D,AI automation,n8n,"3,786",Check,,late invoice,One-off item
2026-02-26,G&A,Office rent,Landlord,"6,258",Pos,TBD,late invoice,Ask owner
2026-01-25,R&D,Payroll - eng,Payroll,"4,564",Check,TBD,accrual,Timing issue
01/2/26,R&D,AI automation,n8n,"3,000",cash,Andres,Posted,Check sign
2026-03-28,R&D,AI automation,n8n,"(9,512)",manual Entry,M. Chen,needs mapping,Timing issue
01/2/26,Marketing,Customer appr.,Amazon gift c.,342,manual Entry,Erikfinance ops,late invoice,Check sign
2026-03-28,Mktg,Events & webinars,Various,(993),Check,Alex - FP&A,late invoice,Check sign
01/1/26,R&D,Payroll - eng,Payroll,"(3,943)",manual Entry,Alex - FP&A,posted,Vendor invoice late
01/3/26,G&A,Legal fees,Buchalter,"5,243",cash,Alex - FP&A,accrual,Check sign
01/1/26,Revenue,Subscr. revenue,Retail Customer,126,manual Entry,M. Chen,manual adj,Vendor invoice late
01/3/26,COGS,Payroll - eng,Payroll,"1,897",Check,Alex - FP&A,manual adj,Timing issue
25 Mar-26,Services,Support tools,Zendesk / Gainsight,"5,770",manual Entry,Andres,accrual,Ask owner
01/3/26,R&D,AI automation,n8n,"5,713",Check,,posted,Check sign
01/2/26,Revenue,Product sales,Corp. clients,978,Pos,Erikfinance ops,late invoice,Map to GL 6100
2026-04-01,R&D,Cloud hosting,AWS / Datadog,"8,441",cash,TBD,accrual,Ask owner
15 Apr-26,G&A,Legal fees,Buchalter,"(5,394)",ERP,TBD,late invoice,
2026-02-26,Sales,CRM / RevOps tools,Salesforce / Outreach,"(4,354)",Pos,M. Chen,,Ask owner
01/3/26,Marketing,Customer appr.,Soccer Ticket,"2,722",ERP,Andres,posted,One-off item
15 Feb-26,Marketing,Google Ads,Google / LinkedIn,"2,844",Check,TBD,accrual,Check sign
2026-01-25,COGS,Payroll - eng,Payroll,"1,594",ERP,TBD,posted,
01/3/26,Revenue,Revenue,Retail Customer,"7,126",ERP,Andres,manual adj,Check sign
2026-01-25,Sales,Sales commission,Payroll,"3,183",ERP,Andres,posted,Check sign
2026-03-28,COGS,Materials,Johnsons Supply,"4,384",ERP,Erikfinance ops,Posted,Vendor invoice late
01/4/26,R&D,Cloud hosting,AWS / Datadog,"9,709",manual Entry,Alex - FP&A,needs mapping,One-off item
01/3/26,Revenue,Product sales,Corp. clients,"8,013",manual Entry,,,Check sign
2026-03-28,Services,Support tools,Zendesk / Gainsight,"5,884",Pos,Erikfinance ops,Posted,Vendor invoice late
15 Feb-26,COGS,Materials,Electric house,"4,424",Pos,TBD,,Check sign
01/3/26,Services,Prof services,Implementation clients,"9,521",ERP,Erikfinance ops,late invoice,Timing issue
2026-02-26,R&D,Cloud hosting,AWS / Datadog,130,manual Entry,Andres,needs mapping,Timing issue
01/2/26,Services,Prof services,Implementation clients,"4,390",Check,Andres,needs mapping,Vendor invoice late
15 Feb-26,Sales,Sales commission,Payroll,"(5,288)",ERP,Andres,Posted,Timing issue
25 Mar-26,Mktg,Paid media,Google / LinkedIn,"7,241",ERP,Andres,,Map to GL 6100
01/4/26,Revenue,Subscr. revenue,Corp. clients,"(9,880)",Check,Erikfinance ops,Posted,
01-Jan-26,Mktg,Paid media,Google / LinkedIn,"4,994",Pos,Alex - FP&A,manual adj,Timing issue
01-Jan-26,G&A,Office rent,Landlord,"1,615",cash,Erikfinance ops,accrual,One-off item
01-Jan-26,COGS,Payroll - eng,Payroll,30,ERP,TBD,posted,
15 Apr-26,Sales,CRM / RevOps tools,Salesforce / Outreach,"1,008",ERP,TBD,manual adj,
2026-03-28,COGS,Payroll - eng,Payroll,"3,219",Check,M. Chen,needs mapping,Timing issue
01/1/26,COGS,Cloud hosting,AWS / Datadog,"9,653",cash,M. Chen,manual adj,Timing issue
01/2/26,Services,Prof services,Implementation clients,"9,909",cash,Erikfinance ops,accrual,One-off item
2026-01-25,COGS,Payroll - eng,Payroll,"3,054",ERP,M. Chen,posted,Ask owner
2026-02-26,Revenue,Revenue,Corp. clients,"3,906",Pos,M. Chen,posted,Vendor invoice late
01/3/26,R&D,AI automation,n8n,"1,962",Pos,Andres,late invoice,Ask owner
01/2/26,Mktg,Events & webinars,Various,(840),ERP,Erikfinance ops,,Map to GL 6100
2026-01-25,G&A,Office rent,Landlord,"4,450",manual Entry,Alex - FP&A,Posted,
2026-03-28,Services,Support tools,Zendesk / Gainsight,"(8,912)",cash,Erikfinance ops,,Check sign
01/2/26,COGS,Payroll - eng,Payroll,"1,660",manual Entry,Andres,Posted,Check sign
15 Apr-26,Marketing,Customer appr.,Soccer Ticket,"3,062",manual Entry,,accrual,Timing issue
15 Apr-26,G&A,Accounting fees,Brandon,"2,734",ERP,Erikfinance ops,accrual,Ask owner
15 Feb-26,R&D,Cloud hosting,AWS / Datadog,"1,261",Check,,posted,Check sign
25 Mar-26,COGS,Payroll - eng,Payroll,727,manual Entry,Alex - FP&A,late invoice,Ask owner
2026-02-26,G&A,Legal fees,Buchalter,"6,089",ERP,Alex - FP&A,accrual,Timing issue
01-Jan-26,G&A,Accounting fees,Jason CPA,"8,759",manual Entry,M. Chen,Posted,Check sign
2026-01-25,Mktg,Paid media,Google / LinkedIn,"5,702",manual Entry,,posted,
15 Apr-26,Marketing,Customer appr.,Amazon gift c.,"7,859",Pos,M. Chen,posted,
25 Mar-26,Sales,CRM / RevOps tools,Salesforce / Outreach,"5,608",Check,Andres,late invoice,Timing issue
15 Feb-26,Mktg,Customer appr.,Amazon gift c.,624,cash,Alex - FP&A,late invoice,Check sign
25 Mar-26,R&D,Cloud hosting,AWS / Datadog,"(3,010)",manual Entry,Alex - FP&A,posted,One-off item
2026-02-26,COGS,Cloud hosting,AWS / Datadog,"(2,949)",Pos,,,Vendor invoice late
2026-02-26,Mktg,Events & webinars,Various,"4,497",manual Entry,Erikfinance ops,,Map to GL 6100
15 Feb-26,COGS,Payroll - eng,Payroll,"9,525",cash,,manual adj,
2026-03-28,R&D,AI automation,n8n,"8,060",manual Entry,Andres,manual adj,
15 Apr-26,Services,Prof services,Implementation clients,"(1,554)",manual Entry,M. Chen,,
01/2/26,Mktg,Events & webinars,Various,"5,039",manual Entry,Andres,Posted,One-off item
01/2/26,Mktg,Events & webinars,Various,"7,495",Check,Alex - FP&A,accrual,Check sign
01/4/26,G&A,Accounting fees,Jason CPA,"9,106",ERP,Erikfinance ops,accrual,Check sign
01/2/26,Services,Support tools,Zendesk / Gainsight,"(2,806)",cash,Andres,needs mapping,Vendor invoice late
01/3/26,Marketing,Events & webinars,Various,"4,317",Pos,Alex - FP&A,Posted,Map to GL 6100
15 Feb-26,Services,Support tools,Zendesk / Gainsight,"(4,552)",Pos,Andres,needs mapping,Vendor invoice late
2026-02-26,Sales,Payroll - sales,Payroll,"3,903",Check,Erikfinance ops,Posted,Timing issue
01/1/26,Mktg,Events & webinars,Various,"(4,899)",manual Entry,,late invoice,Vendor invoice late
01/1/26,Marketing,Customer appr.,Soccer Ticket,"4,302",Check,Andres,manual adj,Check sign
01/1/26,Mktg,Customer appr.,Amazon gift c.,"4,207",Pos,Alex - FP&A,accrual,One-off item
25 Mar-26,COGS,Payroll - eng,Payroll,"4,837",manual Entry,Andres,posted,Ask owner
2026-01-25,Marketing,Google Ads,Google / LinkedIn,"3,111",Check,Erikfinance ops,manual adj,Check sign
15 Apr-26,Mktg,Customer appr.,Gift hamper,"(8,124)",manual Entry,,accrual,Vendor invoice late
25 Mar-26,Services,Support tools,Zendesk / Gainsight,368,Pos,TBD,manual adj,Check sign
01/1/26,Mktg,Customer appr.,Amazon gift c.,"(7,962)",Pos,Andres,posted,One-off item
01/3/26,G&A,Legal fees,Buchalter,"3,502",Check,Andres,posted,One-off item
2026-02-26,Marketing,Customer appr.,Gift hamper,"7,442",Check,Erikfinance ops,late invoice,Check sign
25 Mar-26,COGS,Cloud hosting,AWS / Datadog,"8,287",cash,Alex - FP&A,posted,Map to GL 6100
01-Jan-26,Mktg,Customer appr.,Soccer Ticket,953,Check,Erikfinance ops,manual adj,Ask owner
01/1/26,Mktg,Paid media,Google / LinkedIn,"9,592",manual Entry,Andres,late invoice,Timing issue
2026-01-25,Revenue,Subscr. revenue,Retail Customer,"7,945",Pos,Erikfinance ops,Posted,Map to GL 6100
01/4/26,Revenue,Revenue,Retail Customer,"6,860",ERP,Alex - FP&A,needs mapping,One-off item
2026-04-01,Services,Support tools,Zendesk / Gainsight,"(5,128)",cash,,manual adj,Ask owner
2026-01-25,Revenue,Revenue,Corp. clients,"2,284",ERP,Erikfinance ops,accrual,Timing issue
25 Mar-26,Mktg,Paid media,Google / LinkedIn,"(2,331)",Pos,,accrual,Map to GL 6100
2026-03-28,COGS,Materials,Home Depot,"2,923",ERP,TBD,needs mapping,Ask owner
01/2/26,COGS,Payroll - eng,Payroll,"6,876",cash,Andres,accrual,Check sign
01-Jan-26,Services,Prof services,Implementation clients,"3,977",cash,Andres,Posted,Map to GL 6100
01/4/26,Marketing,Customer appr.,Amazon gift c.,"2,638",cash,TBD,needs mapping,One-off item
2026-01-25,Services,Support tools,Zendesk / Gainsight,"1,277",Pos,Andres,,Map to GL 6100
2026-01-25,G&A,Office rent,Landlord,"(8,812)",manual Entry,,posted,Vendor invoice late
01/3/26,Sales,CRM / RevOps tools,Salesforce / Outreach,67,manual Entry,Alex - FP&A,Posted,Map to GL 6100
2026-02-26,R&D,AI automation,n8n,"4,383",cash,,posted,Map to GL 6100
2026-02-26,Sales,Payroll - sales,Payroll,"2,769",Pos,Andres,late invoice,Vendor invoice late
2026-01-25,G&A,Accounting fees,Jason CPA,"9,801",cash,Erikfinance ops,manual adj,Timing issue
2026-01-25,Mktg,Paid media,Google / LinkedIn,"1,380",cash,M. Chen,late invoice,Check sign
01/2/26,Sales,Payroll - sales,Payroll,"3,027",Check,M. Chen,Posted,One-off item
01-Jan-26,Mktg,Paid media,Google / LinkedIn,"3,459",Check,TBD,posted,Vendor invoice late
2026-01-25,G&A,Office rent,Landlord,"4,160",manual Entry,M. Chen,Posted,One-off item
2026-03-28,Mktg,Paid media,Google / LinkedIn,"2,369",manual Entry,Alex - FP&A,late invoice,Vendor invoice late
2026-03-28,Mktg,Events & webinars,Various,(186),Check,M. Chen,late invoice,Check sign
2026-03-28,Sales,Sales commission,Payroll,832,cash,TBD,late invoice,Map to GL 6100
01/4/26,Services,Support tools,Zendesk / Gainsight,"7,272",cash,,needs mapping,Map to GL 6100
2026-03-28,G&A,Office rent,Landlord,"2,101",manual Entry,,,Vendor invoice late
15 Apr-26,Revenue,Service,Corp. clients,"6,132",Pos,,Posted,Vendor invoice late
2026-01-25,Revenue,Product sales,Corp. clients,"7,035",ERP,Erikfinance ops,accrual,Ask owner
15 Apr-26,G&A,Accounting fees,Jason CPA,"4,956",Check,M. Chen,posted,Vendor invoice late
2026-02-26,G&A,Accounting fees,Jason CPA,"(6,162)",manual Entry,,,Timing issue
2026-02-26,COGS,Payroll - eng,Payroll,"5,665",Pos,,manual adj,Timing issue
15 Feb-26,Mktg,Paid media,Google / LinkedIn,713,ERP,M. Chen,accrual,Map to GL 6100
01-Jan-26,Services,Support tools,Zendesk / Gainsight,"6,182",manual Entry,Alex - FP&A,needs mapping,One-off item
2026-01-25,R&D,Cloud hosting,AWS / Datadog,"5,566",ERP,Alex - FP&A,needs mapping,Map to GL 6100
01-Jan-26,Sales,Payroll - sales,Payroll,"(8,704)",manual Entry,Alex - FP&A,,Map to GL 6100
2026-03-28,Marketing,Google Ads,Google / LinkedIn,179,ERP,TBD,late invoice,
01-Jan-26,R&D,Payroll - eng,Payroll,"(6,654)",Pos,Alex - FP&A,manual adj,
01/3/26,Services,Prof services,Implementation clients,"(3,953)",cash,,posted,Ask owner
01-Jan-26,Sales,CRM / RevOps tools,Salesforce / Outreach,"6,012",Pos,Andres,accrual,Ask owner
01/1/26,Services,Prof services,Implementation clients,(244),cash,Andres,accrual,Ask owner
2026-03-28,Sales,Sales commission,Payroll,"7,651",ERP,TBD,manual adj,One-off item
25 Mar-26,Revenue,Service,Retail Customer,"9,430",Pos,Andres,late invoice,Map to GL 6100
2026-04-01,Marketing,Paid media,Google / LinkedIn,"5,557",cash,Andres,manual adj,Map to GL 6100
2026-03-28,R&D,Payroll - eng,Payroll,"4,560",cash,TBD,needs mapping,Vendor invoice late
2026-01-25,R&D,AI automation,n8n,"(1,882)",manual Entry,TBD,,Ask owner
01-Jan-26,Marketing,Events & webinars,Various,"8,313",Check,Andres,posted,Timing issue
15 Apr-26,Services,Support tools,Zendesk / Gainsight,"8,359",ERP,Alex - FP&A,late invoice,Map to GL 6100
01/3/26,Sales,CRM / RevOps tools,Salesforce / Outreach,"5,079",manual Entry,Alex - FP&A,accrual,Check sign
01/3/26,Marketing,Customer appr.,Gift hamper,"2,404",ERP,Alex - FP&A,accrual,Timing issue
15 Feb-26,Marketing,Paid media,Google / LinkedIn,"3,653",Check,M. Chen,Posted,
01/1/26,R&D,AI automation,n8n,"2,404",ERP,,needs mapping,Check sign
01/1/26,COGS,Materials,Johnsons Supply,"2,807",Check,Erikfinance ops,accrual,One-off item
01/2/26,Marketing,Customer appr.,Amazon gift c.,"7,097",cash,Erikfinance ops,accrual,Timing issue
01/2/26,Revenue,Subscr. revenue,Retail Customer,"3,343",manual Entry,M. Chen,manual adj,Vendor invoice late
15 Apr-26,Revenue,Product sales,Corp. clients,"7,283",Pos,Andres,needs mapping,One-off item
01/3/26,Mktg,Events & webinars,Various,"7,164",ERP,M. Chen,accrual,Timing issue
15 Feb-26,Marketing,Google Ads,Google / LinkedIn,"6,543",cash,Alex - FP&A,manual adj,
2026-02-26,R&D,Cloud hosting,AWS / Datadog,"8,124",ERP,Andres,posted,One-off item
01/3/26,Revenue,Service,Retail Customer,"5,674",Check,Erikfinance ops,manual adj,Check sign
2026-02-26,Mktg,Paid media,Google / LinkedIn,"7,613",manual Entry,Erikfinance ops,manual adj,Vendor invoice late
15 Feb-26,Mktg,Events & webinars,Various,"7,972",Check,,Posted,Check sign
2026-02-26,Services,Support tools,Zendesk / Gainsight,"(3,879)",Pos,,needs mapping,Timing issue
01/3/26,Marketing,Events & webinars,Various,"9,378",manual Entry,M. Chen,late invoice,Check sign
2026-01-25,Sales,Payroll - sales,Payroll,"(7,147)",cash,TBD,manual adj,Check sign
01/3/26,Revenue,Product sales,Retail Customer,93,ERP,,posted,Ask owner
25 Mar-26,G&A,Accounting fees,Brandon,"(8,333)",ERP,Erikfinance ops,needs mapping,Timing issue
2026-03-28,COGS,Materials,Walmart,310,Check,Erikfinance ops,manual adj,Timing issue
25 Mar-26,Sales,CRM / RevOps tools,Salesforce / Outreach,"6,137",ERP,,Posted,Vendor invoice late
01-Jan-26,Mktg,Events & webinars,Various,"(9,339)",manual Entry,TBD,manual adj,Ask owner
2026-01-25,Sales,Payroll - sales,Payroll,"(1,991)",Pos,Alex - FP&A,manual adj,One-off item
01/4/26,Revenue,Revenue,Corp. clients,"(4,511)",cash,Alex - FP&A,Posted,
01/1/26,Services,Support tools,Zendesk / Gainsight,"(5,633)",cash,M. Chen,accrual,Timing issue
2026-04-01,Sales,Payroll - sales,Payroll,"6,921",manual Entry,Alex - FP&A,late invoice,Vendor invoice late
01/3/26,COGS,Materials,Home Depot,"4,844",Pos,Alex - FP&A,accrual,Timing issue
01/4/26,Services,Prof services,Implementation clients,"9,712",manual Entry,Erikfinance ops,late invoice,
25 Mar-26,Services,Support tools,Zendesk / Gainsight,"7,446",ERP,M. Chen,manual adj,One-off item
25 Mar-26,Sales,Payroll - sales,Payroll,"2,203",manual Entry,M. Chen,posted,One-off item
2026-02-26,Revenue,Product sales,Retail Customer,"4,168",ERP,Alex - FP&A,Posted,Map to GL 6100
01/4/26,R&D,AI automation,n8n,"6,273",cash,Alex - FP&A,needs mapping,Vendor invoice late
01/2/26,Revenue,Product sales,Retail Customer,"2,693",Pos,Erikfinance ops,needs mapping,
25 Mar-26,Mktg,Events & webinars,Various,"8,549",Check,,late invoice,Timing issue
01/4/26,R&D,Payroll - eng,Payroll,"8,742",Pos,Alex - FP&A,needs mapping,Timing issue
15 Feb-26,Marketing,Customer appr.,Amazon gift c.,"6,425",Pos,,manual adj,Map to GL 6100
15 Feb-26,G&A,Office rent,Landlord,"2,941",manual Entry,TBD,,Map to GL 6100
01/3/26,R&D,AI automation,n8n,"4,832",manual Entry,TBD,manual adj,One-off item
25 Mar-26,G&A,Office rent,Landlord,"2,680",Pos,,Posted,Vendor invoice late
2026-03-28,Revenue,Service,Retail Customer,"1,388",Pos,,,Map to GL 6100
01-Jan-26,Services,Support tools,Zendesk / Gainsight,"3,669",cash,Andres,posted,Map to GL 6100
01/1/26,Services,Support tools,Zendesk / Gainsight,"(7,995)",cash,,,Check sign
2026-03-28,Revenue,Product sales,Corp. clients,"3,679",Pos,,posted,
2026-03-28,COGS,Cloud hosting,AWS / Datadog,"3,992",cash,Andres,late invoice,Timing issue
01/3/26,Marketing,Paid media,Google / LinkedIn,"6,347",manual Entry,,Posted,
2026-01-25,Marketing,Customer appr.,Gift hamper,"(6,479)",ERP,Erikfinance ops,needs mapping,Map to GL 6100
01-Jan-26,R&D,AI automation,n8n,"2,559",Pos,Andres,needs mapping,Ask owner
01/2/26,Sales,CRM / RevOps tools,Salesforce / Outreach,"6,459",Pos,M. Chen,,Vendor invoice late
2026-03-28,Marketing,Customer appr.,Amazon gift c.,"7,003",cash,,Posted,One-off item
01/1/26,COGS,Cloud hosting,AWS / Datadog,"(8,791)",Pos,Alex - FP&A,Posted,Map to GL 6100
01/3/26,Revenue,Revenue,Corp. clients,"(7,025)",cash,Alex - FP&A,accrual,
2026-03-28,Sales,Payroll - sales,Payroll,"2,902",manual Entry,Erikfinance ops,Posted,Ask owner
01/4/26,Mktg,Paid media,Google / LinkedIn,"2,656",manual Entry,TBD,manual adj,Ask owner
01/3/26,Sales,Payroll - sales,Payroll,"2,666",Check,Alex - FP&A,late invoice,
2026-02-26,Revenue,Product sales,Corp. clients,746,Pos,TBD,accrual,Map to GL 6100
01/4/26,Services,Support tools,Zendesk / Gainsight,916,ERP,Erikfinance ops,late invoice,Check sign
15 Feb-26,COGS,Payroll - eng,Payroll,"9,827",Check,M. Chen,accrual,Vendor invoice late
2026-04-01,COGS,Payroll - eng,Payroll,"(6,335)",manual Entry,,accrual,Check sign
01/4/26,Sales,Payroll - sales,Payroll,"(4,743)",Pos,M. Chen,,Map to GL 6100
01/4/26,Revenue,Revenue,Retail Customer,"5,721",cash,,accrual,Map to GL 6100
2026-01-25,Revenue,Revenue,Corp. clients,"8,208",ERP,,accrual,Timing issue
01/2/26,Mktg,Paid media,Google / LinkedIn,"4,413",ERP,Erikfinance ops,accrual,Timing issue
15 Feb-26,Sales,CRM / RevOps tools,Salesforce / Outreach,"1,012",Check,,posted,Ask owner
01/3/26,G&A,Office rent,Landlord,"5,943",ERP,Erikfinance ops,Posted,Map to GL 6100
2026-01-25,G&A,Legal fees,Buchalter,"(4,254)",ERP,M. Chen,accrual,One-off item
01/4/26,Services,Support tools,Zendesk / Gainsight,"8,064",ERP,,manual adj,
2026-02-26,Services,Support tools,Zendesk / Gainsight,"3,952",cash,,accrual,
01/2/26,Mktg,Events & webinars,Various,"1,543",Check,M. Chen,late invoice,Check sign
15 Feb-26,Mktg,Paid media,Google / LinkedIn,"8,933",manual Entry,Andres,,Timing issue
01/1/26,Services,Support tools,Zendesk / Gainsight,"(6,072)",ERP,,needs mapping,Ask owner
01/4/26,Marketing,Events & webinars,Various,"2,104",Check,,accrual,Ask owner
2026-03-28,Revenue,Service,Retail Customer,(615),Check,Alex - FP&A,needs mapping,Vendor invoice late
15 Feb-26,Revenue,Subscr. revenue,Corp. clients,"8,331",manual Entry,Alex - FP&A,late invoice,Vendor invoice late
2026-03-28,Services,Support tools,Zendesk / Gainsight,"7,735",Pos,Erikfinance ops,Posted,Timing issue
15 Apr-26,Mktg,Customer appr.,Amazon gift c.,"7,027",Pos,M. Chen,late invoice,Timing issue
2026-03-28,COGS,Cloud hosting,AWS / Datadog,"7,104",Pos,M. Chen,Posted,Vendor invoice late
15 Feb-26,Revenue,Subscr. revenue,Corp. clients,"6,746",manual Entry,Alex - FP&A,late invoice,Check sign
25 Mar-26,Mktg,Paid media,Google / LinkedIn,"3,226",Pos,Erikfinance ops,manual adj,Map to GL 6100
01-Jan-26,G&A,Accounting fees,Brandon,"8,383",Check,,,Check sign
15 Feb-26,Services,Prof services,Implementation clients,"2,344",Check,Alex - FP&A,needs mapping,Timing issue
01/2/26,Revenue,Service,Retail Customer,"8,717",manual Entry,Andres,accrual,Map to GL 6100
01-Jan-26,Revenue,Product sales,Corp. clients,"8,174",ERP,Erikfinance ops,needs mapping,Map to GL 6100
01/1/26,COGS,Materials,Electric house,"6,952",Pos,M. Chen,late invoice,Map to GL 6100
2026-02-26,Services,Support tools,Zendesk / Gainsight,"4,368",cash,Erikfinance ops,accrual,Ask owner
25 Mar-26,Revenue,Product sales,Retail Customer,"6,211",cash,TBD,manual adj,Timing issue
01/2/26,Mktg,Customer appr.,Gift hamper,"4,117",Check,M. Chen,posted,Check sign
2026-04-01,R&D,Cloud hosting,AWS / Datadog,"4,518",cash,,manual adj,Vendor invoice late
2026-02-26,R&D,Cloud hosting,AWS / Datadog,"2,529",manual Entry,Alex - FP&A,Posted,Ask owner
2026-01-25,G&A,Office rent,Landlord,"3,923",ERP,M. Chen,Posted,Ask owner
01/2/26,G&A,Legal fees,Europa Law firm,"(8,172)",cash,,needs mapping,Timing issue
01-Jan-26,Sales,Sales commission,Payroll,"(7,759)",manual Entry,Alex - FP&A,posted,One-off item
2026-04-01,Sales,CRM / RevOps tools,Salesforce / Outreach,"8,452",Pos,Andres,accrual,Vendor invoice late
2026-01-25,R&D,AI automation,n8n,"2,252",Pos,,,Check sign
01/3/26,Services,Prof services,Implementation clients,"5,071",manual Entry,Andres,late invoice,Ask owner
01/2/26,Marketing,Paid media,Google / LinkedIn,"8,449",manual Entry,,Posted,Check sign
2026-04-01,Sales,Sales commission,Payroll,"8,872",ERP,Alex - FP&A,Posted,Check sign
2026-04-01,Revenue,Service,Retail Customer,"8,907",manual Entry,M. Chen,accrual,
15 Apr-26,COGS,Cloud hosting,AWS / Datadog,"(1,591)",Pos,Alex - FP&A,late invoice,One-off item
01/3/26,Sales,Payroll - sales,Payroll,"6,708",Pos,TBD,,Vendor invoice late
2026-02-26,Services,Support tools,Zendesk / Gainsight,"3,071",Check,M. Chen,needs mapping,Check sign
01/2/26,R&D,Cloud hosting,AWS / Datadog,"6,288",cash,Erikfinance ops,Posted,Map to GL 6100
15 Apr-26,COGS,Payroll - eng,Payroll,"5,284",manual Entry,Alex - FP&A,Posted,Check sign
01/1/26,R&D,AI automation,n8n,"3,494",cash,Erikfinance ops,accrual,Ask owner
01/1/26,Revenue,Subscr. revenue,Retail Customer,"3,583",cash,Alex - FP&A,manual adj,
2026-03-28,Sales,Payroll - sales,Payroll,"8,866",Pos,Erikfinance ops,manual adj,Check sign
2026-02-26,Marketing,Customer appr.,Soccer Ticket,"5,174",manual Entry,Erikfinance ops,manual adj,
01/2/26,Marketing,Google Ads,Google / LinkedIn,"5,198",manual Entry,Alex - FP&A,late invoice,One-off item
2026-04-01,G&A,Office rent,Landlord,"(9,816)",Check,,needs mapping,Check sign
2026-04-01,COGS,Materials,Johnsons Supply,"(3,826)",Pos,Alex - FP&A,manual adj,Vendor invoice late
15 Feb-26,Sales,CRM / RevOps tools,Salesforce / Outreach,"4,633",manual Entry,,needs mapping,Vendor invoice late
01/3/26,G&A,Accounting fees,Brandon,104,cash,Alex - FP&A,late invoice,Timing issue
01/2/26,Marketing,Customer appr.,Gift hamper,"8,688",manual Entry,,late invoice,One-off item
01/1/26,G&A,Office rent,Landlord,"(9,859)",manual Entry,TBD,accrual,Timing issue
15 Feb-26,COGS,Payroll - eng,Payroll,"7,791",Pos,Alex - FP&A,accrual,One-off item
2026-03-28,Marketing,Customer appr.,Soccer Ticket,"3,952",cash,Erikfinance ops,Posted,Check sign
2026-03-28,Marketing,Google Ads,Google / LinkedIn,134,cash,Alex - FP&A,needs mapping,
2026-01-25,R&D,Payroll - eng,Payroll,"3,946",manual Entry,Erikfinance ops,posted,Ask owner
2026-04-01,Mktg,Paid media,Google / LinkedIn,"7,504",cash,M. Chen,accrual,Ask owner
01/2/26,Services,Support tools,Zendesk / Gainsight,"3,797",Check,Andres,needs mapping,Ask owner
01/3/26,Sales,CRM / RevOps tools,Salesforce / Outreach,"(2,500)",cash,TBD,,
2026-02-26,Sales,Sales commission,Payroll,"2,254",Pos,Andres,posted,
01/1/26,G&A,Office rent,Landlord,"6,603",ERP,TBD,accrual,Check sign
2026-03-28,Mktg,Paid media,Google / LinkedIn,"5,454",ERP,TBD,accrual,Ask owner
2026-02-26,G&A,Accounting fees,Brandon,"1,402",ERP,M. Chen,accrual,Timing issue
15 Apr-26,Sales,Payroll - sales,Payroll,874,Check,Andres,late invoice,
2026-02-26,COGS,Materials,Electric house,"9,454",Check,Erikfinance ops,posted,Timing issue
15 Feb-26,Mktg,Paid media,Google / LinkedIn,"5,920",ERP,TBD,,One-off item
2026-03-28,Revenue,Revenue,Corp. clients,"9,525",manual Entry,Alex - FP&A,manual adj,One-off item
2026-03-28,COGS,Materials,Home Depot,"1,456",cash,M. Chen,needs mapping,
01/1/26,Mktg,Events & webinars,Various,"(2,979)",manual Entry,M. Chen,,One-off item
01/2/26,Services,Prof services,Implementation clients,"7,586",cash,Alex - FP&A,manual adj,Vendor invoice late
2026-03-28,Mktg,Customer appr.,Amazon gift c.,"(9,913)",manual Entry,TBD,late invoice,Timing issue
2026-04-01,Mktg,Paid media,Google / LinkedIn,563,manual Entry,Alex - FP&A,manual adj,Vendor invoice late
01/3/26,G&A,Legal fees,Buchalter,"4,990",Pos,,posted,
2026-02-26,COGS,Materials,Johnsons Supply,464,manual Entry,,manual adj,Ask owner
01/1/26,Services,Prof services,Implementation clients,"8,686",Pos,Alex - FP&A,manual adj,One-off item
2026-02-26,Mktg,Paid media,Google / LinkedIn,"9,954",cash,,accrual,Check sign
25 Mar-26,Mktg,Customer appr.,Amazon gift c.,"1,766",ERP,Alex - FP&A,Posted,Vendor invoice late
01-Jan-26,Mktg,Events & webinars,Various,"5,021",Check,Alex - FP&A,Posted,
15 Apr-26,Revenue,Product sales,Retail Customer,"4,069",Check,,late invoice,Map to GL 6100
01-Jan-26,Marketing,Events & webinars,Various,"4,357",Check,Andres,posted,Ask owner
01-Jan-26,Revenue,Service,Corp. clients,"4,109",manual Entry,Erikfinance ops,,Map to GL 6100
01-Jan-26,Mktg,Paid media,Google / LinkedIn,"(4,910)",manual Entry,TBD,manual adj,One-off item
2026-04-01,COGS,Cloud hosting,AWS / Datadog,"(6,626)",manual Entry,,posted,Timing issue
15 Apr-26,COGS,Materials,Electric house,"(1,547)",Pos,Alex - FP&A,late invoice,Timing issue
01/4/26,Services,Prof services,Implementation clients,"(2,309)",manual Entry,TBD,needs mapping,One-off item
01/2/26,COGS,Materials,Johnsons Supply,"6,949",cash,TBD,Posted,Ask owner
01/3/26,Sales,CRM / RevOps tools,Salesforce / Outreach,"9,232",Check,,manual adj,
2026-02-26,Sales,Sales commission,Payroll,"1,676",Pos,Andres,needs mapping,Timing issue
15 Feb-26,Revenue,Product sales,Corp. clients,"6,768",cash,Erikfinance ops,accrual,One-off item
01/3/26,R&D,Payroll - eng,Payroll,"9,433",manual Entry,Erikfinance ops,posted,Vendor invoice late
2026-02-26,Mktg,Events & webinars,Various,971,cash,M. Chen,needs mapping,Timing issue
2026-03-28,COGS,Cloud hosting,AWS / Datadog,"7,474",Pos,Erikfinance ops,late invoice,
01-Jan-26,Mktg,Events & webinars,Various,"2,380",Pos,M. Chen,late invoice,Map to GL 6100
01-Jan-26,R&D,AI automation,n8n,125,ERP,Alex - FP&A,late invoice,Check sign
2026-03-28,Mktg,Events & webinars,Various,"5,908",Check,Erikfinance ops,needs mapping,Map to GL 6100
2026-01-25,Mktg,Paid media,Google / LinkedIn,559,Pos,M. Chen,needs mapping,Ask owner
2026-01-25,Revenue,Product sales,Retail Customer,"3,947",cash,Andres,late invoice,Check sign
01/2/26,Services,Prof services,Implementation clients,"3,769",manual Entry,M. Chen,Posted,
25 Mar-26,COGS,Payroll - eng,Payroll,"(1,201)",ERP,M. Chen,needs mapping,Check sign
01/2/26,Sales,CRM / RevOps tools,Salesforce / Outreach,"(1,504)",Pos,TBD,posted,Check sign
2026-04-01,Services,Support tools,Zendesk / Gainsight,"1,366",manual Entry,Alex - FP&A,posted,
2026-04-01,R&D,AI automation,n8n,"4,486",cash,M. Chen,needs mapping,Timing issue
01-Jan-26,Services,Prof services,Implementation clients,"5,908",manual Entry,Erikfinance ops,posted,Ask owner
15 Apr-26,Revenue,Revenue,Retail Customer,"(3,367)",ERP,,posted,Ask owner
01/1/26,Revenue,Revenue,Retail Customer,"3,400",ERP,,manual adj,Vendor invoice late
01/4/26,Mktg,Events & webinars,Various,"6,144",ERP,,manual adj,
15 Apr-26,Sales,CRM / RevOps tools,Salesforce / Outreach,"(3,610)",manual Entry,M. Chen,accrual,Ask owner
01-Jan-26,Sales,Payroll - sales,Payroll,"1,809",manual Entry,Andres,posted,Map to GL 6100
15 Apr-26,R&D,AI automation,n8n,"4,367",Check,Andres,manual adj,Ask owner
2026-03-28,Services,Prof services,Implementation clients,"5,435",ERP,Alex - FP&A,manual adj,Vendor invoice late
01/1/26,R&D,AI automation,n8n,"1,597",manual Entry,Andres,Posted,
2026-04-01,Mktg,Events & webinars,Various,"(2,731)",cash,Alex - FP&A,needs mapping,Map to GL 6100
01/4/26,Services,Prof services,Implementation clients,"5,070",manual Entry,Alex - FP&A,accrual,Ask owner
01/3/26,Marketing,Customer appr.,Gift hamper,"6,987",manual Entry,Erikfinance ops,manual adj,
2026-04-01,Mktg,Customer appr.,Soccer Ticket,"5,825",Pos,Erikfinance ops,Posted,Map to GL 6100
15 Feb-26,R&D,AI automation,n8n,"(5,507)",manual Entry,TBD,needs mapping,Timing issue
01-Jan-26,COGS,Cloud hosting,AWS / Datadog,496,Pos,Andres,needs mapping,One-off item
01/3/26,Services,Prof services,Implementation clients,"8,812",Pos,Alex - FP&A,Posted,Ask owner
01/2/26,COGS,Cloud hosting,AWS / Datadog,"1,680",ERP,Andres,,Check sign
2026-02-26,Marketing,Events & webinars,Various,"6,143",ERP,Andres,,Map to GL 6100
15 Apr-26,Marketing,Google Ads,Google / LinkedIn,"6,708",manual Entry,M. Chen,manual adj,
2026-02-26,COGS,Materials,Walmart,"5,856",cash,M. Chen,accrual,
01/4/26,G&A,Office rent,Landlord,"7,309",ERP,TBD,Posted,
2026-01-25,Sales,Payroll - sales,Payroll,"8,400",manual Entry,,late invoice,One-off item
2026-01-25,Mktg,Events & webinars,Various,"(7,669)",Check,TBD,posted,Timing issue
2026-02-26,Mktg,Events & webinars,Various,"4,264",manual Entry,,accrual,Ask owner
01/3/26,G&A,Office rent,Landlord,"3,984",Check,Andres,needs mapping,Vendor invoice late
15 Feb-26,Revenue,Service,Corp. clients,"(6,262)",Pos,,Posted,Timing issue
2026-04-01,R&D,Payroll - eng,Payroll,"1,619",cash,M. Chen,accrual,Map to GL 6100
2026-02-26,Mktg,Paid media,Google / LinkedIn,"6,045",Check,Andres,late invoice,One-off item
2026-01-25,Marketing,Google Ads,Google / LinkedIn,"5,673",ERP,Alex - FP&A,needs mapping,Vendor invoice late
15 Apr-26,COGS,Materials,Johnsons Supply,(604),manual Entry,M. Chen,,Ask owner
01/3/26,Revenue,Revenue,Corp. clients,"8,265",Pos,,needs mapping,Vendor invoice late
01/3/26,Mktg,Paid media,Google / LinkedIn,"3,237",Pos,Erikfinance ops,Posted,Ask owner
01/3/26,G&A,Accounting fees,Jason CPA,"(5,832)",manual Entry,Andres,needs mapping,
01-Jan-26,Sales,CRM / RevOps tools,Salesforce / Outreach,"4,393",ERP,Andres,needs mapping,One-off item
01/4/26,COGS,Cloud hosting,AWS / Datadog,"1,922",ERP,TBD,accrual,Vendor invoice late
01/4/26,R&D,Payroll - eng,Payroll,"(7,588)",Pos,M. Chen,accrual,One-off item
2026-01-25,G&A,Legal fees,Buchalter,523,manual Entry,M. Chen,needs mapping,Timing issue
01/3/26,Sales,Sales commission,Payroll,(733),cash,TBD,accrual,Check sign
2026-03-28,Sales,Sales commission,Payroll,"7,131",cash,Alex - FP&A,Posted,Ask owner
15 Apr-26,Sales,Payroll - sales,Payroll,"5,374",manual Entry,,manual adj,Check sign
2026-02-26,R&D,AI automation,n8n,"(7,872)",Check,Andres,posted,One-off item
2026-04-01,COGS,Cloud hosting,AWS / Datadog,"2,557",manual Entry,Alex - FP&A,Posted,Vendor invoice late
15 Apr-26,Services,Support tools,Zendesk / Gainsight,"(2,486)",Check,Andres,manual adj,Ask owner
01/2/26,Sales,CRM / RevOps tools,Salesforce / Outreach,692,ERP,Alex - FP&A,accrual,Vendor invoice late
15 Feb-26,R&D,Payroll - eng,Payroll,"(7,738)",cash,TBD,manual adj,Ask owner
2026-02-26,Revenue,Service,Retail Customer,"6,483",ERP,M. Chen,late invoice,Timing issue
01/2/26,R&D,Cloud hosting,AWS / Datadog,"1,428",Pos,Erikfinance ops,accrual,Timing issue
2026-01-25,Sales,CRM / RevOps tools,Salesforce / Outreach,"1,782",Pos,Erikfinance ops,posted,Vendor invoice late
2026-01-25,R&D,Payroll - eng,Payroll,"9,541",cash,,manual adj,Map to GL 6100
25 Mar-26,Marketing,Paid media,Google / LinkedIn,"1,189",ERP,Alex - FP&A,manual adj,Ask owner
01/3/26,Marketing,Customer appr.,Gift hamper,"1,126",Check,TBD,late invoice,
15 Feb-26,R&D,Payroll - eng,Payroll,"1,925",Pos,Erikfinance ops,accrual,One-off item
01/3/26,R&D,AI automation,n8n,"(3,813)",cash,M. Chen,manual adj,Vendor invoice late
01/2/26,Marketing,Customer appr.,Amazon gift c.,"4,375",Check,Erikfinance ops,late invoice,
01/4/26,G&A,Office rent,Landlord,"7,671",cash,TBD,late invoice,Timing issue
01/1/26,Mktg,Events & webinars,Various,"(8,767)",Check,Alex - FP&A,posted,
25 Mar-26,G&A,Office rent,Landlord,"(9,989)",manual Entry,Alex - FP&A,late invoice,
2026-01-25,Marketing,Events & webinars,Various,"5,275",ERP,Alex - FP&A,posted,
01-Jan-26,Sales,CRM / RevOps tools,Salesforce / Outreach,"(6,907)",Check,Alex - FP&A,accrual,Map to GL 6100
25 Mar-26,R&D,Payroll - eng,Payroll,510,cash,TBD,,Check sign
2026-02-26,Marketing,Customer appr.,Gift hamper,"3,686",Pos,Alex - FP&A,Posted,Timing issue
15 Feb-26,Revenue,Product sales,Retail Customer,"(5,092)",ERP,Alex - FP&A,manual adj,Timing issue
25 Mar-26,Marketing,Paid media,Google / LinkedIn,"2,250",manual Entry,Erikfinance ops,manual adj,Timing issue
2026-04-01,R&D,AI automation,n8n,"1,613",cash,Erikfinance ops,posted,Vendor invoice late
15 Apr-26,Mktg,Events & webinars,Various,"3,278",Pos,Erikfinance ops,needs mapping,Timing issue
01/1/26,Mktg,Customer appr.,Amazon gift c.,"(6,303)",Pos,M. Chen,manual adj,One-off item
2026-02-26,G&A,Accounting fees,Brandon,"5,855",ERP,Alex - FP&A,Posted,Ask owner
15 Apr-26,Mktg,Paid media,Google / LinkedIn,"(6,084)",cash,Erikfinance ops,needs mapping,Timing issue
01/3/26,R&D,Cloud hosting,AWS / Datadog,"(6,448)",Pos,TBD,accrual,Timing issue
15 Apr-26,Marketing,Customer appr.,Amazon gift c.,"(7,255)",ERP,,Posted,
01/1/26,COGS,Cloud hosting,AWS / Datadog,"5,368",ERP,Alex - FP&A,Posted,Map to GL 6100
15 Apr-26,R&D,Payroll - eng,Payroll,549,ERP,Erikfinance ops,,Map to GL 6100
2026-04-01,R&D,Cloud hosting,AWS / Datadog,"4,517",ERP,Alex - FP&A,late invoice,Check sign
2026-02-26,Revenue,Product sales,Corp. clients,"2,546",manual Entry,,,One-off item
2026-04-01,COGS,Materials,Johnsons Supply,(934),Pos,Erikfinance ops,manual adj,One-off item
01/4/26,Services,Support tools,Zendesk / Gainsight,"6,354",cash,Alex - FP&A,manual adj,Check sign
15 Feb-26,Mktg,Customer appr.,Soccer Ticket,757,Pos,TBD,Posted,Ask owner
25 Mar-26,Revenue,Service,Retail Customer,"1,420",Pos,Alex - FP&A,manual adj,Vendor invoice late
01-Jan-26,Sales,Sales commission,Payroll,"2,499",Check,Andres,manual adj,Ask owner
01/1/26,Sales,Sales commission,Payroll,"8,950",ERP,,accrual,Vendor invoice late
2026-03-28,Marketing,Events & webinars,Various,153,cash,Alex - FP&A,manual adj,Check sign
01/3/26,G&A,Office rent,Landlord,"4,263",ERP,Andres,late invoice,Ask owner
15 Feb-26,Revenue,Revenue,Corp. clients,"7,911",manual Entry,M. Chen,Posted,Timing issue
25 Mar-26,COGS,Cloud hosting,AWS / Datadog,"(3,462)",Check,M. Chen,,Map to GL 6100
15 Apr-26,COGS,Cloud hosting,AWS / Datadog,"4,465",ERP,Erikfinance ops,accrual,Ask owner
15 Feb-26,R&D,AI automation,n8n,"6,872",cash,Andres,Posted,Ask owner
01-Jan-26,R&D,Cloud hosting,AWS / Datadog,99,cash,Erikfinance ops,Posted,Vendor invoice late
01/1/26,G&A,Office rent,Landlord,"5,207",Check,TBD,manual adj,Timing issue
2026-03-28,R&D,Cloud hosting,AWS / Datadog,"5,538",manual Entry,Andres,needs mapping,Map to GL 6100
01-Jan-26,Sales,Payroll - sales,Payroll,"4,881",cash,TBD,needs mapping,Ask owner
2026-04-01,R&D,AI automation,n8n,"(1,982)",cash,,posted,Timing issue
2026-02-26,G&A,Office rent,Landlord,"5,322",cash,Alex - FP&A,late invoice,Check sign
15 Feb-26,G&A,Legal fees,Europa Law firm,"8,308",ERP,,Posted,Map to GL 6100
2026-04-01,COGS,Payroll - eng,Payroll,600,cash,,manual adj,One-off item
01/4/26,Services,Support tools,Zendesk / Gainsight,"1,595",Check,Andres,late invoice,Vendor invoice late
2026-03-28,Services,Prof services,Implementation clients,"(5,573)",Pos,Andres,,One-off item
25 Mar-26,G&A,Legal fees,Buchalter,"(8,843)",ERP,,posted,Map to GL 6100
2026-04-01,Sales,Sales commission,Payroll,"4,719",cash,,accrual,Timing issue
01-Jan-26,COGS,Materials,Johnsons Supply,137,Pos,Andres,Posted,One-off item
2026-04-01,Mktg,Events & webinars,Various,"2,612",manual Entry,Alex - FP&A,Posted,Check sign
01-Jan-26,Revenue,Product sales,Corp. clients,"9,747",Check,Alex - FP&A,posted,
01-Jan-26,R&D,AI automation,n8n,"8,921",Check,Erikfinance ops,Posted,Timing issue
2026-02-26,G&A,Office rent,Landlord,132,Pos,TBD,Posted,Map to GL 6100
2026-04-01,Mktg,Paid media,Google / LinkedIn,"8,760",ERP,TBD,manual adj,One-off item
2026-03-28,Revenue,Product sales,Retail Customer,"3,295",Pos,Andres,late invoice,Timing issue
15 Feb-26,R&D,Payroll - eng,Payroll,"9,709",Pos,Erikfinance ops,manual adj,Timing issue
25 Mar-26,Services,Prof services,Implementation clients,"4,657",manual Entry,Alex - FP&A,Posted,Ask owner
2026-01-25,Sales,Sales commission,Payroll,"3,215",ERP,,posted,One-off item
01/1/26,Revenue,Subscr. revenue,Retail Customer,"2,353",manual Entry,M. Chen,posted,Timing issue
01/3/26,COGS,Materials,Johnsons Supply,"4,171",Pos,M. Chen,accrual,
2026-01-25,Services,Prof services,Implementation clients,"(9,135)",Pos,TBD,needs mapping,
15 Feb-26,G&A,Office rent,Landlord,"(4,241)",ERP,,needs mapping,Check sign
2026-01-25,Sales,Sales commission,Payroll,"3,101",Pos,TBD,posted,Ask owner
01/1/26,Revenue,Service,Retail Customer,"7,993",Check,Alex - FP&A,late invoice,Check sign
01-Jan-26,G&A,Accounting fees,Brandon,"2,116",Pos,TBD,manual adj,Check sign
25 Mar-26,Revenue,Revenue,Corp. clients,637,ERP,Erikfinance ops,manual adj,Timing issue
01/4/26,G&A,Accounting fees,Brandon,"8,501",cash,Alex - FP&A,needs mapping,Map to GL 6100
2026-01-25,Revenue,Service,Corp. clients,"3,285",Check,Erikfinance ops,accrual,
25 Mar-26,Marketing,Paid media,Google / LinkedIn,"9,306",manual Entry,Andres,needs mapping,Map to GL 6100
2026-02-26,R&D,Cloud hosting,AWS / Datadog,"7,389",Pos,,accrual,Check sign
01/3/26,Sales,Payroll - sales,Payroll,"2,178",cash,,accrual,Check sign
2026-02-26,Mktg,Events & webinars,Various,"3,240",Check,Erikfinance ops,needs mapping,One-off item
2026-03-28,Sales,Sales commission,Payroll,"4,302",manual Entry,Andres,,Map to GL 6100
15 Feb-26,Services,Prof services,Implementation clients,"2,139",Check,,,One-off item
01/4/26,Services,Support tools,Zendesk / Gainsight,192,Check,Alex - FP&A,manual adj,Vendor invoice late
01/1/26,R&D,Payroll - eng,Payroll,"4,864",cash,Erikfinance ops,late invoice,One-off item
15 Apr-26,Marketing,Events & webinars,Various,373,ERP,M. Chen,Posted,Map to GL 6100
25 Mar-26,G&A,Office rent,Landlord,"4,695",Check,,manual adj,Timing issue
01/2/26,Marketing,Paid media,Google / LinkedIn,"2,059",manual Entry,Alex - FP&A,,Ask owner
01/1/26,COGS,Materials,Home Depot,"9,366",Check,Erikfinance ops,needs mapping,Check sign
25 Mar-26,Marketing,Google Ads,Google / LinkedIn,"5,336",cash,Andres,Posted,
2026-04-01,G&A,Office rent,Landlord,"(5,576)",manual Entry,,,Ask owner
2026-03-28,Mktg,Customer appr.,Soccer Ticket,"9,601",ERP,Andres,,Check sign
25 Mar-26,R&D,Payroll - eng,Payroll,"(6,131)",cash,TBD,posted,Timing issue
15 Feb-26,Services,Support tools,Zendesk / Gainsight,"3,277",Check,Alex - FP&A,needs mapping,One-off item
15 Feb-26,Marketing,Customer appr.,Gift hamper,615,Pos,,,Check sign
15 Apr-26,G&A,Office rent,Landlord,"6,486",ERP,,needs mapping,Check sign
2026-01-25,Sales,Payroll - sales,Payroll,975,Check,Andres,posted,Timing issue
2026-03-28,Sales,Payroll - sales,Payroll,"8,612",Check,TBD,needs mapping,One-off item
01/4/26,Marketing,Google Ads,Google / LinkedIn,"(4,447)",Check,Alex - FP&A,,
25 Mar-26,Mktg,Paid media,Google / LinkedIn,"7,645",manual Entry,Alex - FP&A,accrual,Vendor invoice late
15 Apr-26,Mktg,Customer appr.,Amazon gift c.,"(8,831)",Check,,late invoice,Vendor invoice late
2026-03-28,G&A,Legal fees,Europa Law firm,"2,500",manual Entry,Erikfinance ops,posted,One-off item
01-Jan-26,Revenue,Subscr. revenue,Corp. clients,"4,447",Check,M. Chen,manual adj,Vendor invoice late
01/3/26,COGS,Materials,Walmart,"9,510",Pos,M. Chen,posted,One-off item
2026-03-28,G&A,Accounting fees,Brandon,"4,058",Pos,Andres,posted,Ask owner
2026-01-25,R&D,Cloud hosting,AWS / Datadog,"1,314",Check,Andres,,Check sign
2026-01-25,G&A,Office rent,Landlord,"8,862",manual Entry,M. Chen,posted,Timing issue
2026-03-28,Revenue,Product sales,Corp. clients,"2,388",cash,Erikfinance ops,needs mapping,Vendor invoice late
25 Mar-26,Sales,Sales commission,Payroll,839,manual Entry,Alex - FP&A,late invoice,Timing issue
01/4/26,R&D,Payroll - eng,Payroll,"2,875",Check,Erikfinance ops,needs mapping,Timing issue
01/3/26,Marketing,Customer appr.,Amazon gift c.,"9,239",Check,Alex - FP&A,needs mapping,One-off item
01/3/26,Services,Prof services,Implementation clients,"(9,985)",ERP,,late invoice,Vendor invoice late
01/3/26,Marketing,Paid media,Google / LinkedIn,"2,913",Check,Erikfinance ops,,Ask owner
2026-01-25,G&A,Accounting fees,Jason CPA,"6,656",cash,Alex - FP&A,posted,Timing issue
01-Jan-26,Services,Prof services,Implementation clients,"3,628",ERP,,needs mapping,
2026-03-28,G&A,Office rent,Landlord,"(6,608)",ERP,Andres,,Timing issue
01/2/26,Services,Prof services,Implementation clients,"3,871",Check,TBD,manual adj,Check sign
2026-03-28,R&D,Payroll - eng,Payroll,"6,516",Pos,,posted,One-off item
2026-01-25,Services,Support tools,Zendesk / Gainsight,"5,339",cash,Andres,late invoice,One-off item
01/4/26,Marketing,Paid media,Google / LinkedIn,"1,446",Pos,Alex - FP&A,needs mapping,One-off item
2026-02-26,Sales,CRM / RevOps tools,Salesforce / Outreach,"4,338",ERP,Andres,manual adj,Check sign
15 Feb-26,G&A,Legal fees,Buchalter,"4,941",Check,Andres,,Map to GL 6100
2026-01-25,Mktg,Customer appr.,Gift hamper,856,Check,TBD,Posted,Timing issue
01/2/26,Mktg,Paid media,Google / LinkedIn,"3,862",ERP,Alex - FP&A,needs mapping,Vendor invoice late
15 Apr-26,G&A,Accounting fees,Jason CPA,210,Check,Andres,posted,Vendor invoice late
2026-01-25,Services,Prof services,Implementation clients,"(2,500)",Pos,M. Chen,posted,Vendor invoice late
01/3/26,G&A,Legal fees,Europa Law firm,"3,856",cash,Erikfinance ops,Posted,
2026-01-25,Revenue,Subscr. revenue,Corp. clients,"5,993",cash,Erikfinance ops,posted,Ask owner
15 Apr-26,Services,Support tools,Zendesk / Gainsight,"3,293",ERP,M. Chen,manual adj,One-off item
2026-02-26,Revenue,Revenue,Retail Customer,"7,873",Pos,TBD,,
2026-01-25,Mktg,Events & webinars,Various,"9,069",ERP,Andres,needs mapping,Timing issue
15 Feb-26,Revenue,Product sales,Corp. clients,628,ERP,Alex - FP&A,Posted,Vendor invoice late
15 Apr-26,COGS,Payroll - eng,Payroll,"9,950",ERP,M. Chen,late invoice,Timing issue
01-Jan-26,Services,Prof services,Implementation clients,"5,721",Pos,TBD,posted,Ask owner
01/1/26,G&A,Legal fees,Europa Law firm,"6,310",Pos,M. Chen,manual adj,Map to GL 6100
01/2/26,COGS,Cloud hosting,AWS / Datadog,"6,090",ERP,Alex - FP&A,late invoice,Check sign
01-Jan-26,R&D,AI automation,n8n,"1,875",manual Entry,Andres,Posted,One-off item
01/2/26,R&D,Cloud hosting,AWS / Datadog,"(9,384)",cash,Andres,,One-off item
15 Apr-26,Marketing,Google Ads,Google / LinkedIn,"9,433",Check,Alex - FP&A,needs mapping,
01/1/26,Marketing,Paid media,Google / LinkedIn,"4,738",manual Entry,M. Chen,needs mapping,Vendor invoice late
15 Apr-26,Revenue,Service,Retail Customer,"3,463",Check,Andres,late invoice,
01-Jan-26,Marketing,Events & webinars,Various,"6,184",ERP,M. Chen,posted,One-off item
2026-03-28,R&D,Cloud hosting,AWS / Datadog,"4,016",manual Entry,TBD,posted,One-off item
15 Feb-26,Sales,Sales commission,Payroll,"3,062",Check,TBD,accrual,Check sign
25 Mar-26,Mktg,Paid media,Google / LinkedIn,"1,103",manual Entry,Andres,needs mapping,Vendor invoice late
2026-02-26,Sales,Payroll - sales,Payroll,"6,291",ERP,Alex - FP&A,,Timing issue
2026-03-28,Revenue,Service,Retail Customer,"7,203",ERP,TBD,accrual,Timing issue
01-Jan-26,Revenue,Revenue,Retail Customer,"7,875",cash,Andres,accrual,Ask owner
01/4/26,COGS,Payroll - eng,Payroll,"8,231",manual Entry,,manual adj,Check sign
2026-03-28,Mktg,Events & webinars,Various,"1,263",Pos,,,Map to GL 6100
2026-04-01,R&D,Payroll - eng,Payroll,"3,911",cash,Alex - FP&A,late invoice,Check sign
01-Jan-26,R&D,AI automation,n8n,"4,784",cash,TBD,manual adj,Timing issue
01/4/26,Services,Prof services,Implementation clients,602,cash,M. Chen,accrual,
01/3/26,Services,Prof services,Implementation clients,"6,708",cash,,needs mapping,Check sign
2026-02-26,COGS,Cloud hosting,AWS / Datadog,886,cash,Alex - FP&A,Posted,Vendor invoice late
2026-02-26,Revenue,Service,Retail Customer,"(8,919)",manual Entry,,needs mapping,One-off item
2026-04-01,Marketing,Google Ads,Google / LinkedIn,(723),Check,Alex - FP&A,needs mapping,Check sign
2026-04-01,Mktg,Customer appr.,Soccer Ticket,"3,358",manual Entry,Erikfinance ops,accrual,Timing issue
15 Feb-26,Mktg,Paid media,Google / LinkedIn,"(7,850)",cash,TBD,Posted,Map to GL 6100
01/3/26,G&A,Office rent,Landlord,"7,823",cash,Erikfinance ops,manual adj,Vendor invoice late
2026-01-25,Mktg,Paid media,Google / LinkedIn,"3,525",cash,Andres,,Ask owner
2026-01-25,Services,Prof services,Implementation clients,"2,315",ERP,TBD,manual adj,Check sign
2026-01-25,Sales,Sales commission,Payroll,"7,342",Pos,M. Chen,accrual,Timing issue
01/4/26,Revenue,Product sales,Retail Customer,"3,378",ERP,Erikfinance ops,needs mapping,Ask owner
25 Mar-26,Sales,CRM / RevOps tools,Salesforce / Outreach,"(5,153)",ERP,Alex - FP&A,late invoice,
25 Mar-26,Services,Prof services,Implementation clients,"4,307",Check,Erikfinance ops,,Vendor invoice late
25 Mar-26,Sales,CRM / RevOps tools,Salesforce / Outreach,"4,279",ERP,TBD,needs mapping,Timing issue
01/4/26,R&D,AI automation,n8n,"2,917",Pos,Andres,late invoice,Map to GL 6100
01/1/26,Services,Support tools,Zendesk / Gainsight,"3,380",Pos,,manual adj,Map to GL 6100
01/1/26,Services,Prof services,Implementation clients,"9,782",Check,Andres,Posted,One-off item
2026-03-28,Revenue,Subscr. revenue,Corp. clients,"3,695",ERP,,needs mapping,
2026-02-26,COGS,Materials,Home Depot,"(3,817)",Check,Alex - FP&A,needs mapping,One-off item
01/1/26,Sales,Sales commission,Payroll,"4,649",Pos,M. Chen,manual adj,Timing issue
2026-01-25,Revenue,Subscr. revenue,Retail Customer,"1,945",ERP,Erikfinance ops,accrual,Map to GL 6100
2026-01-25,G&A,Accounting fees,Jason CPA,"3,284",cash,Andres,late invoice,Timing issue
01/4/26,Services,Support tools,Zendesk / Gainsight,"(5,375)",Pos,TBD,,Check sign
01/2/26,G&A,Office rent,Landlord,"3,526",manual Entry,TBD,Posted,Ask owner
01-Jan-26,G&A,Office rent,Landlord,"(4,333)",Check,Alex - FP&A,,Vendor invoice late
2026-01-25,Sales,Sales commission,Payroll,"(6,344)",manual Entry,,accrual,Ask owner
2026-02-26,Mktg,Customer appr.,Soccer Ticket,680,manual Entry,,needs mapping,One-off item
01/1/26,Revenue,Subscr. revenue,Retail Customer,"1,451",manual Entry,Alex - FP&A,manual adj,Vendor invoice late
01/3/26,G&A,Legal fees,Europa Law firm,"7,624",Pos,Andres,Posted,Map to GL 6100
2026-04-01,COGS,Materials,Electric house,"4,540",manual Entry,,accrual,Check sign
01-Jan-26,COGS,Materials,Walmart,"7,271",ERP,,Posted,Timing issue
2026-04-01,Mktg,Paid media,Google / LinkedIn,"7,956",manual Entry,M. Chen,Posted,
01/4/26,G&A,Legal fees,Europa Law firm,817,manual Entry,,manual adj,Map to GL 6100
15 Apr-26,Services,Support tools,Zendesk / Gainsight,"(3,141)",cash,Alex - FP&A,accrual,One-off item
2026-04-01,Mktg,Events & webinars,Various,"9,427",Pos,M. Chen,late invoice,Timing issue
2026-02-26,Services,Support tools,Zendesk / Gainsight,"4,522",ERP,Erikfinance ops,needs mapping,Map to GL 6100
01-Jan-26,Revenue,Service,Retail Customer,"(9,656)",cash,Erikfinance ops,accrual,Ask owner
01/4/26,Marketing,Paid media,Google / LinkedIn,"9,081",ERP,Erikfinance ops,posted,Vendor invoice late
01/2/26,Sales,Payroll - sales,Payroll,"8,881",Pos,M. Chen,posted,Check sign
2026-01-25,Services,Support tools,Zendesk / Gainsight,"(9,812)",Check,Erikfinance ops,manual adj,Vendor invoice late
01/2/26,Marketing,Paid media,Google / LinkedIn,"(6,032)",cash,,posted,Ask owner
25 Mar-26,Mktg,Paid media,Google / LinkedIn,"9,032",manual Entry,Andres,posted,Vendor invoice late
25 Mar-26,Sales,CRM / RevOps tools,Salesforce / Outreach,"8,519",manual Entry,Alex - FP&A,late invoice,One-off item
2026-02-26,Mktg,Events & webinars,Various,"3,932",ERP,Andres,accrual,Ask owner
15 Apr-26,COGS,Cloud hosting,AWS / Datadog,"(1,113)",cash,Alex - FP&A,needs mapping,Ask owner
2026-03-28,Mktg,Events & webinars,Various,"2,480",Check,Andres,accrual,Ask owner
01/3/26,Services,Prof services,Implementation clients,"7,982",Pos,TBD,manual adj,Check sign
15 Apr-26,COGS,Payroll - eng,Payroll,"5,379",Pos,Andres,manual adj,Check sign
2026-04-01,G&A,Office rent,Landlord,"1,635",cash,,late invoice,Check sign
15 Feb-26,R&D,AI automation,n8n,"8,275",cash,M. Chen,posted,
2026-01-25,R&D,Cloud hosting,AWS / Datadog,867,manual Entry,TBD,manual adj,Ask owner
01/2/26,COGS,Payroll - eng,Payroll,"5,825",cash,TBD,posted,Ask owner
2026-01-25,COGS,Cloud hosting,AWS / Datadog,"9,186",cash,Erikfinance ops,manual adj,
2026-02-26,R&D,AI automation,n8n,"7,897",cash,TBD,accrual,Timing issue
01/2/26,COGS,Materials,Johnsons Supply,"2,458",Pos,TBD,needs mapping,Vendor invoice late
01/2/26,Mktg,Customer appr.,Gift hamper,"5,267",Check,Erikfinance ops,,Timing issue
2026-02-26,COGS,Payroll - eng,Payroll,69,manual Entry,Andres,accrual,
01/1/26,Services,Support tools,Zendesk / Gainsight,"(5,617)",ERP,Andres,,Map to GL 6100
2026-03-28,Mktg,Events & webinars,Various,"4,600",cash,Alex - FP&A,posted,Timing issue
25 Mar-26,Mktg,Paid media,Google / LinkedIn,"3,974",Pos,TBD,manual adj,Timing issue
2026-02-26,G&A,Accounting fees,Jason CPA,"2,839",Pos,M. Chen,late invoice,Check sign
2026-03-28,Sales,Payroll - sales,Payroll,"8,731",ERP,,Posted,Timing issue
25 Mar-26,R&D,Payroll - eng,Payroll,"9,533",ERP,,manual adj,Vendor invoice late
2026-03-28,Marketing,Google Ads,Google / LinkedIn,"8,412",ERP,Alex - FP&A,needs mapping,Ask owner
15 Apr-26,Revenue,Subscr. revenue,Corp. clients,"2,342",ERP,M. Chen,Posted,Check sign
01/4/26,COGS,Payroll - eng,Payroll,"8,536",Check,Erikfinance ops,posted,One-off item
15 Apr-26,G&A,Accounting fees,Jason CPA,"1,389",Pos,,accrual,One-off item
01/1/26,G&A,Legal fees,Europa Law firm,"3,064",ERP,Alex - FP&A,manual adj,Timing issue
15 Apr-26,Marketing,Paid media,Google / LinkedIn,"4,851",cash,Andres,accrual,
01/4/26,Services,Support tools,Zendesk / Gainsight,"5,606",Pos,Erikfinance ops,posted,Timing issue
2026-01-25,Services,Prof services,Implementation clients,"8,514",Check,M. Chen,Posted,
25 Mar-26,COGS,Materials,Electric house,626,Check,Alex - FP&A,needs mapping,
25 Mar-26,Mktg,Paid media,Google / LinkedIn,"(3,312)",ERP,,needs mapping,Vendor invoice late
01/1/26,R&D,Payroll - eng,Payroll,"(9,285)",cash,Alex - FP&A,Posted,Timing issue
2026-04-01,R&D,Payroll - eng,Payroll,"6,848",manual Entry,Alex - FP&A,Posted,Ask owner
25 Mar-26,Mktg,Customer appr.,Soccer Ticket,"2,326",ERP,,late invoice,Map to GL 6100
2026-04-01,R&D,Payroll - eng,Payroll,(467),cash,Erikfinance ops,,One-off item
15 Apr-26,Marketing,Customer appr.,Gift hamper,"9,639",manual Entry,M. Chen,Posted,Timing issue
2026-01-25,Revenue,Product sales,Corp. clients,"2,772",ERP,Andres,Posted,Timing issue
15 Apr-26,COGS,Payroll - eng,Payroll,"8,208",Pos,TBD,,One-off item
01/3/26,Marketing,Customer appr.,Soccer Ticket,"4,954",Check,,accrual,Map to GL 6100
01/2/26,Revenue,Service,Corp. clients,"8,604",Pos,TBD,needs mapping,Vendor invoice late
2026-03-28,Revenue,Product sales,Corp. clients,"5,373",manual Entry,,accrual,One-off item
15 Apr-26,Services,Prof services,Implementation clients,"1,508",manual Entry,Andres,,One-off item
2026-02-26,COGS,Payroll - eng,Payroll,"2,029",Pos,Alex - FP&A,needs mapping,
2026-03-28,COGS,Payroll - eng,Payroll,"9,487",Check,Alex - FP&A,late invoice,One-off item
15 Apr-26,Revenue,Service,Corp. clients,"9,228",Pos,M. Chen,manual adj,Vendor invoice late
15 Apr-26,G&A,Legal fees,Europa Law firm,"7,326",Pos,,Posted,Ask owner
2026-03-28,COGS,Cloud hosting,AWS / Datadog,"(3,086)",Pos,Erikfinance ops,accrual,Timing issue
2026-02-26,Mktg,Paid media,Google / LinkedIn,420,cash,Alex - FP&A,accrual,Vendor invoice late
2026-04-01,G&A,Office rent,Landlord,"3,975",manual Entry,M. Chen,accrual,Map to GL 6100
2026-03-28,Sales,Payroll - sales,Payroll,"8,667",manual Entry,Alex - FP&A,,One-off item
01/3/26,R&D,AI automation,n8n,56,Pos,M. Chen,,One-off item
2026-01-25,R&D,AI automation,n8n,"9,862",cash,Alex - FP&A,accrual,Ask owner
15 Apr-26,G&A,Accounting fees,Jason CPA,"8,834",ERP,Erikfinance ops,needs mapping,Ask owner
2026-01-25,Sales,Payroll - sales,Payroll,"3,265",ERP,Erikfinance ops,Posted,Vendor invoice late
15 Apr-26,R&D,Payroll - eng,Payroll,693,ERP,Alex - FP&A,manual adj,Ask owner
2026-04-01,Sales,CRM / RevOps tools,Salesforce / Outreach,"(3,489)",cash,Andres,,Check sign
2026-04-01,Revenue,Subscr. revenue,Retail Customer,"5,063",cash,Andres,,Ask owner
01/2/26,G&A,Accounting fees,Brandon,"8,144",cash,,Posted,One-off item
2026-01-25,Mktg,Events & webinars,Various,809,Check,Erikfinance ops,late invoice,
01/3/26,Marketing,Events & webinars,Various,"9,044",Pos,Alex - FP&A,manual adj,Ask owner
01-Jan-26,Services,Support tools,Zendesk / Gainsight,"5,601",Pos,TBD,needs mapping,
25 Mar-26,R&D,Payroll - eng,Payroll,475,cash,Andres,needs mapping,Map to GL 6100
2026-01-25,R&D,Cloud hosting,AWS / Datadog,"6,507",cash,Andres,Posted,Ask owner
01/4/26,G&A,Legal fees,Europa Law firm,"(5,365)",ERP,Andres,posted,Ask owner
01/1/26,Marketing,Events & webinars,Various,"6,850",manual Entry,TBD,needs mapping,Ask owner
15 Apr-26,Mktg,Paid media,Google / LinkedIn,"2,671",ERP,M. Chen,posted,Ask owner
01/2/26,G&A,Office rent,Landlord,"(5,243)",Check,TBD,posted,Map to GL 6100
15 Feb-26,COGS,Cloud hosting,AWS / Datadog,"(7,525)",manual Entry,Andres,needs mapping,One-off item
01/4/26,Sales,CRM / RevOps tools,Salesforce / Outreach,"6,507",cash,,posted,Check sign
01/1/26,COGS,Payroll - eng,Payroll,"(2,812)",cash,Erikfinance ops,late invoice,Timing issue
2026-01-25,G&A,Accounting fees,Jason CPA,"3,934",manual Entry,TBD,needs mapping,Ask owner
15 Apr-26,Services,Prof services,Implementation clients,"8,929",cash,Erikfinance ops,accrual,Check sign
2026-03-28,COGS,Payroll - eng,Payroll,"5,456",cash,Alex - FP&A,late invoice,Map to GL 6100
25 Mar-26,Marketing,Customer appr.,Amazon gift c.,"(5,343)",ERP,TBD,needs mapping,Vendor invoice late
2026-04-01,R&D,Payroll - eng,Payroll,"9,687",cash,Andres,manual adj,Vendor invoice late
2026-04-01,COGS,Materials,Johnsons Supply,"5,487",Check,M. Chen,late invoice,One-off item
01/1/26,R&D,AI automation,n8n,"3,588",cash,M. Chen,manual adj,
01-Jan-26,Revenue,Revenue,Corp. clients,(508),manual Entry,Erikfinance ops,needs mapping,One-off item
2026-01-25,G&A,Legal fees,Buchalter,"4,860",Check,Andres,manual adj,One-off item
01/1/26,R&D,AI automation,n8n,"(8,663)",cash,TBD,posted,Check sign
2026-04-01,G&A,Legal fees,Europa Law firm,"(1,770)",cash,M. Chen,,
15 Feb-26,COGS,Payroll - eng,Payroll,134,ERP,Andres,late invoice,Check sign
01/1/26,Sales,Sales commission,Payroll,"(4,236)",Check,,,Vendor invoice late
01/3/26,Marketing,Events & webinars,Various,"(5,578)",Check,Alex - FP&A,posted,Vendor invoice late
2026-03-28,Mktg,Paid media,Google / LinkedIn,"(1,028)",Check,TBD,Posted,Map to GL 6100
01/1/26,Mktg,Customer appr.,Gift hamper,(872),manual Entry,M. Chen,late invoice,Check sign
25 Mar-26,Mktg,Events & webinars,Various,(777),Pos,M. Chen,manual adj,
25 Mar-26,Mktg,Events & webinars,Various,"4,437",manual Entry,TBD,Posted,
2026-03-28,Revenue,Service,Corp. clients,"1,323",manual Entry,Alex - FP&A,,Map to GL 6100
01-Jan-26,Marketing,Events & webinars,Various,"6,752",manual Entry,Alex - FP&A,posted,Timing issue
01/3/26,COGS,Payroll - eng,Payroll,590,ERP,M. Chen,Posted,Vendor invoice late
01/3/26,Sales,CRM / RevOps tools,Salesforce / Outreach,"(8,431)",manual Entry,,late invoice,Vendor invoice late
15 Apr-26,Mktg,Customer appr.,Soccer Ticket,"7,524",Check,TBD,accrual,Map to GL 6100
2026-03-28,Marketing,Google Ads,Google / LinkedIn,"(3,823)",cash,Alex - FP&A,posted,Vendor invoice late
2026-04-01,Mktg,Events & webinars,Various,"7,164",Pos,M. Chen,,Map to GL 6100
25 Mar-26,G&A,Office rent,Landlord,"(2,776)",manual Entry,Alex - FP&A,late invoice,Vendor invoice late
15 Feb-26,Marketing,Customer appr.,Gift hamper,"(3,696)",manual Entry,Erikfinance ops,,One-off item
01/1/26,Revenue,Product sales,Retail Customer,"6,261",Check,Alex - FP&A,accrual,One-off item
01/3/26,Mktg,Customer appr.,Gift hamper,"7,080",cash,M. Chen,accrual,Vendor invoice late
01/4/26,R&D,Cloud hosting,AWS / Datadog,"6,749",ERP,Alex - FP&A,accrual,Check sign
15 Feb-26,Sales,Payroll - sales,Payroll,"4,332",Check,M. Chen,Posted,One-off item
15 Feb-26,R&D,Payroll - eng,Payroll,"(8,682)",Pos,TBD,accrual,One-off item
2026-01-25,R&D,Payroll - eng,Payroll,"3,252",ERP,TBD,accrual,Timing issue
01-Jan-26,Marketing,Events & webinars,Various,"3,502",Check,TBD,needs mapping,One-off item
01-Jan-26,Sales,Sales commission,Payroll,"4,037",cash,,posted,Check sign
15 Feb-26,R&D,AI automation,n8n,"2,435",manual Entry,TBD,,One-off item
01/3/26,Mktg,Paid media,Google / LinkedIn,"9,919",cash,Andres,,Timing issue
01-Jan-26,Marketing,Events & webinars,Various,"4,908",ERP,TBD,Posted,Ask owner
2026-04-01,R&D,Cloud hosting,AWS / Datadog,"2,058",cash,M. Chen,manual adj,Map to GL 6100
01-Jan-26,Sales,Sales commission,Payroll,"8,807",Check,Alex - FP&A,Posted,Timing issue
2026-01-25,Sales,CRM / RevOps tools,Salesforce / Outreach,"2,273",manual Entry,Andres,posted,Check sign
01/3/26,Sales,CRM / RevOps tools,Salesforce / Outreach,34,Check,Andres,late invoice,Vendor invoice late
01-Jan-26,Sales,Sales commission,Payroll,(135),Pos,TBD,Posted,
01/3/26,Services,Prof services,Implementation clients,"2,390",manual Entry,Alex - FP&A,posted,Check sign
2026-04-01,Services,Prof services,Implementation clients,"4,684",Check,Andres,Posted,Timing issue
2026-01-25,Sales,Sales commission,Payroll,"9,348",ERP,TBD,late invoice,Timing issue
01/2/26,COGS,Cloud hosting,AWS / Datadog,"7,337",Check,TBD,Posted,Check sign
01/4/26,COGS,Materials,Home Depot,"4,092",Pos,,accrual,One-off item
15 Feb-26,G&A,Legal fees,Europa Law firm,"(3,006)",cash,Alex - FP&A,accrual,Vendor invoice late
2026-01-25,Services,Support tools,Zendesk / Gainsight,"1,411",ERP,Erikfinance ops,accrual,Map to GL 6100
01/3/26,Mktg,Events & webinars,Various,946,cash,Andres,posted,Check sign
01/4/26,Services,Prof services,Implementation clients,"3,924",ERP,Alex - FP&A,posted,One-off item
2026-01-25,Sales,Sales commission,Payroll,"1,557",manual Entry,Alex - FP&A,accrual,
15 Feb-26,Revenue,Product sales,Corp. clients,"2,319",cash,,,Vendor invoice late
01/2/26,Marketing,Paid media,Google / LinkedIn,"7,138",ERP,TBD,Posted,Timing issue
2026-03-28,G&A,Legal fees,Buchalter,"8,913",cash,M. Chen,,Map to GL 6100
01/1/26,G&A,Office rent,Landlord,860,manual Entry,Erikfinance ops,late invoice,Timing issue
01/4/26,Marketing,Events & webinars,Various,"(1,111)",ERP,Alex - FP&A,,Timing issue
25 Mar-26,Services,Support tools,Zendesk / Gainsight,"(4,010)",ERP,TBD,manual adj,One-off item
01/3/26,Revenue,Revenue,Corp. clients,"4,104",cash,M. Chen,Posted,Check sign
2026-02-26,Sales,Payroll - sales,Payroll,"7,282",Check,TBD,manual adj,
2026-01-25,R&D,AI automation,n8n,"1,801",Pos,M. Chen,needs mapping,Map to GL 6100
01/3/26,Marketing,Events & webinars,Various,"9,367",Pos,TBD,,Vendor invoice late
25 Mar-26,G&A,Accounting fees,Jason CPA,"(5,225)",ERP,,late invoice,Map to GL 6100
01/1/26,R&D,AI automation,n8n,"6,298",cash,M. Chen,accrual,Check sign
01/2/26,Sales,CRM / RevOps tools,Salesforce / Outreach,"3,816",cash,M. Chen,Posted,Vendor invoice late
2026-02-26,Mktg,Events & webinars,Various,"6,186",cash,Erikfinance ops,posted,Timing issue
15 Apr-26,Mktg,Customer appr.,Soccer Ticket,407,cash,Andres,Posted,
25 Mar-26,Services,Prof services,Implementation clients,"5,167",Pos,TBD,Posted,
01-Jan-26,Revenue,Service,Corp. clients,"(3,976)",Pos,,accrual,Check sign
2026-03-28,Mktg,Events & webinars,Various,"5,962",manual Entry,Erikfinance ops,manual adj,Vendor invoice late
01/2/26,Sales,Payroll - sales,Payroll,"5,999",Pos,TBD,Posted,Vendor invoice late
15 Feb-26,Marketing,Customer appr.,Amazon gift c.,"(5,293)",ERP,,late invoice,Vendor invoice late
2026-03-28,Sales,Sales commission,Payroll,"9,722",ERP,Andres,accrual,
01/3/26,Marketing,Events & webinars,Various,"8,608",Check,Erikfinance ops,posted,Ask owner
2026-01-25,Revenue,Product sales,Retail Customer,"9,540",Check,Andres,accrual,
15 Feb-26,Mktg,Customer appr.,Soccer Ticket,"(3,820)",cash,Alex - FP&A,accrual,Ask owner
01/1/26,Marketing,Paid media,Google / LinkedIn,"1,741",ERP,Andres,,Ask owner
01/2/26,G&A,Office rent,Landlord,"2,076",ERP,Erikfinance ops,Posted,
01/3/26,Mktg,Customer appr.,Soccer Ticket,"(1,923)",ERP,Alex - FP&A,accrual,Map to GL 6100
01/3/26,Revenue,Product sales,Corp. clients,"7,845",cash,TBD,accrual,
25 Mar-26,Sales,Sales commission,Payroll,"5,345",manual Entry,TBD,posted,Vendor invoice late
2026-01-25,Services,Support tools,Zendesk / Gainsight,"9,703",ERP,,Posted,Timing issue
01-Jan-26,R&D,Cloud hosting,AWS / Datadog,"9,966",ERP,M. Chen,,
01/3/26,Sales,CRM / RevOps tools,Salesforce / Outreach,"8,596",Pos,TBD,accrual,Ask owner
2026-04-01,Services,Prof services,Implementation clients,"2,847",ERP,Alex - FP&A,late invoice,Timing issue
2026-03-28,Sales,Sales commission,Payroll,"2,030",ERP,Erikfinance ops,posted,Map to GL 6100
01/3/26,Marketing,Google Ads,Google / LinkedIn,"2,219",Check,Alex - FP&A,late invoice,One-off item
25 Mar-26,Marketing,Events & webinars,Various,"6,421",Check,M. Chen,Posted,Ask owner
15 Apr-26,Mktg,Customer appr.,Gift hamper,"9,775",Check,Erikfinance ops,accrual,One-off item
2026-02-26,Mktg,Events & webinars,Various,"8,560",ERP,Andres,late invoice,Timing issue
01-Jan-26,Services,Prof services,Implementation clients,"8,376",Pos,Alex - FP&A,accrual,One-off item
2026-01-25,G&A,Legal fees,Buchalter,"(9,999)",Pos,Erikfinance ops,needs mapping,Timing issue
2026-01-25,Marketing,Paid media,Google / LinkedIn,(313),manual Entry,Andres,late invoice,Vendor invoice late
01/1/26,COGS,Cloud hosting,AWS / Datadog,"1,525",cash,Erikfinance ops,manual adj,Vendor invoice late
25 Mar-26,COGS,Cloud hosting,AWS / Datadog,"6,908",cash,,late invoice,Timing issue
01/4/26,Sales,Payroll - sales,Payroll,"5,233",cash,Alex - FP&A,late invoice,One-off item
2026-02-26,Revenue,Subscr. revenue,Corp. clients,"3,953",Pos,M. Chen,manual adj,Check sign
2026-02-26,R&D,Cloud hosting,AWS / Datadog,"7,836",Pos,Alex - FP&A,needs mapping,Ask owner
01/1/26,Revenue,Service,Corp. clients,(643),manual Entry,M. Chen,accrual,Check sign
2026-02-26,Marketing,Customer appr.,Gift hamper,"(5,204)",Pos,Andres,posted,Vendor invoice late
15 Feb-26,COGS,Materials,Electric house,"7,594",ERP,Erikfinance ops,manual adj,Check sign
25 Mar-26,Services,Prof services,Implementation clients,"9,910",cash,Andres,Posted,Ask owner
2026-02-26,COGS,Cloud hosting,AWS / Datadog,"4,862",Pos,M. Chen,manual adj,Vendor invoice late
2026-03-28,Mktg,Paid media,Google / LinkedIn,"4,390",Pos,TBD,Posted,One-off item
01/3/26,Revenue,Revenue,Retail Customer,"(5,772)",ERP,Alex - FP&A,posted,Map to GL 6100
2026-02-26,G&A,Accounting fees,Brandon,332,Check,Erikfinance ops,late invoice,One-off item
15 Apr-26,G&A,Legal fees,Buchalter,"2,641",Check,Andres,Posted,Timing issue
15 Feb-26,G&A,Office rent,Landlord,129,Pos,Erikfinance ops,manual adj,One-off item
2026-02-26,Services,Support tools,Zendesk / Gainsight,"5,583",manual Entry,M. Chen,accrual,One-off item
01/2/26,COGS,Cloud hosting,AWS / Datadog,"5,470",manual Entry,Andres,Posted,Timing issue
2026-03-28,Revenue,Service,Retail Customer,"6,975",cash,Andres,needs mapping,Check sign
01/4/26,Services,Support tools,Zendesk / Gainsight,"7,212",ERP,,Posted,Vendor invoice late
15 Apr-26,Sales,Sales commission,Payroll,"1,628",Pos,TBD,needs mapping,Ask owner
2026-04-01,Services,Prof services,Implementation clients,"3,483",manual Entry,Alex - FP&A,posted,Timing issue
2026-01-25,G&A,Office rent,Landlord,"7,678",ERP,,Posted,Map to GL 6100
01/3/26,Marketing,Customer appr.,Soccer Ticket,"9,591",Pos,M. Chen,late invoice,Vendor invoice late
15 Apr-26,G&A,Office rent,Landlord,"8,690",manual Entry,Andres,posted,Map to GL 6100
01/1/26,Marketing,Paid media,Google / LinkedIn,"1,344",cash,Andres,needs mapping,Map to GL 6100
2026-04-01,R&D,Cloud hosting,AWS / Datadog,"1,768",Check,M. Chen,manual adj,Ask owner
01/4/26,COGS,Materials,Johnsons Supply,"5,960",Pos,Alex - FP&A,late invoice,
01/3/26,Services,Support tools,Zendesk / Gainsight,"6,654",cash,Andres,posted,Vendor invoice late
25 Mar-26,COGS,Materials,Electric house,"(1,169)",Pos,,Posted,One-off item
01/1/26,COGS,Payroll - eng,Payroll,"8,475",cash,Andres,needs mapping,One-off item
15 Apr-26,Marketing,Events & webinars,Various,"8,625",cash,M. Chen,manual adj,Map to GL 6100
15 Feb-26,Revenue,Revenue,Corp. clients,"4,485",Pos,M. Chen,late invoice,Ask owner
15 Feb-26,R&D,AI automation,n8n,"6,996",Check,Erikfinance ops,,Vendor invoice late
2026-03-28,COGS,Payroll - eng,Payroll,"(6,038)",ERP,Erikfinance ops,manual adj,Timing issue
15 Apr-26,G&A,Accounting fees,Brandon,"(7,832)",manual Entry,TBD,posted,Ask owner
2026-01-25,Marketing,Paid media,Google / LinkedIn,"1,673",Pos,Erikfinance ops,needs mapping,Ask owner
01/2/26,Revenue,Product sales,Retail Customer,"(6,026)",cash,Erikfinance ops,needs mapping,
15 Feb-26,Marketing,Paid media,Google / LinkedIn,"4,354",Check,Erikfinance ops,needs mapping,Map to GL 6100
2026-04-01,Marketing,Paid media,Google / LinkedIn,"2,980",cash,TBD,needs mapping,One-off item
15 Feb-26,Marketing,Paid media,Google / LinkedIn,"(4,841)",Check,Erikfinance ops,late invoice,One-off item
01/3/26,G&A,Office rent,Landlord,840,Pos,M. Chen,accrual,One-off item
15 Apr-26,Revenue,Product sales,Corp. clients,"4,487",ERP,,,Timing issue
2026-02-26,R&D,AI automation,n8n,"3,019",Check,TBD,Posted,Map to GL 6100
01/4/26,COGS,Materials,Home Depot,"8,963",manual Entry,Erikfinance ops,,Map to GL 6100
01/1/26,COGS,Cloud hosting,AWS / Datadog,"3,053",Pos,Andres,manual adj,Check sign
01/3/26,Sales,CRM / RevOps tools,Salesforce / Outreach,"9,075",ERP,M. Chen,late invoice,Ask owner
2026-04-01,G&A,Accounting fees,Brandon,"7,696",cash,Alex - FP&A,needs mapping,Ask owner
01/4/26,Revenue,Service,Retail Customer,"2,608",ERP,M. Chen,accrual,Map to GL 6100
15 Feb-26,COGS,Payroll - eng,Payroll,"6,462",manual Entry,Alex - FP&A,Posted,Timing issue
2026-04-01,Services,Prof services,Implementation clients,"(4,221)",Pos,,manual adj,Timing issue
2026-02-26,Revenue,Product sales,Corp. clients,"8,033",Check,Alex - FP&A,needs mapping,Map to GL 6100
25 Mar-26,Mktg,Customer appr.,Amazon gift c.,"3,320",ERP,Andres,,Check sign
01-Jan-26,Marketing,Google Ads,Google / LinkedIn,"5,718",manual Entry,Erikfinance ops,accrual,Ask owner
01-Jan-26,Revenue,Product sales,Corp. clients,"6,317",cash,Andres,manual adj,Timing issue
01/2/26,Revenue,Subscr. revenue,Retail Customer,"(9,108)",Pos,TBD,Posted,Timing issue
01/3/26,R&D,Payroll - eng,Payroll,125,Pos,,posted,Timing issue
01/4/26,Revenue,Service,Retail Customer,"9,641",ERP,M. Chen,needs mapping,Vendor invoice late
01/3/26,Revenue,Revenue,Corp. clients,"1,477",Check,M. Chen,Posted,Timing issue
2026-01-25,Mktg,Customer appr.,Soccer Ticket,"8,282",Check,Andres,Posted,Timing issue
01-Jan-26,Mktg,Paid media,Google / LinkedIn,"1,870",cash,Andres,late invoice,One-off item
2026-02-26,G&A,Office rent,Landlord,"9,086",Check,M. Chen,accrual,Check sign
25 Mar-26,G&A,Legal fees,Europa Law firm,"(8,681)",Pos,TBD,posted,Ask owner
01/1/26,Sales,Sales commission,Payroll,"4,911",Pos,Erikfinance ops,posted,Map to GL 6100
15 Apr-26,Marketing,Events & webinars,Various,876,Pos,M. Chen,late invoice,Map to GL 6100
01/2/26,Revenue,Service,Corp. clients,"9,347",cash,TBD,manual adj,Vendor invoice late
2026-03-28,Marketing,Paid media,Google / LinkedIn,"9,533",Check,TBD,needs mapping,Timing issue
01/2/26,Sales,Sales commission,Payroll,"(2,459)",ERP,Andres,,Map to GL 6100
2026-04-01,R&D,AI automation,n8n,"5,069",cash,Alex - FP&A,needs mapping,Vendor invoice late
01/3/26,Services,Support tools,Zendesk / Gainsight,"3,670",Check,M. Chen,needs mapping,Check sign
15 Feb-26,Marketing,Paid media,Google / LinkedIn,"1,954",manual Entry,Andres,accrual,Map to GL 6100
25 Mar-26,Marketing,Google Ads,Google / LinkedIn,"2,055",manual Entry,Andres,needs mapping,Timing issue
01/4/26,Revenue,Product sales,Corp. clients,"3,343",cash,Andres,posted,Check sign
25 Mar-26,Revenue,Subscr. revenue,Corp. clients,"(6,794)",Pos,Alex - FP&A,,Map to GL 6100
01/2/26,Mktg,Events & webinars,Various,"5,338",ERP,Andres,accrual,One-off item
15 Apr-26,Services,Support tools,Zendesk / Gainsight,"1,762",ERP,Erikfinance ops,Posted,
2026-02-26,Sales,Sales commission,Payroll,"4,659",ERP,M. Chen,late invoice,
15 Apr-26,Mktg,Events & webinars,Various,"7,684",Pos,Alex - FP&A,late invoice,Ask owner
2026-03-28,Revenue,Product sales,Retail Customer,"9,537",Pos,,accrual,Timing issue
01/4/26,R&D,AI automation,n8n,"4,336",Pos,M. Chen,manual adj,Timing issue
01/1/26,G&A,Accounting fees,Jason CPA,"1,988",Pos,Andres,accrual,Check sign
25 Mar-26,Services,Prof services,Implementation clients,"1,771",manual Entry,,needs mapping,Ask owner
01/1/26,COGS,Cloud hosting,AWS / Datadog,"1,439",cash,TBD,Posted,Check sign
01/2/26,G&A,Legal fees,Europa Law firm,(687),Pos,Andres,Posted,Vendor invoice late
2026-04-01,Services,Prof services,Implementation clients,"1,180",Check,TBD,posted,
2026-01-25,COGS,Payroll - eng,Payroll,"(4,508)",manual Entry,M. Chen,,Ask owner
01-Jan-26,Mktg,Events & webinars,Various,"6,483",ERP,Andres,late invoice,Vendor invoice late
2026-02-26,Services,Prof services,Implementation clients,"(8,235)",cash,TBD,needs mapping,Vendor invoice late
01/2/26,Mktg,Customer appr.,Gift hamper,"5,881",cash,Alex - FP&A,late invoice,Map to GL 6100
01/4/26,Services,Prof services,Implementation clients,"4,417",manual Entry,,Posted,Timing issue
01/4/26,Mktg,Customer appr.,Gift hamper,"3,208",cash,Alex - FP&A,manual adj,One-off item
15 Apr-26,Revenue,Revenue,Retail Customer,"4,239",ERP,Andres,needs mapping,Timing issue
01-Jan-26,Marketing,Google Ads,Google / LinkedIn,"5,409",Pos,M. Chen,accrual,Map to GL 6100
01/1/26,R&D,Payroll - eng,Payroll,"6,919",Check,Alex - FP&A,Posted,
01/4/26,G&A,Legal fees,Europa Law firm,"6,776",Check,Alex - FP&A,accrual,One-off item
01/3/26,R&D,Payroll - eng,Payroll,"(2,763)",Check,Andres,manual adj,Check sign
01/1/26,Sales,Payroll - sales,Payroll,"9,135",Check,Andres,accrual,Check sign
01/1/26,Revenue,Revenue,Corp. clients,"3,477",cash,M. Chen,late invoice,One-off item
01/3/26,Mktg,Paid media,Google / LinkedIn,"4,570",cash,,Posted,Map to GL 6100
01/1/26,Sales,CRM / RevOps tools,Salesforce / Outreach,"(9,048)",manual Entry,M. Chen,Posted,
2026-03-28,Mktg,Paid media,Google / LinkedIn,"3,782",manual Entry,TBD,Posted,Check sign
15 Feb-26,Services,Prof services,Implementation clients,"1,523",cash,M. Chen,needs mapping,Timing issue
01/3/26,Sales,CRM / RevOps tools,Salesforce / Outreach,"(9,354)",ERP,Alex - FP&A,manual adj,Map to GL 6100
01/1/26,R&D,Cloud hosting,AWS / Datadog,"5,492",Check,Erikfinance ops,posted,Map to GL 6100
01-Jan-26,Marketing,Events & webinars,Various,"3,247",manual Entry,Erikfinance ops,manual adj,Ask owner
01/4/26,G&A,Accounting fees,Jason CPA,"5,435",manual Entry,Alex - FP&A,posted,
25 Mar-26,Mktg,Customer appr.,Gift hamper,"1,025",Pos,Alex - FP&A,late invoice,Vendor invoice late
01/4/26,COGS,Cloud hosting,AWS / Datadog,"(4,357)",cash,Erikfinance ops,,
01-Jan-26,Sales,CRM / RevOps tools,Salesforce / Outreach,"5,331",Check,M. Chen,needs mapping,
2026-02-26,Sales,CRM / RevOps tools,Salesforce / Outreach,"(2,293)",ERP,M. Chen,posted,Timing issue
01/3/26,Sales,Sales commission,Payroll,"9,665",ERP,M. Chen,late invoice,Map to GL 6100
2026-02-26,G&A,Office rent,Landlord,"(5,000)",Check,,posted,Timing issue
01/3/26,Revenue,Product sales,Retail Customer,"9,974",Pos,M. Chen,posted,Ask owner
2026-02-26,G&A,Office rent,Landlord,"(4,580)",manual Entry,Andres,manual adj,Vendor invoice late
2026-01-25,Revenue,Product sales,Retail Customer,"8,569",manual Entry,Andres,manual adj,Map to GL 6100
01/3/26,COGS,Cloud hosting,AWS / Datadog,"5,438",Check,Andres,Posted,
2026-03-28,Marketing,Customer appr.,Amazon gift c.,"2,216",manual Entry,Alex - FP&A,posted,Vendor invoice late
01/1/26,Mktg,Events & webinars,Various,"2,442",manual Entry,Andres,Posted,Timing issue
25 Mar-26,Revenue,Subscr. revenue,Retail Customer,"(5,375)",Pos,M. Chen,Posted,
01-Jan-26,Marketing,Events & webinars,Various,"(2,018)",ERP,Erikfinance ops,accrual,Timing issue
15 Feb-26,G&A,Legal fees,Europa Law firm,"(4,086)",Check,M. Chen,late invoice,Timing issue
01-Jan-26,Marketing,Customer appr.,Amazon gift c.,"8,455",Pos,Andres,Posted,Map to GL 6100
25 Mar-26,Marketing,Customer appr.,Soccer Ticket,"5,780",Pos,Alex - FP&A,accrual,Vendor invoice late
2026-01-25,R&D,AI automation,n8n,"4,624",Check,Alex - FP&A,needs mapping,Vendor invoice late
25 Mar-26,Sales,Payroll - sales,Payroll,"1,966",manual Entry,TBD,needs mapping,
2026-01-25,G&A,Accounting fees,Brandon,(837),ERP,Erikfinance ops,posted,Check sign
2026-03-28,Sales,Payroll - sales,Payroll,"9,285",Check,Andres,manual adj,Vendor invoice late
15 Apr-26,Revenue,Subscr. revenue,Retail Customer,"5,635",Check,,posted,Vendor invoice late
25 Mar-26,R&D,Cloud hosting,AWS / Datadog,807,Pos,M. Chen,posted,Ask owner
01-Jan-26,Mktg,Customer appr.,Amazon gift c.,"4,224",manual Entry,Andres,late invoice,Timing issue
2026-02-26,R&D,Payroll - eng,Payroll,"6,345",cash,Erikfinance ops,posted,Vendor invoice late
01/2/26,G&A,Legal fees,Buchalter,"(4,875)",manual Entry,Andres,Posted,Timing issue
01-Jan-26,Sales,CRM / RevOps tools,Salesforce / Outreach,"7,923",ERP,TBD,,One-off item
01-Jan-26,Mktg,Customer appr.,Gift hamper,"8,178",manual Entry,M. Chen,Posted,Vendor invoice late
01/3/26,R&D,Cloud hosting,AWS / Datadog,"3,996",Pos,Erikfinance ops,late invoice,Ask owner
2026-02-26,Mktg,Events & webinars,Various,"5,117",Pos,Andres,late invoice,Vendor invoice late
15 Feb-26,G&A,Office rent,Landlord,"(4,805)",manual Entry,,needs mapping,Vendor invoice late
01/1/26,Mktg,Paid media,Google / LinkedIn,"(1,081)",ERP,,Posted,Timing issue
01-Jan-26,Mktg,Events & webinars,Various,"1,550",manual Entry,Alex - FP&A,manual adj,Map to GL 6100
01-Jan-26,G&A,Legal fees,Buchalter,"3,058",ERP,Alex - FP&A,needs mapping,Ask owner
01-Jan-26,G&A,Legal fees,Buchalter,"3,624",manual Entry,M. Chen,needs mapping,Vendor invoice late
01/2/26,R&D,Cloud hosting,AWS / Datadog,"9,207",Pos,Erikfinance ops,Posted,Check sign
2026-03-28,Services,Support tools,Zendesk / Gainsight,"3,410",ERP,,accrual,One-off item
01/2/26,R&D,Payroll - eng,Payroll,"2,009",Check,,posted,
2026-02-26,Marketing,Paid media,Google / LinkedIn,369,manual Entry,,needs mapping,Timing issue
2026-04-01,COGS,Payroll - eng,Payroll,275,Check,M. Chen,Posted,
01/4/26,Sales,Sales commission,Payroll,"3,988",cash,Alex - FP&A,accrual,Check sign
01/3/26,Sales,Payroll - sales,Payroll,"1,773",Pos,M. Chen,late invoice,
01/1/26,Sales,Sales commission,Payroll,"7,878",Check,TBD,late invoice,
01/1/26,G&A,Legal fees,Buchalter,"4,949",ERP,Andres,posted,Ask owner
01-Jan-26,COGS,Cloud hosting,AWS / Datadog,"2,303",manual Entry,Andres,,Map to GL 6100
15 Apr-26,G&A,Legal fees,Europa Law firm,"4,451",cash,Erikfinance ops,late invoice,Map to GL 6100
25 Mar-26,Revenue,Subscr. revenue,Retail Customer,"8,584",Check,Alex - FP&A,needs mapping,One-off item
01/3/26,Services,Prof services,Implementation clients,"9,296",ERP,TBD,,
15 Apr-26,Revenue,Product sales,Retail Customer,"(5,089)",ERP,TBD,needs mapping,Vendor invoice late
01/4/26,Mktg,Events & webinars,Various,(745),Pos,Alex - FP&A,needs mapping,One-off item
01-Jan-26,G&A,Office rent,Landlord,"2,358",Check,Erikfinance ops,accrual,Vendor invoice late
15 Apr-26,Marketing,Google Ads,Google / LinkedIn,"4,358",cash,M. Chen,needs mapping,
2026-03-28,Services,Prof services,Implementation clients,"(3,413)",ERP,M. Chen,late invoice,Check sign
2026-03-28,Sales,Payroll - sales,Payroll,"6,361",Pos,Andres,,Map to GL 6100
01-Jan-26,Mktg,Customer appr.,Soccer Ticket,"2,413",manual Entry,,posted,Timing issue
01/1/26,Services,Support tools,Zendesk / Gainsight,"2,546",Check,Erikfinance ops,posted,Timing issue
01/3/26,G&A,Legal fees,Buchalter,"2,479",ERP,M. Chen,accrual,Vendor invoice late
01/1/26,G&A,Accounting fees,Jason CPA,"8,367",manual Entry,TBD,needs mapping,Timing issue
2026-03-28,Services,Prof services,Implementation clients,"6,028",Check,,late invoice,Map to GL 6100
15 Apr-26,R&D,Cloud hosting,AWS / Datadog,"(2,182)",Pos,M. Chen,,Map to GL 6100
2026-03-28,Mktg,Events & webinars,Various,"1,030",Pos,Andres,Posted,Timing issue
2026-04-01,Services,Support tools,Zendesk / Gainsight,745,Check,Alex - FP&A,manual adj,Map to GL 6100
2026-01-25,Services,Support tools,Zendesk / Gainsight,"4,137",ERP,Andres,,Timing issue
01-Jan-26,Marketing,Events & webinars,Various,"6,897",Pos,M. Chen,,One-off item
15 Feb-26,R&D,Cloud hosting,AWS / Datadog,268,ERP,,manual adj,Check sign
25 Mar-26,G&A,Accounting fees,Jason CPA,"7,735",ERP,Erikfinance ops,needs mapping,One-off item
01-Jan-26,G&A,Legal fees,Buchalter,"2,984",Pos,,Posted,Ask owner
15 Apr-26,Services,Prof services,Implementation clients,"7,084",manual Entry,Erikfinance ops,late invoice,
01/3/26,Marketing,Events & webinars,Various,37,Pos,M. Chen,posted,Vendor invoice late
2026-04-01,COGS,Materials,Johnsons Supply,"1,961",cash,Alex - FP&A,manual adj,Timing issue
2026-02-26,Revenue,Subscr. revenue,Corp. clients,"2,948",ERP,TBD,accrual,Ask owner
2026-04-01,Marketing,Customer appr.,Soccer Ticket,"(7,724)",cash,,accrual,One-off item
2026-02-26,Mktg,Paid media,Google / LinkedIn,"8,864",manual Entry,Andres,late invoice,Timing issue
01/4/26,Services,Prof services,Implementation clients,"(2,785)",ERP,Erikfinance ops,posted,Ask owner
2026-02-26,COGS,Materials,Home Depot,"7,027",ERP,TBD,needs mapping,Check sign
01-Jan-26,Services,Prof services,Implementation clients,302,Pos,Alex - FP&A,Posted,Ask owner
25 Mar-26,G&A,Office rent,Landlord,"7,179",Pos,M. Chen,needs mapping,Check sign
01/2/26,Marketing,Google Ads,Google / LinkedIn,"6,678",Pos,Alex - FP&A,late invoice,Timing issue
25 Mar-26,Mktg,Paid media,Google / LinkedIn,"(2,952)",Pos,,manual adj,One-off item
01/2/26,Mktg,Customer appr.,Gift hamper,"7,621",ERP,Andres,late invoice,One-off item
2026-01-25,COGS,Materials,Johnsons Supply,"9,940",ERP,,,One-off item
01/4/26,COGS,Cloud hosting,AWS / Datadog,965,Check,M. Chen,late invoice,Ask owner
2026-02-26,Revenue,Revenue,Retail Customer,"4,660",cash,,posted,Check sign
01-Jan-26,Marketing,Customer appr.,Amazon gift c.,"(7,935)",ERP,M. Chen,Posted,Ask owner
15 Apr-26,R&D,Payroll - eng,Payroll,881,cash,TBD,manual adj,Check sign
15 Apr-26,Revenue,Product sales,Corp. clients,"2,558",Pos,M. Chen,accrual,Ask owner
2026-01-25,G&A,Accounting fees,Brandon,"(4,724)",manual Entry,Alex - FP&A,needs mapping,
2026-02-26,Sales,Sales commission,Payroll,"5,229",manual Entry,M. Chen,late invoice,Ask owner
2026-02-26,Sales,Sales commission,Payroll,"5,163",Pos,Alex - FP&A,posted,Ask owner
25 Mar-26,Services,Prof services,Implementation clients,"4,847",Pos,Andres,Posted,Check sign
01/3/26,Revenue,Subscr. revenue,Corp. clients,"1,974",manual Entry,Andres,posted,
01/3/26,Revenue,Service,Retail Customer,"5,544",cash,Andres,manual adj,Ask owner
15 Feb-26,G&A,Office rent,Landlord,"8,180",cash,TBD,Posted,One-off item
01/4/26,Marketing,Events & webinars,Various,"2,356",ERP,Andres,accrual,Ask owner
2026-02-26,Revenue,Revenue,Corp. clients,239,ERP,,,Map to GL 6100
2026-01-25,Revenue,Revenue,Retail Customer,"2,140",Pos,M. Chen,manual adj,Map to GL 6100
01/2/26,R&D,AI automation,n8n,"6,454",ERP,M. Chen,,Vendor invoice late
01/1/26,Sales,Payroll - sales,Payroll,"2,064",cash,Erikfinance ops,Posted,Vendor invoice late
01/4/26,R&D,Payroll - eng,Payroll,"3,142",Check,Andres,late invoice,One-off item
2026-02-26,COGS,Payroll - eng,Payroll,"5,162",manual Entry,Erikfinance ops,,Ask owner
15 Feb-26,COGS,Payroll - eng,Payroll,"3,273",ERP,Erikfinance ops,,Vendor invoice late
2026-03-28,G&A,Legal fees,Europa Law firm,"3,287",ERP,M. Chen,needs mapping,Map to GL 6100
01/2/26,Marketing,Events & webinars,Various,"5,089",Check,Andres,late invoice,Check sign
01/2/26,Mktg,Customer appr.,Soccer Ticket,682,manual Entry,Alex - FP&A,late invoice,
01/2/26,Services,Support tools,Zendesk / Gainsight,"1,402",Check,Erikfinance ops,,Check sign
01/1/26,COGS,Cloud hosting,AWS / Datadog,"4,100",Check,TBD,manual adj,Check sign
01-Jan-26,Marketing,Google Ads,Google / LinkedIn,"(3,008)",ERP,TBD,Posted,Timing issue
01/4/26,R&D,Payroll - eng,Payroll,"6,598",Pos,TBD,needs mapping,
01/3/26,Sales,CRM / RevOps tools,Salesforce / Outreach,"8,613",Pos,M. Chen,accrual,Vendor invoice late
25 Mar-26,Sales,Payroll - sales,Payroll,"4,236",Pos,M. Chen,Posted,Ask owner
01/2/26,Sales,Sales commission,Payroll,"3,502",cash,TBD,late invoice,Timing issue
01/2/26,Mktg,Customer appr.,Soccer Ticket,"2,972",Check,Andres,late invoice,Map to GL 6100
2026-03-28,Mktg,Paid media,Google / LinkedIn,"1,237",cash,,,One-off item
15 Feb-26,Revenue,Revenue,Corp. clients,"7,796",manual Entry,Andres,accrual,
01/3/26,G&A,Legal fees,Buchalter,"4,719",manual Entry,M. Chen,,
2026-03-28,Sales,Sales commission,Payroll,"9,592",Pos,TBD,posted,Check sign
01/4/26,Mktg,Events & webinars,Various,"9,122",Check,Andres,posted,Map to GL 6100
01/1/26,Revenue,Product sales,Corp. clients,"8,828",ERP,,accrual,Map to GL 6100
01-Jan-26,Marketing,Customer appr.,Gift hamper,11,cash,Andres,accrual,
01/3/26,Sales,Sales commission,Payroll,"2,668",manual Entry,TBD,manual adj,Check sign
15 Apr-26,COGS,Cloud hosting,AWS / Datadog,"(4,309)",cash,Andres,late invoice,
2026-01-25,COGS,Payroll - eng,Payroll,"8,510",ERP,Alex - FP&A,accrual,Ask owner
2026-03-28,G&A,Accounting fees,Brandon,"3,174",Pos,,late invoice,Vendor invoice late
15 Apr-26,Sales,Sales commission,Payroll,"4,838",ERP,Andres,manual adj,
2026-01-25,R&D,Payroll - eng,Payroll,"2,944",Check,Alex - FP&A,needs mapping,Timing issue
2026-03-28,COGS,Cloud hosting,AWS / Datadog,"(8,002)",cash,Alex - FP&A,,One-off item
25 Mar-26,COGS,Materials,Home Depot,"3,071",Pos,,manual adj,Ask owner
01/2/26,Marketing,Google Ads,Google / LinkedIn,"9,769",manual Entry,TBD,manual adj,
01-Jan-26,Sales,Sales commission,Payroll,"6,239",cash,Alex - FP&A,late invoice,Ask owner
01/2/26,Services,Prof services,Implementation clients,"3,329",cash,Alex - FP&A,posted,One-off item
2026-04-01,Marketing,Paid media,Google / LinkedIn,111,ERP,Alex - FP&A,late invoice,Vendor invoice late
01-Jan-26,Mktg,Events & webinars,Various,"1,983",manual Entry,Andres,needs mapping,Map to GL 6100
01/2/26,Marketing,Paid media,Google / LinkedIn,"2,316",Pos,Alex - FP&A,manual adj,Map to GL 6100
01-Jan-26,Sales,Payroll - sales,Payroll,"3,811",Check,,,Vendor invoice late
01/2/26,Marketing,Google Ads,Google / LinkedIn,(406),manual Entry,,needs mapping,Vendor invoice late
01/1/26,G&A,Accounting fees,Jason CPA,"(7,760)",manual Entry,Alex - FP&A,posted,Vendor invoice late
15 Feb-26,Sales,CRM / RevOps tools,Salesforce / Outreach,"3,423",cash,Alex - FP&A,needs mapping,One-off item
2026-04-01,Services,Support tools,Zendesk / Gainsight,"4,159",cash,TBD,manual adj,Timing issue
2026-03-28,R&D,Cloud hosting,AWS / Datadog,"8,845",Pos,TBD,,
01/2/26,Sales,CRM / RevOps tools,Salesforce / Outreach,"5,081",cash,,,Ask owner
15 Apr-26,Marketing,Customer appr.,Soccer Ticket,"(7,806)",ERP,TBD,accrual,Vendor invoice late
25 Mar-26,Marketing,Google Ads,Google / LinkedIn,"7,253",manual Entry,Alex - FP&A,posted,Ask owner
01/3/26,G&A,Accounting fees,Brandon,"8,037",manual Entry,Alex - FP&A,,One-off item
01/1/26,Services,Support tools,Zendesk / Gainsight,"3,570",cash,Erikfinance ops,posted,
01-Jan-26,COGS,Cloud hosting,AWS / Datadog,"(6,865)",ERP,Erikfinance ops,late invoice,Map to GL 6100
2026-01-25,COGS,Cloud hosting,AWS / Datadog,"6,105",manual Entry,,needs mapping,
2026-04-01,Mktg,Events & webinars,Various,"1,423",manual Entry,Erikfinance ops,manual adj,Vendor invoice late
2026-04-01,R&D,AI automation,n8n,"9,888",cash,,late invoice,Timing issue
2026-03-28,Revenue,Service,Corp. clients,"9,583",cash,Alex - FP&A,Posted,Check sign
25 Mar-26,COGS,Materials,Home Depot,"5,746",cash,,,
01/1/26,Sales,Payroll - sales,Payroll,6,Check,TBD,posted,Vendor invoice late
2026-03-28,G&A,Legal fees,Buchalter,"3,870",ERP,,,
01/1/26,Marketing,Customer appr.,Amazon gift c.,"6,017",manual Entry,TBD,,Vendor invoice late
25 Mar-26,Sales,Payroll - sales,Payroll,"4,092",ERP,,manual adj,Vendor invoice late
25 Mar-26,Sales,Sales commission,Payroll,"2,699",Check,M. Chen,Posted,Ask owner
15 Apr-26,Marketing,Events & webinars,Various,"2,636",cash,Alex - FP&A,accrual,Ask owner
2026-01-25,Sales,Sales commission,Payroll,"3,123",cash,,Posted,Map to GL 6100
2026-04-01,COGS,Payroll - eng,Payroll,"5,299",Check,,late invoice,Timing issue
25 Mar-26,Marketing,Events & webinars,Various,839,Pos,TBD,accrual,
2026-02-26,Mktg,Events & webinars,Various,"4,139",manual Entry,M. Chen,manual adj,One-off item
2026-02-26,R&D,AI automation,n8n,"(5,661)",ERP,TBD,manual adj,Timing issue
01/1/26,Sales,CRM / RevOps tools,Salesforce / Outreach,"(8,812)",cash,Alex - FP&A,late invoice,Map to GL 6100
2026-03-28,G&A,Accounting fees,Brandon,"1,668",manual Entry,Erikfinance ops,posted,
2026-04-01,G&A,Legal fees,Buchalter,"(7,551)",manual Entry,TBD,posted,Timing issue
01-Jan-26,G&A,Office rent,Landlord,"2,070",cash,,late invoice,Vendor invoice late
2026-03-28,R&D,Payroll - eng,Payroll,465,cash,Andres,posted,One-off item
01-Jan-26,Mktg,Customer appr.,Gift hamper,"3,559",Check,M. Chen,Posted,Map to GL 6100
15 Apr-26,Mktg,Events & webinars,Various,"2,991",cash,Alex - FP&A,posted,Ask owner
01/2/26,Sales,CRM / RevOps tools,Salesforce / Outreach,194,Pos,Alex - FP&A,manual adj,Check sign
2026-03-28,G&A,Legal fees,Europa Law firm,"(3,783)",manual Entry,Andres,accrual,Check sign
01/3/26,R&D,AI automation,n8n,"8,623",manual Entry,TBD,,Map to GL 6100
15 Feb-26,Revenue,Product sales,Corp. clients,"(8,146)",ERP,Alex - FP&A,accrual,Map to GL 6100
01/3/26,COGS,Payroll - eng,Payroll,"2,433",cash,TBD,needs mapping,One-off item
01/4/26,COGS,Cloud hosting,AWS / Datadog,"7,049",cash,,late invoice,Check sign
01/2/26,Revenue,Product sales,Retail Customer,"6,096",manual Entry,TBD,Posted,Vendor invoice late
15 Feb-26,Revenue,Product sales,Corp. clients,253,manual Entry,Alex - FP&A,,Vendor invoice late
2026-01-25,G&A,Accounting fees,Brandon,211,manual Entry,M. Chen,late invoice,Check sign
2026-02-26,Sales,Sales commission,Payroll,"(9,566)",ERP,,late invoice,Map to GL 6100
01/4/26,Revenue,Service,Retail Customer,"9,993",cash,Erikfinance ops,accrual,Map to GL 6100
2026-01-25,Sales,Sales commission,Payroll,"6,591",cash,Alex - FP&A,needs mapping,Timing issue
01/4/26,Revenue,Revenue,Retail Customer,"5,702",ERP,Erikfinance ops,manual adj,Vendor invoice late
01/4/26,Revenue,Service,Corp. clients,126,ERP,,manual adj,Ask owner
2026-01-25,Mktg,Customer appr.,Soccer Ticket,"5,930",Check,TBD,,Check sign
2026-04-01,Revenue,Revenue,Retail Customer,"2,796",manual Entry,M. Chen,late invoice,Timing issue
01/1/26,Marketing,Google Ads,Google / LinkedIn,892,cash,TBD,accrual,Map to GL 6100
01/3/26,COGS,Cloud hosting,AWS / Datadog,"6,480",manual Entry,Erikfinance ops,Posted,Timing issue
01/1/26,Mktg,Paid media,Google / LinkedIn,131,ERP,Erikfinance ops,late invoice,Map to GL 6100
01/1/26,Revenue,Service,Retail Customer,606,cash,Alex - FP&A,posted,Ask owner
2026-01-25,Marketing,Paid media,Google / LinkedIn,"5,230",Check,Alex - FP&A,accrual,One-off item
25 Mar-26,COGS,Payroll - eng,Payroll,"1,909",ERP,,manual adj,Vendor invoice late
2026-03-28,Services,Support tools,Zendesk / Gainsight,"5,410",ERP,Erikfinance ops,needs mapping,Ask owner
15 Feb-26,Services,Support tools,Zendesk / Gainsight,"(6,725)",cash,TBD,late invoice,Ask owner
01/4/26,Sales,CRM / RevOps tools,Salesforce / Outreach,"6,622",Pos,M. Chen,posted,Ask owner
25 Mar-26,G&A,Accounting fees,Jason CPA,"6,621",Pos,Erikfinance ops,posted,
2026-04-01,Services,Prof services,Implementation clients,"(3,171)",Pos,Alex - FP&A,accrual,One-off item
2026-03-28,Revenue,Product sales,Retail Customer,345,ERP,TBD,needs mapping,Map to GL 6100
2026-03-28,Revenue,Revenue,Corp. clients,"5,982",cash,Alex - FP&A,late invoice,Ask owner
2026-01-25,Marketing,Google Ads,Google / LinkedIn,"2,573",cash,Alex - FP&A,accrual,
01/1/26,Services,Prof services,Implementation clients,"4,234",Pos,Erikfinance ops,accrual,
01/2/26,G&A,Office rent,Landlord,"(8,829)",ERP,M. Chen,late invoice,Map to GL 6100
01/4/26,G&A,Office rent,Landlord,"9,202",ERP,TBD,accrual,Timing issue
15 Apr-26,Sales,Payroll - sales,Payroll,"9,908",cash,Alex - FP&A,late invoice,Ask owner
2026-01-25,Services,Support tools,Zendesk / Gainsight,"3,760",Check,Andres,late invoice,Timing issue
01/4/26,Mktg,Customer appr.,Amazon gift c.,"5,057",manual Entry,Alex - FP&A,Posted,Vendor invoice late
2026-03-28,Services,Prof services,Implementation clients,"3,646",ERP,Alex - FP&A,manual adj,Check sign
2026-04-01,Services,Support tools,Zendesk / Gainsight,"1,341",Pos,Erikfinance ops,,Vendor invoice late
2026-03-28,G&A,Accounting fees,Brandon,"1,450",ERP,TBD,posted,Map to GL 6100
01-Jan-26,Revenue,Service,Corp. clients,"3,106",cash,Andres,accrual,Vendor invoice late
25 Mar-26,Revenue,Product sales,Corp. clients,"2,295",Pos,M. Chen,needs mapping,One-off item
01/2/26,G&A,Legal fees,Buchalter,"5,571",cash,,accrual,
01/2/26,COGS,Cloud hosting,AWS / Datadog,"7,055",Check,TBD,accrual,Timing issue
2026-02-26,Sales,Payroll - sales,Payroll,543,ERP,TBD,accrual,Ask owner
01-Jan-26,Mktg,Events & webinars,Various,"7,389",manual Entry,Erikfinance ops,late invoice,Timing issue
25 Mar-26,Mktg,Events & webinars,Various,"(5,209)",ERP,,,Map to GL 6100
2026-03-28,G&A,Accounting fees,Brandon,"4,307",ERP,Andres,,
01-Jan-26,Marketing,Paid media,Google / LinkedIn,"(6,308)",ERP,TBD,accrual,Timing issue
01/2/26,G&A,Office rent,Landlord,"7,172",cash,,posted,Check sign
25 Mar-26,R&D,Payroll - eng,Payroll,"3,625",ERP,,Posted,Check sign
01-Jan-26,Revenue,Product sales,Retail Customer,"3,521",Pos,,accrual,Check sign
2026-02-26,R&D,AI automation,n8n,"8,519",manual Entry,TBD,late invoice,Map to GL 6100
2026-03-28,Mktg,Paid media,Google / LinkedIn,"(3,883)",manual Entry,,late invoice,Ask owner
25 Mar-26,Services,Prof services,Implementation clients,749,cash,TBD,manual adj,Check sign
15 Feb-26,Revenue,Product sales,Retail Customer,"1,114",cash,TBD,,Vendor invoice late
2026-01-25,Mktg,Events & webinars,Various,805,Check,M. Chen,manual adj,One-off item
2026-01-25,Revenue,Subscr. revenue,Retail Customer,"7,181",cash,M. Chen,posted,Vendor invoice late
01/2/26,Services,Support tools,Zendesk / Gainsight,"6,061",Pos,Erikfinance ops,Posted,Check sign
15 Feb-26,Revenue,Subscr. revenue,Retail Customer,"(3,961)",ERP,,manual adj,Check sign
01/1/26,G&A,Legal fees,Buchalter,"(9,215)",ERP,Alex - FP&A,,
25 Mar-26,COGS,Materials,Johnsons Supply,"6,660",Check,Alex - FP&A,posted,Map to GL 6100
2026-01-25,G&A,Legal fees,Buchalter,"4,035",cash,,needs mapping,
01/2/26,Services,Prof services,Implementation clients,"(4,813)",cash,Erikfinance ops,needs mapping,Map to GL 6100
15 Feb-26,Sales,CRM / RevOps tools,Salesforce / Outreach,"(6,114)",manual Entry,TBD,manual adj,Vendor invoice late
25 Mar-26,Revenue,Revenue,Corp. clients,"(7,250)",ERP,Alex - FP&A,posted,Ask owner
15 Apr-26,Revenue,Revenue,Corp. clients,"2,090",ERP,,posted,Ask owner
2026-03-28,COGS,Payroll - eng,Payroll,"7,624",manual Entry,,posted,One-off item
01/4/26,G&A,Accounting fees,Jason CPA,"(8,501)",Check,,,
25 Mar-26,Mktg,Customer appr.,Gift hamper,"3,765",ERP,Andres,needs mapping,Ask owner
2026-02-26,Services,Support tools,Zendesk / Gainsight,"9,735",cash,M. Chen,posted,Ask owner
2026-01-25,Sales,Payroll - sales,Payroll,"5,464",Check,Erikfinance ops,late invoice,One-off item
15 Feb-26,Services,Prof services,Implementation clients,"3,939",manual Entry,TBD,accrual,Check sign
01/3/26,G&A,Accounting fees,Brandon,90,Check,,needs mapping,Vendor invoice late
25 Mar-26,Mktg,Events & webinars,Various,(944),Pos,TBD,posted,
2026-04-01,Revenue,Service,Corp. clients,"1,408",ERP,TBD,accrual,Vendor invoice late
2026-01-25,Mktg,Paid media,Google / LinkedIn,"(9,834)",Pos,Alex - FP&A,posted,Check sign
15 Apr-26,Sales,Sales commission,Payroll,"1,826",Check,Alex - FP&A,accrual,One-off item
2026-01-25,Marketing,Google Ads,Google / LinkedIn,"7,499",Pos,Alex - FP&A,accrual,One-off item
01/1/26,Mktg,Paid media,Google / LinkedIn,"6,170",Check,Erikfinance ops,,Map to GL 6100
2026-03-28,Revenue,Revenue,Retail Customer,"9,078",Pos,Erikfinance ops,needs mapping,Timing issue
01/1/26,G&A,Accounting fees,Brandon,"8,316",Pos,M. Chen,needs mapping,Map to GL 6100
2026-04-01,Marketing,Google Ads,Google / LinkedIn,"8,621",Check,Erikfinance ops,posted,One-off item
01/3/26,COGS,Payroll - eng,Payroll,"(4,204)",Check,Alex - FP&A,late invoice,Check sign
15 Apr-26,Marketing,Customer appr.,Amazon gift c.,"1,641",Pos,Andres,manual adj,Check sign
2026-01-25,Sales,CRM / RevOps tools,Salesforce / Outreach,"9,071",manual Entry,Andres,accrual,Ask owner
01/1/26,Marketing,Customer appr.,Gift hamper,"(7,611)",ERP,Andres,posted,
2026-04-01,Services,Prof services,Implementation clients,"4,134",manual Entry,Erikfinance ops,,One-off item
01/3/26,COGS,Payroll - eng,Payroll,"(2,235)",manual Entry,TBD,,Map to GL 6100
15 Feb-26,Revenue,Product sales,Corp. clients,"1,815",Check,TBD,Posted,One-off item
2026-02-26,Services,Prof services,Implementation clients,"4,413",manual Entry,,posted,Vendor invoice late
25 Mar-26,Revenue,Revenue,Corp. clients,"1,267",cash,M. Chen,accrual,Map to GL 6100
01/3/26,Sales,Sales commission,Payroll,"5,504",manual Entry,M. Chen,posted,One-off item
2026-03-28,Revenue,Product sales,Corp. clients,"(3,350)",cash,Alex - FP&A,manual adj,Check sign
2026-02-26,Mktg,Customer appr.,Gift hamper,174,Pos,Andres,needs mapping,Map to GL 6100
2026-02-26,COGS,Payroll - eng,Payroll,"5,352",cash,,needs mapping,One-off item
2026-01-25,Mktg,Events & webinars,Various,"(7,690)",Check,,manual adj,Timing issue
01/2/26,COGS,Payroll - eng,Payroll,"4,127",ERP,,,One-off item
01/3/26,Revenue,Service,Retail Customer,"3,495",cash,TBD,posted,Map to GL 6100
2026-03-28,R&D,Cloud hosting,AWS / Datadog,"3,548",cash,Alex - FP&A,posted,One-off item
01/3/26,R&D,Cloud hosting,AWS / Datadog,"4,574",Pos,Andres,Posted,Ask owner
2026-04-01,R&D,Payroll - eng,Payroll,"7,493",ERP,M. Chen,needs mapping,Timing issue
15 Feb-26,Marketing,Google Ads,Google / LinkedIn,"6,868",Pos,Andres,late invoice,Check sign
2026-01-25,Mktg,Paid media,Google / LinkedIn,"5,577",manual Entry,Andres,accrual,Vendor invoice late
01/2/26,G&A,Office rent,Landlord,"6,440",ERP,Erikfinance ops,posted,Check sign
01/3/26,COGS,Materials,Home Depot,"6,165",cash,Erikfinance ops,needs mapping,
2026-02-26,Sales,Payroll - sales,Payroll,"9,976",ERP,,accrual,Ask owner
01/2/26,Marketing,Google Ads,Google / LinkedIn,128,ERP,,accrual,
25 Mar-26,Services,Support tools,Zendesk / Gainsight,"3,829",Pos,TBD,posted,
15 Apr-26,Sales,CRM / RevOps tools,Salesforce / Outreach,"6,307",ERP,Andres,accrual,Map to GL 6100
15 Feb-26,G&A,Office rent,Landlord,"8,129",Pos,TBD,Posted,Check sign
01-Jan-26,G&A,Office rent,Landlord,"7,354",manual Entry,TBD,Posted,Ask owner
2026-02-26,COGS,Materials,Electric house,"5,400",cash,Erikfinance ops,posted,One-off item
01/4/26,Mktg,Paid media,Google / LinkedIn,"3,551",Pos,Andres,needs mapping,Vendor invoice late
2026-01-25,Sales,Sales commission,Payroll,(344),Pos,Alex - FP&A,needs mapping,Map to GL 6100
01/1/26,Revenue,Product sales,Corp. clients,665,Pos,,,Check sign
2026-03-28,Sales,Payroll - sales,Payroll,"(5,729)",Pos,Erikfinance ops,manual adj,Timing issue
01/4/26,Marketing,Google Ads,Google / LinkedIn,"(7,882)",manual Entry,TBD,needs mapping,One-off item
15 Apr-26,COGS,Payroll - eng,Payroll,"7,699",Pos,M. Chen,Posted,Timing issue
25 Mar-26,Services,Support tools,Zendesk / Gainsight,"5,825",cash,Erikfinance ops,Posted,Vendor invoice late
2026-02-26,G&A,Accounting fees,Jason CPA,"(4,098)",Check,TBD,Posted,Ask owner
2026-02-26,G&A,Legal fees,Europa Law firm,"4,483",Check,Andres,needs mapping,One-off item
15 Apr-26,G&A,Office rent,Landlord,"2,802",cash,Erikfinance ops,posted,Check sign
2026-04-01,Marketing,Google Ads,Google / LinkedIn,"5,662",ERP,,late invoice,Vendor invoice late
2026-03-28,Marketing,Google Ads,Google / LinkedIn,"7,801",Check,Andres,needs mapping,Ask owner
2026-03-28,Marketing,Paid media,Google / LinkedIn,"7,133",ERP,Erikfinance ops,posted,Vendor invoice late
25 Mar-26,COGS,Cloud hosting,AWS / Datadog,"9,210",Check,TBD,needs mapping,One-off item
2026-01-25,Sales,CRM / RevOps tools,Salesforce / Outreach,416,cash,Alex - FP&A,manual adj,Vendor invoice late
25 Mar-26,Mktg,Paid media,Google / LinkedIn,"5,487",Check,Andres,manual adj,One-off item
2026-01-25,G&A,Legal fees,Buchalter,"9,136",cash,Andres,Posted,
01/4/26,Services,Support tools,Zendesk / Gainsight,"(3,865)",Check,Andres,needs mapping,Vendor invoice late
2026-04-01,Revenue,Subscr. revenue,Retail Customer,"(5,383)",manual Entry,Andres,needs mapping,Ask owner
2026-02-26,R&D,Payroll - eng,Payroll,"9,778",ERP,M. Chen,accrual,Vendor invoice late
01/2/26,Services,Support tools,Zendesk / Gainsight,(842),Check,,late invoice,Check sign
01-Jan-26,Services,Prof services,Implementation clients,"(6,808)",Pos,M. Chen,posted,
2026-01-25,G&A,Office rent,Landlord,"5,407",Pos,Erikfinance ops,late invoice,Map to GL 6100
01/2/26,Marketing,Google Ads,Google / LinkedIn,"5,012",cash,TBD,late invoice,One-off item
01/2/26,Mktg,Events & webinars,Various,"(7,605)",Pos,Andres,posted,Ask owner
15 Feb-26,Services,Support tools,Zendesk / Gainsight,"6,554",cash,Alex - FP&A,posted,Vendor invoice late
2026-04-01,COGS,Payroll - eng,Payroll,"4,547",Pos,M. Chen,accrual,Vendor invoice late
15 Apr-26,Services,Prof services,Implementation clients,"3,210",Check,TBD,Posted,Check sign
25 Mar-26,COGS,Payroll - eng,Payroll,"1,573",cash,M. Chen,posted,Check sign
2026-02-26,R&D,AI automation,n8n,"3,647",manual Entry,TBD,,Vendor invoice late
2026-02-26,Marketing,Customer appr.,Gift hamper,"6,938",Pos,Alex - FP&A,accrual,Vendor invoice late
15 Apr-26,Services,Support tools,Zendesk / Gainsight,904,ERP,Andres,posted,One-off item
01/1/26,Services,Support tools,Zendesk / Gainsight,"8,953",ERP,TBD,,
15 Feb-26,Marketing,Events & webinars,Various,"(2,937)",Check,Alex - FP&A,needs mapping,
2026-01-25,G&A,Legal fees,Europa Law firm,"1,913",manual Entry,,late invoice,
01/1/26,Mktg,Events & webinars,Various,"5,403",Pos,Andres,posted,Timing issue
25 Mar-26,COGS,Cloud hosting,AWS / Datadog,"4,032",Pos,M. Chen,needs mapping,Vendor invoice late
15 Apr-26,COGS,Materials,Electric house,"5,386",Pos,,posted,Map to GL 6100
01/2/26,G&A,Office rent,Landlord,"6,230",manual Entry,,accrual,Timing issue
2026-03-28,Sales,Sales commission,Payroll,"7,972",manual Entry,TBD,Posted,Vendor invoice late
25 Mar-26,R&D,Payroll - eng,Payroll,"4,289",ERP,M. Chen,accrual,Check sign
01/3/26,G&A,Office rent,Landlord,"3,253",ERP,Andres,manual adj,One-off item
2026-02-26,Mktg,Paid media,Google / LinkedIn,"(8,625)",manual Entry,Erikfinance ops,manual adj,Vendor invoice late
15 Feb-26,G&A,Office rent,Landlord,"6,446",cash,M. Chen,Posted,Check sign
2026-01-25,G&A,Legal fees,Europa Law firm,"(3,783)",manual Entry,TBD,posted,Ask owner
01/1/26,Sales,Sales commission,Payroll,"9,524",ERP,Andres,manual adj,Ask owner
2026-02-26,Sales,Sales commission,Payroll,"9,741",Pos,,accrual,Ask owner
2026-02-26,R&D,Payroll - eng,Payroll,"(1,801)",ERP,,,Vendor invoice late
2026-03-28,R&D,AI automation,n8n,"2,460",Check,M. Chen,posted,Ask owner
01/2/26,Marketing,Paid media,Google / LinkedIn,"6,317",cash,,needs mapping,One-off item
25 Mar-26,G&A,Legal fees,Buchalter,"5,038",manual Entry,Andres,Posted,Timing issue
01/4/26,G&A,Office rent,Landlord,"4,322",manual Entry,M. Chen,manual adj,
2026-01-25,R&D,AI automation,n8n,720,cash,TBD,posted,Check sign
01/3/26,G&A,Accounting fees,Jason CPA,"1,799",ERP,,late invoice,Vendor invoice late
01/2/26,Mktg,Events & webinars,Various,"9,049",ERP,,manual adj,Timing issue
15 Apr-26,Services,Support tools,Zendesk / Gainsight,"6,641",Pos,Erikfinance ops,posted,Timing issue
15 Feb-26,Sales,Payroll - sales,Payroll,"9,953",Pos,M. Chen,accrual,Ask owner
2026-03-28,Sales,CRM / RevOps tools,Salesforce / Outreach,"6,006",Check,Andres,accrual,Check sign
01/3/26,Services,Prof services,Implementation clients,"3,311",ERP,Alex - FP&A,,
2026-01-25,Mktg,Paid media,Google / LinkedIn,"1,533",cash,Alex - FP&A,needs mapping,Ask owner
2026-02-26,Sales,Sales commission,Payroll,"5,212",ERP,M. Chen,,Ask owner
2026-04-01,Marketing,Customer appr.,Soccer Ticket,"6,093",Check,,Posted,Ask owner
2026-03-28,COGS,Payroll - eng,Payroll,"6,878",Pos,M. Chen,accrual,Vendor invoice late
2026-04-01,Mktg,Events & webinars,Various,762,ERP,Erikfinance ops,posted,One-off item
2026-03-28,Marketing,Paid media,Google / LinkedIn,"8,452",Pos,Andres,late invoice,Check sign
01/2/26,COGS,Payroll - eng,Payroll,"1,239",ERP,Alex - FP&A,accrual,Vendor invoice late
2026-02-26,Mktg,Customer appr.,Gift hamper,"5,628",Check,Alex - FP&A,late invoice,
25 Mar-26,Services,Prof services,Implementation clients,"(2,347)",manual Entry,M. Chen,,Map to GL 6100
01/3/26,Revenue,Subscr. revenue,Corp. clients,"(2,722)",Pos,,accrual,Vendor invoice late
2026-01-25,Mktg,Customer appr.,Amazon gift c.,"4,905",cash,M. Chen,late invoice,Timing issue
25 Mar-26,Services,Prof services,Implementation clients,709,manual Entry,,Posted,Map to GL 6100
15 Apr-26,Mktg,Events & webinars,Various,"9,507",cash,Alex - FP&A,manual adj,
15 Apr-26,Marketing,Paid media,Google / LinkedIn,"4,544",Pos,Erikfinance ops,late invoice,Vendor invoice late
01/1/26,COGS,Cloud hosting,AWS / Datadog,"1,651",Check,Alex - FP&A,,Vendor invoice late
01/4/26,Services,Support tools,Zendesk / Gainsight,"5,423",Check,Erikfinance ops,,One-off item
15 Apr-26,R&D,Payroll - eng,Payroll,"(9,059)",ERP,TBD,Posted,Map to GL 6100
25 Mar-26,R&D,Payroll - eng,Payroll,"9,413",Check,Erikfinance ops,posted,Map to GL 6100
01-Jan-26,Mktg,Paid media,Google / LinkedIn,"4,525",ERP,Alex - FP&A,accrual,Timing issue
01/2/26,Services,Prof services,Implementation clients,"8,565",ERP,M. Chen,manual adj,Check sign
01/3/26,Marketing,Paid media,Google / LinkedIn,"2,309",cash,Erikfinance ops,,Ask owner
2026-04-01,Sales,CRM / RevOps tools,Salesforce / Outreach,336,Check,,late invoice,Vendor invoice late
2026-01-25,Revenue,Revenue,Retail Customer,"1,322",Check,,,Timing issue
2026-01-25,Sales,Payroll - sales,Payroll,"3,210",manual Entry,Andres,late invoice,Check sign
2026-03-28,G&A,Legal fees,Europa Law firm,"6,001",Check,Alex - FP&A,late invoice,Map to GL 6100
2026-04-01,Sales,CRM / RevOps tools,Salesforce / Outreach,"(9,642)",Pos,Andres,posted,Map to GL 6100
01/2/26,COGS,Materials,Electric house,"(1,330)",Pos,Alex - FP&A,late invoice,Check sign
25 Mar-26,Marketing,Paid media,Google / LinkedIn,"(2,697)",Pos,Erikfinance ops,,
2026-02-26,G&A,Office rent,Landlord,"4,055",ERP,Erikfinance ops,,Map to GL 6100
01-Jan-26,COGS,Payroll - eng,Payroll,"1,256",manual Entry,Erikfinance ops,,Check sign
01/4/26,Sales,Sales commission,Payroll,"3,442",manual Entry,TBD,Posted,
2026-02-26,Mktg,Events & webinars,Various,"(9,887)",ERP,Alex - FP&A,,Timing issue
15 Apr-26,COGS,Materials,Electric house,"4,881",Check,M. Chen,,Check sign
2026-03-28,Mktg,Customer appr.,Amazon gift c.,"5,355",cash,M. Chen,late invoice,One-off item
2026-01-25,Sales,Sales commission,Payroll,993,manual Entry,M. Chen,late invoice,Vendor invoice late
01/2/26,R&D,Cloud hosting,AWS / Datadog,"3,378",cash,M. Chen,late invoice,Timing issue
15 Feb-26,Revenue,Service,Retail Customer,"6,916",manual Entry,Alex - FP&A,,Ask owner
2026-01-25,Mktg,Customer appr.,Amazon gift c.,"9,182",cash,,manual adj,Ask owner
01/1/26,Sales,Payroll - sales,Payroll,"2,829",Check,Andres,needs mapping,
01-Jan-26,Revenue,Revenue,Corp. clients,"8,323",ERP,Erikfinance ops,Posted,One-off item
2026-03-28,Revenue,Product sales,Retail Customer,"6,423",ERP,Alex - FP&A,accrual,
15 Apr-26,Services,Support tools,Zendesk / Gainsight,"(2,724)",Check,,manual adj,Check sign
01/1/26,R&D,AI automation,n8n,"6,196",Pos,M. Chen,needs mapping,Check sign
15 Apr-26,COGS,Cloud hosting,AWS / Datadog,"6,187",cash,M. Chen,Posted,Check sign
01/1/26,Sales,Sales commission,Payroll,"5,520",ERP,Erikfinance ops,accrual,Check sign
2026-04-01,R&D,AI automation,n8n,"4,031",cash,Alex - FP&A,Posted,Vendor invoice late
2026-04-01,R&D,Payroll - eng,Payroll,"9,627",cash,M. Chen,accrual,
2026-04-01,Sales,Sales commission,Payroll,"5,457",manual Entry,Alex - FP&A,manual adj,Map to GL 6100
15 Apr-26,Mktg,Paid media,Google / LinkedIn,"1,410",manual Entry,M. Chen,manual adj,One-off item
01/4/26,Sales,CRM / RevOps tools,Salesforce / Outreach,"3,911",Check,M. Chen,needs mapping,One-off item
2026-03-28,Services,Prof services,Implementation clients,"5,078",cash,Alex - FP&A,needs mapping,Timing issue
25 Mar-26,R&D,Payroll - eng,Payroll,"1,356",ERP,,late invoice,One-off item
2026-04-01,R&D,Payroll - eng,Payroll,"6,432",manual Entry,TBD,manual adj,
01/2/26,Services,Prof services,Implementation clients,"9,118",Check,TBD,manual adj,Ask owner
01/2/26,Sales,Payroll - sales,Payroll,"4,712",cash,Alex - FP&A,posted,Check sign
01/4/26,R&D,Cloud hosting,AWS / Datadog,"8,265",Pos,Alex - FP&A,Posted,Timing issue
15 Apr-26,G&A,Legal fees,Buchalter,"8,766",ERP,M. Chen,accrual,
01/3/26,Sales,CRM / RevOps tools,Salesforce / Outreach,"(9,706)",Check,Alex - FP&A,manual adj,One-off item
2026-02-26,R&D,AI automation,n8n,"5,025",manual Entry,,accrual,Vendor invoice late
2026-02-26,Revenue,Revenue,Corp. clients,"(2,246)",manual Entry,Andres,,Check sign
2026-03-28,Sales,Sales commission,Payroll,"5,953",ERP,M. Chen,manual adj,Vendor invoice late
01/2/26,Revenue,Product sales,Retail Customer,"9,884",Pos,Alex - FP&A,accrual,Timing issue
01-Jan-26,Mktg,Customer appr.,Amazon gift c.,941,manual Entry,Alex - FP&A,,Check sign
01-Jan-26,Services,Support tools,Zendesk / Gainsight,"7,500",cash,M. Chen,,Check sign
01/4/26,Marketing,Google Ads,Google / LinkedIn,"(2,544)",ERP,M. Chen,manual adj,Ask owner
01-Jan-26,G&A,Legal fees,Buchalter,"8,920",manual Entry,M. Chen,needs mapping,
01-Jan-26,Marketing,Events & webinars,Various,"9,916",Check,Erikfinance ops,,One-off item
01/4/26,Mktg,Paid media,Google / LinkedIn,"3,619",Pos,Andres,late invoice,One-off item
01/2/26,Marketing,Paid media,Google / LinkedIn,"1,261",Check,Andres,posted,Map to GL 6100
01/1/26,Services,Support tools,Zendesk / Gainsight,"3,393",manual Entry,Alex - FP&A,posted,One-off item
2026-01-25,Mktg,Events & webinars,Various,"(7,625)",manual Entry,,needs mapping,
01/2/26,R&D,AI automation,n8n,668,cash,M. Chen,,One-off item
25 Mar-26,R&D,Payroll - eng,Payroll,"7,890",manual Entry,M. Chen,late invoice,Map to GL 6100
01/2/26,Sales,Payroll - sales,Payroll,"8,920",manual Entry,Alex - FP&A,manual adj,
01/2/26,COGS,Payroll - eng,Payroll,"(1,300)",Pos,Andres,manual adj,Map to GL 6100
01-Jan-26,Sales,CRM / RevOps tools,Salesforce / Outreach,"9,506",ERP,Alex - FP&A,late invoice,Map to GL 6100
2026-02-26,G&A,Legal fees,Buchalter,"6,297",ERP,M. Chen,,Timing issue
01-Jan-26,Revenue,Revenue,Retail Customer,"6,151",manual Entry,M. Chen,,Ask owner
2026-01-25,R&D,Payroll - eng,Payroll,"8,268",cash,Alex - FP&A,Posted,Timing issue
2026-01-25,Services,Prof services,Implementation clients,"1,349",ERP,,Posted,Timing issue
2026-04-01,G&A,Office rent,Landlord,"9,851",manual Entry,,Posted,Ask owner
25 Mar-26,Marketing,Paid media,Google / LinkedIn,787,Check,Andres,accrual,Timing issue
01/4/26,Services,Support tools,Zendesk / Gainsight,"3,914",Check,Andres,posted,
2026-04-01,Revenue,Subscr. revenue,Corp. clients,555,cash,Alex - FP&A,accrual,Map to GL 6100
01/2/26,Services,Prof services,Implementation clients,"5,871",ERP,Andres,Posted,One-off item
2026-03-28,Mktg,Paid media,Google / LinkedIn,(868),cash,Erikfinance ops,manual adj,Check sign
15 Apr-26,Services,Support tools,Zendesk / Gainsight,"(8,040)",cash,Alex - FP&A,manual adj,Map to GL 6100
2026-04-01,G&A,Office rent,Landlord,"(5,815)",Pos,TBD,needs mapping,
01-Jan-26,G&A,Legal fees,Buchalter,"1,933",Pos,,accrual,One-off item
01/4/26,COGS,Materials,Home Depot,"7,109",Check,M. Chen,posted,Vendor invoice late
01/1/26,Revenue,Product sales,Corp. clients,"1,174",Pos,Andres,needs mapping,
15 Apr-26,R&D,Cloud hosting,AWS / Datadog,"3,532",manual Entry,Erikfinance ops,manual adj,Ask owner
2026-04-01,Sales,Sales commission,Payroll,650,cash,M. Chen,needs mapping,Vendor invoice late
2026-01-25,Marketing,Customer appr.,Gift hamper,"1,926",ERP,Andres,accrual,One-off item
01/1/26,R&D,Cloud hosting,AWS / Datadog,"3,177",Pos,M. Chen,accrual,One-off item
01/1/26,COGS,Payroll - eng,Payroll,"(1,484)",Check,TBD,Posted,Map to GL 6100
15 Feb-26,Sales,Payroll - sales,Payroll,(685),ERP,Erikfinance ops,posted,Map to GL 6100
01/3/26,R&D,Payroll - eng,Payroll,"2,017",Check,M. Chen,posted,One-off item
2026-03-28,G&A,Accounting fees,Brandon,180,ERP,M. Chen,,Ask owner
01/1/26,Revenue,Product sales,Retail Customer,"7,882",ERP,Erikfinance ops,needs mapping,One-off item
01/1/26,Services,Prof services,Implementation clients,"2,065",Pos,Alex - FP&A,Posted,Check sign
25 Mar-26,Mktg,Events & webinars,Various,"8,794",Check,Erikfinance ops,posted,Timing issue
01/4/26,Services,Support tools,Zendesk / Gainsight,"5,629",Pos,Alex - FP&A,posted,Map to GL 6100
2026-03-28,Revenue,Subscr. revenue,Corp. clients,"7,227",manual Entry,M. Chen,accrual,
2026-04-01,G&A,Accounting fees,Brandon,"(4,892)",ERP,TBD,manual adj,
15 Apr-26,COGS,Cloud hosting,AWS / Datadog,"7,271",ERP,Erikfinance ops,accrual,Timing issue
25 Mar-26,Revenue,Subscr. revenue,Retail Customer,"5,330",manual Entry,Alex - FP&A,,One-off item
15 Feb-26,Marketing,Google Ads,Google / LinkedIn,"(2,988)",cash,TBD,accrual,One-off item
2026-03-28,Services,Prof services,Implementation clients,"(5,765)",ERP,Erikfinance ops,Posted,Map to GL 6100
15 Feb-26,Mktg,Paid media,Google / LinkedIn,"2,244",cash,TBD,needs mapping,
2026-03-28,G&A,Office rent,Landlord,"2,262",Check,,needs mapping,Map to GL 6100
01/1/26,Sales,Sales commission,Payroll,"(9,401)",Check,M. Chen,accrual,One-off item
15 Feb-26,COGS,Materials,Johnsons Supply,"2,218",cash,M. Chen,manual adj,
01/4/26,Mktg,Events & webinars,Various,"1,931",ERP,TBD,accrual,Ask owner
01/1/26,Services,Support tools,Zendesk / Gainsight,(397),Pos,Alex - FP&A,accrual,One-off item
01/4/26,Services,Prof services,Implementation clients,"8,501",cash,Alex - FP&A,needs mapping,Timing issue
2026-04-01,Revenue,Subscr. revenue,Retail Customer,"(2,118)",manual Entry,Andres,accrual,Ask owner
01/4/26,Services,Prof services,Implementation clients,"9,084",ERP,Alex - FP&A,needs mapping,Vendor invoice late
25 Mar-26,Mktg,Paid media,Google / LinkedIn,"2,807",cash,,needs mapping,Vendor invoice late
01/1/26,Services,Support tools,Zendesk / Gainsight,"5,477",cash,Andres,late invoice,Check sign
25 Mar-26,Revenue,Subscr. revenue,Retail Customer,"9,154",cash,M. Chen,posted,Timing issue
2026-03-28,COGS,Payroll - eng,Payroll,"7,786",ERP,Andres,accrual,Check sign
2026-04-01,G&A,Legal fees,Buchalter,"5,509",ERP,Erikfinance ops,,One-off item
15 Apr-26,Services,Prof services,Implementation clients,"4,660",manual Entry,M. Chen,accrual,One-off item
2026-03-28,Mktg,Customer appr.,Amazon gift c.,"5,190",Check,M. Chen,accrual,Check sign
2026-04-01,COGS,Materials,Walmart,"5,411",Check,TBD,late invoice,
2026-01-25,Marketing,Paid media,Google / LinkedIn,"9,650",cash,TBD,Posted,Map to GL 6100
25 Mar-26,Marketing,Paid media,Google / LinkedIn,"9,946",Pos,,accrual,Map to GL 6100
01/2/26,Sales,Payroll - sales,Payroll,"1,239",Check,TBD,accrual,Timing issue
01/1/26,Services,Support tools,Zendesk / Gainsight,"6,866",manual Entry,,posted,Vendor invoice late
01/4/26,Revenue,Subscr. revenue,Retail Customer,"(9,013)",Pos,TBD,,Ask owner
2026-02-26,Marketing,Paid media,Google / LinkedIn,"(5,376)",manual Entry,Andres,late invoice,Timing issue
01/4/26,Sales,CRM / RevOps tools,Salesforce / Outreach,"1,518",Pos,Andres,Posted,
2026-03-28,Mktg,Customer appr.,Soccer Ticket,"7,820",cash,,posted,Map to GL 6100
01/4/26,Marketing,Google Ads,Google / LinkedIn,"8,099",Pos,Andres,Posted,Map to GL 6100
2026-01-25,Marketing,Events & webinars,Various,"5,862",Pos,Erikfinance ops,posted,Timing issue
01/1/26,G&A,Office rent,Landlord,"5,522",manual Entry,,manual adj,Check sign
01/2/26,R&D,Payroll - eng,Payroll,"2,913",Pos,M. Chen,Posted,Vendor invoice late
2026-01-25,Marketing,Events & webinars,Various,"5,760",ERP,Alex - FP&A,accrual,Check sign
01/1/26,Services,Support tools,Zendesk / Gainsight,"3,262",cash,TBD,posted,Check sign
01/3/26,Revenue,Subscr. revenue,Corp. clients,"(6,516)",manual Entry,Alex - FP&A,late invoice,Timing issue
01/3/26,G&A,Accounting fees,Brandon,"5,624",cash,TBD,needs mapping,Ask owner
2026-04-01,Sales,Sales commission,Payroll,"6,131",Pos,Andres,accrual,Check sign
01/3/26,COGS,Materials,Home Depot,429,Check,M. Chen,Posted,Timing issue
2026-01-25,Revenue,Subscr. revenue,Retail Customer,"9,051",manual Entry,Andres,accrual,Check sign
25 Mar-26,Marketing,Customer appr.,Gift hamper,"8,093",Check,Alex - FP&A,posted,Check sign
2026-02-26,Revenue,Revenue,Retail Customer,"2,504",Check,M. Chen,manual adj,Map to GL 6100
15 Apr-26,COGS,Payroll - eng,Payroll,986,manual Entry,M. Chen,posted,Map to GL 6100
01/2/26,Marketing,Events & webinars,Various,"1,965",Pos,M. Chen,accrual,Check sign
15 Feb-26,Revenue,Subscr. revenue,Retail Customer,"3,513",ERP,Andres,late invoice,Check sign
2026-02-26,R&D,Payroll - eng,Payroll,"(6,644)",Pos,TBD,accrual,One-off item
01/2/26,Sales,CRM / RevOps tools,Salesforce / Outreach,"5,173",Check,Alex - FP&A,late invoice,One-off item
2026-04-01,Sales,Payroll - sales,Payroll,"3,160",ERP,Erikfinance ops,needs mapping,
15 Feb-26,Mktg,Paid media,Google / LinkedIn,(185),cash,Alex - FP&A,accrual,Ask owner
2026-01-25,Marketing,Events & webinars,Various,"7,074",ERP,Alex - FP&A,accrual,Timing issue
2026-03-28,Mktg,Events & webinars,Various,"9,379",Pos,Erikfinance ops,,Ask owner
25 Mar-26,Revenue,Revenue,Retail Customer,"4,735",Check,TBD,,One-off item
01/4/26,Mktg,Customer appr.,Soccer Ticket,"(6,227)",ERP,M. Chen,posted,Vendor invoice late
01-Jan-26,R&D,Payroll - eng,Payroll,"5,920",Pos,Andres,accrual,Ask owner
15 Apr-26,Marketing,Events & webinars,Various,"1,634",Pos,M. Chen,Posted,
15 Apr-26,Marketing,Customer appr.,Amazon gift c.,"4,579",Check,Andres,accrual,
01/3/26,R&D,AI automation,n8n,"1,886",ERP,M. Chen,Posted,Vendor invoice late
15 Apr-26,Marketing,Google Ads,Google / LinkedIn,"(4,103)",manual Entry,Andres,posted,Timing issue
2026-04-01,G&A,Office rent,Landlord,"6,608",manual Entry,Andres,,One-off item
25 Mar-26,Mktg,Events & webinars,Various,"(2,824)",Check,,Posted,Timing issue
15 Apr-26,Mktg,Customer appr.,Amazon gift c.,"7,863",ERP,Andres,accrual,Check sign
2026-01-25,Services,Support tools,Zendesk / Gainsight,"5,081",Pos,Andres,late invoice,Vendor invoice late
01/1/26,Marketing,Customer appr.,Gift hamper,"3,681",Pos,M. Chen,Posted,Check sign
01/1/26,Marketing,Paid media,Google / LinkedIn,"9,706",cash,Alex - FP&A,late invoice,
01/4/26,COGS,Cloud hosting,AWS / Datadog,900,ERP,Andres,manual adj,Ask owner
01-Jan-26,R&D,Cloud hosting,AWS / Datadog,"(5,504)",cash,M. Chen,Posted,Check sign
15 Apr-26,R&D,Payroll - eng,Payroll,"2,105",Check,Alex - FP&A,needs mapping,Timing issue
2026-03-28,COGS,Payroll - eng,Payroll,"6,964",Pos,,manual adj,Vendor invoice late
01-Jan-26,Mktg,Events & webinars,Various,"3,991",manual Entry,Andres,Posted,Ask owner
2026-01-25,Mktg,Paid media,Google / LinkedIn,650,cash,Alex - FP&A,late invoice,One-off item
2026-02-26,Sales,Payroll - sales,Payroll,"4,548",Pos,,manual adj,Map to GL 6100
01/2/26,Mktg,Events & webinars,Various,"1,950",Check,Andres,Posted,Timing issue
01/3/26,G&A,Office rent,Landlord,"2,313",ERP,,Posted,Map to GL 6100
01/1/26,R&D,AI automation,n8n,"6,358",cash,M. Chen,late invoice,Vendor invoice late
01/4/26,Marketing,Events & webinars,Various,"2,675",ERP,M. Chen,,Check sign
2026-04-01,Revenue,Subscr. revenue,Corp. clients,"9,836",Pos,Alex - FP&A,manual adj,Timing issue
01-Jan-26,Mktg,Customer appr.,Gift hamper,746,manual Entry,Andres,late invoice,Vendor invoice late
15 Apr-26,Mktg,Events & webinars,Various,"8,087",Check,Alex - FP&A,needs mapping,One-off item
25 Mar-26,Services,Prof services,Implementation clients,"(6,582)",cash,,late invoice,Vendor invoice late
01/4/26,Revenue,Subscr. revenue,Retail Customer,46,Check,Erikfinance ops,late invoice,Check sign
01/1/26,G&A,Office rent,Landlord,"3,851",Pos,Alex - FP&A,Posted,One-off item
01/1/26,R&D,Cloud hosting,AWS / Datadog,"5,581",ERP,Erikfinance ops,,
25 Mar-26,Marketing,Google Ads,Google / LinkedIn,"4,982",Check,Andres,accrual,Timing issue
15 Feb-26,COGS,Materials,Johnsons Supply,"3,478",Check,Andres,accrual,Map to GL 6100
01/3/26,R&D,Cloud hosting,AWS / Datadog,"2,017",cash,M. Chen,manual adj,Vendor invoice late
01-Jan-26,G&A,Legal fees,Buchalter,"5,748",Check,Andres,late invoice,One-off item
15 Feb-26,R&D,AI automation,n8n,"9,987",cash,Alex - FP&A,late invoice,Vendor invoice late
2026-02-26,G&A,Office rent,Landlord,"5,394",Check,Andres,manual adj,Vendor invoice late
2026-04-01,Marketing,Paid media,Google / LinkedIn,"9,482",Pos,Alex - FP&A,needs mapping,One-off item
15 Apr-26,Services,Prof services,Implementation clients,"9,418",ERP,,manual adj,Map to GL 6100
2026-01-25,G&A,Legal fees,Buchalter,"2,260",Check,Andres,Posted,Check sign
01-Jan-26,G&A,Legal fees,Buchalter,517,ERP,TBD,manual adj,Ask owner
01/2/26,G&A,Legal fees,Buchalter,"9,166",ERP,M. Chen,needs mapping,Timing issue
2026-01-25,Revenue,Product sales,Retail Customer,"2,779",ERP,TBD,accrual,
15 Apr-26,COGS,Materials,Walmart,"5,096",cash,Andres,Posted,Vendor invoice late
01/1/26,Sales,Payroll - sales,Payroll,"6,732",ERP,TBD,posted,Check sign
15 Feb-26,G&A,Office rent,Landlord,"2,297",Pos,TBD,,One-off item
01/2/26,Marketing,Google Ads,Google / LinkedIn,"(5,189)",Check,M. Chen,posted,Map to GL 6100
2026-01-25,Mktg,Customer appr.,Amazon gift c.,"7,995",manual Entry,TBD,posted,Ask owner
2026-04-01,COGS,Payroll - eng,Payroll,"4,007",manual Entry,TBD,posted,Vendor invoice late
01/3/26,R&D,Payroll - eng,Payroll,"7,453",Pos,TBD,needs mapping,Map to GL 6100
01/4/26,Marketing,Paid media,Google / LinkedIn,"1,498",Check,M. Chen,posted,Timing issue
01/2/26,Sales,Sales commission,Payroll,"4,374",Pos,TBD,,Check sign
15 Feb-26,Revenue,Revenue,Retail Customer,"7,625",cash,M. Chen,manual adj,
2026-01-25,R&D,Cloud hosting,AWS / Datadog,"4,771",cash,,manual adj,Check sign
2026-01-25,COGS,Payroll - eng,Payroll,"8,788",manual Entry,Erikfinance ops,posted,
2026-04-01,Services,Prof services,Implementation clients,"4,561",cash,TBD,,
01-Jan-26,Revenue,Revenue,Corp. clients,"9,263",ERP,,,Timing issue
2026-01-25,G&A,Office rent,Landlord,408,manual Entry,,Posted,
2026-02-26,Sales,Payroll - sales,Payroll,"6,115",ERP,Erikfinance ops,Posted,
2026-02-26,Sales,CRM / RevOps tools,Salesforce / Outreach,39,ERP,Erikfinance ops,posted,Ask owner
2026-01-25,Marketing,Customer appr.,Amazon gift c.,"9,666",manual Entry,M. Chen,posted,Vendor invoice late
01/1/26,Sales,Payroll - sales,Payroll,"5,748",Pos,Alex - FP&A,needs mapping,Timing issue
15 Feb-26,R&D,Cloud hosting,AWS / Datadog,"7,844",manual Entry,TBD,needs mapping,Ask owner
2026-01-25,Services,Support tools,Zendesk / Gainsight,"9,605",cash,,accrual,Map to GL 6100
2026-04-01,COGS,Materials,Electric house,"3,727",ERP,M. Chen,posted,Map to GL 6100
01/1/26,Marketing,Paid media,Google / LinkedIn,"5,248",Pos,Andres,posted,Map to GL 6100
01/2/26,Sales,Sales commission,Payroll,"9,177",ERP,Andres,Posted,Ask owner
2026-02-26,COGS,Cloud hosting,AWS / Datadog,700,ERP,M. Chen,,
2026-01-25,R&D,Cloud hosting,AWS / Datadog,"(7,713)",cash,Alex - FP&A,accrual,Map to GL 6100
01/1/26,R&D,Cloud hosting,AWS / Datadog,"4,589",cash,,,Map to GL 6100
01/2/26,Mktg,Customer appr.,Soccer Ticket,"1,976",Check,Alex - FP&A,accrual,Vendor invoice late
2026-01-25,Sales,CRM / RevOps tools,Salesforce / Outreach,"1,281",Pos,Erikfinance ops,Posted,One-off item
01/3/26,Revenue,Product sales,Corp. clients,"(3,078)",manual Entry,Erikfinance ops,late invoice,Ask owner
01/2/26,Marketing,Google Ads,Google / LinkedIn,"1,799",ERP,Erikfinance ops,Posted,Map to GL 6100
01/1/26,Sales,Sales commission,Payroll,"6,965",Pos,Erikfinance ops,manual adj,Vendor invoice late
01/1/26,Mktg,Customer appr.,Amazon gift c.,"1,354",cash,TBD,late invoice,Timing issue
01/4/26,Mktg,Events & webinars,Various,"3,424",Pos,Andres,manual adj,Vendor invoice late
01/4/26,Marketing,Events & webinars,Various,"6,760",Check,Andres,posted,Timing issue
01/2/26,R&D,AI automation,n8n,"(7,943)",Check,Andres,needs mapping,Map to GL 6100
25 Mar-26,Sales,Payroll - sales,Payroll,"3,603",cash,Erikfinance ops,accrual,One-off item
01-Jan-26,Services,Prof services,Implementation clients,"7,864",Check,Andres,needs mapping,
2026-03-28,R&D,AI automation,n8n,"6,092",cash,M. Chen,posted,Timing issue
01-Jan-26,Services,Prof services,Implementation clients,"5,445",Check,M. Chen,,Vendor invoice late
01/1/26,Revenue,Product sales,Corp. clients,"1,957",manual Entry,Alex - FP&A,late invoice,
01-Jan-26,R&D,Payroll - eng,Payroll,"(4,691)",Pos,Erikfinance ops,late invoice,Check sign
01/3/26,R&D,AI automation,n8n,"3,951",ERP,,late invoice,
2026-03-28,Mktg,Paid media,Google / LinkedIn,"4,466",ERP,Andres,late invoice,Ask owner
01/3/26,COGS,Cloud hosting,AWS / Datadog,(608),manual Entry,Alex - FP&A,late invoice,Timing issue
2026-01-25,Marketing,Google Ads,Google / LinkedIn,"2,543",Pos,Andres,Posted,Map to GL 6100
01/4/26,Services,Support tools,Zendesk / Gainsight,"(1,178)",cash,M. Chen,accrual,Ask owner
01/1/26,Services,Prof services,Implementation clients,"4,417",ERP,,posted,Check sign
01/2/26,Marketing,Events & webinars,Various,"9,825",manual Entry,Andres,late invoice,Timing issue
2026-04-01,R&D,Cloud hosting,AWS / Datadog,"4,438",Pos,Alex - FP&A,Posted,Map to GL 6100
01/3/26,COGS,Cloud hosting,AWS / Datadog,(691),cash,M. Chen,,Vendor invoice late
01-Jan-26,COGS,Payroll - eng,Payroll,"(4,924)",ERP,,accrual,Vendor invoice late
2026-03-28,COGS,Materials,Electric house,"1,325",cash,Andres,manual adj,Check sign
01/2/26,Revenue,Revenue,Corp. clients,"5,007",Pos,Alex - FP&A,manual adj,Map to GL 6100
15 Apr-26,COGS,Payroll - eng,Payroll,"1,177",Check,TBD,posted,Vendor invoice late
25 Mar-26,Sales,Sales commission,Payroll,"8,128",Check,,late invoice,Ask owner
15 Feb-26,G&A,Legal fees,Europa Law firm,"6,911",Check,M. Chen,late invoice,
01/1/26,Services,Support tools,Zendesk / Gainsight,"3,568",manual Entry,,late invoice,Map to GL 6100
01/2/26,Mktg,Paid media,Google / LinkedIn,"7,638",Pos,Alex - FP&A,accrual,One-off item
2026-03-28,Sales,CRM / RevOps tools,Salesforce / Outreach,"7,485",ERP,,manual adj,
15 Feb-26,Services,Support tools,Zendesk / Gainsight,(381),Pos,,accrual,Vendor invoice late
2026-04-01,Mktg,Customer appr.,Amazon gift c.,"6,182",ERP,Alex - FP&A,Posted,Check sign
01-Jan-26,Mktg,Customer appr.,Amazon gift c.,"(3,103)",cash,Andres,,Map to GL 6100
01/3/26,Services,Support tools,Zendesk / Gainsight,"3,272",Pos,,Posted,Timing issue
01/1/26,Revenue,Revenue,Retail Customer,(711),Pos,Andres,,One-off item
2026-03-28,G&A,Office rent,Landlord,"4,439",Check,Alex - FP&A,needs mapping,One-off item
2026-03-28,G&A,Office rent,Landlord,"5,868",Check,M. Chen,needs mapping,Timing issue
2026-02-26,Mktg,Customer appr.,Gift hamper,"9,082",Pos,,manual adj,Timing issue
2026-01-25,Marketing,Paid media,Google / LinkedIn,"7,574",cash,Alex - FP&A,needs mapping,Map to GL 6100
2026-03-28,COGS,Payroll - eng,Payroll,"6,240",manual Entry,M. Chen,needs mapping,Check sign
01/4/26,Marketing,Google Ads,Google / LinkedIn,652,Pos,TBD,posted,
01/4/26,Sales,Payroll - sales,Payroll,"4,974",Pos,Alex - FP&A,late invoice,Ask owner
01/2/26,R&D,Cloud hosting,AWS / Datadog,"8,947",Pos,Alex - FP&A,manual adj,One-off item
01-Jan-26,Revenue,Subscr. revenue,Corp. clients,"2,643",Check,M. Chen,,Vendor invoice late
2026-03-28,Marketing,Customer appr.,Soccer Ticket,(320),cash,Erikfinance ops,posted,Vendor invoice late
2026-01-25,Marketing,Events & webinars,Various,"3,283",manual Entry,M. Chen,manual adj,One-off item
01/4/26,Marketing,Events & webinars,Various,"9,361",Check,TBD,posted,
01/1/26,Revenue,Service,Corp. clients,"6,248",Pos,Andres,manual adj,Timing issue
2026-03-28,G&A,Accounting fees,Brandon,"3,908",Pos,M. Chen,needs mapping,Check sign
25 Mar-26,Services,Support tools,Zendesk / Gainsight,"(3,471)",cash,Andres,,Map to GL 6100
15 Feb-26,Marketing,Google Ads,Google / LinkedIn,"1,556",Check,M. Chen,late invoice,Ask owner
2026-01-25,COGS,Payroll - eng,Payroll,"1,805",manual Entry,Alex - FP&A,accrual,Timing issue
01-Jan-26,Services,Support tools,Zendesk / Gainsight,455,cash,Erikfinance ops,Posted,Vendor invoice late
15 Feb-26,COGS,Payroll - eng,Payroll,"9,070",manual Entry,Erikfinance ops,accrual,One-off item
15 Apr-26,COGS,Payroll - eng,Payroll,"5,959",manual Entry,Andres,,Check sign
15 Feb-26,Revenue,Product sales,Retail Customer,998,cash,Erikfinance ops,posted,Timing issue
15 Feb-26,Services,Support tools,Zendesk / Gainsight,"(1,209)",Check,M. Chen,needs mapping,Map to GL 6100
01/2/26,Sales,Payroll - sales,Payroll,"7,645",ERP,,accrual,Map to GL 6100
2026-04-01,Services,Support tools,Zendesk / Gainsight,"9,197",Pos,M. Chen,accrual,Ask owner
2026-04-01,Sales,CRM / RevOps tools,Salesforce / Outreach,"(6,309)",Check,Erikfinance ops,Posted,Vendor invoice late
01/2/26,R&D,AI automation,n8n,"5,978",manual Entry,Andres,late invoice,
2026-04-01,R&D,Cloud hosting,AWS / Datadog,"2,469",ERP,Andres,,Timing issue
2026-02-26,Mktg,Events & webinars,Various,"7,866",Pos,Andres,manual adj,Ask owner
25 Mar-26,Marketing,Events & webinars,Various,"1,200",cash,M. Chen,accrual,Vendor invoice late
01/1/26,COGS,Payroll - eng,Payroll,"9,133",ERP,M. Chen,,Map to GL 6100
15 Apr-26,COGS,Materials,Johnsons Supply,"5,979",ERP,M. Chen,accrual,Map to GL 6100
2026-02-26,R&D,Payroll - eng,Payroll,"2,380",Check,Alex - FP&A,needs mapping,Map to GL 6100
2026-01-25,Mktg,Events & webinars,Various,"7,499",Pos,,,Timing issue
25 Mar-26,Revenue,Product sales,Corp. clients,"2,738",Pos,Alex - FP&A,Posted,
2026-02-26,COGS,Payroll - eng,Payroll,"6,643",Pos,Erikfinance ops,Posted,Map to GL 6100
01/3/26,Sales,Payroll - sales,Payroll,"9,187",ERP,M. Chen,accrual,Map to GL 6100
2026-02-26,COGS,Payroll - eng,Payroll,"7,438",Check,,needs mapping,Ask owner
01/2/26,R&D,AI automation,n8n,"9,558",cash,TBD,needs mapping,Vendor invoice late
01/2/26,Revenue,Product sales,Retail Customer,"6,072",ERP,TBD,accrual,One-off item
15 Apr-26,Mktg,Customer appr.,Amazon gift c.,"(8,213)",Check,Erikfinance ops,late invoice,
15 Feb-26,Mktg,Paid media,Google / LinkedIn,"2,593",cash,TBD,,One-off item
15 Feb-26,Mktg,Events & webinars,Various,884,cash,TBD,manual adj,Vendor invoice late
2026-04-01,Marketing,Customer appr.,Gift hamper,"1,734",Pos,Andres,Posted,One-off item
25 Mar-26,R&D,Cloud hosting,AWS / Datadog,"9,525",manual Entry,TBD,needs mapping,One-off item
2026-02-26,Services,Prof services,Implementation clients,"7,300",Pos,M. Chen,needs mapping,One-off item
01/2/26,COGS,Cloud hosting,AWS / Datadog,"(6,630)",Pos,TBD,accrual,Map to GL 6100
01/2/26,COGS,Materials,Walmart,"9,830",ERP,TBD,Posted,Ask owner
15 Apr-26,R&D,AI automation,n8n,"(5,821)",Check,Andres,needs mapping,Timing issue
2026-02-26,R&D,AI automation,n8n,"5,999",cash,Erikfinance ops,,Ask owner
01-Jan-26,Marketing,Paid media,Google / LinkedIn,"2,524",Pos,Andres,posted,Timing issue
15 Feb-26,Revenue,Product sales,Retail Customer,731,Check,Erikfinance ops,manual adj,Timing issue
2026-02-26,Mktg,Paid media,Google / LinkedIn,(942),cash,M. Chen,Posted,One-off item
15 Feb-26,Services,Prof services,Implementation clients,"1,842",Pos,Andres,needs mapping,Ask owner
01/4/26,Revenue,Service,Retail Customer,"7,243",cash,M. Chen,Posted,Vendor invoice late
01/4/26,Marketing,Customer appr.,Gift hamper,"3,934",Check,Erikfinance ops,Posted,Check sign
01/2/26,Marketing,Paid media,Google / LinkedIn,744,ERP,Alex - FP&A,posted,One-off item
25 Mar-26,Revenue,Product sales,Retail Customer,"6,897",Pos,Andres,,Timing issue
01/2/26,R&D,Cloud hosting,AWS / Datadog,"(9,491)",Pos,M. Chen,needs mapping,Ask owner
15 Apr-26,Sales,Payroll - sales,Payroll,"4,187",Pos,TBD,needs mapping,One-off item
15 Apr-26,Services,Prof services,Implementation clients,"9,649",Pos,Alex - FP&A,,Ask owner
2026-02-26,R&D,Cloud hosting,AWS / Datadog,"(4,933)",Pos,Andres,needs mapping,Map to GL 6100
01/1/26,Mktg,Events & webinars,Various,"2,483",ERP,Alex - FP&A,needs mapping,One-off item
15 Feb-26,Sales,Sales commission,Payroll,"1,083",cash,M. Chen,accrual,Vendor invoice late
01-Jan-26,Services,Prof services,Implementation clients,"6,332",cash,M. Chen,posted,Vendor invoice late
01/2/26,COGS,Cloud hosting,AWS / Datadog,"1,649",Check,M. Chen,,
01-Jan-26,Sales,Sales commission,Payroll,"(4,248)",ERP,,posted,Ask owner
2026-03-28,R&D,Cloud hosting,AWS / Datadog,"7,009",ERP,Andres,needs mapping,Timing issue
01/3/26,Sales,Payroll - sales,Payroll,"6,526",ERP,TBD,late invoice,Check sign
01/2/26,Revenue,Revenue,Corp. clients,"1,379",manual Entry,Andres,,
15 Feb-26,R&D,Cloud hosting,AWS / Datadog,"2,187",cash,Andres,Posted,Check sign
01/2/26,Sales,Payroll - sales,Payroll,"9,723",ERP,Erikfinance ops,needs mapping,Ask owner
01/2/26,Revenue,Product sales,Corp. clients,"4,186",Pos,Andres,,Map to GL 6100
01/1/26,G&A,Legal fees,Europa Law firm,(740),ERP,,manual adj,Check sign
15 Feb-26,Sales,Payroll - sales,Payroll,"6,566",manual Entry,TBD,needs mapping,Ask owner
2026-02-26,Marketing,Events & webinars,Various,"(8,561)",Pos,,manual adj,Check sign
01/3/26,Sales,Sales commission,Payroll,(564),manual Entry,Erikfinance ops,Posted,Check sign
2026-02-26,Revenue,Service,Corp. clients,"(6,724)",manual Entry,Erikfinance ops,manual adj,Timing issue
2026-04-01,COGS,Payroll - eng,Payroll,"1,234",Pos,M. Chen,,One-off item
01/3/26,Services,Prof services,Implementation clients,"5,445",ERP,Erikfinance ops,posted,One-off item
01/3/26,COGS,Payroll - eng,Payroll,"7,304",Pos,Alex - FP&A,Posted,Timing issue
01-Jan-26,R&D,Payroll - eng,Payroll,"4,155",manual Entry,Alex - FP&A,late invoice,Ask owner
01/3/26,Revenue,Subscr. revenue,Corp. clients,"(3,311)",Pos,M. Chen,accrual,Map to GL 6100
01/2/26,G&A,Legal fees,Buchalter,"(1,732)",Check,Erikfinance ops,Posted,Ask owner
15 Apr-26,Mktg,Events & webinars,Various,"1,480",cash,Alex - FP&A,manual adj,One-off item
15 Feb-26,Services,Support tools,Zendesk / Gainsight,"2,757",cash,M. Chen,posted,Timing issue
01/3/26,G&A,Legal fees,Buchalter,"5,543",Pos,Erikfinance ops,accrual,Ask owner
01-Jan-26,Mktg,Customer appr.,Gift hamper,"4,712",Pos,M. Chen,late invoice,Map to GL 6100
2026-04-01,COGS,Cloud hosting,AWS / Datadog,"7,665",ERP,TBD,late invoice,Vendor invoice late
01/3/26,Marketing,Google Ads,Google / LinkedIn,"9,829",ERP,Erikfinance ops,,One-off item
01/3/26,Sales,Sales commission,Payroll,"3,434",Check,Andres,posted,One-off item
01/4/26,COGS,Payroll - eng,Payroll,"(4,595)",cash,,,Ask owner
01/2/26,R&D,Payroll - eng,Payroll,"1,587",manual Entry,Erikfinance ops,posted,Ask owner
01/3/26,G&A,Office rent,Landlord,"6,247",Pos,TBD,accrual,Check sign
01-Jan-26,Mktg,Paid media,Google / LinkedIn,"9,187",Check,,Posted,Check sign
2026-04-01,G&A,Office rent,Landlord,"(9,687)",manual Entry,Andres,Posted,Map to GL 6100
01/1/26,Services,Support tools,Zendesk / Gainsight,"4,394",manual Entry,Alex - FP&A,late invoice,Map to GL 6100
2026-02-26,Services,Support tools,Zendesk / Gainsight,534,cash,Erikfinance ops,accrual,Map to GL 6100
01/1/26,Mktg,Paid media,Google / LinkedIn,"5,491",cash,TBD,posted,
2026-04-01,Sales,CRM / RevOps tools,Salesforce / Outreach,"4,784",Check,Erikfinance ops,accrual,Check sign
25 Mar-26,Services,Support tools,Zendesk / Gainsight,"5,134",cash,,accrual,One-off item
01-Jan-26,Revenue,Service,Corp. clients,"6,173",Pos,M. Chen,needs mapping,
01/3/26,R&D,Cloud hosting,AWS / Datadog,"8,451",ERP,M. Chen,,
01/3/26,Marketing,Events & webinars,Various,733,Pos,TBD,posted,Vendor invoice late
01/4/26,Marketing,Paid media,Google / LinkedIn,"8,362",manual Entry,M. Chen,posted,Map to GL 6100
01-Jan-26,COGS,Materials,Johnsons Supply,"4,022",ERP,Erikfinance ops,needs mapping,One-off item
2026-04-01,Revenue,Service,Corp. clients,"(6,648)",ERP,TBD,,Vendor invoice late
01/4/26,R&D,Cloud hosting,AWS / Datadog,"(6,784)",Pos,Erikfinance ops,accrual,One-off item
2026-04-01,Services,Prof services,Implementation clients,"2,792",ERP,TBD,manual adj,Ask owner
15 Apr-26,Revenue,Service,Corp. clients,33,Check,Andres,posted,Check sign
2026-04-01,Sales,Sales commission,Payroll,374,Pos,Alex - FP&A,,
2026-01-25,G&A,Legal fees,Buchalter,(743),cash,TBD,Posted,Vendor invoice late
01/1/26,Sales,Payroll - sales,Payroll,"1,391",Check,M. Chen,posted,One-off item
2026-01-25,Sales,Payroll - sales,Payroll,"6,103",ERP,TBD,manual adj,One-off item
2026-04-01,Marketing,Paid media,Google / LinkedIn,"3,840",Pos,,needs mapping,Vendor invoice late
25 Mar-26,G&A,Accounting fees,Brandon,"6,848",cash,,needs mapping,Timing issue
15 Feb-26,Revenue,Revenue,Retail Customer,"(1,830)",cash,,Posted,Timing issue
01-Jan-26,R&D,AI automation,n8n,"7,759",ERP,TBD,accrual,Timing issue
2026-02-26,Mktg,Events & webinars,Various,"4,098",Pos,M. Chen,accrual,One-off item
01-Jan-26,COGS,Payroll - eng,Payroll,"7,253",ERP,Alex - FP&A,late invoice,Vendor invoice late
2026-01-25,R&D,Payroll - eng,Payroll,"8,685",manual Entry,M. Chen,Posted,Check sign
01/4/26,Services,Prof services,Implementation clients,"3,420",Check,Andres,accrual,Timing issue
01/4/26,Mktg,Customer appr.,Gift hamper,516,Check,Andres,needs mapping,Timing issue
15 Feb-26,G&A,Accounting fees,Brandon,"2,756",Check,,Posted,Check sign
15 Apr-26,R&D,Cloud hosting,AWS / Datadog,"1,693",Pos,Alex - FP&A,late invoice,One-off item
01/2/26,Sales,Sales commission,Payroll,"(9,525)",cash,,,One-off item
2026-03-28,R&D,Cloud hosting,AWS / Datadog,"5,919",cash,Alex - FP&A,needs mapping,Map to GL 6100
15 Feb-26,Mktg,Events & webinars,Various,"2,332",manual Entry,Erikfinance ops,late invoice,Check sign
15 Feb-26,G&A,Legal fees,Europa Law firm,"1,151",manual Entry,,late invoice,Ask owner
01/3/26,Sales,Sales commission,Payroll,"1,663",Pos,Andres,late invoice,Ask owner
2026-02-26,Services,Support tools,Zendesk / Gainsight,"7,959",cash,Erikfinance ops,posted,Check sign
2026-01-25,Sales,Sales commission,Payroll,"7,002",Check,Alex - FP&A,needs mapping,Vendor invoice late
01/1/26,Marketing,Events & webinars,Various,"6,675",Pos,Andres,needs mapping,One-off item
2026-02-26,Marketing,Paid media,Google / LinkedIn,"3,030",Pos,M. Chen,posted,Map to GL 6100
2026-03-28,Mktg,Events & webinars,Various,"6,909",cash,M. Chen,accrual,Map to GL 6100
2026-02-26,G&A,Legal fees,Europa Law firm,"2,011",Pos,M. Chen,,Map to GL 6100
15 Feb-26,G&A,Office rent,Landlord,"4,024",cash,,,One-off item
2026-01-25,G&A,Legal fees,Buchalter,106,cash,,accrual,One-off item
01/4/26,Mktg,Paid media,Google / LinkedIn,"3,323",Check,Alex - FP&A,posted,One-off item
2026-03-28,Marketing,Customer appr.,Soccer Ticket,"(2,178)",Check,Erikfinance ops,accrual,Check sign
25 Mar-26,R&D,Cloud hosting,AWS / Datadog,"1,153",ERP,TBD,late invoice,Map to GL 6100
01/2/26,R&D,AI automation,n8n,"9,210",Pos,Alex - FP&A,late invoice,Vendor invoice late
01-Jan-26,Services,Prof services,Implementation clients,"(9,097)",ERP,Erikfinance ops,needs mapping,Check sign
15 Apr-26,R&D,Cloud hosting,AWS / Datadog,"9,765",ERP,,Posted,Timing issue
2026-02-26,COGS,Cloud hosting,AWS / Datadog,"(3,252)",Check,M. Chen,manual adj,
01/2/26,R&D,Cloud hosting,AWS / Datadog,"1,374",Pos,Erikfinance ops,,One-off item
01-Jan-26,COGS,Cloud hosting,AWS / Datadog,"4,740",manual Entry,TBD,needs mapping,Vendor invoice late
2026-04-01,Services,Prof services,Implementation clients,"5,037",ERP,,,Check sign
25 Mar-26,COGS,Materials,Walmart,"8,956",Pos,,posted,Check sign
2026-02-26,G&A,Accounting fees,Jason CPA,"1,561",cash,,accrual,Ask owner
2026-04-01,Marketing,Paid media,Google / LinkedIn,(321),cash,TBD,Posted,Ask owner
2026-02-26,G&A,Accounting fees,Jason CPA,"6,247",Check,M. Chen,needs mapping,Timing issue
15 Apr-26,Services,Support tools,Zendesk / Gainsight,"4,012",Pos,TBD,late invoice,Check sign
01-Jan-26,Sales,Payroll - sales,Payroll,"3,126",cash,,manual adj,Map to GL 6100
01/2/26,Services,Support tools,Zendesk / Gainsight,"8,430",manual Entry,Erikfinance ops,posted,One-off item
15 Apr-26,Mktg,Events & webinars,Various,(664),cash,Andres,late invoice,
15 Apr-26,G&A,Accounting fees,Jason CPA,"(8,943)",Pos,M. Chen,Posted,One-off item
01/3/26,Marketing,Events & webinars,Various,"(3,783)",manual Entry,M. Chen,manual adj,Map to GL 6100
01/1/26,COGS,Cloud hosting,AWS / Datadog,800,ERP,Erikfinance ops,accrual,One-off item
2026-02-26,Marketing,Events & webinars,Various,"5,582",ERP,M. Chen,manual adj,Vendor invoice late
2026-04-01,Services,Prof services,Implementation clients,"2,383",manual Entry,Erikfinance ops,manual adj,Ask owner
2026-03-28,COGS,Cloud hosting,AWS / Datadog,"5,941",manual Entry,Andres,posted,Check sign
01/3/26,Services,Support tools,Zendesk / Gainsight,"6,256",cash,M. Chen,needs mapping,Vendor invoice late
01/4/26,Services,Support tools,Zendesk / Gainsight,327,Check,,posted,Check sign
15 Feb-26,Services,Support tools,Zendesk / Gainsight,940,cash,Alex - FP&A,manual adj,Check sign
01/1/26,Mktg,Paid media,Google / LinkedIn,"6,811",manual Entry,M. Chen,late invoice,Check sign
01/3/26,G&A,Legal fees,Europa Law firm,678,Check,TBD,manual adj,One-off item
2026-01-25,Revenue,Service,Retail Customer,"8,165",Pos,TBD,needs mapping,Map to GL 6100
01/3/26,Mktg,Events & webinars,Various,"(2,117)",Pos,,Posted,Timing issue
2026-03-28,COGS,Cloud hosting,AWS / Datadog,"9,633",Pos,,accrual,One-off item
25 Mar-26,Revenue,Service,Retail Customer,"4,181",manual Entry,TBD,,One-off item
15 Apr-26,Revenue,Product sales,Retail Customer,"8,522",Check,TBD,needs mapping,Map to GL 6100
2026-01-25,Revenue,Service,Retail Customer,"(1,809)",ERP,M. Chen,posted,Vendor invoice late
01-Jan-26,COGS,Payroll - eng,Payroll,"(9,718)",Check,M. Chen,posted,
01/2/26,Services,Prof services,Implementation clients,792,Pos,TBD,,Ask owner
2026-01-25,COGS,Materials,Walmart,"1,521",cash,Alex - FP&A,accrual,Timing issue
01-Jan-26,G&A,Legal fees,Europa Law firm,"2,141",ERP,,posted,Check sign
01-Jan-26,Revenue,Product sales,Corp. clients,"6,443",ERP,Erikfinance ops,Posted,Timing issue
25 Mar-26,Marketing,Customer appr.,Amazon gift c.,"9,434",cash,Alex - FP&A,manual adj,
25 Mar-26,R&D,AI automation,n8n,"7,774",ERP,Alex - FP&A,,Vendor invoice late
25 Mar-26,COGS,Cloud hosting,AWS / Datadog,"7,105",ERP,,accrual,Check sign
15 Apr-26,Sales,CRM / RevOps tools,Salesforce / Outreach,441,Check,M. Chen,,
2026-03-28,R&D,AI automation,n8n,"(9,267)",Pos,TBD,,One-off item
15 Feb-26,Mktg,Paid media,Google / LinkedIn,"5,793",Pos,M. Chen,Posted,Vendor invoice late
01/3/26,COGS,Materials,Home Depot,"9,146",Check,Erikfinance ops,manual adj,Vendor invoice late
15 Apr-26,Sales,Sales commission,Payroll,"7,395",ERP,Erikfinance ops,Posted,Timing issue
2026-01-25,Services,Support tools,Zendesk / Gainsight,"9,546",cash,,,Timing issue
25 Mar-26,Revenue,Product sales,Retail Customer,"5,030",manual Entry,Erikfinance ops,needs mapping,Vendor invoice late
2026-03-28,Revenue,Revenue,Corp. clients,"(1,497)",ERP,Andres,late invoice,Timing issue
01/4/26,Services,Prof services,Implementation clients,"1,907",manual Entry,Erikfinance ops,needs mapping,
01/4/26,Marketing,Events & webinars,Various,"9,312",cash,TBD,Posted,Ask owner
2026-02-26,Marketing,Customer appr.,Amazon gift c.,"5,460",Pos,Erikfinance ops,needs mapping,
01-Jan-26,Revenue,Service,Retail Customer,"(7,725)",Pos,Andres,posted,Ask owner
2026-02-26,Revenue,Service,Retail Customer,236,Check,Andres,Posted,
2026-01-25,G&A,Accounting fees,Brandon,"8,311",cash,M. Chen,needs mapping,Check sign
2026-04-01,Services,Support tools,Zendesk / Gainsight,330,ERP,,posted,Vendor invoice late
01/4/26,Mktg,Events & webinars,Various,"1,420",Check,Erikfinance ops,late invoice,Ask owner
2026-03-28,G&A,Legal fees,Buchalter,"9,289",ERP,Erikfinance ops,manual adj,Vendor invoice late
01/3/26,Sales,CRM / RevOps tools,Salesforce / Outreach,(7),Check,TBD,needs mapping,Ask owner
01/4/26,Sales,CRM / RevOps tools,Salesforce / Outreach,"3,965",Check,,needs mapping,Map to GL 6100
01/1/26,COGS,Cloud hosting,AWS / Datadog,"2,496",Check,M. Chen,posted,Timing issue
2026-04-01,Marketing,Google Ads,Google / LinkedIn,"2,279",manual Entry,TBD,accrual,One-off item
25 Mar-26,R&D,Payroll - eng,Payroll,"(4,143)",cash,Alex - FP&A,Posted,One-off item
25 Mar-26,G&A,Accounting fees,Jason CPA,"(2,593)",manual Entry,M. Chen,posted,Check sign
2026-01-25,Revenue,Service,Retail Customer,"9,359",manual Entry,TBD,late invoice,Ask owner
25 Mar-26,COGS,Cloud hosting,AWS / Datadog,"(9,738)",manual Entry,Erikfinance ops,accrual,Vendor invoice late
01/1/26,Mktg,Events & webinars,Various,"7,671",Pos,Erikfinance ops,accrual,Vendor invoice late
2026-04-01,Services,Support tools,Zendesk / Gainsight,"(9,325)",manual Entry,,posted,Ask owner
01/3/26,Revenue,Revenue,Corp. clients,"(8,928)",ERP,TBD,manual adj,Timing issue
01-Jan-26,Revenue,Subscr. revenue,Retail Customer,"(4,470)",Check,Andres,posted,Check sign
2026-04-01,Mktg,Paid media,Google / LinkedIn,"7,357",manual Entry,M. Chen,Posted,Vendor invoice late
2026-03-28,Mktg,Paid media,Google / LinkedIn,602,Check,Andres,late invoice,Ask owner
01/2/26,R&D,AI automation,n8n,"1,762",manual Entry,Andres,needs mapping,Ask owner
15 Feb-26,Services,Support tools,Zendesk / Gainsight,"6,096",Check,M. Chen,needs mapping,Vendor invoice late
01/2/26,COGS,Materials,Johnsons Supply,"(4,925)",manual Entry,Erikfinance ops,accrual,Map to GL 6100
01/3/26,R&D,AI automation,n8n,"7,764",ERP,TBD,posted,Timing issue
01/4/26,Services,Prof services,Implementation clients,"9,056",cash,TBD,accrual,One-off item
2026-04-01,Services,Prof services,Implementation clients,"9,129",ERP,Alex - FP&A,manual adj,Map to GL 6100
01-Jan-26,G&A,Office rent,Landlord,"5,238",manual Entry,Erikfinance ops,late invoice,Vendor invoice late
01/4/26,Sales,Sales commission,Payroll,"2,665",cash,M. Chen,manual adj,
2026-02-26,Marketing,Customer appr.,Soccer Ticket,"7,535",manual Entry,Erikfinance ops,accrual,Vendor invoice late
01-Jan-26,COGS,Cloud hosting,AWS / Datadog,"1,036",ERP,,,Ask owner
01-Jan-26,COGS,Payroll - eng,Payroll,"8,866",ERP,Erikfinance ops,manual adj,One-off item
01/1/26,G&A,Legal fees,Buchalter,"1,068",ERP,M. Chen,late invoice,
25 Mar-26,Mktg,Customer appr.,Amazon gift c.,"8,282",cash,,posted,One-off item
01/4/26,COGS,Cloud hosting,AWS / Datadog,477,ERP,Alex - FP&A,posted,One-off item
01/1/26,Revenue,Service,Retail Customer,"4,204",ERP,Alex - FP&A,accrual,Map to GL 6100
2026-02-26,G&A,Office rent,Landlord,"9,990",cash,Andres,late invoice,One-off item
01-Jan-26,Revenue,Subscr. revenue,Corp. clients,"6,941",ERP,TBD,posted,
25 Mar-26,G&A,Legal fees,Buchalter,"2,803",cash,,needs mapping,Vendor invoice late
01-Jan-26,Mktg,Paid media,Google / LinkedIn,"3,548",manual Entry,Alex - FP&A,,Map to GL 6100
2026-01-25,Revenue,Subscr. revenue,Corp. clients,"2,622",Pos,M. Chen,manual adj,Map to GL 6100
15 Apr-26,COGS,Materials,Electric house,"2,789",manual Entry,TBD,needs mapping,Vendor invoice late
2026-04-01,Mktg,Customer appr.,Soccer Ticket,603,ERP,Erikfinance ops,needs mapping,One-off item
01/1/26,Mktg,Paid media,Google / LinkedIn,"8,300",Check,Erikfinance ops,accrual,
2026-02-26,G&A,Office rent,Landlord,"1,512",ERP,Alex - FP&A,posted,Check sign
01/1/26,Sales,Payroll - sales,Payroll,"(9,365)",Pos,Alex - FP&A,,Map to GL 6100
01/4/26,Revenue,Revenue,Corp. clients,"3,605",ERP,Andres,needs mapping,Ask owner
2026-01-25,Marketing,Google Ads,Google / LinkedIn,"2,024",ERP,,,Check sign
01/1/26,Mktg,Events & webinars,Various,"3,099",Pos,TBD,,Ask owner
25 Mar-26,Marketing,Customer appr.,Gift hamper,"6,333",cash,TBD,accrual,Map to GL 6100
01-Jan-26,Marketing,Events & webinars,Various,"(9,188)",ERP,TBD,manual adj,Vendor invoice late
15 Feb-26,R&D,Payroll - eng,Payroll,"(4,718)",cash,Alex - FP&A,posted,One-off item
2026-02-26,Revenue,Subscr. revenue,Retail Customer,"(4,637)",ERP,M. Chen,accrual,Check sign
2026-03-28,G&A,Accounting fees,Jason CPA,"6,535",cash,Alex - FP&A,manual adj,Vendor invoice late
2026-01-25,R&D,Payroll - eng,Payroll,"1,567",Pos,,needs mapping,
01/4/26,Services,Support tools,Zendesk / Gainsight,845,ERP,Alex - FP&A,late invoice,One-off item
2026-01-25,Revenue,Product sales,Corp. clients,"4,055",Check,Andres,,Ask owner
01/1/26,Mktg,Events & webinars,Various,340,Check,M. Chen,Posted,Timing issue
15 Apr-26,Marketing,Customer appr.,Amazon gift c.,"8,659",manual Entry,Andres,manual adj,Map to GL 6100
15 Apr-26,Revenue,Service,Corp. clients,"(4,982)",ERP,M. Chen,Posted,Vendor invoice late
01/1/26,Services,Prof services,Implementation clients,728,Check,Andres,,Check sign
01/1/26,Services,Support tools,Zendesk / Gainsight,"(3,716)",Pos,,manual adj,Map to GL 6100
2026-04-01,COGS,Cloud hosting,AWS / Datadog,(825),cash,,needs mapping,One-off item
2026-04-01,Mktg,Customer appr.,Soccer Ticket,"8,539",cash,Erikfinance ops,late invoice,Timing issue
2026-02-26,COGS,Materials,Walmart,"5,616",ERP,Erikfinance ops,Posted,One-off item
2026-03-28,Revenue,Product sales,Corp. clients,655,ERP,Alex - FP&A,manual adj,Map to GL 6100
15 Feb-26,COGS,Materials,Johnsons Supply,"9,582",cash,Andres,posted,Map to GL 6100
2026-01-25,R&D,AI automation,n8n,"9,873",cash,TBD,needs mapping,Timing issue
2026-01-25,Sales,Payroll - sales,Payroll,"3,417",Check,Erikfinance ops,manual adj,Ask owner
01/2/26,Sales,Sales commission,Payroll,"8,769",Pos,Andres,,Check sign
01/3/26,R&D,AI automation,n8n,"1,860",cash,TBD,late invoice,Check sign
15 Apr-26,Revenue,Subscr. revenue,Corp. clients,"(7,290)",Check,,Posted,
01/3/26,Sales,Sales commission,Payroll,"8,772",Pos,M. Chen,late invoice,Vendor invoice late
2026-01-25,Mktg,Events & webinars,Various,"5,508",ERP,Andres,,
15 Apr-26,R&D,Cloud hosting,AWS / Datadog,"3,692",Check,,posted,
15 Feb-26,R&D,Cloud hosting,AWS / Datadog,"9,055",Pos,TBD,late invoice,Check sign
01-Jan-26,Services,Support tools,Zendesk / Gainsight,"7,144",cash,TBD,accrual,Ask owner
25 Mar-26,Services,Prof services,Implementation clients,(176),manual Entry,,accrual,Vendor invoice late
25 Mar-26,Marketing,Customer appr.,Soccer Ticket,"6,543",manual Entry,Andres,posted,Timing issue
01-Jan-26,COGS,Materials,Walmart,"4,306",ERP,Alex - FP&A,late invoice,Map to GL 6100
01-Jan-26,Services,Prof services,Implementation clients,"1,960",ERP,Erikfinance ops,needs mapping,One-off item
01/2/26,G&A,Office rent,Landlord,"(2,154)",Pos,,posted,
2026-03-28,Services,Support tools,Zendesk / Gainsight,"6,144",cash,,Posted,Ask owner
15 Apr-26,G&A,Accounting fees,Brandon,"1,448",Pos,,needs mapping,Vendor invoice late
01/3/26,Sales,CRM / RevOps tools,Salesforce / Outreach,"(5,216)",Check,,Posted,Timing issue
01-Jan-26,Mktg,Paid media,Google / LinkedIn,"3,556",Check,TBD,manual adj,One-off item
01/4/26,COGS,Cloud hosting,AWS / Datadog,"5,985",manual Entry,Erikfinance ops,manual adj,Map to GL 6100
01/4/26,R&D,AI automation,n8n,"7,400",ERP,Erikfinance ops,accrual,
01/4/26,Sales,Sales commission,Payroll,496,Pos,M. Chen,,Timing issue
01/1/26,Services,Prof services,Implementation clients,"5,650",manual Entry,Erikfinance ops,,Map to GL 6100
15 Feb-26,Services,Support tools,Zendesk / Gainsight,"(8,234)",ERP,Erikfinance ops,late invoice,Timing issue
15 Feb-26,COGS,Materials,Home Depot,"5,206",Check,Andres,accrual,Check sign
01/4/26,Revenue,Service,Retail Customer,"(4,166)",Pos,Alex - FP&A,needs mapping,Ask owner
01-Jan-26,Services,Prof services,Implementation clients,"8,186",Pos,Alex - FP&A,,Vendor invoice late
15 Apr-26,Services,Support tools,Zendesk / Gainsight,"8,146",cash,M. Chen,Posted,Map to GL 6100
01-Jan-26,G&A,Legal fees,Europa Law firm,"7,919",manual Entry,TBD,,
01/3/26,G&A,Office rent,Landlord,"9,972",manual Entry,Alex - FP&A,posted,Check sign
01/3/26,Mktg,Events & webinars,Various,"8,164",ERP,M. Chen,,Map to GL 6100
2026-03-28,COGS,Payroll - eng,Payroll,"1,310",cash,M. Chen,,One-off item
01/4/26,Sales,CRM / RevOps tools,Salesforce / Outreach,"8,739",ERP,M. Chen,late invoice,Check sign
2026-03-28,Mktg,Paid media,Google / LinkedIn,"(5,854)",ERP,TBD,,Ask owner
01/3/26,Sales,CRM / RevOps tools,Salesforce / Outreach,"9,021",manual Entry,M. Chen,accrual,Vendor invoice late
2026-02-26,Marketing,Google Ads,Google / LinkedIn,"5,058",cash,M. Chen,manual adj,Check sign
01-Jan-26,COGS,Payroll - eng,Payroll,"4,908",Pos,Alex - FP&A,needs mapping,Timing issue
01/3/26,Services,Support tools,Zendesk / Gainsight,"6,782",Pos,Andres,accrual,Vendor invoice late
2026-04-01,Services,Support tools,Zendesk / Gainsight,"6,917",Pos,Alex - FP&A,manual adj,Vendor invoice late
01/1/26,G&A,Legal fees,Buchalter,"6,376",manual Entry,Erikfinance ops,accrual,
2026-03-28,R&D,AI automation,n8n,"5,880",ERP,TBD,Posted,Vendor invoice late
01/2/26,R&D,Cloud hosting,AWS / Datadog,"4,505",cash,,accrual,Vendor invoice late
15 Feb-26,Services,Support tools,Zendesk / Gainsight,"6,054",Check,Alex - FP&A,accrual,Map to GL 6100
2026-03-28,G&A,Accounting fees,Brandon,"7,549",cash,Andres,posted,One-off item
2026-04-01,G&A,Office rent,Landlord,"8,911",Pos,M. Chen,manual adj,Map to GL 6100
01-Jan-26,Sales,Payroll - sales,Payroll,"(9,023)",Check,M. Chen,posted,Vendor invoice late
2026-04-01,COGS,Materials,Electric house,"4,018",manual Entry,TBD,Posted,One-off item
2026-03-28,Sales,CRM / RevOps tools,Salesforce / Outreach,"7,031",manual Entry,M. Chen,,Vendor invoice late
25 Mar-26,Sales,Sales commission,Payroll,"9,288",cash,Erikfinance ops,late invoice,Ask owner
01/2/26,Mktg,Events & webinars,Various,"6,369",Pos,TBD,posted,
15 Apr-26,COGS,Materials,Johnsons Supply,"1,429",ERP,TBD,manual adj,One-off item
01/3/26,Sales,CRM / RevOps tools,Salesforce / Outreach,"1,148",cash,TBD,late invoice,Timing issue
2026-04-01,Sales,Payroll - sales,Payroll,"4,330",ERP,TBD,needs mapping,Timing issue
25 Mar-26,Services,Support tools,Zendesk / Gainsight,"1,624",cash,,posted,Vendor invoice late
25 Mar-26,Revenue,Subscr. revenue,Retail Customer,"5,939",manual Entry,,posted,
01/3/26,G&A,Office rent,Landlord,"4,571",manual Entry,Andres,accrual,Timing issue
01-Jan-26,Marketing,Google Ads,Google / LinkedIn,"5,844",cash,M. Chen,needs mapping,
2026-04-01,R&D,AI automation,n8n,"1,362",Check,Andres,late invoice,Check sign
01/2/26,Revenue,Service,Corp. clients,"(2,963)",cash,,manual adj,
25 Mar-26,G&A,Office rent,Landlord,"(2,204)",manual Entry,TBD,,Vendor invoice late
15 Apr-26,COGS,Cloud hosting,AWS / Datadog,"(8,315)",Check,,,Check sign
2026-01-25,G&A,Office rent,Landlord,"2,712",ERP,Alex - FP&A,manual adj,Check sign
2026-02-26,G&A,Office rent,Landlord,"4,321",Pos,Alex - FP&A,manual adj,
2026-04-01,Services,Support tools,Zendesk / Gainsight,"6,432",cash,,late invoice,One-off item
2026-01-25,Sales,CRM / RevOps tools,Salesforce / Outreach,470,Pos,Erikfinance ops,accrual,Timing issue
2026-02-26,Sales,Payroll - sales,Payroll,"(4,300)",manual Entry,Alex - FP&A,accrual,Check sign
2026-02-26,Revenue,Product sales,Retail Customer,"1,919",ERP,TBD,,Ask owner
2026-03-28,G&A,Office rent,Landlord,"9,714",cash,Andres,Posted,Ask owner
01-Jan-26,Mktg,Customer appr.,Amazon gift c.,"7,129",cash,,accrual,Vendor invoice late
2026-01-25,Revenue,Revenue,Corp. clients,"1,616",Check,Andres,,Timing issue
01/4/26,Revenue,Product sales,Retail Customer,"9,923",cash,TBD,late invoice,Ask owner
01/3/26,COGS,Cloud hosting,AWS / Datadog,"(7,235)",cash,,manual adj,Check sign
2026-04-01,COGS,Payroll - eng,Payroll,"1,872",ERP,M. Chen,needs mapping,Map to GL 6100
01/1/26,Mktg,Paid media,Google / LinkedIn,"5,081",cash,,Posted,
01-Jan-26,R&D,AI automation,n8n,"2,105",Pos,Andres,Posted,Check sign
2026-04-01,Mktg,Customer appr.,Gift hamper,"(3,992)",Pos,Andres,Posted,Map to GL 6100
2026-02-26,Marketing,Google Ads,Google / LinkedIn,"(7,737)",ERP,,accrual,One-off item
15 Apr-26,R&D,Cloud hosting,AWS / Datadog,"8,138",Pos,Alex - FP&A,posted,Map to GL 6100
01/4/26,Services,Support tools,Zendesk / Gainsight,633,ERP,M. Chen,,One-off item
15 Feb-26,G&A,Accounting fees,Jason CPA,"8,674",ERP,,needs mapping,Check sign
15 Feb-26,Marketing,Paid media,Google / LinkedIn,"6,821",Pos,Andres,,One-off item
2026-03-28,COGS,Materials,Electric house,"6,362",manual Entry,Andres,manual adj,Ask owner
2026-02-26,R&D,AI automation,n8n,"7,421",manual Entry,,late invoice,Map to GL 6100
15 Apr-26,Mktg,Customer appr.,Amazon gift c.,"(7,427)",ERP,Erikfinance ops,manual adj,
2026-03-28,Services,Support tools,Zendesk / Gainsight,"3,684",ERP,TBD,manual adj,Check sign
2026-03-28,R&D,Payroll - eng,Payroll,"9,628",Pos,TBD,needs mapping,Timing issue
01/4/26,Services,Support tools,Zendesk / Gainsight,"2,833",cash,Andres,Posted,Timing issue
01/4/26,Mktg,Customer appr.,Gift hamper,"(9,124)",cash,TBD,needs mapping,Ask owner
2026-01-25,COGS,Payroll - eng,Payroll,"(8,090)",manual Entry,Andres,posted,One-off item
2026-04-01,Marketing,Customer appr.,Soccer Ticket,"(6,583)",ERP,,posted,One-off item
25 Mar-26,Revenue,Subscr. revenue,Retail Customer,"2,884",manual Entry,Alex - FP&A,posted,Check sign
2026-02-26,Revenue,Revenue,Corp. clients,"8,744",manual Entry,TBD,accrual,
15 Feb-26,Sales,CRM / RevOps tools,Salesforce / Outreach,"2,925",Pos,Andres,needs mapping,
2026-04-01,R&D,Payroll - eng,Payroll,"4,066",manual Entry,Alex - FP&A,late invoice,One-off item
01/1/26,Mktg,Events & webinars,Various,"5,149",cash,TBD,,One-off item
01/3/26,Sales,CRM / RevOps tools,Salesforce / Outreach,"(5,504)",cash,Andres,posted,Vendor invoice late
2026-03-28,G&A,Accounting fees,Brandon,"9,512",Check,Erikfinance ops,posted,Vendor invoice late
01-Jan-26,Sales,Payroll - sales,Payroll,"(6,021)",manual Entry,M. Chen,needs mapping,One-off item
01/3/26,Mktg,Paid media,Google / LinkedIn,"8,379",Pos,Alex - FP&A,manual adj,One-off item
15 Apr-26,COGS,Materials,Electric house,"3,802",Check,TBD,manual adj,
25 Mar-26,G&A,Legal fees,Buchalter,"7,451",Pos,M. Chen,Posted,One-off item
01/2/26,Marketing,Paid media,Google / LinkedIn,"2,987",Check,Andres,,Ask owner
25 Mar-26,COGS,Cloud hosting,AWS / Datadog,"(6,286)",Check,TBD,accrual,Ask owner
01/1/26,R&D,Payroll - eng,Payroll,"1,921",cash,M. Chen,accrual,One-off item
01/2/26,COGS,Payroll - eng,Payroll,"2,585",cash,TBD,Posted,One-off item
01/2/26,Services,Prof services,Implementation clients,"8,371",ERP,M. Chen,posted,Timing issue
01/3/26,Revenue,Service,Corp. clients,"6,481",ERP,Alex - FP&A,manual adj,Check sign
15 Apr-26,Marketing,Google Ads,Google / LinkedIn,"7,582",cash,,posted,
2026-01-25,Revenue,Product sales,Corp. clients,"7,601",Pos,,needs mapping,Check sign
01/3/26,R&D,AI automation,n8n,"2,452",Pos,,late invoice,Vendor invoice late
2026-04-01,Sales,Payroll - sales,Payroll,312,Check,Erikfinance ops,manual adj,Timing issue
2026-02-26,Marketing,Paid media,Google / LinkedIn,732,Check,M. Chen,accrual,
01/2/26,Marketing,Paid media,Google / LinkedIn,"5,570",ERP,Andres,posted,Map to GL 6100
2026-02-26,Sales,Payroll - sales,Payroll,"4,013",cash,Alex - FP&A,needs mapping,Ask owner
2026-02-26,R&D,AI automation,n8n,"(9,576)",manual Entry,Erikfinance ops,posted,Map to GL 6100
25 Mar-26,COGS,Cloud hosting,AWS / Datadog,"5,045",manual Entry,,Posted,Vendor invoice late
15 Apr-26,Sales,Payroll - sales,Payroll,"6,826",Check,M. Chen,Posted,Vendor invoice late
2026-02-26,Sales,Payroll - sales,Payroll,"3,872",Check,TBD,accrual,Timing issue
01-Jan-26,Marketing,Events & webinars,Various,"6,705",Check,Alex - FP&A,needs mapping,Check sign
25 Mar-26,G&A,Accounting fees,Jason CPA,"4,735",manual Entry,Alex - FP&A,needs mapping,Check sign
15 Apr-26,COGS,Cloud hosting,AWS / Datadog,"5,822",manual Entry,M. Chen,manual adj,Map to GL 6100
01/3/26,Sales,Sales commission,Payroll,"(9,363)",Pos,Alex - FP&A,late invoice,Vendor invoice late
01-Jan-26,R&D,Payroll - eng,Payroll,"(8,683)",Check,Alex - FP&A,posted,Check sign
25 Mar-26,COGS,Cloud hosting,AWS / Datadog,"5,556",ERP,M. Chen,late invoice,Check sign
15 Apr-26,Services,Support tools,Zendesk / Gainsight,"4,122",cash,Andres,manual adj,Vendor invoice late
15 Apr-26,Marketing,Google Ads,Google / LinkedIn,"7,549",manual Entry,Erikfinance ops,,Vendor invoice late
01/1/26,Services,Prof services,Implementation clients,"5,666",cash,TBD,needs mapping,One-off item
01-Jan-26,COGS,Payroll - eng,Payroll,891,manual Entry,,accrual,Check sign
01/2/26,COGS,Cloud hosting,AWS / Datadog,"9,388",Pos,,posted,Map to GL 6100
2026-03-28,G&A,Accounting fees,Jason CPA,"(6,156)",manual Entry,,needs mapping,Ask owner
15 Apr-26,Mktg,Events & webinars,Various,"5,277",cash,Andres,,
2026-03-28,Services,Support tools,Zendesk / Gainsight,"7,718",manual Entry,Alex - FP&A,Posted,Ask owner
2026-01-25,Mktg,Events & webinars,Various,"1,913",ERP,Andres,Posted,One-off item
2026-03-28,Revenue,Subscr. revenue,Retail Customer,"2,529",cash,,needs mapping,
01/3/26,Mktg,Events & webinars,Various,"1,459",ERP,Andres,,Vendor invoice late
01/1/26,Services,Support tools,Zendesk / Gainsight,"9,588",Pos,TBD,posted,Timing issue
01/2/26,Mktg,Paid media,Google / LinkedIn,"8,865",Check,,accrual,Vendor invoice late
15 Apr-26,Sales,CRM / RevOps tools,Salesforce / Outreach,"3,593",manual Entry,TBD,Posted,One-off item
15 Apr-26,Sales,CRM / RevOps tools,Salesforce / Outreach,"8,489",ERP,Alex - FP&A,Posted,
01/1/26,G&A,Legal fees,Buchalter,"9,000",manual Entry,Erikfinance ops,needs mapping,Timing issue
01/3/26,Revenue,Product sales,Corp. clients,"2,642",cash,TBD,Posted,
15 Feb-26,Mktg,Events & webinars,Various,"(2,095)",Pos,Alex - FP&A,manual adj,Check sign
01/3/26,Revenue,Subscr. revenue,Retail Customer,"1,438",Pos,Erikfinance ops,posted,Timing issue
15 Apr-26,Mktg,Paid media,Google / LinkedIn,"1,817",manual Entry,Erikfinance ops,,Map to GL 6100
01/3/26,Marketing,Events & webinars,Various,"8,642",cash,Andres,needs mapping,Map to GL 6100
15 Feb-26,R&D,Payroll - eng,Payroll,"3,829",manual Entry,Erikfinance ops,manual adj,
15 Apr-26,Sales,Sales commission,Payroll,"7,429",Check,TBD,needs mapping,Vendor invoice late
2026-04-01,COGS,Materials,Walmart,836,Check,Alex - FP&A,,Vendor invoice late
15 Feb-26,G&A,Legal fees,Buchalter,"1,677",Pos,Erikfinance ops,late invoice,One-off item
25 Mar-26,Revenue,Product sales,Retail Customer,"5,437",ERP,TBD,Posted,
01-Jan-26,G&A,Accounting fees,Brandon,"(8,245)",ERP,TBD,,Vendor invoice late
2026-03-28,Mktg,Events & webinars,Various,"1,844",ERP,Erikfinance ops,accrual,
01-Jan-26,Sales,CRM / RevOps tools,Salesforce / Outreach,"4,070",Pos,Erikfinance ops,posted,Ask owner
01/1/26,Marketing,Events & webinars,Various,"4,192",Check,Andres,needs mapping,Timing issue
2026-02-26,Sales,Payroll - sales,Payroll,"(9,684)",cash,Andres,late invoice,One-off item
01/3/26,COGS,Materials,Home Depot,"5,476",manual Entry,TBD,manual adj,Timing issue
01/1/26,Mktg,Paid media,Google / LinkedIn,"(7,822)",Check,Alex - FP&A,needs mapping,Map to GL 6100
2026-03-28,COGS,Payroll - eng,Payroll,"1,144",cash,,,Check sign
2026-02-26,Revenue,Service,Corp. clients,"8,930",ERP,M. Chen,,One-off item
25 Mar-26,G&A,Legal fees,Buchalter,"(2,711)",Check,Andres,manual adj,Timing issue
15 Feb-26,COGS,Materials,Home Depot,"9,191",Check,M. Chen,,One-off item
01/4/26,G&A,Legal fees,Buchalter,"7,536",ERP,Andres,Posted,One-off item
2026-03-28,Sales,Payroll - sales,Payroll,"4,472",Check,TBD,Posted,One-off item
2026-04-01,Marketing,Events & webinars,Various,"(6,928)",cash,Andres,posted,Vendor invoice late
2026-02-26,Services,Support tools,Zendesk / Gainsight,"2,872",ERP,TBD,manual adj,
01/1/26,COGS,Materials,Walmart,"1,452",cash,TBD,posted,Ask owner
2026-02-26,COGS,Payroll - eng,Payroll,"4,930",manual Entry,Erikfinance ops,manual adj,Check sign
2026-04-01,G&A,Office rent,Landlord,"2,529",manual Entry,,needs mapping,
01/4/26,R&D,Payroll - eng,Payroll,"9,188",manual Entry,,Posted,
01/2/26,Sales,Payroll - sales,Payroll,"7,513",cash,Erikfinance ops,,Timing issue
15 Apr-26,COGS,Payroll - eng,Payroll,"6,997",Check,Alex - FP&A,,Vendor invoice late
2026-03-28,G&A,Office rent,Landlord,"4,103",Check,,accrual,One-off item
2026-03-28,G&A,Office rent,Landlord,"4,154",Pos,,posted,Check sign
01/3/26,R&D,Cloud hosting,AWS / Datadog,"3,378",cash,Alex - FP&A,manual adj,Ask owner
01/1/26,R&D,Cloud hosting,AWS / Datadog,"6,160",ERP,M. Chen,late invoice,
2026-03-28,Mktg,Customer appr.,Soccer Ticket,"5,356",manual Entry,Alex - FP&A,manual adj,
2026-02-26,Services,Prof services,Implementation clients,"9,811",cash,Alex - FP&A,needs mapping,Ask owner
01/4/26,G&A,Accounting fees,Brandon,"4,499",manual Entry,Andres,posted,Ask owner
01/1/26,Revenue,Product sales,Retail Customer,"7,053",Check,M. Chen,Posted,Vendor invoice late
01/2/26,G&A,Accounting fees,Brandon,"2,021",Check,,,One-off item
2026-03-28,COGS,Cloud hosting,AWS / Datadog,"1,544",ERP,,,Map to GL 6100
25 Mar-26,R&D,Cloud hosting,AWS / Datadog,"(3,664)",manual Entry,Andres,late invoice,Check sign
25 Mar-26,R&D,Payroll - eng,Payroll,"8,147",manual Entry,M. Chen,Posted,Check sign
2026-03-28,Sales,CRM / RevOps tools,Salesforce / Outreach,"8,714",cash,Andres,Posted,Ask owner
2026-02-26,G&A,Legal fees,Europa Law firm,"6,999",Check,Alex - FP&A,Posted,Check sign
01/2/26,Revenue,Product sales,Retail Customer,"8,569",manual Entry,Alex - FP&A,late invoice,Check sign
01/4/26,G&A,Office rent,Landlord,"9,086",ERP,M. Chen,manual adj,Vendor invoice late
2026-01-25,COGS,Payroll - eng,Payroll,"4,212",manual Entry,Alex - FP&A,posted,Timing issue
25 Mar-26,Mktg,Paid media,Google / LinkedIn,"9,730",Pos,M. Chen,posted,Check sign
15 Apr-26,R&D,AI automation,n8n,"(7,250)",cash,Alex - FP&A,needs mapping,Map to GL 6100
2026-01-25,Revenue,Product sales,Corp. clients,"(7,428)",Check,,late invoice,
25 Mar-26,R&D,Cloud hosting,AWS / Datadog,475,cash,Alex - FP&A,manual adj,Check sign
2026-04-01,R&D,Payroll - eng,Payroll,"(2,890)",Check,,manual adj,Vendor invoice late
01/3/26,G&A,Accounting fees,Jason CPA,"3,241",manual Entry,Alex - FP&A,manual adj,Timing issue
01/4/26,Mktg,Customer appr.,Gift hamper,"8,517",Pos,Andres,late invoice,Ask owner
25 Mar-26,Services,Support tools,Zendesk / Gainsight,"4,433",Check,TBD,,Check sign
01/2/26,Marketing,Customer appr.,Soccer Ticket,"3,243",Check,Andres,late invoice,
2026-03-28,G&A,Legal fees,Europa Law firm,"(3,179)",Pos,M. Chen,needs mapping,Vendor invoice late
01/2/26,Marketing,Events & webinars,Various,"7,788",ERP,Andres,late invoice,One-off item
01/3/26,Sales,Payroll - sales,Payroll,"3,998",cash,Erikfinance ops,posted,Map to GL 6100
01/2/26,COGS,Cloud hosting,AWS / Datadog,"2,355",cash,Alex - FP&A,late invoice,Check sign
2026-01-25,COGS,Materials,Home Depot,"8,880",Pos,M. Chen,,Map to GL 6100
2026-04-01,Mktg,Paid media,Google / LinkedIn,"8,366",manual Entry,TBD,late invoice,Check sign
2026-03-28,Mktg,Paid media,Google / LinkedIn,585,manual Entry,TBD,accrual,Vendor invoice late
2026-03-28,G&A,Legal fees,Buchalter,"6,285",cash,Andres,late invoice,Ask owner
01/2/26,Sales,CRM / RevOps tools,Salesforce / Outreach,"4,872",cash,TBD,posted,Map to GL 6100
2026-04-01,Revenue,Subscr. revenue,Retail Customer,"(2,377)",cash,Andres,late invoice,Check sign
2026-01-25,Services,Prof services,Implementation clients,"5,241",ERP,,manual adj,Timing issue
2026-02-26,Revenue,Revenue,Corp. clients,"6,307",Check,Andres,accrual,One-off item
25 Mar-26,Revenue,Revenue,Retail Customer,"1,957",manual Entry,TBD,late invoice,Check sign
2026-04-01,R&D,Cloud hosting,AWS / Datadog,"4,470",Check,Erikfinance ops,accrual,Timing issue
2026-03-28,R&D,Cloud hosting,AWS / Datadog,"9,853",Pos,M. Chen,Posted,Map to GL 6100
2026-04-01,G&A,Office rent,Landlord,"1,004",Pos,TBD,,
01/2/26,Mktg,Customer appr.,Gift hamper,"5,692",cash,Andres,needs mapping,One-off item
2026-03-28,Revenue,Service,Retail Customer,"1,829",manual Entry,Erikfinance ops,needs mapping,Vendor invoice late
01-Jan-26,Services,Prof services,Implementation clients,"4,576",manual Entry,Andres,needs mapping,Ask owner
01/1/26,COGS,Materials,Johnsons Supply,"5,617",cash,Andres,late invoice,Vendor invoice late
15 Apr-26,Sales,CRM / RevOps tools,Salesforce / Outreach,"(3,694)",ERP,,Posted,Vendor invoice late
15 Apr-26,Marketing,Google Ads,Google / LinkedIn,557,Check,M. Chen,late invoice,Ask owner
01/3/26,Revenue,Product sales,Corp. clients,"3,248",cash,Andres,Posted,Check sign
01/3/26,Services,Support tools,Zendesk / Gainsight,"2,934",Check,Alex - FP&A,posted,One-off item
01/1/26,Marketing,Paid media,Google / LinkedIn,"4,555",cash,M. Chen,Posted,One-off item
2026-03-28,R&D,Cloud hosting,AWS / Datadog,"1,233",ERP,,needs mapping,Ask owner
25 Mar-26,G&A,Office rent,Landlord,"2,219",Pos,M. Chen,needs mapping,Check sign
01/1/26,Sales,CRM / RevOps tools,Salesforce / Outreach,"(3,614)",Check,M. Chen,Posted,One-off item
01/4/26,COGS,Cloud hosting,AWS / Datadog,793,ERP,Alex - FP&A,,Map to GL 6100
2026-04-01,R&D,Payroll - eng,Payroll,"4,551",ERP,,Posted,Timing issue
01/2/26,Mktg,Paid media,Google / LinkedIn,"9,551",Pos,Erikfinance ops,Posted,Check sign
2026-03-28,G&A,Office rent,Landlord,"(2,395)",Check,M. Chen,Posted,Check sign
2026-04-01,Marketing,Paid media,Google / LinkedIn,337,cash,Alex - FP&A,needs mapping,Vendor invoice late
15 Apr-26,Sales,CRM / RevOps tools,Salesforce / Outreach,"1,275",Pos,TBD,late invoice,Check sign
01/4/26,G&A,Office rent,Landlord,"7,160",cash,Erikfinance ops,manual adj,Check sign
01/4/26,Mktg,Paid media,Google / LinkedIn,"8,644",Pos,,accrual,One-off item
2026-04-01,Mktg,Customer appr.,Gift hamper,"6,571",manual Entry,Alex - FP&A,posted,One-off item
25 Mar-26,Marketing,Paid media,Google / LinkedIn,"5,630",Check,Alex - FP&A,late invoice,Vendor invoice late
01/2/26,Sales,Sales commission,Payroll,"(4,405)",Check,Alex - FP&A,accrual,
2026-04-01,Services,Support tools,Zendesk / Gainsight,"9,560",cash,Erikfinance ops,,
01/2/26,Sales,Sales commission,Payroll,973,Pos,Andres,Posted,Vendor invoice late
25 Mar-26,Sales,CRM / RevOps tools,Salesforce / Outreach,(725),cash,Andres,needs mapping,Timing issue
2026-04-01,COGS,Cloud hosting,AWS / Datadog,"7,126",Pos,Andres,Posted,Vendor invoice late
2026-01-25,R&D,AI automation,n8n,"7,106",Pos,Andres,posted,One-off item
15 Feb-26,Revenue,Service,Corp. clients,"3,019",cash,M. Chen,manual adj,Map to GL 6100
01/3/26,Revenue,Product sales,Retail Customer,"3,949",manual Entry,,accrual,One-off item
01/3/26,COGS,Payroll - eng,Payroll,355,Pos,,needs mapping,Vendor invoice late
01/1/26,COGS,Cloud hosting,AWS / Datadog,"(7,137)",cash,M. Chen,needs mapping,Vendor invoice late
25 Mar-26,Sales,CRM / RevOps tools,Salesforce / Outreach,"4,562",manual Entry,Alex - FP&A,posted,Check sign
2026-03-28,R&D,Payroll - eng,Payroll,"7,233",cash,,accrual,Timing issue
01/2/26,Revenue,Product sales,Retail Customer,"8,898",Check,TBD,needs mapping,
2026-01-25,Services,Prof services,Implementation clients,"2,213",Check,Erikfinance ops,needs mapping,Check sign
25 Mar-26,Marketing,Paid media,Google / LinkedIn,"(7,061)",ERP,Andres,,
2026-02-26,Services,Prof services,Implementation clients,"5,242",Check,Alex - FP&A,late invoice,Timing issue
2026-02-26,Mktg,Customer appr.,Amazon gift c.,"5,175",cash,TBD,,One-off item
01/2/26,Marketing,Google Ads,Google / LinkedIn,"(6,926)",cash,TBD,posted,Vendor invoice late
2026-04-01,COGS,Payroll - eng,Payroll,"7,489",Check,Alex - FP&A,posted,
01/2/26,Sales,CRM / RevOps tools,Salesforce / Outreach,"(7,936)",Pos,M. Chen,,Timing issue
15 Feb-26,Marketing,Paid media,Google / LinkedIn,"7,958",manual Entry,M. Chen,accrual,Vendor invoice late
01/2/26,Marketing,Google Ads,Google / LinkedIn,"7,968",ERP,TBD,,Ask owner
01-Jan-26,Revenue,Revenue,Corp. clients,"(5,206)",cash,Erikfinance ops,,One-off item
2026-03-28,G&A,Legal fees,Europa Law firm,"3,611",cash,Andres,manual adj,Vendor invoice late
2026-03-28,Mktg,Events & webinars,Various,"7,885",Pos,Alex - FP&A,needs mapping,Ask owner
01/4/26,G&A,Legal fees,Europa Law firm,"5,875",ERP,TBD,needs mapping,One-off item
15 Apr-26,Revenue,Product sales,Corp. clients,"(7,321)",ERP,Erikfinance ops,,One-off item
01/1/26,COGS,Payroll - eng,Payroll,"3,341",Pos,TBD,late invoice,
01-Jan-26,G&A,Legal fees,Europa Law firm,255,Check,TBD,late invoice,Timing issue
2026-03-28,Revenue,Service,Retail Customer,"2,272",manual Entry,Erikfinance ops,needs mapping,Map to GL 6100
01/1/26,Sales,Sales commission,Payroll,"(3,142)",Pos,M. Chen,manual adj,Check sign
15 Feb-26,R&D,AI automation,n8n,"8,758",cash,TBD,needs mapping,Map to GL 6100
2026-01-25,G&A,Accounting fees,Jason CPA,"(3,891)",manual Entry,Alex - FP&A,needs mapping,Check sign
01/2/26,Sales,Sales commission,Payroll,"1,650",Pos,Alex - FP&A,late invoice,Timing issue
01/4/26,Mktg,Events & webinars,Various,"6,372",Check,M. Chen,accrual,Ask owner
15 Feb-26,Marketing,Customer appr.,Soccer Ticket,"7,935",ERP,Alex - FP&A,Posted,Timing issue
2026-01-25,Mktg,Events & webinars,Various,"3,008",Check,TBD,posted,Vendor invoice late
25 Mar-26,Revenue,Product sales,Retail Customer,"8,573",Pos,,late invoice,
2026-03-28,Revenue,Subscr. revenue,Retail Customer,"(1,142)",manual Entry,Andres,manual adj,Ask owner
01/3/26,Revenue,Product sales,Corp. clients,"(4,678)",Pos,TBD,Posted,Vendor invoice late
2026-04-01,Marketing,Customer appr.,Soccer Ticket,"9,902",manual Entry,Erikfinance ops,manual adj,Vendor invoice late
15 Apr-26,Sales,Payroll - sales,Payroll,953,manual Entry,M. Chen,needs mapping,
01/1/26,Services,Prof services,Implementation clients,"6,868",ERP,TBD,late invoice,Vendor invoice late
2026-01-25,R&D,Payroll - eng,Payroll,"3,082",manual Entry,,late invoice,Ask owner
01-Jan-26,Sales,Sales commission,Payroll,"(5,881)",Check,M. Chen,needs mapping,Timing issue
15 Apr-26,Sales,Sales commission,Payroll,"7,292",manual Entry,TBD,late invoice,One-off item
01/4/26,Revenue,Service,Corp. clients,"9,498",Check,M. Chen,accrual,Vendor invoice late
01/3/26,Sales,Payroll - sales,Payroll,"8,801",Pos,Alex - FP&A,manual adj,One-off item
2026-02-26,Marketing,Events & webinars,Various,"8,428",Pos,,,Timing issue
01/3/26,Services,Support tools,Zendesk / Gainsight,"2,290",cash,Alex - FP&A,accrual,Timing issue
2026-03-28,G&A,Office rent,Landlord,"7,432",ERP,Andres,manual adj,
01/4/26,R&D,AI automation,n8n,"6,482",ERP,Erikfinance ops,late invoice,Check sign
2026-01-25,Marketing,Google Ads,Google / LinkedIn,"6,101",Check,TBD,needs mapping,Check sign
01/2/26,COGS,Payroll - eng,Payroll,"1,403",Pos,,manual adj,Timing issue
2026-02-26,Sales,Sales commission,Payroll,"3,106",cash,Alex - FP&A,posted,Timing issue
15 Feb-26,Mktg,Customer appr.,Amazon gift c.,"(7,633)",cash,Andres,posted,One-off item
15 Feb-26,COGS,Payroll - eng,Payroll,"8,978",cash,,accrual,Check sign
2026-01-25,COGS,Payroll - eng,Payroll,"(7,608)",Check,,manual adj,Check sign
2026-01-25,G&A,Accounting fees,Brandon,"2,652",manual Entry,,late invoice,
01/2/26,Mktg,Paid media,Google / LinkedIn,"(4,848)",cash,Andres,needs mapping,Map to GL 6100
2026-02-26,Mktg,Paid media,Google / LinkedIn,"(7,550)",manual Entry,,Posted,Map to GL 6100
15 Apr-26,Revenue,Revenue,Retail Customer,"4,497",manual Entry,Andres,manual adj,Check sign
01/4/26,Sales,Payroll - sales,Payroll,"1,431",ERP,Erikfinance ops,manual adj,
01/3/26,Services,Prof services,Implementation clients,"(6,283)",Pos,Erikfinance ops,,Check sign
01-Jan-26,Revenue,Service,Retail Customer,"(4,043)",cash,Erikfinance ops,Posted,Check sign
01/2/26,Revenue,Revenue,Corp. clients,"3,881",manual Entry,TBD,needs mapping,Check sign
01-Jan-26,Services,Prof services,Implementation clients,620,manual Entry,M. Chen,Posted,
01/4/26,Sales,Sales commission,Payroll,"8,487",Pos,Andres,needs mapping,Map to GL 6100
01/3/26,R&D,Payroll - eng,Payroll,"(6,635)",cash,Andres,needs mapping,Check sign
01/4/26,Revenue,Product sales,Retail Customer,"6,245",cash,TBD,needs mapping,Vendor invoice late
2026-02-26,R&D,Cloud hosting,AWS / Datadog,"9,813",Pos,,manual adj,Check sign
01/1/26,Sales,CRM / RevOps tools,Salesforce / Outreach,"6,206",cash,TBD,late invoice,Check sign
2026-04-01,Mktg,Paid media,Google / LinkedIn,"4,370",Pos,,accrual,One-off item
2026-01-25,Mktg,Events & webinars,Various,"2,116",Check,Alex - FP&A,,One-off item
2026-01-25,Sales,Sales commission,Payroll,"7,689",manual Entry,Alex - FP&A,,Check sign
01/3/26,Services,Support tools,Zendesk / Gainsight,"8,892",cash,,accrual,Map to GL 6100
15 Apr-26,Sales,Sales commission,Payroll,"8,395",cash,Erikfinance ops,manual adj,Ask owner
2026-02-26,Mktg,Paid media,Google / LinkedIn,"6,894",manual Entry,TBD,posted,Timing issue
15 Apr-26,Sales,Payroll - sales,Payroll,"9,506",manual Entry,M. Chen,needs mapping,Timing issue
2026-01-25,Revenue,Product sales,Corp. clients,"6,807",cash,Erikfinance ops,accrual,Map to GL 6100
15 Apr-26,G&A,Accounting fees,Jason CPA,"5,940",Check,,,Timing issue
15 Apr-26,Services,Prof services,Implementation clients,"8,481",Pos,,late invoice,Map to GL 6100
2026-04-01,G&A,Office rent,Landlord,"6,196",cash,Alex - FP&A,needs mapping,Vendor invoice late
2026-04-01,Marketing,Customer appr.,Soccer Ticket,"(5,044)",Check,Alex - FP&A,manual adj,Check sign
2026-04-01,Mktg,Paid media,Google / LinkedIn,"5,603",Pos,Andres,manual adj,Ask owner
15 Apr-26,Marketing,Paid media,Google / LinkedIn,"4,254",Check,Erikfinance ops,Posted,One-off item
15 Apr-26,Sales,Sales commission,Payroll,"9,455",ERP,M. Chen,late invoice,Timing issue
01/1/26,G&A,Accounting fees,Brandon,370,ERP,Erikfinance ops,accrual,
01/1/26,Marketing,Customer appr.,Gift hamper,"5,445",Pos,Alex - FP&A,,Ask owner
01/1/26,Services,Prof services,Implementation clients,"6,527",ERP,TBD,accrual,Vendor invoice late
2026-02-26,G&A,Office rent,Landlord,"(6,112)",cash,,needs mapping,Ask owner
15 Feb-26,Mktg,Customer appr.,Soccer Ticket,"3,904",Pos,Alex - FP&A,late invoice,Ask owner
2026-02-26,G&A,Accounting fees,Jason CPA,"5,902",ERP,Andres,needs mapping,Vendor invoice late
01/1/26,COGS,Cloud hosting,AWS / Datadog,"7,152",ERP,M. Chen,late invoice,Map to GL 6100
01/4/26,G&A,Legal fees,Europa Law firm,"5,200",ERP,Erikfinance ops,accrual,Ask owner
15 Apr-26,COGS,Materials,Home Depot,"9,367",manual Entry,Andres,Posted,Ask owner
2026-01-25,G&A,Legal fees,Buchalter,"7,658",ERP,Erikfinance ops,,Vendor invoice late
2026-04-01,Services,Support tools,Zendesk / Gainsight,"1,160",Check,TBD,,Ask owner
2026-01-25,R&D,AI automation,n8n,"8,968",cash,Erikfinance ops,manual adj,Timing issue
01/1/26,Revenue,Revenue,Corp. clients,"7,304",cash,Erikfinance ops,,Map to GL 6100
01/1/26,Marketing,Events & webinars,Various,17,ERP,Alex - FP&A,accrual,Vendor invoice late
01/3/26,Revenue,Service,Retail Customer,775,ERP,Alex - FP&A,Posted,
2026-03-28,G&A,Legal fees,Europa Law firm,"2,930",Check,Andres,Posted,One-off item
01/4/26,COGS,Materials,Johnsons Supply,"(9,140)",Check,TBD,needs mapping,Vendor invoice late
2026-04-01,Marketing,Paid media,Google / LinkedIn,"2,145",manual Entry,,Posted,Map to GL 6100
01/2/26,R&D,Cloud hosting,AWS / Datadog,"8,467",Check,Alex - FP&A,posted,One-off item
2026-03-28,Services,Prof services,Implementation clients,"9,031",cash,TBD,Posted,One-off item
2026-01-25,Revenue,Product sales,Retail Customer,"6,830",ERP,Erikfinance ops,Posted,Vendor invoice late
2026-01-25,R&D,Cloud hosting,AWS / Datadog,"(3,880)",ERP,Alex - FP&A,late invoice,Ask owner
2026-03-28,G&A,Accounting fees,Jason CPA,95,ERP,Erikfinance ops,posted,Check sign
15 Apr-26,R&D,Payroll - eng,Payroll,"1,416",cash,,manual adj,Check sign
01/4/26,Sales,CRM / RevOps tools,Salesforce / Outreach,"5,151",ERP,M. Chen,Posted,Check sign
01/3/26,R&D,Cloud hosting,AWS / Datadog,"9,105",manual Entry,Alex - FP&A,manual adj,Ask owner
01/3/26,Sales,Payroll - sales,Payroll,"7,139",cash,,Posted,One-off item
15 Feb-26,Marketing,Google Ads,Google / LinkedIn,"3,420",Check,,needs mapping,Check sign
15 Apr-26,COGS,Cloud hosting,AWS / Datadog,"(3,309)",manual Entry,Andres,accrual,Ask owner
2026-03-28,R&D,Cloud hosting,AWS / Datadog,"(7,457)",ERP,TBD,Posted,Ask owner
2026-02-26,Mktg,Customer appr.,Amazon gift c.,"7,973",manual Entry,Alex - FP&A,accrual,Ask owner
01/3/26,Revenue,Revenue,Retail Customer,"6,581",Check,,accrual,Ask owner
01/2/26,Services,Prof services,Implementation clients,"7,761",Pos,TBD,posted,One-off item
25 Mar-26,R&D,Payroll - eng,Payroll,"9,033",cash,Andres,manual adj,Timing issue
01/3/26,Revenue,Product sales,Retail Customer,"9,267",Pos,TBD,needs mapping,Ask owner
2026-04-01,G&A,Accounting fees,Brandon,"6,505",cash,TBD,Posted,Map to GL 6100
15 Apr-26,Services,Prof services,Implementation clients,"2,357",Check,Andres,,One-off item
01/1/26,Sales,Payroll - sales,Payroll,"9,055",Pos,,late invoice,One-off item
01/2/26,Revenue,Service,Retail Customer,"(7,795)",Check,Andres,needs mapping,Timing issue
2026-02-26,Services,Support tools,Zendesk / Gainsight,"6,849",Check,Erikfinance ops,manual adj,Timing issue
2026-02-26,R&D,Payroll - eng,Payroll,"2,266",cash,,manual adj,Check sign
15 Apr-26,Sales,Sales commission,Payroll,"(4,723)",Pos,Erikfinance ops,,Vendor invoice late
01/1/26,Marketing,Paid media,Google / LinkedIn,"3,353",cash,Andres,needs mapping,Timing issue
25 Mar-26,Sales,CRM / RevOps tools,Salesforce / Outreach,"1,342",ERP,Alex - FP&A,,One-off item
01/1/26,Mktg,Customer appr.,Amazon gift c.,"3,466",Pos,,accrual,Map to GL 6100
15 Feb-26,Revenue,Service,Corp. clients,"(7,943)",manual Entry,,manual adj,Check sign
01/1/26,Mktg,Paid media,Google / LinkedIn,"(8,923)",ERP,,Posted,One-off item
2026-02-26,Sales,Sales commission,Payroll,"3,358",Check,Erikfinance ops,Posted,
2026-01-25,G&A,Legal fees,Europa Law firm,"(2,894)",manual Entry,Alex - FP&A,,Check sign
01/1/26,G&A,Legal fees,Europa Law firm,715,ERP,,Posted,Ask owner
01/4/26,Marketing,Google Ads,Google / LinkedIn,"8,870",ERP,Andres,,One-off item
01/4/26,G&A,Office rent,Landlord,382,Check,M. Chen,posted,Timing issue
2026-02-26,G&A,Legal fees,Europa Law firm,"(7,512)",manual Entry,,accrual,
2026-03-28,G&A,Accounting fees,Jason CPA,639,Pos,Andres,needs mapping,Check sign
01/1/26,Mktg,Customer appr.,Soccer Ticket,"5,442",manual Entry,Erikfinance ops,posted,Ask owner
2026-02-26,Mktg,Customer appr.,Amazon gift c.,"7,009",cash,Andres,manual adj,Vendor invoice late
2026-03-28,R&D,AI automation,n8n,"9,999",ERP,M. Chen,needs mapping,One-off item
01/4/26,Services,Support tools,Zendesk / Gainsight,"4,762",cash,M. Chen,Posted,One-off item
01/3/26,Revenue,Revenue,Retail Customer,"4,251",cash,Alex - FP&A,manual adj,Timing issue
01/1/26,Revenue,Revenue,Retail Customer,"1,644",ERP,TBD,Posted,Vendor invoice late
2026-01-25,Mktg,Customer appr.,Soccer Ticket,"(1,716)",cash,Alex - FP&A,needs mapping,
01/1/26,G&A,Accounting fees,Jason CPA,"5,762",ERP,Andres,,Vendor invoice late
2026-03-28,Revenue,Subscr. revenue,Retail Customer,"6,951",Pos,M. Chen,posted,Check sign
01/3/26,Sales,CRM / RevOps tools,Salesforce / Outreach,316,manual Entry,Andres,needs mapping,Map to GL 6100
25 Mar-26,G&A,Accounting fees,Brandon,"7,813",cash,TBD,late invoice,Check sign
01-Jan-26,R&D,AI automation,n8n,"6,215",cash,Alex - FP&A,Posted,Vendor invoice late
2026-03-28,R&D,Payroll - eng,Payroll,"7,934",cash,TBD,needs mapping,
2026-01-25,Mktg,Paid media,Google / LinkedIn,819,ERP,Andres,late invoice,Timing issue
01/4/26,G&A,Legal fees,Buchalter,"8,902",Check,,manual adj,Map to GL 6100
01/1/26,Marketing,Customer appr.,Amazon gift c.,"3,498",ERP,M. Chen,accrual,One-off item
2026-01-25,COGS,Cloud hosting,AWS / Datadog,"9,876",cash,TBD,late invoice,Ask owner
2026-03-28,R&D,AI automation,n8n,"5,212",manual Entry,M. Chen,accrual,
25 Mar-26,COGS,Cloud hosting,AWS / Datadog,"6,572",cash,M. Chen,Posted,Ask owner
2026-01-25,Marketing,Customer appr.,Gift hamper,"1,514",ERP,,needs mapping,Ask owner
01/4/26,Revenue,Service,Corp. clients,"(9,975)",ERP,Andres,Posted,Ask owner
2026-02-26,COGS,Materials,Electric house,"1,131",manual Entry,TBD,accrual,One-off item
2026-03-28,R&D,Payroll - eng,Payroll,"9,631",Pos,M. Chen,,Timing issue
15 Apr-26,Services,Prof services,Implementation clients,"8,546",cash,Alex - FP&A,posted,Vendor invoice late
15 Apr-26,Marketing,Customer appr.,Gift hamper,"3,507",Pos,TBD,accrual,Timing issue
15 Feb-26,Revenue,Revenue,Corp. clients,"(7,982)",ERP,TBD,late invoice,
2026-04-01,Revenue,Service,Corp. clients,"4,246",Pos,Erikfinance ops,,
2026-02-26,Sales,CRM / RevOps tools,Salesforce / Outreach,"8,858",Check,TBD,accrual,Ask owner
15 Feb-26,Sales,Payroll - sales,Payroll,864,Pos,Erikfinance ops,late invoice,One-off item
25 Mar-26,R&D,Cloud hosting,AWS / Datadog,"9,026",ERP,M. Chen,needs mapping,One-off item
01-Jan-26,Services,Support tools,Zendesk / Gainsight,"(5,698)",Check,Erikfinance ops,Posted,One-off item
2026-01-25,R&D,AI automation,n8n,"3,831",Check,Alex - FP&A,needs mapping,Ask owner
2026-04-01,Marketing,Customer appr.,Soccer Ticket,"9,519",Check,Alex - FP&A,posted,Timing issue
2026-01-25,Marketing,Events & webinars,Various,"9,805",manual Entry,,needs mapping,One-off item
01/3/26,Sales,Sales commission,Payroll,"(6,403)",cash,M. Chen,manual adj,One-off item
01/3/26,R&D,Payroll - eng,Payroll,"4,417",cash,Erikfinance ops,needs mapping,One-off item
01-Jan-26,COGS,Payroll - eng,Payroll,"1,373",Check,M. Chen,needs mapping,Check sign
25 Mar-26,Revenue,Revenue,Retail Customer,"9,798",Pos,TBD,manual adj,Map to GL 6100
01/4/26,G&A,Accounting fees,Jason CPA,"6,343",manual Entry,Erikfinance ops,Posted,Vendor invoice late
2026-01-25,Sales,Payroll - sales,Payroll,534,Pos,TBD,manual adj,One-off item
01/1/26,Sales,Payroll - sales,Payroll,"(1,304)",Pos,TBD,Posted,Ask owner
2026-02-26,Marketing,Google Ads,Google / LinkedIn,"1,050",cash,Andres,,Check sign
15 Apr-26,R&D,AI automation,n8n,"9,005",Check,,needs mapping,Vendor invoice late
01/4/26,Sales,Payroll - sales,Payroll,"2,295",ERP,M. Chen,posted,Map to GL 6100
2026-01-25,Revenue,Product sales,Corp. clients,"6,479",manual Entry,Erikfinance ops,needs mapping,Vendor invoice late
2026-04-01,Sales,CRM / RevOps tools,Salesforce / Outreach,"2,831",ERP,M. Chen,needs mapping,
01/4/26,Mktg,Customer appr.,Amazon gift c.,"7,036",cash,Andres,accrual,Timing issue
01/1/26,Mktg,Events & webinars,Various,"1,447",ERP,,posted,Check sign
01/4/26,G&A,Office rent,Landlord,"8,734",ERP,Erikfinance ops,late invoice,Map to GL 6100
01/1/26,Mktg,Customer appr.,Soccer Ticket,"(2,599)",ERP,Alex - FP&A,manual adj,Timing issue
25 Mar-26,Sales,CRM / RevOps tools,Salesforce / Outreach,"4,356",Check,,manual adj,Map to GL 6100
01/1/26,COGS,Cloud hosting,AWS / Datadog,"5,264",Pos,Erikfinance ops,,Timing issue
15 Apr-26,Services,Prof services,Implementation clients,"8,949",Pos,Andres,Posted,Vendor invoice late
01/1/26,Revenue,Revenue,Corp. clients,"1,640",ERP,Alex - FP&A,manual adj,Ask owner
01/3/26,Marketing,Customer appr.,Soccer Ticket,"2,143",manual Entry,Alex - FP&A,needs mapping,Check sign
01/1/26,COGS,Payroll - eng,Payroll,"3,219",Check,TBD,late invoice,Timing issue
2026-02-26,Marketing,Events & webinars,Various,"(6,613)",manual Entry,,late invoice,Check sign
01/2/26,R&D,Payroll - eng,Payroll,"6,385",manual Entry,Andres,needs mapping,One-off item
2026-04-01,Revenue,Product sales,Corp. clients,"4,092",Pos,Alex - FP&A,manual adj,Check sign
01/4/26,COGS,Payroll - eng,Payroll,"6,029",cash,TBD,late invoice,Timing issue
2026-03-28,Sales,Sales commission,Payroll,"5,109",cash,,posted,
15 Apr-26,R&D,AI automation,n8n,"(7,161)",cash,Andres,late invoice,Map to GL 6100
15 Feb-26,R&D,Cloud hosting,AWS / Datadog,"5,220",Pos,M. Chen,accrual,Vendor invoice late
2026-04-01,Services,Support tools,Zendesk / Gainsight,"5,798",Check,,late invoice,Ask owner
25 Mar-26,Mktg,Events & webinars,Various,458,cash,M. Chen,late invoice,
01-Jan-26,G&A,Office rent,Landlord,"5,747",Check,Erikfinance ops,accrual,Ask owner
15 Apr-26,Mktg,Customer appr.,Amazon gift c.,"1,269",manual Entry,TBD,manual adj,Timing issue
2026-01-25,G&A,Accounting fees,Brandon,"4,995",Pos,Andres,manual adj,Check sign
2026-01-25,Sales,Sales commission,Payroll,"8,243",Pos,Andres,needs mapping,Ask owner
15 Apr-26,COGS,Materials,Walmart,28,Pos,Erikfinance ops,needs mapping,Timing issue
2026-01-25,Marketing,Google Ads,Google / LinkedIn,"9,912",cash,Erikfinance ops,Posted,Map to GL 6100
2026-01-25,R&D,Payroll - eng,Payroll,"5,463",Check,Andres,,Vendor invoice late
01-Jan-26,Mktg,Paid media,Google / LinkedIn,"3,899",cash,TBD,Posted,One-off item
2026-01-25,G&A,Legal fees,Buchalter,"(9,106)",manual Entry,M. Chen,late invoice,Map to GL 6100
25 Mar-26,Revenue,Product sales,Retail Customer,"(5,267)",Pos,,accrual,Check sign
15 Feb-26,Sales,Sales commission,Payroll,"4,865",Pos,TBD,needs mapping,Vendor invoice late
01/2/26,Mktg,Paid media,Google / LinkedIn,"6,701",cash,Andres,needs mapping,Ask owner
01-Jan-26,COGS,Materials,Electric house,"2,599",Check,Erikfinance ops,posted,Timing issue
25 Mar-26,G&A,Legal fees,Europa Law firm,"7,712",cash,Erikfinance ops,Posted,
2026-01-25,Sales,Sales commission,Payroll,"5,735",cash,Alex - FP&A,late invoice,Vendor invoice late
2026-04-01,Revenue,Product sales,Corp. clients,"7,425",Pos,,Posted,One-off item
01-Jan-26,COGS,Materials,Home Depot,"5,685",ERP,Erikfinance ops,Posted,
01/2/26,Marketing,Customer appr.,Gift hamper,"9,241",manual Entry,Erikfinance ops,needs mapping,One-off item
15 Feb-26,R&D,AI automation,n8n,"4,826",Pos,TBD,accrual,Map to GL 6100
2026-03-28,Mktg,Events & webinars,Various,"9,218",Pos,Alex - FP&A,posted,Timing issue
01-Jan-26,G&A,Accounting fees,Brandon,(136),manual Entry,Andres,,Check sign
25 Mar-26,Revenue,Subscr. revenue,Corp. clients,"3,691",cash,TBD,,Map to GL 6100
25 Mar-26,Services,Support tools,Zendesk / Gainsight,"5,855",cash,Alex - FP&A,accrual,Map to GL 6100
01-Jan-26,Sales,Sales commission,Payroll,"3,551",ERP,TBD,accrual,One-off item
2026-03-28,Sales,Payroll - sales,Payroll,"7,899",Check,M. Chen,needs mapping,Vendor invoice late
2026-01-25,COGS,Materials,Electric house,"1,368",cash,Alex - FP&A,posted,Map to GL 6100
01/1/26,Revenue,Subscr. revenue,Corp. clients,"4,896",Check,Andres,posted,One-off item
01/3/26,Mktg,Paid media,Google / LinkedIn,747,Pos,,manual adj,Check sign
01/3/26,Services,Support tools,Zendesk / Gainsight,"1,539",manual Entry,Andres,late invoice,
01/3/26,COGS,Cloud hosting,AWS / Datadog,"2,841",Pos,Andres,accrual,
01/1/26,Revenue,Service,Retail Customer,"8,577",cash,Alex - FP&A,late invoice,Ask owner
01/1/26,Mktg,Events & webinars,Various,666,manual Entry,M. Chen,late invoice,Ask owner
2026-04-01,Marketing,Events & webinars,Various,"5,612",Check,Alex - FP&A,Posted,
01/3/26,Services,Prof services,Implementation clients,"2,210",manual Entry,,accrual,
2026-02-26,Mktg,Paid media,Google / LinkedIn,"7,644",ERP,M. Chen,late invoice,Vendor invoice late
2026-04-01,G&A,Office rent,Landlord,"8,129",Check,,posted,Ask owner
01/3/26,Services,Support tools,Zendesk / Gainsight,"3,623",ERP,Alex - FP&A,accrual,One-off item
25 Mar-26,Sales,Payroll - sales,Payroll,"(3,843)",manual Entry,,late invoice,Timing issue
15 Feb-26,G&A,Accounting fees,Brandon,"6,376",Pos,Erikfinance ops,,Vendor invoice late
01/1/26,COGS,Cloud hosting,AWS / Datadog,"3,269",Pos,,accrual,Timing issue
2026-02-26,Services,Prof services,Implementation clients,"6,145",cash,Alex - FP&A,needs mapping,One-off item
01/1/26,Marketing,Google Ads,Google / LinkedIn,"2,394",Check,M. Chen,posted,
01/2/26,Revenue,Product sales,Retail Customer,"7,667",manual Entry,,posted,Vendor invoice late
25 Mar-26,Services,Support tools,Zendesk / Gainsight,928,Check,Alex - FP&A,manual adj,Timing issue
2026-01-25,Marketing,Events & webinars,Various,"4,843",cash,,manual adj,Map to GL 6100
01/3/26,Sales,Payroll - sales,Payroll,"(2,945)",cash,TBD,accrual,Timing issue
01/1/26,Marketing,Customer appr.,Soccer Ticket,"(7,506)",ERP,Erikfinance ops,,
01/2/26,Services,Prof services,Implementation clients,"8,433",manual Entry,Andres,Posted,One-off item
2026-01-25,Sales,Payroll - sales,Payroll,"6,021",ERP,Erikfinance ops,posted,Check sign
2026-03-28,Revenue,Product sales,Corp. clients,"7,560",cash,Erikfinance ops,accrual,One-off item
01/1/26,Revenue,Revenue,Corp. clients,"9,132",Check,Erikfinance ops,Posted,Map to GL 6100
25 Mar-26,Revenue,Product sales,Retail Customer,"3,205",cash,TBD,manual adj,Vendor invoice late
01/4/26,Revenue,Product sales,Corp. clients,"9,208",manual Entry,TBD,accrual,Vendor invoice late
2026-01-25,G&A,Legal fees,Buchalter,(710),cash,,posted,Check sign
01/3/26,Marketing,Customer appr.,Gift hamper,"7,184",manual Entry,M. Chen,Posted,Ask owner
2026-01-25,Marketing,Google Ads,Google / LinkedIn,"1,917",ERP,TBD,posted,Map to GL 6100
01/3/26,R&D,Cloud hosting,AWS / Datadog,"4,411",manual Entry,Alex - FP&A,needs mapping,Timing issue
01/2/26,Sales,CRM / RevOps tools,Salesforce / Outreach,"1,914",manual Entry,Erikfinance ops,accrual,Vendor invoice late
01/4/26,Marketing,Events & webinars,Various,"1,264",Check,Alex - FP&A,,Ask owner
01/3/26,Revenue,Subscr. revenue,Corp. clients,"3,797",Pos,,posted,
01/1/26,Sales,CRM / RevOps tools,Salesforce / Outreach,"1,809",ERP,M. Chen,needs mapping,Vendor invoice late
01/1/26,G&A,Legal fees,Buchalter,"(2,594)",cash,,needs mapping,One-off item
2026-01-25,COGS,Materials,Johnsons Supply,"5,106",ERP,Alex - FP&A,manual adj,Vendor invoice late
15 Apr-26,Sales,Payroll - sales,Payroll,"9,760",Check,M. Chen,Posted,Check sign
2026-04-01,Mktg,Customer appr.,Soccer Ticket,"5,445",Check,Andres,accrual,
01/1/26,Mktg,Customer appr.,Gift hamper,"2,994",manual Entry,TBD,late invoice,Vendor invoice late
2026-02-26,Revenue,Service,Corp. clients,"4,206",manual Entry,Erikfinance ops,accrual,Check sign
01/1/26,R&D,Cloud hosting,AWS / Datadog,"8,662",cash,Alex - FP&A,needs mapping,Ask owner
2026-03-28,Mktg,Paid media,Google / LinkedIn,"4,324",Check,M. Chen,manual adj,Check sign
2026-03-28,Services,Prof services,Implementation clients,"8,693",cash,M. Chen,accrual,Map to GL 6100
15 Feb-26,Services,Support tools,Zendesk / Gainsight,"5,454",Check,TBD,needs mapping,One-off item
25 Mar-26,Services,Prof services,Implementation clients,"(8,546)",manual Entry,Andres,,Vendor invoice late
15 Apr-26,Revenue,Revenue,Corp. clients,"4,194",Pos,Andres,late invoice,Timing issue
01-Jan-26,Sales,CRM / RevOps tools,Salesforce / Outreach,"2,499",ERP,Andres,posted,Map to GL 6100
2026-01-25,G&A,Accounting fees,Jason CPA,"1,396",manual Entry,M. Chen,accrual,Check sign
15 Apr-26,Revenue,Subscr. revenue,Corp. clients,"8,169",ERP,,,Vendor invoice late
01/3/26,Revenue,Subscr. revenue,Corp. clients,"3,417",manual Entry,Alex - FP&A,,Check sign
2026-01-25,Services,Support tools,Zendesk / Gainsight,"(7,736)",manual Entry,Erikfinance ops,needs mapping,Timing issue
15 Apr-26,Sales,Payroll - sales,Payroll,"(5,641)",ERP,,accrual,Timing issue
01/2/26,R&D,Payroll - eng,Payroll,"5,375",manual Entry,Alex - FP&A,late invoice,Timing issue
01/2/26,Revenue,Revenue,Retail Customer,"(6,058)",ERP,Alex - FP&A,needs mapping,Ask owner
01/3/26,Mktg,Customer appr.,Amazon gift c.,"(4,961)",ERP,TBD,posted,Check sign
01-Jan-26,R&D,Cloud hosting,AWS / Datadog,"1,103",manual Entry,Alex - FP&A,Posted,
01/4/26,Revenue,Service,Retail Customer,"(6,293)",Check,Erikfinance ops,needs mapping,Vendor invoice late
2026-03-28,Mktg,Customer appr.,Gift hamper,"7,967",Check,Andres,,Vendor invoice late
2026-01-25,G&A,Office rent,Landlord,"6,224",Check,M. Chen,accrual,Vendor invoice late
15 Feb-26,G&A,Legal fees,Europa Law firm,"1,664",ERP,Erikfinance ops,posted,Check sign
01-Jan-26,Marketing,Events & webinars,Various,"4,850",cash,Erikfinance ops,,
01/2/26,Revenue,Product sales,Retail Customer,299,cash,Andres,,Vendor invoice late
01/4/26,Marketing,Events & webinars,Various,"7,568",Check,,late invoice,Map to GL 6100
15 Apr-26,G&A,Office rent,Landlord,22,Check,TBD,,Map to GL 6100
15 Apr-26,Sales,CRM / RevOps tools,Salesforce / Outreach,"6,145",ERP,Alex - FP&A,late invoice,Ask owner
01/2/26,Sales,Sales commission,Payroll,"6,849",Check,M. Chen,Posted,Map to GL 6100
2026-01-25,Sales,CRM / RevOps tools,Salesforce / Outreach,"5,032",cash,TBD,needs mapping,Timing issue
15 Feb-26,Marketing,Paid media,Google / LinkedIn,"5,399",Check,Andres,manual adj,Map to GL 6100
15 Feb-26,R&D,AI automation,n8n,"1,524",Pos,M. Chen,accrual,Timing issue
2026-01-25,Sales,Sales commission,Payroll,"(6,356)",ERP,Andres,accrual,Vendor invoice late
2026-04-01,Mktg,Paid media,Google / LinkedIn,"(6,706)",Check,Alex - FP&A,late invoice,Vendor invoice late
2026-04-01,R&D,Cloud hosting,AWS / Datadog,"1,342",ERP,Erikfinance ops,needs mapping,
25 Mar-26,Revenue,Revenue,Retail Customer,"(8,569)",Pos,,,
01/1/26,Mktg,Customer appr.,Amazon gift c.,"5,703",Check,,late invoice,Map to GL 6100
01/2/26,COGS,Payroll - eng,Payroll,"1,657",ERP,Andres,accrual,Vendor invoice late
01/1/26,Mktg,Customer appr.,Soccer Ticket,"(7,789)",cash,Andres,,Timing issue
01/4/26,COGS,Materials,Walmart,"7,737",manual Entry,Erikfinance ops,late invoice,
01/4/26,Services,Support tools,Zendesk / Gainsight,"9,890",Check,Erikfinance ops,Posted,Timing issue
01-Jan-26,COGS,Cloud hosting,AWS / Datadog,"1,028",Pos,TBD,manual adj,Ask owner
01/2/26,Mktg,Paid media,Google / LinkedIn,"5,438",Pos,Andres,,
15 Apr-26,COGS,Payroll - eng,Payroll,"1,137",Check,Andres,,One-off item
2026-02-26,Sales,CRM / RevOps tools,Salesforce / Outreach,"1,969",manual Entry,Erikfinance ops,posted,Ask owner
01/1/26,Sales,Sales commission,Payroll,"8,796",Check,Andres,manual adj,One-off item
01/1/26,R&D,Payroll - eng,Payroll,"2,909",ERP,TBD,Posted,Check sign
01-Jan-26,Revenue,Revenue,Corp. clients,"4,700",manual Entry,Erikfinance ops,accrual,
25 Mar-26,COGS,Materials,Walmart,"4,874",Pos,TBD,Posted,Ask owner
01/4/26,COGS,Cloud hosting,AWS / Datadog,"1,752",cash,Alex - FP&A,Posted,One-off item
01/3/26,G&A,Office rent,Landlord,"5,704",Pos,Alex - FP&A,accrual,One-off item
15 Feb-26,Services,Support tools,Zendesk / Gainsight,54,ERP,Alex - FP&A,Posted,Check sign
01/1/26,Mktg,Customer appr.,Soccer Ticket,"7,276",Pos,,posted,One-off item
01/2/26,Marketing,Customer appr.,Gift hamper,"9,972",manual Entry,,needs mapping,One-off item
15 Apr-26,Marketing,Events & webinars,Various,69,Pos,Erikfinance ops,Posted,
01-Jan-26,Marketing,Google Ads,Google / LinkedIn,"1,507",manual Entry,Andres,Posted,Map to GL 6100
2026-01-25,Services,Support tools,Zendesk / Gainsight,"4,891",cash,TBD,manual adj,Vendor invoice late
01/2/26,G&A,Legal fees,Europa Law firm,"4,408",Pos,Alex - FP&A,accrual,Vendor invoice late
2026-02-26,Sales,Payroll - sales,Payroll,789,cash,M. Chen,posted,Map to GL 6100
2026-01-25,COGS,Materials,Home Depot,"2,035",Pos,Alex - FP&A,Posted,Map to GL 6100
01/3/26,COGS,Payroll - eng,Payroll,"6,407",Pos,Alex - FP&A,needs mapping,One-off item
15 Apr-26,Mktg,Customer appr.,Gift hamper,"7,372",Pos,Andres,manual adj,Check sign
25 Mar-26,Marketing,Customer appr.,Gift hamper,"2,268",manual Entry,M. Chen,late invoice,Check sign
2026-01-25,R&D,Cloud hosting,AWS / Datadog,"3,830",Pos,Alex - FP&A,Posted,
2026-04-01,COGS,Materials,Johnsons Supply,"7,519",manual Entry,Alex - FP&A,Posted,Timing issue
2026-01-25,Marketing,Google Ads,Google / LinkedIn,"6,756",Pos,Alex - FP&A,needs mapping,
2026-01-25,Sales,Payroll - sales,Payroll,"5,900",Check,M. Chen,accrual,One-off item
2026-02-26,Sales,Payroll - sales,Payroll,"8,229",cash,TBD,late invoice,Timing issue
15 Apr-26,Sales,Sales commission,Payroll,"9,162",Pos,Erikfinance ops,late invoice,One-off item
2026-02-26,R&D,AI automation,n8n,"4,368",Pos,Erikfinance ops,,Map to GL 6100
01-Jan-26,G&A,Accounting fees,Brandon,"2,920",cash,M. Chen,late invoice,Map to GL 6100
01/4/26,G&A,Accounting fees,Brandon,929,Check,Erikfinance ops,needs mapping,Vendor invoice late
01/1/26,Services,Prof services,Implementation clients,"8,278",Pos,Erikfinance ops,late invoice,
2026-04-01,Services,Prof services,Implementation clients,"2,690",manual Entry,Alex - FP&A,manual adj,Map to GL 6100
01/3/26,G&A,Legal fees,Europa Law firm,"1,676",Pos,Erikfinance ops,accrual,Ask owner
2026-02-26,Revenue,Product sales,Retail Customer,"2,953",ERP,TBD,posted,Ask owner
2026-02-26,Revenue,Service,Retail Customer,"2,467",Check,Alex - FP&A,,One-off item
2026-04-01,Services,Prof services,Implementation clients,"(1,323)",cash,Erikfinance ops,posted,
2026-02-26,Marketing,Events & webinars,Various,"8,524",Pos,Alex - FP&A,manual adj,
01-Jan-26,Mktg,Customer appr.,Soccer Ticket,"2,679",manual Entry,,accrual,One-off item
2026-03-28,R&D,AI automation,n8n,"1,441",ERP,TBD,,One-off item
15 Apr-26,R&D,Payroll - eng,Payroll,222,Check,Erikfinance ops,manual adj,
25 Mar-26,G&A,Legal fees,Buchalter,"7,590",Check,M. Chen,,
01/4/26,Sales,Sales commission,Payroll,"(2,113)",Pos,Andres,manual adj,Timing issue
2026-03-28,Sales,Sales commission,Payroll,"6,177",Check,,late invoice,Timing issue
01/3/26,R&D,AI automation,n8n,"7,715",Check,,,Map to GL 6100
01/2/26,Mktg,Paid media,Google / LinkedIn,"7,112",Check,Erikfinance ops,manual adj,Check sign
25 Mar-26,Marketing,Customer appr.,Gift hamper,"8,594",ERP,M. Chen,,Map to GL 6100
25 Mar-26,COGS,Cloud hosting,AWS / Datadog,"3,846",Pos,,manual adj,
2026-03-28,Mktg,Paid media,Google / LinkedIn,125,Pos,M. Chen,manual adj,
01/4/26,Revenue,Service,Corp. clients,"5,863",ERP,Andres,posted,Map to GL 6100
25 Mar-26,Marketing,Events & webinars,Various,"6,401",cash,Erikfinance ops,manual adj,One-off item
2026-03-28,Services,Prof services,Implementation clients,"(6,850)",cash,Andres,,One-off item
2026-04-01,Services,Prof services,Implementation clients,"(7,475)",cash,Alex - FP&A,Posted,Timing issue
25 Mar-26,Sales,Sales commission,Payroll,"7,497",manual Entry,,accrual,Vendor invoice late
01/1/26,G&A,Office rent,Landlord,"4,448",ERP,Andres,accrual,Check sign
2026-01-25,COGS,Materials,Electric house,"8,944",cash,,posted,Map to GL 6100
01/2/26,Revenue,Product sales,Corp. clients,410,ERP,M. Chen,needs mapping,Map to GL 6100
01/2/26,Sales,Sales commission,Payroll,"4,219",Check,Alex - FP&A,manual adj,Vendor invoice late
01/2/26,G&A,Office rent,Landlord,"(4,852)",ERP,,,Check sign
15 Feb-26,Marketing,Events & webinars,Various,"(6,414)",ERP,Erikfinance ops,manual adj,Check sign
15 Apr-26,COGS,Payroll - eng,Payroll,"3,999",Check,TBD,late invoice,Map to GL 6100
01/2/26,Sales,Sales commission,Payroll,"1,441",manual Entry,Erikfinance ops,,Vendor invoice late
01/3/26,COGS,Materials,Electric house,243,cash,Erikfinance ops,posted,Timing issue
01/1/26,Marketing,Events & webinars,Various,"9,878",manual Entry,Erikfinance ops,posted,Timing issue
01/3/26,Sales,Payroll - sales,Payroll,711,ERP,Alex - FP&A,accrual,Map to GL 6100
2026-03-28,Revenue,Product sales,Retail Customer,"8,100",Check,,posted,Vendor invoice late
2026-01-25,R&D,Cloud hosting,AWS / Datadog,"6,142",Check,Andres,late invoice,
2026-02-26,Marketing,Customer appr.,Amazon gift c.,"8,534",manual Entry,TBD,needs mapping,One-off item
2026-04-01,Services,Prof services,Implementation clients,"7,600",Pos,M. Chen,,Vendor invoice late
2026-01-25,G&A,Office rent,Landlord,"(2,427)",cash,,accrual,Vendor invoice late
01-Jan-26,Sales,Sales commission,Payroll,"(6,009)",Pos,TBD,accrual,Check sign
01/1/26,R&D,Payroll - eng,Payroll,"3,136",manual Entry,Alex - FP&A,Posted,Map to GL 6100
2026-04-01,COGS,Payroll - eng,Payroll,"7,731",cash,,,Map to GL 6100
01/1/26,Services,Support tools,Zendesk / Gainsight,"8,708",Pos,TBD,accrual,Ask owner
2026-03-28,Mktg,Paid media,Google / LinkedIn,"9,019",Check,Alex - FP&A,,One-off item
2026-03-28,Mktg,Events & webinars,Various,396,cash,Alex - FP&A,,Ask owner
01/3/26,Sales,Sales commission,Payroll,"5,833",ERP,,needs mapping,Timing issue
01/4/26,Sales,CRM / RevOps tools,Salesforce / Outreach,"1,912",manual Entry,Alex - FP&A,Posted,Timing issue
01/4/26,COGS,Payroll - eng,Payroll,"2,604",cash,Erikfinance ops,accrual,Vendor invoice late
25 Mar-26,Services,Prof services,Implementation clients,"3,148",cash,TBD,needs mapping,Ask owner
01/2/26,R&D,AI automation,n8n,"7,010",cash,Erikfinance ops,late invoice,
01-Jan-26,Services,Support tools,Zendesk / Gainsight,"6,396",ERP,M. Chen,accrual,Vendor invoice late
01-Jan-26,Mktg,Events & webinars,Various,"7,818",Check,TBD,needs mapping,Vendor invoice late
01/4/26,G&A,Legal fees,Buchalter,"2,024",cash,Andres,manual adj,
2026-02-26,Mktg,Paid media,Google / LinkedIn,"2,598",manual Entry,,posted,Map to GL 6100
15 Feb-26,Mktg,Events & webinars,Various,"9,892",manual Entry,TBD,manual adj,Ask owner
2026-02-26,R&D,Payroll - eng,Payroll,"7,045",Pos,M. Chen,manual adj,Map to GL 6100
01/4/26,G&A,Legal fees,Europa Law firm,929,cash,TBD,posted,One-off item
2026-02-26,G&A,Office rent,Landlord,"(1,087)",manual Entry,Andres,needs mapping,Vendor invoice late
01/4/26,G&A,Office rent,Landlord,"(4,048)",Check,,Posted,One-off item
15 Feb-26,Services,Support tools,Zendesk / Gainsight,"(6,183)",cash,Erikfinance ops,posted,
25 Mar-26,R&D,Payroll - eng,Payroll,"(4,688)",manual Entry,Erikfinance ops,posted,Check sign
15 Feb-26,Mktg,Customer appr.,Gift hamper,465,cash,TBD,late invoice,
2026-02-26,R&D,AI automation,n8n,"3,710",Pos,Andres,,Timing issue
01/1/26,R&D,Payroll - eng,Payroll,"5,452",Check,,posted,One-off item
01/2/26,Mktg,Customer appr.,Amazon gift c.,"2,153",Pos,Alex - FP&A,accrual,Map to GL 6100
01/4/26,R&D,AI automation,n8n,"3,704",ERP,M. Chen,posted,
2026-04-01,Services,Support tools,Zendesk / Gainsight,"5,278",ERP,Erikfinance ops,posted,Map to GL 6100
2026-01-25,Sales,CRM / RevOps tools,Salesforce / Outreach,"2,525",cash,,,One-off item
25 Mar-26,Services,Prof services,Implementation clients,"1,038",Check,Andres,late invoice,Timing issue
15 Apr-26,R&D,AI automation,n8n,"1,282",Check,TBD,needs mapping,Vendor invoice late
25 Mar-26,Sales,CRM / RevOps tools,Salesforce / Outreach,"7,304",cash,,accrual,
2026-01-25,Marketing,Events & webinars,Various,"6,414",Check,TBD,needs mapping,One-off item
2026-01-25,Revenue,Service,Retail Customer,"4,854",manual Entry,Erikfinance ops,accrual,
01/3/26,COGS,Cloud hosting,AWS / Datadog,"3,140",cash,,needs mapping,One-off item
15 Feb-26,COGS,Cloud hosting,AWS / Datadog,676,manual Entry,Alex - FP&A,late invoice,
2026-02-26,Revenue,Service,Retail Customer,"4,338",Pos,Andres,late invoice,Map to GL 6100
01-Jan-26,Services,Support tools,Zendesk / Gainsight,"8,434",Check,Alex - FP&A,accrual,Vendor invoice late
2026-02-26,Revenue,Revenue,Retail Customer,"(9,207)",manual Entry,Erikfinance ops,needs mapping,
01/1/26,R&D,Payroll - eng,Payroll,"(9,400)",Pos,M. Chen,late invoice,Timing issue
2026-04-01,Marketing,Paid media,Google / LinkedIn,766,ERP,Erikfinance ops,posted,Ask owner
01/1/26,R&D,Cloud hosting,AWS / Datadog,"9,713",manual Entry,TBD,accrual,
01-Jan-26,Sales,Payroll - sales,Payroll,614,Pos,Erikfinance ops,accrual,
01/3/26,COGS,Cloud hosting,AWS / Datadog,"1,960",Check,TBD,needs mapping,One-off item
2026-03-28,R&D,Cloud hosting,AWS / Datadog,"(2,315)",Check,,posted,Check sign
2026-04-01,Mktg,Events & webinars,Various,"3,566",Pos,M. Chen,accrual,Vendor invoice late
01/1/26,Marketing,Events & webinars,Various,"5,883",cash,Alex - FP&A,Posted,Ask owner
15 Apr-26,R&D,Payroll - eng,Payroll,"6,033",Pos,Alex - FP&A,manual adj,Check sign
2026-04-01,Services,Prof services,Implementation clients,609,ERP,TBD,manual adj,Check sign
2026-02-26,G&A,Accounting fees,Jason CPA,"(5,055)",Check,TBD,needs mapping,Timing issue
25 Mar-26,Revenue,Service,Corp. clients,"(6,043)",Pos,Andres,Posted,
2026-01-25,Mktg,Events & webinars,Various,"1,422",ERP,TBD,,One-off item
2026-01-25,Revenue,Subscr. revenue,Retail Customer,"2,790",manual Entry,Andres,late invoice,
15 Feb-26,COGS,Payroll - eng,Payroll,"4,901",Check,Erikfinance ops,late invoice,One-off item
2026-03-28,G&A,Legal fees,Europa Law firm,"1,813",cash,Erikfinance ops,Posted,
2026-02-26,Revenue,Product sales,Corp. clients,"6,305",Pos,Erikfinance ops,posted,One-off item
15 Feb-26,G&A,Legal fees,Europa Law firm,"8,753",ERP,Andres,,Vendor invoice late
2026-04-01,Revenue,Subscr. revenue,Retail Customer,"7,339",Check,Erikfinance ops,posted,Map to GL 6100
01/2/26,R&D,Cloud hosting,AWS / Datadog,"8,240",cash,Alex - FP&A,needs mapping,One-off item
2026-01-25,COGS,Materials,Johnsons Supply,82,ERP,,manual adj,One-off item
2026-01-25,Sales,Payroll - sales,Payroll,"(9,793)",cash,Andres,Posted,Timing issue
25 Mar-26,COGS,Materials,Johnsons Supply,"5,051",Pos,TBD,Posted,Check sign
2026-04-01,R&D,Cloud hosting,AWS / Datadog,"1,977",manual Entry,TBD,needs mapping,One-off item
2026-02-26,Mktg,Events & webinars,Various,"8,931",ERP,,late invoice,One-off item
15 Apr-26,COGS,Cloud hosting,AWS / Datadog,"1,228",Pos,Alex - FP&A,posted,One-off item
01/2/26,R&D,Payroll - eng,Payroll,"9,804",ERP,M. Chen,,Ask owner
25 Mar-26,Marketing,Customer appr.,Amazon gift c.,"9,810",Pos,Erikfinance ops,posted,Vendor invoice late
01/1/26,Sales,Payroll - sales,Payroll,"(3,250)",manual Entry,Erikfinance ops,accrual,Map to GL 6100
01/2/26,Mktg,Events & webinars,Various,"8,993",cash,,manual adj,One-off item
01-Jan-26,Mktg,Paid media,Google / LinkedIn,"7,596",ERP,Alex - FP&A,,One-off item
01-Jan-26,Mktg,Customer appr.,Soccer Ticket,"9,295",Pos,M. Chen,accrual,
01/4/26,Marketing,Customer appr.,Gift hamper,"4,177",Check,Alex - FP&A,late invoice,Ask owner
01-Jan-26,Services,Prof services,Implementation clients,760,ERP,,needs mapping,Ask owner
01-Jan-26,R&D,AI automation,n8n,"(7,306)",ERP,Alex - FP&A,manual adj,Vendor invoice late
2026-01-25,Services,Support tools,Zendesk / Gainsight,(966),ERP,Andres,,Vendor invoice late
2026-01-25,G&A,Office rent,Landlord,"9,819",cash,,Posted,Map to GL 6100
01/2/26,COGS,Cloud hosting,AWS / Datadog,"(5,902)",cash,M. Chen,posted,Check sign
2026-04-01,Revenue,Revenue,Retail Customer,(848),ERP,M. Chen,Posted,Ask owner
2026-02-26,G&A,Legal fees,Europa Law firm,"7,828",Pos,,,Map to GL 6100
2026-04-01,Mktg,Events & webinars,Various,"3,044",Check,,needs mapping,Ask owner
25 Mar-26,Marketing,Customer appr.,Amazon gift c.,"7,997",Pos,Erikfinance ops,accrual,
01/2/26,Sales,Payroll - sales,Payroll,"(1,400)",ERP,,needs mapping,Map to GL 6100
15 Apr-26,R&D,Payroll - eng,Payroll,"9,596",ERP,Erikfinance ops,,Timing issue
01/3/26,R&D,Cloud hosting,AWS / Datadog,"5,688",Check,,late invoice,
01/3/26,Mktg,Paid media,Google / LinkedIn,"2,613",ERP,,needs mapping,Map to GL 6100
2026-01-25,Services,Support tools,Zendesk / Gainsight,"7,983",manual Entry,M. Chen,late invoice,Check sign
01/1/26,Sales,Sales commission,Payroll,"4,475",cash,,accrual,One-off item
01-Jan-26,R&D,Payroll - eng,Payroll,"4,211",Check,,late invoice,One-off item
15 Apr-26,Services,Prof services,Implementation clients,"1,275",cash,,accrual,One-off item
01/2/26,Revenue,Service,Retail Customer,"6,215",Check,Alex - FP&A,accrual,One-off item
15 Apr-26,Sales,Sales commission,Payroll,"9,036",ERP,TBD,,Timing issue
2026-01-25,Revenue,Revenue,Corp. clients,"1,635",manual Entry,Erikfinance ops,accrual,One-off item
01-Jan-26,COGS,Cloud hosting,AWS / Datadog,"8,264",Check,,accrual,Map to GL 6100
01/2/26,G&A,Office rent,Landlord,"(8,443)",manual Entry,TBD,late invoice,One-off item
25 Mar-26,G&A,Office rent,Landlord,"7,873",manual Entry,Alex - FP&A,accrual,Check sign
15 Feb-26,COGS,Payroll - eng,Payroll,177,cash,TBD,manual adj,
01/2/26,Marketing,Customer appr.,Gift hamper,249,ERP,,needs mapping,Map to GL 6100
01/4/26,Revenue,Product sales,Retail Customer,"4,055",Check,Alex - FP&A,late invoice,One-off item
25 Mar-26,COGS,Cloud hosting,AWS / Datadog,"2,943",ERP,Alex - FP&A,Posted,One-off item
25 Mar-26,Services,Support tools,Zendesk / Gainsight,"(6,418)",manual Entry,Alex - FP&A,,Timing issue
15 Apr-26,Mktg,Events & webinars,Various,"(1,165)",manual Entry,TBD,needs mapping,Ask owner
01/1/26,G&A,Office rent,Landlord,205,Pos,M. Chen,needs mapping,Map to GL 6100
01/4/26,Marketing,Customer appr.,Amazon gift c.,"9,539",Pos,Erikfinance ops,Posted,Vendor invoice late
01-Jan-26,G&A,Accounting fees,Brandon,"3,761",Check,Erikfinance ops,accrual,
01/2/26,Sales,CRM / RevOps tools,Salesforce / Outreach,"4,285",manual Entry,Alex - FP&A,late invoice,Check sign
01/1/26,Mktg,Customer appr.,Amazon gift c.,"1,548",ERP,TBD,manual adj,Vendor invoice late
2026-02-26,Mktg,Customer appr.,Soccer Ticket,"2,534",ERP,,late invoice,Map to GL 6100
01/4/26,Revenue,Product sales,Retail Customer,"(8,113)",manual Entry,Alex - FP&A,accrual,One-off item
2026-01-25,Services,Prof services,Implementation clients,"3,057",manual Entry,,posted,Timing issue
25 Mar-26,COGS,Payroll - eng,Payroll,"4,629",cash,Alex - FP&A,needs mapping,Timing issue
01-Jan-26,Services,Support tools,Zendesk / Gainsight,"6,778",ERP,Andres,,Vendor invoice late
01/4/26,G&A,Accounting fees,Jason CPA,"9,951",cash,Andres,late invoice,One-off item
01-Jan-26,Mktg,Events & webinars,Various,"2,736",Check,,manual adj,
01-Jan-26,Revenue,Service,Retail Customer,"4,279",Pos,,posted,Check sign
2026-02-26,R&D,Payroll - eng,Payroll,"2,390",Check,Andres,posted,
01-Jan-26,Marketing,Google Ads,Google / LinkedIn,"2,931",Pos,M. Chen,manual adj,Map to GL 6100
2026-04-01,Services,Support tools,Zendesk / Gainsight,"8,700",ERP,Alex - FP&A,needs mapping,Vendor invoice late
01/3/26,Marketing,Google Ads,Google / LinkedIn,"4,483",ERP,Andres,manual adj,Check sign
2026-02-26,COGS,Cloud hosting,AWS / Datadog,"5,409",ERP,Erikfinance ops,,Map to GL 6100
01/1/26,G&A,Accounting fees,Brandon,"6,966",manual Entry,,accrual,Check sign
01-Jan-26,Sales,Sales commission,Payroll,"8,762",ERP,M. Chen,needs mapping,Map to GL 6100
01/3/26,COGS,Materials,Home Depot,"(9,686)",ERP,M. Chen,,
2026-02-26,G&A,Office rent,Landlord,"5,945",ERP,Erikfinance ops,manual adj,
01/3/26,R&D,Cloud hosting,AWS / Datadog,"9,209",ERP,Andres,manual adj,Timing issue
01/2/26,Services,Support tools,Zendesk / Gainsight,"6,717",ERP,Erikfinance ops,accrual,One-off item
2026-04-01,G&A,Legal fees,Buchalter,"3,200",manual Entry,Alex - FP&A,Posted,Timing issue
15 Feb-26,Mktg,Events & webinars,Various,"2,473",manual Entry,Andres,posted,Ask owner
25 Mar-26,G&A,Office rent,Landlord,"6,748",Pos,Erikfinance ops,late invoice,
25 Mar-26,Marketing,Paid media,Google / LinkedIn,"7,451",manual Entry,,posted,Map to GL 6100
01/3/26,Marketing,Google Ads,Google / LinkedIn,"6,419",Pos,Erikfinance ops,posted,Map to GL 6100
2026-01-25,Sales,CRM / RevOps tools,Salesforce / Outreach,"5,728",Check,Erikfinance ops,Posted,One-off item
2026-01-25,Services,Prof services,Implementation clients,"3,338",manual Entry,TBD,,One-off item
2026-04-01,Revenue,Product sales,Corp. clients,703,Pos,TBD,Posted,Check sign
01/1/26,Marketing,Paid media,Google / LinkedIn,"6,821",Pos,Erikfinance ops,late invoice,Vendor invoice late
15 Feb-26,Marketing,Customer appr.,Gift hamper,107,manual Entry,Andres,manual adj,Vendor invoice late
2026-02-26,Marketing,Events & webinars,Various,239,Check,Erikfinance ops,accrual,Vendor invoice late
2026-03-28,Revenue,Revenue,Retail Customer,"6,805",Pos,TBD,posted,Timing issue
25 Mar-26,G&A,Office rent,Landlord,"9,586",Check,Andres,posted,Vendor invoice late
2026-03-28,Marketing,Paid media,Google / LinkedIn,"6,080",manual Entry,TBD,manual adj,Map to GL 6100
01/3/26,Mktg,Events & webinars,Various,"(2,436)",ERP,Andres,accrual,Ask owner
25 Mar-26,Services,Support tools,Zendesk / Gainsight,"6,571",Check,Erikfinance ops,needs mapping,Vendor invoice late
01/1/26,COGS,Materials,Home Depot,"(3,274)",manual Entry,Alex - FP&A,accrual,Ask owner
2026-04-01,Marketing,Google Ads,Google / LinkedIn,"(2,217)",Check,,posted,Vendor invoice late
2026-02-26,Services,Prof services,Implementation clients,"(4,105)",manual Entry,TBD,needs mapping,
2026-04-01,COGS,Cloud hosting,AWS / Datadog,"(3,531)",Pos,,accrual,Timing issue
01/4/26,Services,Prof services,Implementation clients,(327),ERP,Andres,manual adj,
01/3/26,Sales,Sales commission,Payroll,"2,639",cash,TBD,Posted,Timing issue
01/3/26,COGS,Payroll - eng,Payroll,"4,392",cash,Alex - FP&A,accrual,Ask owner
01/3/26,R&D,Payroll - eng,Payroll,"4,147",cash,M. Chen,accrual,Check sign
15 Feb-26,Marketing,Google Ads,Google / LinkedIn,989,manual Entry,Erikfinance ops,manual adj,Check sign
25 Mar-26,COGS,Materials,Walmart,"4,367",manual Entry,TBD,posted,Map to GL 6100
01/1/26,R&D,AI automation,n8n,"8,142",ERP,M. Chen,accrual,One-off item
01/4/26,Marketing,Customer appr.,Soccer Ticket,"4,810",Pos,Alex - FP&A,posted,Ask owner
01/1/26,G&A,Office rent,Landlord,(349),cash,Erikfinance ops,needs mapping,
2026-04-01,Sales,CRM / RevOps tools,Salesforce / Outreach,"5,133",manual Entry,,manual adj,Check sign
01-Jan-26,Marketing,Paid media,Google / LinkedIn,"(6,119)",Pos,M. Chen,accrual,Map to GL 6100
01/1/26,G&A,Legal fees,Europa Law firm,"8,759",Check,Andres,Posted,Timing issue
01/2/26,Marketing,Events & webinars,Various,"7,200",cash,M. Chen,posted,Map to GL 6100
01/1/26,Mktg,Customer appr.,Gift hamper,228,cash,,late invoice,
01/4/26,COGS,Payroll - eng,Payroll,"(4,450)",Pos,TBD,accrual,Vendor invoice late
01/1/26,R&D,AI automation,n8n,"(4,103)",manual Entry,,,
2026-02-26,Marketing,Paid media,Google / LinkedIn,"3,579",Check,,needs mapping,Map to GL 6100
15 Apr-26,Services,Prof services,Implementation clients,"8,759",cash,,accrual,Ask owner
2026-02-26,Services,Support tools,Zendesk / Gainsight,"(9,309)",cash,TBD,late invoice,Ask owner
25 Mar-26,R&D,Cloud hosting,AWS / Datadog,"2,186",Pos,Andres,posted,Vendor invoice late
01-Jan-26,Marketing,Events & webinars,Various,"(5,588)",manual Entry,,,Ask owner
2026-01-25,Sales,Sales commission,Payroll,"2,456",cash,TBD,manual adj,Vendor invoice late
01/4/26,G&A,Office rent,Landlord,"9,333",Pos,Erikfinance ops,accrual,Timing issue
25 Mar-26,Revenue,Product sales,Corp. clients,475,ERP,Erikfinance ops,posted,One-off item
2026-01-25,Revenue,Service,Retail Customer,"5,425",Check,Andres,accrual,One-off item
01/4/26,Revenue,Revenue,Corp. clients,"(6,832)",Pos,Alex - FP&A,late invoice,Map to GL 6100
15 Apr-26,Sales,Sales commission,Payroll,"4,223",ERP,Alex - FP&A,needs mapping,
2026-02-26,Mktg,Paid media,Google / LinkedIn,"8,654",Check,Andres,Posted,Timing issue
01/3/26,Revenue,Service,Retail Customer,"4,283",manual Entry,,late invoice,Ask owner
01-Jan-26,COGS,Payroll - eng,Payroll,"7,394",cash,Erikfinance ops,manual adj,Ask owner
2026-03-28,COGS,Payroll - eng,Payroll,"(1,731)",manual Entry,Andres,needs mapping,One-off item
15 Apr-26,R&D,Payroll - eng,Payroll,"1,764",manual Entry,,,
2026-02-26,Services,Support tools,Zendesk / Gainsight,"(3,696)",cash,M. Chen,late invoice,Timing issue
01/3/26,G&A,Office rent,Landlord,"6,449",Check,Andres,accrual,Ask owner
15 Feb-26,COGS,Materials,Johnsons Supply,"8,252",manual Entry,Erikfinance ops,,Vendor invoice late
01/3/26,Mktg,Customer appr.,Amazon gift c.,"2,710",ERP,TBD,manual adj,Ask owner
01-Jan-26,R&D,Cloud hosting,AWS / Datadog,"7,254",Check,Andres,,
01/2/26,COGS,Cloud hosting,AWS / Datadog,"8,480",Pos,Alex - FP&A,,Ask owner
01/3/26,G&A,Office rent,Landlord,"4,582",manual Entry,TBD,needs mapping,One-off item
2026-03-28,Services,Prof services,Implementation clients,"3,263",ERP,TBD,Posted,One-off item
2026-04-01,R&D,Payroll - eng,Payroll,"7,670",Check,,accrual,Check sign
2026-04-01,R&D,Cloud hosting,AWS / Datadog,"1,028",cash,Alex - FP&A,needs mapping,Ask owner
15 Feb-26,Marketing,Google Ads,Google / LinkedIn,558,ERP,M. Chen,,
25 Mar-26,Services,Prof services,Implementation clients,"6,125",ERP,TBD,,One-off item
15 Feb-26,COGS,Cloud hosting,AWS / Datadog,"6,634",manual Entry,TBD,manual adj,Ask owner
15 Feb-26,Marketing,Events & webinars,Various,"1,538",ERP,M. Chen,Posted,One-off item
01-Jan-26,COGS,Payroll - eng,Payroll,"(3,923)",Pos,Erikfinance ops,manual adj,Timing issue
01/3/26,Revenue,Product sales,Corp. clients,"9,374",manual Entry,TBD,accrual,Timing issue
01/3/26,Revenue,Service,Corp. clients,"5,592",Check,M. Chen,,Check sign
01-Jan-26,R&D,Cloud hosting,AWS / Datadog,"3,805",cash,TBD,,Check sign
2026-02-26,G&A,Legal fees,Buchalter,"1,905",Check,Erikfinance ops,,Ask owner
01-Jan-26,Mktg,Paid media,Google / LinkedIn,"9,274",cash,,posted,
2026-04-01,R&D,Cloud hosting,AWS / Datadog,"6,484",Pos,TBD,Posted,Timing issue
01/4/26,R&D,Payroll - eng,Payroll,"9,876",manual Entry,Andres,Posted,Ask owner
01-Jan-26,Services,Prof services,Implementation clients,"(1,361)",Pos,Andres,accrual,One-off item
