Raw ERP/Planning Export - intentionally messy,,,,,,,,
,,,,,,,,
Date,Dept,Account,Vendor / Customer,Amount EUR,Source,Owner,Status,Manual note
02 Apr-26,Mktg,Events & webinars,Various,"9,232",ERP,Andres,,Vendor invoice late
04/25/26,Sales,Payroll - sales,Payroll,"6,843",cash,Erik,Posted,Map to GL 6100
18 Oct-25,COGS,Cloud hosting,AWS / Datadog,"9,447",Check,finance ops,late invoice,Vendor invoice late
2025-05-16,R&D,AI automation,n8n,"(9,905)",manual Entry,Alex - FP&A,posted,One-off item
23-Mar-25,R&D,Cloud hosting,AWS / Datadog,"9,253",Pos,finance ops,accrual,Timing issue
25-Dec-25,Revenue,Subscr. revenue,Corp. clients,"2,747",ERP,finance ops,accrual,One-off item
17 Sep-25,Revenue,Revenue,Retail Customer,"5,009",ERP,,Posted,
2025-03-19,Marketing,Google Ads,Google / LinkedIn,"(5,698)",manual Entry,M. Chen,Posted,Timing issue
23 Jun-26,Revenue,Service,Corp. clients,"5,201",Check,M. Chen,posted,Vendor invoice late
27 May-25,R&D,AI automation,n8n,"4,794",ERP,Andres,late invoice,Map to GL 6100
2025-11-27,COGS,Cloud hosting,AWS / Datadog,"5,414",Check,Andres,late invoice,
28 Jun-26,COGS,Cloud hosting,AWS / Datadog,"8,061",manual Entry,TBD,Posted,Timing issue
01/31/25,Sales,Sales commission,Payroll,"1,075",manual Entry,finance ops,accrual,One-off item
04/25/26,Mktg,Customer appr.,Soccer Ticket,"(1,185)",manual Entry,Erik,late invoice,Ask owner
10/31/25,Mktg,Customer appr.,Soccer Ticket,"3,219",Pos,finance ops,accrual,Map to GL 6100
05/03/26,Sales,Sales commission,Payroll,"(9,252)",manual Entry,,needs mapping,Vendor invoice late
2025-12-30,Marketing,Customer appr.,Soccer Ticket,"2,854",ERP,,posted,Map to GL 6100
03/25/25,Sales,CRM / RevOps tools,Salesforce / Outreach,"5,608",Check,Erik,accrual,Map to GL 6100
2025-05-20,Revenue,Service,Corp. clients,"(8,093)",cash,Andres,accrual,One-off item
22-Apr-26,R&D,AI automation,n8n,"1,995",ERP,finance ops,accrual,Check sign
07/05/26,Marketing,Google Ads,Google / LinkedIn,"(1,091)",ERP,Erik,manual adj,Check sign
2025-06-14,Marketing,Paid media,Google / LinkedIn,"(9,456)",cash,TBD,late invoice,Ask owner
11-Feb-25,Marketing,Google Ads,Google / LinkedIn,"1,192",cash,,posted,Timing issue
2025-04-21,Revenue,Service,Corp. clients,"1,509",cash,finance ops,,Map to GL 6100
05/29/26,G&A,Office rent,Landlord,"(8,916)",ERP,,manual adj,Timing issue
07/15/25,Marketing,Events & webinars,Various,"9,609",Pos,Erik,needs mapping,Ask owner
2025-04-02,Revenue,Product sales,Corp. clients,"3,982",ERP,,Posted,Ask owner
27 Mar-25,R&D,Cloud hosting,AWS / Datadog,"2,941",ERP,Alex - FP&A,posted,Vendor invoice late
2026-05-28,Mktg,Paid media,Google / LinkedIn,"1,206",manual Entry,Andres,Posted,Timing issue
30-Jul-25,Marketing,Customer appr.,Gift hamper,"1,300",Pos,TBD,Posted,Vendor invoice late
06 Jan-26,Revenue,Revenue,Corp. clients,"5,698",cash,finance ops,late invoice,Map to GL 6100
01/31/25,Services,Support tools,Zendesk / Gainsight,"8,074",ERP,Alex - FP&A,accrual,Check sign
10/31/25,Revenue,Subscr. revenue,Retail Customer,"4,820",Check,Alex - FP&A,,Timing issue
2025-09-16,Sales,Payroll - sales,Payroll,"4,366",cash,finance ops,Posted,One-off item
09 Jun-26,R&D,Payroll - eng,Payroll,"9,425",Check,Erik,needs mapping,Vendor invoice late
09/19/25,Sales,Payroll - sales,Payroll,"(4,720)",ERP,M. Chen,,Ask owner
2025-06-13,Revenue,Service,Corp. clients,"9,083",Pos,Alex - FP&A,accrual,Map to GL 6100
09/30/25,Mktg,Paid media,Google / LinkedIn,"4,616",Check,,accrual,Vendor invoice late
07-Aug-25,R&D,Cloud hosting,AWS / Datadog,"4,764",ERP,TBD,accrual,One-off item
03 Sep-25,G&A,Office rent,Landlord,"5,855",Check,TBD,late invoice,Vendor invoice late
10 Jul-25,G&A,Office rent,Landlord,"8,181",manual Entry,finance ops,manual adj,One-off item
04/25/26,Revenue,Product sales,Corp. clients,"3,862",manual Entry,M. Chen,needs mapping,Ask owner
04-May-26,Mktg,Paid media,Google / LinkedIn,"5,029",cash,Erik,accrual,Map to GL 6100
17-Feb-26,Revenue,Product sales,Retail Customer,"2,380",manual Entry,Erik,manual adj,One-off item
08/28/25,Revenue,Service,Corp. clients,"8,821",Pos,Alex - FP&A,,One-off item
2026-06-11,Mktg,Customer appr.,Gift hamper,"1,537",Pos,Erik,posted,Map to GL 6100
2025-05-19,COGS,Payroll - eng,Payroll,"2,211",Check,M. Chen,posted,Check sign
31 May-26,Revenue,Subscr. revenue,Corp. clients,"2,044",cash,,,Timing issue
05-Apr-26,R&D,AI automation,n8n,"4,077",cash,,posted,
03/30/26,G&A,Office rent,Landlord,522,ERP,finance ops,,One-off item
07-Aug-25,Revenue,Revenue,Retail Customer,"8,715",manual Entry,Alex - FP&A,,Timing issue
02-Jun-25,Marketing,Google Ads,Google / LinkedIn,"3,282",Check,Alex - FP&A,,Timing issue
2025-02-02,COGS,Materials,Johnsons Supply,"5,549",Check,finance ops,accrual,Map to GL 6100
13-Sep-25,R&D,Payroll - eng,Payroll,"(9,381)",manual Entry,M. Chen,Posted,Timing issue
10 Dec-25,R&D,Cloud hosting,AWS / Datadog,"8,983",cash,Erik,accrual,Ask owner
17-Jan-25,R&D,Payroll - eng,Payroll,"(7,812)",manual Entry,Alex - FP&A,late invoice,One-off item
09/30/25,Services,Prof services,Implementation clients,"(6,829)",manual Entry,TBD,needs mapping,
05/03/26,R&D,Payroll - eng,Payroll,"7,111",ERP,finance ops,,
02/20/25,Mktg,Events & webinars,Various,"4,123",manual Entry,Alex - FP&A,accrual,Map to GL 6100
23-Apr-26,Sales,Sales commission,Payroll,"1,174",cash,Alex - FP&A,late invoice,Timing issue
2025-04-08,Sales,Payroll - sales,Payroll,918,ERP,TBD,Posted,Timing issue
05/15/25,COGS,Payroll - eng,Payroll,"9,438",Check,,posted,Ask owner
2026-02-14,Revenue,Subscr. revenue,Retail Customer,"(1,682)",cash,,manual adj,Map to GL 6100
2025-12-04,R&D,Cloud hosting,AWS / Datadog,"9,092",cash,M. Chen,manual adj,Vendor invoice late
10 Mar-26,R&D,AI automation,n8n,"9,307",manual Entry,Erik,posted,Check sign
03 Apr-26,Mktg,Events & webinars,Various,"3,084",manual Entry,TBD,accrual,Timing issue
24-Apr-25,R&D,Payroll - eng,Payroll,"5,973",Check,M. Chen,late invoice,Check sign
2025-04-02,R&D,AI automation,n8n,"1,253",ERP,finance ops,needs mapping,
11 Dec-25,R&D,Cloud hosting,AWS / Datadog,"5,718",cash,Andres,manual adj,Check sign
15-Apr-26,Services,Support tools,Zendesk / Gainsight,"5,750",cash,TBD,posted,Check sign
11/06/25,Services,Prof services,Implementation clients,"4,546",cash,Alex - FP&A,needs mapping,Timing issue
13-Sep-25,COGS,Cloud hosting,AWS / Datadog,"5,905",cash,finance ops,needs mapping,Timing issue
05-Jun-25,Marketing,Google Ads,Google / LinkedIn,357,ERP,TBD,posted,
09/19/25,Mktg,Customer appr.,Soccer Ticket,799,Check,,Posted,
25 Feb-26,R&D,Cloud hosting,AWS / Datadog,"3,985",manual Entry,,Posted,Timing issue
2026-02-27,Marketing,Google Ads,Google / LinkedIn,"4,969",cash,TBD,,Check sign
30-Jul-25,Marketing,Paid media,Google / LinkedIn,"(6,808)",Pos,Alex - FP&A,accrual,Map to GL 6100
03-Dec-25,R&D,AI automation,n8n,"3,909",Pos,M. Chen,Posted,One-off item
01/27/26,COGS,Materials,Walmart,(560),manual Entry,Erik,Posted,Map to GL 6100
2025-02-04,G&A,Office rent,Landlord,"1,601",Pos,M. Chen,accrual,Timing issue
13 Aug-25,R&D,AI automation,n8n,"3,454",ERP,Andres,manual adj,Check sign
11-Mar-25,Mktg,Customer appr.,Soccer Ticket,"6,536",Check,M. Chen,late invoice,Vendor invoice late
05-May-26,COGS,Materials,Walmart,901,ERP,Alex - FP&A,manual adj,Timing issue
08/30/25,Marketing,Google Ads,Google / LinkedIn,132,ERP,TBD,needs mapping,Timing issue
20-Mar-26,Sales,Sales commission,Payroll,"6,088",Check,Alex - FP&A,Posted,Vendor invoice late
2025-06-18,Mktg,Customer appr.,Soccer Ticket,"2,184",Pos,finance ops,,One-off item
07-Mar-26,Mktg,Paid media,Google / LinkedIn,"(3,163)",Check,TBD,,
2026-07-02,Revenue,Subscr. revenue,Retail Customer,"2,351",Pos,M. Chen,,Ask owner
2025-08-08,R&D,Payroll - eng,Payroll,"8,265",ERP,Andres,accrual,Timing issue
20 Jul-25,R&D,Cloud hosting,AWS / Datadog,"4,173",Check,Andres,Posted,Timing issue
31-Mar-25,Sales,Sales commission,Payroll,"6,609",Pos,Erik,needs mapping,Timing issue
16 Nov-25,G&A,Accounting fees,Jason CPA,383,Check,TBD,accrual,Map to GL 6100
2025-05-02,G&A,Legal fees,Europa Law firm,"(1,667)",ERP,TBD,posted,
08/28/25,G&A,Accounting fees,Jason CPA,"6,447",Pos,,late invoice,Check sign
05-Feb-25,G&A,Accounting fees,Brandon,250,Pos,Andres,Posted,Map to GL 6100
2026-03-25,Mktg,Paid media,Google / LinkedIn,"4,221",Check,TBD,Posted,Ask owner
21-Apr-26,G&A,Accounting fees,Brandon,894,ERP,Erik,manual adj,Ask owner
11-Feb-25,Sales,CRM / RevOps tools,Salesforce / Outreach,"4,118",ERP,Erik,accrual,One-off item
24 Sep-25,Services,Prof services,Implementation clients,"3,140",Pos,,,Timing issue
2026-03-25,R&D,AI automation,n8n,"(9,866)",Pos,M. Chen,posted,Vendor invoice late
17-Jan-25,Marketing,Events & webinars,Various,"(3,848)",ERP,M. Chen,accrual,Timing issue
12 Mar-26,Marketing,Google Ads,Google / LinkedIn,"5,831",manual Entry,,accrual,Timing issue
16 Apr-26,Revenue,Service,Retail Customer,"4,060",Check,finance ops,posted,
13-Sep-25,Revenue,Service,Retail Customer,"(2,903)",Check,finance ops,posted,Ask owner
2026-03-05,G&A,Accounting fees,Jason CPA,"(5,918)",cash,,Posted,Vendor invoice late
2025-06-29,Marketing,Customer appr.,Gift hamper,"6,341",Check,Alex - FP&A,posted,Map to GL 6100
2025-06-29,COGS,Payroll - eng,Payroll,"7,764",manual Entry,,needs mapping,Map to GL 6100
04-Jul-26,Services,Prof services,Implementation clients,"1,898",manual Entry,Erik,manual adj,Map to GL 6100
02/12/25,Marketing,Paid media,Google / LinkedIn,49,Check,TBD,posted,One-off item
23-Feb-26,R&D,AI automation,n8n,"7,218",Pos,TBD,manual adj,Ask owner
2025-05-20,Revenue,Revenue,Retail Customer,"1,201",manual Entry,Erik,Posted,Map to GL 6100
11-Sep-25,Mktg,Customer appr.,Gift hamper,"9,503",manual Entry,Erik,accrual,Ask owner
19 Feb-25,Marketing,Paid media,Google / LinkedIn,"5,634",Pos,M. Chen,Posted,Ask owner
03 Jan-26,Marketing,Customer appr.,Gift hamper,(939),cash,,accrual,Check sign
07 Jul-25,Revenue,Service,Retail Customer,"2,731",Check,Andres,Posted,Check sign
07 Jul-25,G&A,Office rent,Landlord,"3,110",Pos,TBD,posted,
01/19/26,Services,Support tools,Zendesk / Gainsight,"(9,997)",Check,Alex - FP&A,late invoice,One-off item
25-Apr-25,R&D,Cloud hosting,AWS / Datadog,"(8,274)",Pos,Alex - FP&A,,
04-Oct-25,R&D,AI automation,n8n,"5,501",Check,Alex - FP&A,late invoice,Ask owner
16 Apr-26,G&A,Office rent,Landlord,"8,883",Pos,,posted,Timing issue
03/29/25,Sales,Payroll - sales,Payroll,"9,169",cash,Andres,accrual,Check sign
09/05/25,COGS,Cloud hosting,AWS / Datadog,"6,283",Pos,finance ops,accrual,Vendor invoice late
2025-05-20,G&A,Accounting fees,Jason CPA,11,ERP,M. Chen,manual adj,Ask owner
03 Apr-26,Mktg,Customer appr.,Soccer Ticket,"(2,716)",cash,TBD,late invoice,Ask owner
06/11/25,Services,Prof services,Implementation clients,"(4,422)",manual Entry,TBD,late invoice,
10/17/25,Services,Prof services,Implementation clients,908,cash,Erik,posted,Vendor invoice late
2025-07-12,Mktg,Paid media,Google / LinkedIn,(662),Pos,TBD,accrual,Map to GL 6100
31-Aug-25,R&D,AI automation,n8n,657,Check,Andres,,Timing issue
2025-01-04,COGS,Cloud hosting,AWS / Datadog,"(4,027)",Pos,Andres,needs mapping,One-off item
23-Sep-25,R&D,AI automation,n8n,"6,122",Check,,posted,One-off item
2025-11-23,Revenue,Service,Corp. clients,"4,267",Check,Andres,needs mapping,One-off item
13-Sep-25,G&A,Accounting fees,Brandon,"6,013",ERP,Alex - FP&A,needs mapping,Timing issue
07 Mar-25,R&D,Payroll - eng,Payroll,"2,508",Pos,M. Chen,posted,Check sign
03 May-25,Mktg,Customer appr.,Soccer Ticket,"6,473",cash,finance ops,,One-off item
2025-12-20,COGS,Payroll - eng,Payroll,"7,429",manual Entry,Andres,posted,One-off item
30-Jun-25,Services,Support tools,Zendesk / Gainsight,"(9,761)",manual Entry,TBD,needs mapping,
06 Jan-26,G&A,Office rent,Landlord,"3,670",ERP,Alex - FP&A,late invoice,
13 Aug-25,Revenue,Service,Corp. clients,"9,875",Pos,TBD,manual adj,One-off item
04 Mar-25,Marketing,Paid media,Google / LinkedIn,"2,323",Check,M. Chen,manual adj,Vendor invoice late
2025-12-14,Revenue,Revenue,Corp. clients,"4,500",ERP,M. Chen,Posted,Check sign
22 Mar-26,Sales,CRM / RevOps tools,Salesforce / Outreach,"5,519",ERP,M. Chen,accrual,Timing issue
2025-02-14,Mktg,Events & webinars,Various,"1,686",manual Entry,TBD,posted,Map to GL 6100
03 Mar-26,Revenue,Subscr. revenue,Retail Customer,"7,500",Pos,TBD,late invoice,Map to GL 6100
01/27/26,Mktg,Customer appr.,Amazon gift c.,"7,853",Check,Erik,,One-off item
11-Mar-25,COGS,Materials,Johnsons Supply,"(2,286)",ERP,M. Chen,accrual,Check sign
22 Mar-26,G&A,Office rent,Landlord,"3,002",Check,,accrual,Check sign
2025-01-15,Sales,Payroll - sales,Payroll,"8,177",cash,TBD,accrual,Timing issue
06 Feb-25,Services,Prof services,Implementation clients,"9,764",Pos,finance ops,posted,Ask owner
2025-06-04,Marketing,Google Ads,Google / LinkedIn,"8,839",cash,TBD,manual adj,Vendor invoice late
28-Jul-25,Sales,Sales commission,Payroll,"6,035",Check,TBD,late invoice,Vendor invoice late
10 Jan-25,Mktg,Events & webinars,Various,519,cash,Andres,,
12/02/25,G&A,Office rent,Landlord,"7,240",cash,Alex - FP&A,accrual,Ask owner
19 Apr-26,Services,Prof services,Implementation clients,"(8,331)",manual Entry,TBD,needs mapping,Timing issue
2025-01-16,COGS,Materials,Electric house,"6,794",Check,M. Chen,accrual,Check sign
2025-12-30,Marketing,Paid media,Google / LinkedIn,"6,811",ERP,Alex - FP&A,,Timing issue
01/26/26,Services,Prof services,Implementation clients,"7,748",ERP,,Posted,Timing issue
2026-03-05,G&A,Legal fees,Europa Law firm,"6,676",Check,Erik,needs mapping,One-off item
27 Oct-25,R&D,Cloud hosting,AWS / Datadog,"9,406",Check,Erik,manual adj,One-off item
09 Jun-26,R&D,Payroll - eng,Payroll,"7,871",Pos,TBD,late invoice,Ask owner
29-Nov-25,G&A,Legal fees,Buchalter,"3,156",ERP,Alex - FP&A,accrual,Vendor invoice late
06/13/26,Mktg,Events & webinars,Various,"3,929",ERP,Alex - FP&A,Posted,Timing issue
2026-03-21,G&A,Accounting fees,Jason CPA,"8,209",cash,Andres,late invoice,One-off item
08-May-25,G&A,Accounting fees,Jason CPA,"(4,919)",manual Entry,finance ops,,Check sign
18 May-26,G&A,Legal fees,Europa Law firm,"8,832",Pos,Alex - FP&A,,Timing issue
2026-01-20,G&A,Accounting fees,Jason CPA,"7,598",cash,,,Ask owner
09/19/25,Marketing,Customer appr.,Gift hamper,"3,488",ERP,Andres,manual adj,One-off item
27 Mar-25,Sales,CRM / RevOps tools,Salesforce / Outreach,"(2,227)",Check,TBD,Posted,Map to GL 6100
07/09/26,G&A,Office rent,Landlord,"7,051",manual Entry,finance ops,manual adj,Vendor invoice late
08-Dec-25,Revenue,Product sales,Corp. clients,"3,093",ERP,finance ops,,
05/08/26,Sales,CRM / RevOps tools,Salesforce / Outreach,"2,696",Check,finance ops,late invoice,Ask owner
02/10/25,COGS,Cloud hosting,AWS / Datadog,"7,237",manual Entry,Andres,needs mapping,Vendor invoice late
09/10/25,G&A,Office rent,Landlord,"4,845",ERP,TBD,accrual,
21 Dec-25,Sales,Payroll - sales,Payroll,"5,855",Check,M. Chen,Posted,Ask owner
2025-10-15,Mktg,Paid media,Google / LinkedIn,547,ERP,finance ops,accrual,One-off item
2025-06-13,G&A,Accounting fees,Brandon,"(2,080)",Pos,finance ops,,Ask owner
18 Aug-25,Revenue,Product sales,Corp. clients,"9,509",cash,Alex - FP&A,late invoice,
11-Jan-26,G&A,Office rent,Landlord,"3,426",ERP,Alex - FP&A,manual adj,Vendor invoice late
06/28/25,Marketing,Customer appr.,Amazon gift c.,"2,362",ERP,TBD,Posted,Map to GL 6100
23 Jun-26,COGS,Cloud hosting,AWS / Datadog,"2,440",cash,TBD,accrual,One-off item
2026-02-14,Revenue,Service,Corp. clients,"9,873",ERP,Erik,,Check sign
2025-11-30,R&D,AI automation,n8n,"4,858",manual Entry,Alex - FP&A,,Ask owner
04-May-26,Services,Support tools,Zendesk / Gainsight,"6,745",Check,M. Chen,late invoice,One-off item
25-May-26,R&D,Cloud hosting,AWS / Datadog,"7,092",Check,Alex - FP&A,posted,Timing issue
15-Apr-26,COGS,Payroll - eng,Payroll,"2,531",Check,TBD,Posted,
13 Aug-25,Marketing,Events & webinars,Various,"(2,688)",ERP,Erik,,Check sign
05/29/26,Services,Support tools,Zendesk / Gainsight,"5,062",ERP,Andres,accrual,Timing issue
06/01/26,G&A,Office rent,Landlord,"4,349",cash,M. Chen,posted,Check sign
05/26/25,Mktg,Events & webinars,Various,"9,635",manual Entry,Erik,Posted,Vendor invoice late
23-Mar-26,Marketing,Customer appr.,Amazon gift c.,"8,297",manual Entry,finance ops,accrual,Map to GL 6100
02 Apr-26,G&A,Office rent,Landlord,"9,467",cash,Alex - FP&A,,
07-Mar-26,G&A,Office rent,Landlord,"5,751",Pos,Alex - FP&A,manual adj,
03/05/25,Sales,Payroll - sales,Payroll,"(1,885)",ERP,TBD,accrual,One-off item
28 Jun-26,R&D,Cloud hosting,AWS / Datadog,"1,591",ERP,TBD,late invoice,Vendor invoice late
27 Oct-25,Revenue,Subscr. revenue,Retail Customer,"(5,364)",ERP,M. Chen,,Ask owner
2025-07-26,COGS,Materials,Walmart,"9,682",cash,,Posted,One-off item
18 Jan-25,COGS,Cloud hosting,AWS / Datadog,"(8,343)",Check,Erik,needs mapping,Map to GL 6100
03/22/25,Services,Prof services,Implementation clients,"8,720",Check,finance ops,late invoice,Map to GL 6100
25-Jan-26,Services,Prof services,Implementation clients,"4,639",ERP,Andres,needs mapping,
11/06/25,Marketing,Events & webinars,Various,"4,483",Pos,M. Chen,,
06 Oct-25,Marketing,Customer appr.,Soccer Ticket,"6,943",Check,TBD,,One-off item
03/31/26,COGS,Payroll - eng,Payroll,"7,536",Check,M. Chen,,
2025-01-04,Sales,Sales commission,Payroll,659,Check,finance ops,Posted,Check sign
01/27/26,Sales,CRM / RevOps tools,Salesforce / Outreach,"5,999",Pos,,late invoice,
11/11/25,Revenue,Revenue,Retail Customer,"(3,810)",manual Entry,,accrual,
09-Sep-25,Mktg,Customer appr.,Soccer Ticket,"6,065",ERP,Alex - FP&A,accrual,One-off item
2026-01-09,Mktg,Customer appr.,Soccer Ticket,"6,058",Check,Erik,,
19-Apr-25,Marketing,Customer appr.,Amazon gift c.,(314),manual Entry,TBD,posted,Timing issue
16 Mar-25,Mktg,Customer appr.,Amazon gift c.,(944),cash,Alex - FP&A,needs mapping,One-off item
13 Jan-25,R&D,AI automation,n8n,"(3,018)",ERP,TBD,needs mapping,Check sign
03/25/25,COGS,Cloud hosting,AWS / Datadog,"3,657",Check,finance ops,Posted,Map to GL 6100
29 Oct-25,Mktg,Paid media,Google / LinkedIn,"1,314",cash,Erik,late invoice,One-off item
16 Mar-25,G&A,Legal fees,Buchalter,"8,180",ERP,M. Chen,late invoice,One-off item
07 Mar-25,Services,Support tools,Zendesk / Gainsight,(464),ERP,Alex - FP&A,manual adj,Check sign
07/01/26,G&A,Office rent,Landlord,"3,866",cash,TBD,late invoice,Vendor invoice late
2026-02-14,Mktg,Customer appr.,Gift hamper,"7,834",Check,Andres,posted,
06-Jun-26,Sales,Payroll - sales,Payroll,"3,861",Pos,Alex - FP&A,manual adj,Vendor invoice late
2026-02-14,G&A,Legal fees,Buchalter,"(5,389)",cash,Alex - FP&A,accrual,Check sign
04-Jul-26,Mktg,Customer appr.,Soccer Ticket,"5,347",cash,M. Chen,posted,Map to GL 6100
2026-03-06,Sales,Payroll - sales,Payroll,"4,185",manual Entry,M. Chen,,Map to GL 6100
26-Feb-25,Services,Prof services,Implementation clients,"1,111",manual Entry,finance ops,late invoice,
2025-12-20,Sales,Payroll - sales,Payroll,"(7,402)",manual Entry,M. Chen,Posted,
2026-05-28,Sales,CRM / RevOps tools,Salesforce / Outreach,"2,567",Pos,Alex - FP&A,,Vendor invoice late
10 Oct-25,Revenue,Subscr. revenue,Corp. clients,"7,056",Check,TBD,posted,Ask owner
27 May-25,COGS,Cloud hosting,AWS / Datadog,"(3,183)",manual Entry,,posted,Map to GL 6100
26-Jun-26,COGS,Materials,Johnsons Supply,"6,885",manual Entry,Alex - FP&A,posted,Ask owner
08/05/25,Marketing,Google Ads,Google / LinkedIn,"9,730",manual Entry,finance ops,accrual,Vendor invoice late
06/10/26,Sales,CRM / RevOps tools,Salesforce / Outreach,"5,231",manual Entry,finance ops,accrual,Check sign
2025-07-13,R&D,Cloud hosting,AWS / Datadog,"3,152",ERP,Andres,needs mapping,Timing issue
14 Jun-26,Sales,Sales commission,Payroll,"6,182",ERP,finance ops,,Vendor invoice late
13 Jan-25,Mktg,Customer appr.,Amazon gift c.,"5,514",ERP,Alex - FP&A,accrual,Timing issue
06/13/26,Revenue,Revenue,Corp. clients,"(6,025)",Pos,finance ops,,Timing issue
09 Apr-26,COGS,Cloud hosting,AWS / Datadog,"6,422",cash,Alex - FP&A,needs mapping,Map to GL 6100
15 Jan-26,G&A,Accounting fees,Jason CPA,"4,956",Pos,,accrual,Ask owner
20 Mar-25,Marketing,Customer appr.,Amazon gift c.,"2,955",Pos,TBD,Posted,Check sign
2025-11-07,Services,Support tools,Zendesk / Gainsight,536,ERP,M. Chen,needs mapping,Vendor invoice late
11-Jan-26,G&A,Office rent,Landlord,"(2,737)",ERP,finance ops,late invoice,Timing issue
10 Dec-25,Revenue,Revenue,Retail Customer,"9,932",ERP,Erik,late invoice,Check sign
02-Jun-25,R&D,AI automation,n8n,"6,538",cash,TBD,accrual,Timing issue
10 Mar-26,Services,Support tools,Zendesk / Gainsight,"(8,589)",cash,TBD,manual adj,Map to GL 6100
17-Feb-26,Sales,CRM / RevOps tools,Salesforce / Outreach,"(6,396)",Check,Alex - FP&A,,One-off item
16-Dec-25,G&A,Accounting fees,Jason CPA,"1,219",Check,Erik,accrual,Check sign
2025-12-30,R&D,Cloud hosting,AWS / Datadog,868,Check,finance ops,needs mapping,One-off item
01/05/26,G&A,Office rent,Landlord,"(3,516)",ERP,TBD,Posted,Timing issue
2025-04-10,Marketing,Google Ads,Google / LinkedIn,(440),cash,TBD,manual adj,Vendor invoice late
01/19/26,Mktg,Paid media,Google / LinkedIn,"5,992",Pos,Erik,posted,Check sign
03 Jan-26,Marketing,Customer appr.,Amazon gift c.,"9,271",Check,Alex - FP&A,Posted,Map to GL 6100
16 Apr-26,R&D,Cloud hosting,AWS / Datadog,"2,983",ERP,Erik,Posted,Map to GL 6100
01/31/25,R&D,Payroll - eng,Payroll,"4,703",manual Entry,Alex - FP&A,Posted,Ask owner
21-Jun-26,Mktg,Customer appr.,Gift hamper,"8,719",Check,Alex - FP&A,accrual,Map to GL 6100
02/27/25,Revenue,Revenue,Retail Customer,"7,221",ERP,finance ops,late invoice,Ask owner
2026-05-28,G&A,Accounting fees,Jason CPA,"9,045",Check,,manual adj,
2026-06-17,Services,Support tools,Zendesk / Gainsight,"2,531",Pos,,late invoice,Ask owner
15 Jan-26,COGS,Payroll - eng,Payroll,"(8,812)",Pos,M. Chen,,Timing issue
2025-11-07,Revenue,Service,Retail Customer,"5,903",manual Entry,Andres,late invoice,One-off item
06/01/25,Marketing,Customer appr.,Amazon gift c.,"(5,141)",cash,M. Chen,manual adj,Check sign
02/07/25,Revenue,Revenue,Retail Customer,"4,460",ERP,Andres,posted,Timing issue
2025-04-21,Services,Prof services,Implementation clients,"3,674",manual Entry,M. Chen,manual adj,Vendor invoice late
06/15/26,Mktg,Events & webinars,Various,(241),ERP,Alex - FP&A,,Vendor invoice late
16 Nov-25,Services,Prof services,Implementation clients,"9,488",cash,Andres,needs mapping,One-off item
2025-10-15,Revenue,Service,Corp. clients,"6,077",manual Entry,M. Chen,needs mapping,Ask owner
2026-03-08,Mktg,Paid media,Google / LinkedIn,"2,218",Check,M. Chen,accrual,Ask owner
2025-09-14,R&D,AI automation,n8n,541,Check,TBD,Posted,Map to GL 6100
03 Jan-26,Revenue,Product sales,Retail Customer,"7,691",Pos,Alex - FP&A,manual adj,Ask owner
03 Feb-25,Revenue,Service,Corp. clients,"8,742",manual Entry,,,Check sign
2025-07-12,Mktg,Events & webinars,Various,"7,345",manual Entry,TBD,,Map to GL 6100
04 Mar-25,Services,Prof services,Implementation clients,"(8,740)",cash,M. Chen,late invoice,Check sign
05/13/26,Marketing,Paid media,Google / LinkedIn,"8,716",Check,M. Chen,late invoice,One-off item
2026-04-18,COGS,Materials,Home Depot,130,cash,Alex - FP&A,needs mapping,Ask owner
20 Jul-25,Services,Prof services,Implementation clients,"3,287",cash,finance ops,late invoice,Check sign
27 May-25,Mktg,Customer appr.,Gift hamper,"(8,054)",manual Entry,M. Chen,Posted,Timing issue
27 Mar-25,Revenue,Product sales,Retail Customer,"(8,245)",Pos,M. Chen,,One-off item
31-May-25,Revenue,Product sales,Corp. clients,"4,048",Check,,posted,Check sign
2025-08-20,G&A,Office rent,Landlord,"3,044",cash,Erik,manual adj,Timing issue
2025-12-29,Marketing,Google Ads,Google / LinkedIn,"5,993",cash,Alex - FP&A,posted,
05/29/25,Revenue,Revenue,Retail Customer,"3,729",Pos,M. Chen,needs mapping,Ask owner
2025-03-19,Sales,CRM / RevOps tools,Salesforce / Outreach,"(8,681)",manual Entry,,needs mapping,Ask owner
10 Mar-26,Sales,CRM / RevOps tools,Salesforce / Outreach,"3,843",Check,TBD,Posted,Ask owner
03/25/25,COGS,Payroll - eng,Payroll,"4,095",cash,Andres,,One-off item
16 Apr-26,Services,Support tools,Zendesk / Gainsight,"8,799",cash,,posted,Check sign
24 Apr-26,COGS,Payroll - eng,Payroll,"(1,370)",cash,finance ops,posted,Vendor invoice late
2026-03-11,COGS,Materials,Home Depot,"8,322",manual Entry,,posted,Vendor invoice late
17-Feb-26,Sales,Sales commission,Payroll,"9,002",ERP,TBD,accrual,Check sign
2026-01-17,Revenue,Service,Retail Customer,"8,570",cash,Andres,late invoice,Map to GL 6100
05-May-26,Revenue,Revenue,Corp. clients,"2,490",manual Entry,Andres,posted,Map to GL 6100
26 Sep-25,Services,Prof services,Implementation clients,"7,114",cash,Alex - FP&A,posted,Vendor invoice late
2025-02-02,R&D,Payroll - eng,Payroll,39,manual Entry,finance ops,posted,Vendor invoice late
16-May-26,Services,Prof services,Implementation clients,365,ERP,Alex - FP&A,posted,Check sign
06/10/26,Marketing,Events & webinars,Various,"5,045",ERP,Andres,needs mapping,
2025-01-15,Revenue,Product sales,Corp. clients,"3,208",manual Entry,finance ops,Posted,Timing issue
31-Aug-25,G&A,Legal fees,Europa Law firm,350,cash,finance ops,Posted,
01-May-25,Services,Support tools,Zendesk / Gainsight,385,Check,Erik,late invoice,Map to GL 6100
26-Jun-26,G&A,Accounting fees,Brandon,"(7,477)",Pos,,needs mapping,Vendor invoice late
2025-02-09,R&D,Payroll - eng,Payroll,"1,959",Pos,Alex - FP&A,late invoice,Vendor invoice late
06 Sep-25,Sales,Payroll - sales,Payroll,973,cash,,accrual,Check sign
2025-02-14,COGS,Materials,Johnsons Supply,995,ERP,Erik,accrual,Vendor invoice late
10 Oct-25,Services,Prof services,Implementation clients,"9,554",manual Entry,Andres,manual adj,Check sign
2025-09-16,G&A,Office rent,Landlord,"7,112",Check,Erik,needs mapping,
25-May-26,Marketing,Customer appr.,Soccer Ticket,"2,785",Check,Alex - FP&A,accrual,
30-May-25,COGS,Cloud hosting,AWS / Datadog,300,ERP,Erik,,Vendor invoice late
03 Sep-25,G&A,Accounting fees,Jason CPA,"2,440",Pos,Andres,accrual,Ask owner
26-Dec-25,COGS,Cloud hosting,AWS / Datadog,"1,509",Check,M. Chen,late invoice,Check sign
04-Jul-26,Revenue,Product sales,Retail Customer,706,cash,finance ops,late invoice,Ask owner
17-Jan-25,Marketing,Google Ads,Google / LinkedIn,"5,621",Check,Alex - FP&A,needs mapping,Check sign
06 Feb-25,COGS,Materials,Home Depot,"(9,842)",ERP,Alex - FP&A,accrual,Check sign
20 Mar-25,R&D,Cloud hosting,AWS / Datadog,"7,153",manual Entry,,Posted,Timing issue
2025-06-24,Marketing,Customer appr.,Gift hamper,"5,920",Check,TBD,Posted,Vendor invoice late
02/15/26,G&A,Legal fees,Buchalter,"5,100",manual Entry,M. Chen,needs mapping,Ask owner
05/22/26,Mktg,Paid media,Google / LinkedIn,"7,719",ERP,finance ops,accrual,Check sign
04 Jul-25,Services,Prof services,Implementation clients,173,cash,M. Chen,posted,Ask owner
07 Jul-25,Revenue,Product sales,Corp. clients,"1,360",Pos,finance ops,needs mapping,Ask owner
10 Oct-25,Services,Prof services,Implementation clients,"4,138",ERP,,manual adj,One-off item
2025-11-27,Services,Support tools,Zendesk / Gainsight,275,cash,,late invoice,Check sign
20-Mar-26,Sales,CRM / RevOps tools,Salesforce / Outreach,"6,797",manual Entry,Andres,manual adj,Check sign
2025-04-10,COGS,Materials,Johnsons Supply,"8,734",ERP,Alex - FP&A,,Ask owner
01 Dec-25,Mktg,Customer appr.,Gift hamper,"6,370",ERP,TBD,needs mapping,Ask owner
11-Mar-25,G&A,Legal fees,Buchalter,"(1,572)",cash,,Posted,Ask owner
2026-01-17,Sales,Payroll - sales,Payroll,"9,278",Check,finance ops,late invoice,Map to GL 6100
05/08/26,Revenue,Subscr. revenue,Corp. clients,"8,175",manual Entry,Andres,needs mapping,Check sign
10 Mar-26,Marketing,Customer appr.,Soccer Ticket,"9,602",cash,M. Chen,late invoice,One-off item
21-Feb-25,Mktg,Events & webinars,Various,880,Check,Andres,posted,Ask owner
21-Jul-25,R&D,Cloud hosting,AWS / Datadog,"7,501",manual Entry,M. Chen,manual adj,One-off item
09 Apr-26,Sales,CRM / RevOps tools,Salesforce / Outreach,"(6,288)",manual Entry,finance ops,posted,Vendor invoice late
2025-09-14,Marketing,Events & webinars,Various,"3,181",ERP,M. Chen,,Map to GL 6100
07-Aug-25,Marketing,Customer appr.,Gift hamper,"3,008",ERP,finance ops,,Map to GL 6100
04 Apr-26,G&A,Office rent,Landlord,"(2,332)",Check,finance ops,posted,Ask owner
21-Jul-25,G&A,Office rent,Landlord,"8,753",cash,TBD,posted,Timing issue
26 Feb-26,R&D,AI automation,n8n,"2,152",cash,,posted,Timing issue
08-Sep-25,COGS,Materials,Electric house,"2,830",ERP,Alex - FP&A,manual adj,Timing issue
27 Mar-25,Revenue,Product sales,Retail Customer,"6,317",manual Entry,Erik,,
16-Dec-25,Revenue,Service,Corp. clients,"7,628",cash,Andres,Posted,One-off item
24 Dec-25,COGS,Cloud hosting,AWS / Datadog,"3,814",Pos,M. Chen,posted,Ask owner
01/27/26,Revenue,Subscr. revenue,Retail Customer,"9,530",ERP,,manual adj,Vendor invoice late
02-Mar-25,Sales,CRM / RevOps tools,Salesforce / Outreach,576,manual Entry,,manual adj,Timing issue
2026-06-08,Services,Prof services,Implementation clients,"7,481",Pos,Alex - FP&A,late invoice,Vendor invoice late
10 Oct-25,Revenue,Revenue,Corp. clients,"5,607",ERP,M. Chen,late invoice,One-off item
07 Oct-25,Services,Support tools,Zendesk / Gainsight,"3,487",Check,M. Chen,Posted,Timing issue
03 Jul-26,COGS,Payroll - eng,Payroll,"3,949",Pos,Andres,posted,Vendor invoice late
11/26/25,R&D,Cloud hosting,AWS / Datadog,"(2,434)",manual Entry,TBD,,Check sign
01/26/26,R&D,Payroll - eng,Payroll,"5,267",manual Entry,M. Chen,posted,Map to GL 6100
07/01/26,R&D,AI automation,n8n,"2,923",cash,Erik,accrual,Vendor invoice late
2025-08-20,Revenue,Subscr. revenue,Corp. clients,"8,194",manual Entry,M. Chen,Posted,Map to GL 6100
10 Jul-25,Revenue,Subscr. revenue,Corp. clients,544,Pos,Erik,accrual,Map to GL 6100
2025-06-24,Sales,CRM / RevOps tools,Salesforce / Outreach,"4,898",Check,Andres,posted,Ask owner
14 Aug-25,R&D,Payroll - eng,Payroll,"9,359",ERP,Erik,accrual,Vendor invoice late
06/28/25,G&A,Office rent,Landlord,"7,404",manual Entry,,,Map to GL 6100
09/05/25,Marketing,Paid media,Google / LinkedIn,"9,524",manual Entry,Erik,Posted,Timing issue
07 Jul-26,Services,Prof services,Implementation clients,"7,186",Check,Andres,accrual,Timing issue
20-Mar-26,Services,Support tools,Zendesk / Gainsight,"1,662",Pos,M. Chen,Posted,
2025-06-16,Marketing,Customer appr.,Soccer Ticket,"5,991",Pos,Erik,late invoice,
2026-06-16,G&A,Office rent,Landlord,"9,356",cash,Andres,late invoice,
26-Jun-26,G&A,Accounting fees,Jason CPA,"9,825",Check,Erik,posted,One-off item
12-Apr-25,Marketing,Google Ads,Google / LinkedIn,"(4,943)",cash,,needs mapping,One-off item
2025-06-03,Services,Prof services,Implementation clients,"6,683",Pos,Erik,needs mapping,Ask owner
02/15/26,Marketing,Customer appr.,Soccer Ticket,"(9,141)",manual Entry,Andres,late invoice,Check sign
2025-06-08,Sales,CRM / RevOps tools,Salesforce / Outreach,"(1,815)",manual Entry,M. Chen,Posted,One-off item
03-Dec-25,G&A,Legal fees,Buchalter,"4,544",Pos,Andres,Posted,Ask owner
2025-09-01,COGS,Cloud hosting,AWS / Datadog,"9,250",manual Entry,Andres,accrual,Timing issue
16 Apr-26,Revenue,Product sales,Retail Customer,"7,008",Check,Alex - FP&A,late invoice,Check sign
30-Jul-25,Sales,CRM / RevOps tools,Salesforce / Outreach,"3,140",Pos,Andres,late invoice,Check sign
2025-08-16,Marketing,Paid media,Google / LinkedIn,"3,930",ERP,Erik,posted,Timing issue
2025-12-30,Services,Support tools,Zendesk / Gainsight,"8,115",Check,M. Chen,manual adj,Timing issue
2025-06-08,Sales,CRM / RevOps tools,Salesforce / Outreach,"2,314",Pos,Andres,needs mapping,Map to GL 6100
05/13/26,G&A,Accounting fees,Brandon,"(6,742)",ERP,Erik,late invoice,Vendor invoice late
09/19/25,COGS,Cloud hosting,AWS / Datadog,"1,935",ERP,,late invoice,Ask owner
06/23/25,Revenue,Product sales,Retail Customer,171,Pos,Alex - FP&A,late invoice,Vendor invoice late
26-Jun-26,Mktg,Customer appr.,Soccer Ticket,"6,206",ERP,Alex - FP&A,accrual,One-off item
03 Sep-25,Services,Support tools,Zendesk / Gainsight,"1,550",cash,finance ops,Posted,Timing issue
2025-06-29,Marketing,Customer appr.,Soccer Ticket,"9,721",cash,M. Chen,posted,Ask owner
2025-12-20,R&D,Cloud hosting,AWS / Datadog,"2,330",ERP,M. Chen,Posted,Timing issue
05/25/25,Marketing,Paid media,Google / LinkedIn,"2,365",ERP,Alex - FP&A,needs mapping,One-off item
05-May-25,Mktg,Customer appr.,Soccer Ticket,"7,759",Pos,Erik,needs mapping,Map to GL 6100
2025-05-19,Revenue,Revenue,Corp. clients,"4,976",Check,finance ops,accrual,Vendor invoice late
11-Feb-25,COGS,Cloud hosting,AWS / Datadog,"(2,975)",ERP,M. Chen,,Check sign
2025-05-22,COGS,Materials,Home Depot,"4,308",Check,Erik,Posted,
2025-10-01,Mktg,Customer appr.,Amazon gift c.,"5,238",ERP,Erik,posted,One-off item
05/03/26,R&D,Cloud hosting,AWS / Datadog,(944),Pos,M. Chen,accrual,One-off item
2025-09-01,R&D,Cloud hosting,AWS / Datadog,"5,841",Pos,,,Map to GL 6100
03/22/25,Marketing,Customer appr.,Gift hamper,"(2,332)",Pos,Erik,Posted,One-off item
01/26/26,G&A,Accounting fees,Jason CPA,955,manual Entry,Alex - FP&A,Posted,One-off item
10/31/25,Revenue,Service,Retail Customer,"2,083",ERP,Andres,posted,Timing issue
2025-10-08,Marketing,Events & webinars,Various,"1,946",Pos,Alex - FP&A,,Timing issue
17 Mar-25,Revenue,Revenue,Retail Customer,"3,647",manual Entry,finance ops,posted,Ask owner
2025-06-14,COGS,Cloud hosting,AWS / Datadog,"9,550",Check,M. Chen,Posted,Map to GL 6100
01-May-25,COGS,Materials,Electric house,"(1,562)",Pos,finance ops,manual adj,Timing issue
2025-11-27,Mktg,Events & webinars,Various,"7,206",cash,Erik,,
04/27/25,COGS,Cloud hosting,AWS / Datadog,"5,400",ERP,finance ops,,Map to GL 6100
18 Jan-25,R&D,AI automation,n8n,"2,842",manual Entry,TBD,posted,
05/29/26,Services,Prof services,Implementation clients,"8,472",cash,Alex - FP&A,Posted,One-off item
2026-01-31,G&A,Accounting fees,Jason CPA,"8,081",manual Entry,Erik,Posted,Map to GL 6100
18 Jan-25,COGS,Payroll - eng,Payroll,"5,809",manual Entry,finance ops,manual adj,Check sign
2025-06-14,Revenue,Subscr. revenue,Corp. clients,"9,828",ERP,finance ops,posted,Map to GL 6100
10 Dec-25,Mktg,Events & webinars,Various,"1,023",Check,Alex - FP&A,Posted,Vendor invoice late
11-Sep-25,G&A,Accounting fees,Jason CPA,"(7,049)",Pos,finance ops,late invoice,Vendor invoice late
2025-07-13,Services,Support tools,Zendesk / Gainsight,"3,142",Check,Andres,,Ask owner
08 Jan-26,Mktg,Customer appr.,Soccer Ticket,"3,587",ERP,TBD,Posted,Check sign
05/25/25,COGS,Payroll - eng,Payroll,"1,250",cash,TBD,,Check sign
2025-01-16,Marketing,Google Ads,Google / LinkedIn,"5,193",cash,Andres,Posted,Check sign
23-Mar-26,Sales,Sales commission,Payroll,"(6,720)",manual Entry,M. Chen,needs mapping,Check sign
2025-07-19,Services,Support tools,Zendesk / Gainsight,"3,748",Check,,posted,Check sign
11/11/25,Revenue,Service,Retail Customer,"1,554",manual Entry,Andres,accrual,Ask owner
04/03/25,R&D,Payroll - eng,Payroll,"7,460",Pos,M. Chen,manual adj,Ask owner
24 Apr-26,Sales,CRM / RevOps tools,Salesforce / Outreach,"4,042",Check,,accrual,Check sign
07-Mar-26,R&D,Payroll - eng,Payroll,"3,465",cash,TBD,posted,Map to GL 6100
25-Apr-25,COGS,Payroll - eng,Payroll,"1,048",cash,finance ops,late invoice,
06 Feb-25,COGS,Materials,Electric house,"7,861",manual Entry,M. Chen,accrual,Check sign
10 Oct-25,Sales,CRM / RevOps tools,Salesforce / Outreach,"2,155",Pos,,late invoice,Vendor invoice late
01/02/25,Mktg,Paid media,Google / LinkedIn,"8,226",cash,,accrual,Check sign
03/25/25,R&D,AI automation,n8n,"6,561",ERP,M. Chen,posted,Map to GL 6100
2025-06-22,Mktg,Paid media,Google / LinkedIn,"4,513",Check,,posted,Check sign
29 Jun-26,Services,Support tools,Zendesk / Gainsight,(89),ERP,finance ops,needs mapping,Ask owner
2026-06-16,R&D,Cloud hosting,AWS / Datadog,"6,612",Pos,Andres,Posted,Vendor invoice late
26 Feb-26,Mktg,Events & webinars,Various,"4,490",manual Entry,Alex - FP&A,accrual,Ask owner
25-Jan-26,Revenue,Service,Retail Customer,"7,496",manual Entry,M. Chen,late invoice,Vendor invoice late
26-Dec-25,COGS,Payroll - eng,Payroll,"5,474",cash,TBD,late invoice,Timing issue
25-Dec-25,Revenue,Revenue,Corp. clients,"4,228",Pos,Andres,needs mapping,Vendor invoice late
06/01/26,Marketing,Customer appr.,Gift hamper,"8,725",ERP,Andres,accrual,Ask owner
05/15/25,G&A,Accounting fees,Brandon,"6,546",Pos,finance ops,posted,Check sign
08/27/25,Sales,Payroll - sales,Payroll,"(7,657)",ERP,Andres,,One-off item
05/06/26,Sales,Sales commission,Payroll,"5,066",Pos,Alex - FP&A,Posted,Map to GL 6100
07 Apr-26,R&D,AI automation,n8n,"(8,170)",cash,M. Chen,late invoice,
20 Oct-25,G&A,Office rent,Landlord,"1,466",cash,Alex - FP&A,manual adj,One-off item
2025-01-16,R&D,AI automation,n8n,"2,168",manual Entry,Alex - FP&A,,One-off item
2026-01-31,Marketing,Google Ads,Google / LinkedIn,"8,701",Pos,Andres,manual adj,Map to GL 6100
2025-08-23,Sales,CRM / RevOps tools,Salesforce / Outreach,"8,133",ERP,finance ops,late invoice,Ask owner
23-Feb-26,Marketing,Events & webinars,Various,"8,549",Check,Alex - FP&A,needs mapping,Map to GL 6100
06/26/25,R&D,AI automation,n8n,"4,106",Check,Erik,late invoice,Check sign
27-Jun-25,COGS,Materials,Johnsons Supply,"1,583",ERP,Erik,,Ask owner
15-Feb-25,G&A,Accounting fees,Brandon,"8,043",manual Entry,Alex - FP&A,manual adj,Timing issue
24 Sep-25,Revenue,Service,Corp. clients,"8,632",Check,TBD,posted,Vendor invoice late
2026-02-14,G&A,Accounting fees,Jason CPA,"8,408",manual Entry,Erik,accrual,Timing issue
2025-07-06,Revenue,Subscr. revenue,Retail Customer,"(1,782)",ERP,M. Chen,,Check sign
02-Jun-25,COGS,Payroll - eng,Payroll,"9,667",manual Entry,Erik,posted,Check sign
2026-04-18,Mktg,Customer appr.,Gift hamper,"6,851",Pos,TBD,manual adj,Timing issue
01/02/25,COGS,Materials,Home Depot,"6,042",cash,,accrual,Timing issue
2025-07-12,Marketing,Customer appr.,Soccer Ticket,"9,581",cash,finance ops,manual adj,One-off item
01/05/26,Marketing,Customer appr.,Soccer Ticket,117,cash,Alex - FP&A,posted,Check sign
2025-12-06,Marketing,Customer appr.,Gift hamper,"7,887",Pos,finance ops,,Map to GL 6100
17-Jan-25,Services,Prof services,Implementation clients,140,ERP,Alex - FP&A,Posted,Timing issue
2025-07-12,Revenue,Service,Corp. clients,"5,685",cash,Erik,manual adj,Vendor invoice late
23-Apr-26,R&D,Cloud hosting,AWS / Datadog,(402),ERP,Alex - FP&A,Posted,Check sign
25 Oct-25,Revenue,Product sales,Corp. clients,"9,995",cash,M. Chen,posted,Check sign
15-Apr-26,R&D,Payroll - eng,Payroll,"4,206",ERP,Erik,,Check sign
28-Mar-25,Sales,CRM / RevOps tools,Salesforce / Outreach,"5,050",Pos,finance ops,manual adj,Vendor invoice late
12/02/25,R&D,AI automation,n8n,"1,836",Check,finance ops,posted,Map to GL 6100
2025-11-14,G&A,Accounting fees,Jason CPA,"4,066",Pos,finance ops,manual adj,Vendor invoice late
07 Oct-25,Marketing,Customer appr.,Amazon gift c.,"(4,619)",manual Entry,TBD,late invoice,Vendor invoice late
2025-02-09,Revenue,Subscr. revenue,Corp. clients,"(2,788)",ERP,TBD,posted,Timing issue
2026-03-21,Sales,Sales commission,Payroll,"9,718",Pos,Erik,Posted,Map to GL 6100
03 Sep-25,Marketing,Customer appr.,Soccer Ticket,"(6,625)",Check,TBD,Posted,Timing issue
2025-06-08,Sales,Sales commission,Payroll,"7,340",cash,Alex - FP&A,needs mapping,Check sign
2025-01-23,Revenue,Service,Corp. clients,"2,709",manual Entry,Andres,,
29-Nov-25,Marketing,Customer appr.,Gift hamper,"8,310",cash,Andres,late invoice,Map to GL 6100
2026-06-19,Marketing,Events & webinars,Various,"3,793",manual Entry,TBD,Posted,Map to GL 6100
01 Dec-25,COGS,Payroll - eng,Payroll,"(6,085)",manual Entry,,posted,Vendor invoice late
2025-12-17,Revenue,Product sales,Corp. clients,"5,040",cash,,posted,Ask owner
2025-01-23,G&A,Accounting fees,Brandon,"4,661",cash,Erik,late invoice,One-off item
19 Jun-25,G&A,Accounting fees,Jason CPA,"(8,703)",Pos,Alex - FP&A,,Vendor invoice late
02/10/25,Services,Support tools,Zendesk / Gainsight,"2,153",Pos,M. Chen,posted,One-off item
12 Mar-26,COGS,Cloud hosting,AWS / Datadog,"2,926",Pos,TBD,late invoice,
07/09/26,Services,Prof services,Implementation clients,"(6,736)",Pos,finance ops,Posted,Vendor invoice late
28-Jul-25,Sales,Sales commission,Payroll,"4,251",cash,Andres,late invoice,Vendor invoice late
20 Feb-26,G&A,Accounting fees,Jason CPA,"2,098",cash,Andres,needs mapping,Timing issue
07 Apr-26,Mktg,Events & webinars,Various,"8,365",ERP,Alex - FP&A,manual adj,
2025-08-08,Sales,CRM / RevOps tools,Salesforce / Outreach,"8,789",Check,Alex - FP&A,manual adj,Map to GL 6100
2026-03-06,Sales,Sales commission,Payroll,"4,655",manual Entry,TBD,posted,
2025-07-06,Revenue,Revenue,Retail Customer,"6,965",Pos,,,One-off item
07 Apr-26,Services,Support tools,Zendesk / Gainsight,"(6,951)",ERP,finance ops,late invoice,
2025-12-18,Sales,Sales commission,Payroll,"4,720",manual Entry,M. Chen,needs mapping,Check sign
01/05/25,Services,Prof services,Implementation clients,"8,436",Check,finance ops,needs mapping,Ask owner
29-Jul-25,Revenue,Revenue,Retail Customer,(185),Pos,TBD,Posted,Check sign
05-Feb-25,Revenue,Revenue,Corp. clients,"9,588",cash,Erik,manual adj,Map to GL 6100
16 Mar-25,Services,Prof services,Implementation clients,(874),Pos,TBD,needs mapping,Ask owner
06 Jan-26,Services,Prof services,Implementation clients,"3,802",Check,finance ops,needs mapping,One-off item
02/21/26,Marketing,Customer appr.,Amazon gift c.,"(1,610)",Check,Alex - FP&A,manual adj,Vendor invoice late
29-Jan-26,COGS,Cloud hosting,AWS / Datadog,"4,141",cash,finance ops,needs mapping,Map to GL 6100
12/07/25,Services,Support tools,Zendesk / Gainsight,"4,914",manual Entry,finance ops,accrual,Check sign
01/19/25,Sales,Sales commission,Payroll,"1,056",ERP,Andres,posted,Ask owner
01 Apr-26,COGS,Cloud hosting,AWS / Datadog,"(1,650)",Check,Alex - FP&A,Posted,Timing issue
04 Sep-25,Sales,Sales commission,Payroll,529,cash,,Posted,
2025-10-15,Services,Support tools,Zendesk / Gainsight,165,cash,Erik,posted,Vendor invoice late
18 Jan-26,G&A,Office rent,Landlord,"4,927",ERP,finance ops,late invoice,One-off item
07/01/26,Revenue,Product sales,Retail Customer,"6,637",cash,,late invoice,Map to GL 6100
19 Feb-25,Mktg,Customer appr.,Soccer Ticket,"7,143",Check,TBD,needs mapping,Check sign
02/07/25,Marketing,Customer appr.,Gift hamper,"1,864",ERP,Andres,Posted,Ask owner
03/12/25,R&D,AI automation,n8n,"6,022",manual Entry,Erik,accrual,Check sign
07/09/26,R&D,Payroll - eng,Payroll,"9,179",cash,Alex - FP&A,Posted,
2025-06-04,COGS,Cloud hosting,AWS / Datadog,"7,624",Check,Erik,late invoice,Ask owner
06 Oct-25,COGS,Cloud hosting,AWS / Datadog,"7,055",cash,TBD,manual adj,Ask owner
2025-12-30,R&D,Cloud hosting,AWS / Datadog,"7,914",Pos,TBD,needs mapping,
11/26/25,R&D,Payroll - eng,Payroll,"7,823",Check,TBD,Posted,Ask owner
2025-07-19,Marketing,Google Ads,Google / LinkedIn,"6,174",manual Entry,finance ops,late invoice,Ask owner
23-Mar-26,Sales,CRM / RevOps tools,Salesforce / Outreach,"7,404",manual Entry,Erik,late invoice,Timing issue
10/17/25,R&D,Payroll - eng,Payroll,171,Check,TBD,posted,
2025-08-19,COGS,Cloud hosting,AWS / Datadog,"6,765",ERP,Andres,needs mapping,Ask owner
21-Feb-25,G&A,Office rent,Landlord,"4,020",ERP,Andres,posted,One-off item
08/05/25,Services,Prof services,Implementation clients,"7,604",Pos,,late invoice,Check sign
30 May-26,Marketing,Paid media,Google / LinkedIn,"9,635",ERP,,,Vendor invoice late
05/29/25,Sales,Payroll - sales,Payroll,(751),cash,TBD,Posted,Timing issue
03-Mar-25,Services,Support tools,Zendesk / Gainsight,"3,567",Pos,,late invoice,One-off item
01 Jan-26,COGS,Payroll - eng,Payroll,"(9,962)",Pos,,late invoice,
23-Apr-26,G&A,Office rent,Landlord,"3,618",cash,Andres,manual adj,Map to GL 6100
05/29/25,Services,Prof services,Implementation clients,242,manual Entry,Erik,,Ask owner
03/22/25,Sales,CRM / RevOps tools,Salesforce / Outreach,"2,190",manual Entry,Erik,,Map to GL 6100
06/15/26,Mktg,Events & webinars,Various,"8,892",cash,,needs mapping,Ask owner
18-Mar-26,Revenue,Subscr. revenue,Corp. clients,"4,297",ERP,Andres,,Vendor invoice late
2025-08-20,COGS,Cloud hosting,AWS / Datadog,"9,934",manual Entry,Andres,accrual,Ask owner
04-May-26,Mktg,Events & webinars,Various,"6,974",manual Entry,,manual adj,Vendor invoice late
03-Dec-25,Marketing,Events & webinars,Various,"(9,614)",cash,Alex - FP&A,Posted,
31-Aug-25,Sales,CRM / RevOps tools,Salesforce / Outreach,"(8,694)",Pos,Andres,manual adj,
02 Mar-26,Mktg,Customer appr.,Gift hamper,"9,191",cash,TBD,late invoice,Timing issue
17-Jan-25,Sales,Sales commission,Payroll,"(8,112)",ERP,,posted,
01/22/25,Marketing,Paid media,Google / LinkedIn,"9,934",ERP,TBD,accrual,Check sign
06/26/25,Services,Support tools,Zendesk / Gainsight,"7,546",ERP,TBD,late invoice,
06/28/25,G&A,Accounting fees,Jason CPA,"(8,153)",cash,Erik,,Ask owner
2026-02-27,Mktg,Customer appr.,Gift hamper,"7,288",Check,Andres,Posted,Timing issue
29 Oct-25,G&A,Office rent,Landlord,"3,286",ERP,TBD,manual adj,Timing issue
03 Feb-25,Marketing,Paid media,Google / LinkedIn,"7,268",manual Entry,Alex - FP&A,accrual,One-off item
02/07/25,Marketing,Google Ads,Google / LinkedIn,"4,503",Pos,TBD,late invoice,One-off item
10/05/25,Marketing,Events & webinars,Various,"6,493",Check,TBD,manual adj,Map to GL 6100
16 Nov-25,Services,Prof services,Implementation clients,"4,614",Pos,TBD,needs mapping,
2025-11-27,R&D,Cloud hosting,AWS / Datadog,"2,406",ERP,TBD,accrual,One-off item
2025-06-29,COGS,Cloud hosting,AWS / Datadog,"1,130",ERP,Andres,,Map to GL 6100
06/01/26,R&D,AI automation,n8n,"(5,873)",ERP,TBD,needs mapping,Check sign
10 Jan-25,Services,Prof services,Implementation clients,"4,120",ERP,Alex - FP&A,manual adj,Ask owner
16-Dec-25,Marketing,Events & webinars,Various,"6,760",Pos,M. Chen,late invoice,
12/07/25,R&D,AI automation,n8n,"(2,327)",Check,Erik,accrual,Map to GL 6100
11-Sep-25,COGS,Materials,Home Depot,"(4,678)",cash,M. Chen,posted,Map to GL 6100
19 Jun-25,Mktg,Events & webinars,Various,58,cash,TBD,accrual,Ask owner
08-Nov-25,G&A,Accounting fees,Jason CPA,977,Check,Andres,manual adj,Check sign
2026-01-31,Mktg,Events & webinars,Various,"1,943",manual Entry,finance ops,manual adj,Check sign
11 May-25,Revenue,Revenue,Retail Customer,"3,475",manual Entry,Erik,manual adj,Check sign
11-Mar-25,Marketing,Customer appr.,Gift hamper,"7,971",Pos,finance ops,manual adj,Check sign
15-Mar-26,Sales,CRM / RevOps tools,Salesforce / Outreach,"8,392",cash,finance ops,accrual,Map to GL 6100
2026-06-16,Marketing,Paid media,Google / LinkedIn,"(1,245)",ERP,,,Map to GL 6100
2025-11-07,Marketing,Customer appr.,Soccer Ticket,"7,258",Pos,finance ops,late invoice,Map to GL 6100
2025-05-20,Revenue,Service,Retail Customer,460,Check,Erik,accrual,One-off item
07/05/26,Marketing,Google Ads,Google / LinkedIn,"(2,143)",manual Entry,Alex - FP&A,accrual,Timing issue
12/02/25,G&A,Legal fees,Europa Law firm,"4,127",Check,Andres,Posted,One-off item
10 Jul-25,G&A,Office rent,Landlord,"6,994",cash,Andres,Posted,
03/21/25,Marketing,Events & webinars,Various,"(6,347)",manual Entry,Erik,needs mapping,Vendor invoice late
22-Jul-25,Marketing,Customer appr.,Soccer Ticket,"9,208",ERP,Alex - FP&A,late invoice,Vendor invoice late
05/08/26,R&D,Cloud hosting,AWS / Datadog,"(3,285)",Check,Alex - FP&A,needs mapping,Timing issue
07-Mar-26,Mktg,Events & webinars,Various,"4,397",ERP,Alex - FP&A,late invoice,Map to GL 6100
21-Feb-25,Services,Prof services,Implementation clients,"3,135",Pos,Andres,Posted,Map to GL 6100
10 Mar-26,Mktg,Paid media,Google / LinkedIn,"7,910",ERP,finance ops,needs mapping,One-off item
01-Mar-25,Mktg,Customer appr.,Gift hamper,"(6,352)",Pos,TBD,posted,Map to GL 6100
2025-07-26,COGS,Cloud hosting,AWS / Datadog,"8,860",cash,Erik,posted,Map to GL 6100
2025-08-16,Revenue,Subscr. revenue,Corp. clients,153,ERP,Erik,Posted,
05/26/25,Marketing,Paid media,Google / LinkedIn,"2,664",cash,M. Chen,,Timing issue
19 Apr-26,Services,Support tools,Zendesk / Gainsight,"7,398",Pos,M. Chen,accrual,Check sign
2026-06-11,R&D,AI automation,n8n,"8,732",cash,,posted,One-off item
2025-11-07,Sales,Payroll - sales,Payroll,"(2,090)",ERP,,needs mapping,Timing issue
03 Jul-26,Mktg,Paid media,Google / LinkedIn,667,Pos,,,Timing issue
29 Oct-25,R&D,Payroll - eng,Payroll,"4,429",Check,Erik,Posted,Vendor invoice late
02/10/25,COGS,Cloud hosting,AWS / Datadog,"4,283",cash,,needs mapping,One-off item
10 Feb-26,Marketing,Paid media,Google / LinkedIn,"5,089",ERP,M. Chen,needs mapping,Ask owner
05/28/25,Marketing,Google Ads,Google / LinkedIn,"8,524",ERP,TBD,accrual,Vendor invoice late
01/26/26,Mktg,Paid media,Google / LinkedIn,"(8,198)",Check,M. Chen,Posted,Vendor invoice late
2025-05-20,Services,Prof services,Implementation clients,"7,555",cash,Andres,manual adj,One-off item
04 Jul-25,R&D,AI automation,n8n,"2,418",cash,M. Chen,,Timing issue
2025-05-13,Services,Support tools,Zendesk / Gainsight,"3,990",ERP,finance ops,manual adj,Vendor invoice late
20-Mar-26,Mktg,Customer appr.,Gift hamper,621,ERP,M. Chen,accrual,
02/15/26,G&A,Accounting fees,Jason CPA,"8,506",Check,TBD,posted,Check sign
20-Mar-26,COGS,Materials,Johnsons Supply,"(7,752)",manual Entry,Andres,posted,Timing issue
2025-09-16,Sales,CRM / RevOps tools,Salesforce / Outreach,"(6,917)",Pos,Andres,,Map to GL 6100
04/05/25,Mktg,Paid media,Google / LinkedIn,"3,403",Check,,,Map to GL 6100
21 Dec-25,Services,Prof services,Implementation clients,"4,348",Check,Erik,,
09/05/25,R&D,Payroll - eng,Payroll,"4,148",Check,Alex - FP&A,Posted,Ask owner
2025-08-29,Mktg,Events & webinars,Various,"1,100",manual Entry,Andres,late invoice,Vendor invoice late
2025-06-03,Sales,Sales commission,Payroll,"4,623",Pos,M. Chen,needs mapping,One-off item
20 Mar-25,Revenue,Revenue,Corp. clients,"(5,493)",Pos,M. Chen,accrual,Check sign
26 Sep-25,G&A,Accounting fees,Jason CPA,"9,622",ERP,Erik,,Check sign
23-Mar-25,R&D,Cloud hosting,AWS / Datadog,"1,231",ERP,Andres,manual adj,Check sign
24-Feb-26,Marketing,Google Ads,Google / LinkedIn,"4,085",ERP,TBD,needs mapping,Vendor invoice late
29-Jul-25,G&A,Accounting fees,Jason CPA,"(2,643)",manual Entry,Andres,manual adj,Map to GL 6100
07 Oct-25,Mktg,Paid media,Google / LinkedIn,"3,335",Check,M. Chen,late invoice,Ask owner
2026-01-31,Services,Support tools,Zendesk / Gainsight,"(7,763)",manual Entry,M. Chen,manual adj,Timing issue
04-Oct-25,R&D,Cloud hosting,AWS / Datadog,"7,707",manual Entry,M. Chen,Posted,Map to GL 6100
04/25/26,Marketing,Paid media,Google / LinkedIn,"8,299",Pos,Andres,late invoice,Timing issue
09-Mar-25,Revenue,Revenue,Corp. clients,"5,195",Pos,TBD,Posted,Map to GL 6100
11/06/25,G&A,Office rent,Landlord,"6,574",cash,finance ops,Posted,Check sign
2026-04-29,R&D,Payroll - eng,Payroll,"4,680",cash,finance ops,posted,One-off item
2025-08-20,Mktg,Customer appr.,Gift hamper,"5,751",Pos,Alex - FP&A,manual adj,Map to GL 6100
07 Jul-26,Sales,CRM / RevOps tools,Salesforce / Outreach,"8,797",Pos,finance ops,,Vendor invoice late
16-May-26,COGS,Cloud hosting,AWS / Datadog,"(9,366)",ERP,finance ops,,Vendor invoice late
06 Oct-25,G&A,Accounting fees,Brandon,994,Pos,Alex - FP&A,accrual,Timing issue
06/10/26,Services,Prof services,Implementation clients,"(5,210)",cash,Andres,Posted,Timing issue
06/15/26,COGS,Cloud hosting,AWS / Datadog,"8,138",manual Entry,Andres,posted,
13 Jan-25,Services,Prof services,Implementation clients,"2,138",cash,M. Chen,Posted,Vendor invoice late
2026-04-29,Revenue,Product sales,Retail Customer,"2,465",ERP,Alex - FP&A,Posted,
02/23/25,R&D,AI automation,n8n,"6,300",manual Entry,,needs mapping,Map to GL 6100
06/01/26,Mktg,Customer appr.,Soccer Ticket,"8,831",Pos,,late invoice,Check sign
05/06/26,Sales,Sales commission,Payroll,"(2,176)",manual Entry,Alex - FP&A,needs mapping,One-off item
04/03/25,Revenue,Service,Corp. clients,"7,350",manual Entry,Alex - FP&A,,
14 Aug-25,R&D,Payroll - eng,Payroll,"(6,748)",ERP,,late invoice,Ask owner
04-Oct-25,Revenue,Revenue,Corp. clients,"3,244",ERP,Andres,needs mapping,One-off item
06/01/25,Mktg,Events & webinars,Various,655,ERP,Erik,accrual,Timing issue
2025-11-07,Mktg,Events & webinars,Various,"2,097",Check,Erik,,Check sign
15-Mar-26,Sales,Payroll - sales,Payroll,"5,381",manual Entry,Erik,late invoice,Vendor invoice late
25-May-26,COGS,Payroll - eng,Payroll,"4,512",cash,M. Chen,needs mapping,One-off item
29-Jan-26,COGS,Cloud hosting,AWS / Datadog,"5,857",Pos,TBD,needs mapping,
02/27/25,Marketing,Customer appr.,Soccer Ticket,"5,791",Check,Erik,late invoice,Vendor invoice late
2026-03-25,Services,Support tools,Zendesk / Gainsight,"7,600",cash,Alex - FP&A,,One-off item
10/11/25,Revenue,Revenue,Corp. clients,567,cash,Andres,accrual,Ask owner
2026-03-05,Services,Support tools,Zendesk / Gainsight,"8,082",Pos,Erik,posted,Vendor invoice late
06/13/26,R&D,Cloud hosting,AWS / Datadog,"2,247",Check,finance ops,late invoice,Ask owner
16-May-26,Sales,Sales commission,Payroll,"(1,073)",Check,Andres,,Ask owner
05/15/25,Revenue,Product sales,Corp. clients,"4,843",Pos,Alex - FP&A,needs mapping,Vendor invoice late
23-Mar-26,Marketing,Google Ads,Google / LinkedIn,"3,753",Check,,needs mapping,Map to GL 6100
09-Mar-25,Revenue,Subscr. revenue,Corp. clients,"(6,017)",manual Entry,Alex - FP&A,,
05/13/26,G&A,Accounting fees,Jason CPA,"7,741",ERP,Alex - FP&A,posted,Timing issue
30-Jun-25,Revenue,Subscr. revenue,Retail Customer,"1,382",Pos,finance ops,manual adj,Timing issue
21-Apr-26,Sales,CRM / RevOps tools,Salesforce / Outreach,"(1,601)",cash,Alex - FP&A,Posted,
2025-02-14,Revenue,Revenue,Retail Customer,647,cash,Andres,posted,Vendor invoice late
24-Apr-25,COGS,Materials,Home Depot,"8,550",Pos,,late invoice,Map to GL 6100
10 Jan-25,R&D,Cloud hosting,AWS / Datadog,"2,570",cash,finance ops,Posted,Check sign
03 Sep-25,Revenue,Service,Corp. clients,"(7,133)",Pos,Erik,late invoice,Map to GL 6100
08/28/25,Marketing,Customer appr.,Soccer Ticket,"1,740",cash,Alex - FP&A,posted,Check sign
2025-12-06,R&D,AI automation,n8n,390,Check,finance ops,accrual,Vendor invoice late
2026-03-05,COGS,Cloud hosting,AWS / Datadog,5,Check,Erik,late invoice,One-off item
10 Mar-26,Marketing,Events & webinars,Various,"8,359",Pos,Alex - FP&A,posted,Vendor invoice late
18-Mar-26,G&A,Legal fees,Europa Law firm,(705),Check,Andres,needs mapping,Check sign
03/25/25,COGS,Cloud hosting,AWS / Datadog,"6,425",cash,,manual adj,
01/26/26,G&A,Office rent,Landlord,"6,941",Pos,,accrual,Map to GL 6100
09-Mar-25,Services,Prof services,Implementation clients,"5,645",Pos,Erik,needs mapping,
06/13/26,Services,Support tools,Zendesk / Gainsight,"2,629",cash,Erik,manual adj,Timing issue
12/13/25,Services,Prof services,Implementation clients,"1,560",Check,,needs mapping,Map to GL 6100
2025-01-14,Sales,CRM / RevOps tools,Salesforce / Outreach,"3,495",Check,M. Chen,accrual,Map to GL 6100
10 Jul-25,COGS,Payroll - eng,Payroll,"2,574",manual Entry,M. Chen,manual adj,One-off item
02/20/25,Revenue,Product sales,Corp. clients,"(1,035)",Check,Andres,late invoice,Timing issue
2026-07-02,Marketing,Google Ads,Google / LinkedIn,"7,192",ERP,,,Ask owner
10 May-26,Mktg,Paid media,Google / LinkedIn,"5,964",cash,Erik,Posted,Vendor invoice late
15-Feb-25,Mktg,Paid media,Google / LinkedIn,"7,347",Pos,Alex - FP&A,late invoice,Vendor invoice late
04/03/25,Mktg,Events & webinars,Various,"(4,747)",cash,Andres,accrual,Ask owner
05/06/26,Services,Prof services,Implementation clients,(354),ERP,Andres,needs mapping,Map to GL 6100
2025-12-04,Sales,Payroll - sales,Payroll,458,Pos,Andres,accrual,Vendor invoice late
27 Mar-25,R&D,Payroll - eng,Payroll,550,Check,TBD,accrual,Map to GL 6100
2025-06-22,Mktg,Events & webinars,Various,"8,076",manual Entry,Alex - FP&A,needs mapping,
02-Aug-25,G&A,Accounting fees,Jason CPA,"1,975",Check,M. Chen,manual adj,One-off item
03 Mar-26,Services,Prof services,Implementation clients,"(9,526)",cash,Alex - FP&A,,Check sign
23 Jun-26,Mktg,Customer appr.,Gift hamper,"(4,990)",Check,Erik,late invoice,Ask owner
02-Oct-25,Sales,CRM / RevOps tools,Salesforce / Outreach,"6,649",Pos,TBD,late invoice,Map to GL 6100
07/01/26,COGS,Materials,Johnsons Supply,"9,131",manual Entry,Erik,accrual,Ask owner
2025-06-03,Services,Prof services,Implementation clients,"9,243",Pos,Erik,needs mapping,Map to GL 6100
06-Jun-26,Services,Support tools,Zendesk / Gainsight,"6,881",manual Entry,,posted,Ask owner
2025-06-16,COGS,Materials,Walmart,"4,867",cash,TBD,needs mapping,One-off item
07/05/26,Services,Prof services,Implementation clients,"8,828",cash,M. Chen,needs mapping,Timing issue
2026-02-27,G&A,Office rent,Landlord,"8,736",manual Entry,TBD,Posted,One-off item
08/27/25,G&A,Legal fees,Buchalter,"8,604",manual Entry,TBD,Posted,Vendor invoice late
24-Feb-26,Sales,Sales commission,Payroll,"1,354",ERP,TBD,manual adj,Ask owner
21-Sep-25,Sales,Payroll - sales,Payroll,"2,327",manual Entry,TBD,manual adj,Map to GL 6100
06/23/25,R&D,Payroll - eng,Payroll,"2,618",ERP,Andres,accrual,Vendor invoice late
24 Jan-25,Mktg,Paid media,Google / LinkedIn,"6,901",cash,,needs mapping,One-off item
03/30/26,Sales,Sales commission,Payroll,"9,888",Pos,M. Chen,manual adj,One-off item
03/22/25,Revenue,Subscr. revenue,Corp. clients,"8,973",Check,Alex - FP&A,posted,Vendor invoice late
17-Feb-26,COGS,Payroll - eng,Payroll,"2,816",Check,finance ops,Posted,
10 May-26,R&D,AI automation,n8n,"5,449",manual Entry,,Posted,Ask owner
09/12/25,Marketing,Customer appr.,Soccer Ticket,"1,445",ERP,TBD,accrual,Map to GL 6100
27 Oct-25,Mktg,Customer appr.,Soccer Ticket,"3,587",Check,Andres,,
2025-05-02,R&D,Payroll - eng,Payroll,859,cash,finance ops,manual adj,Ask owner
2025-12-18,Sales,Payroll - sales,Payroll,"9,400",manual Entry,Alex - FP&A,,One-off item
13 Mar-25,R&D,AI automation,n8n,"1,446",cash,finance ops,accrual,Vendor invoice late
01 Dec-25,Marketing,Google Ads,Google / LinkedIn,"9,429",manual Entry,M. Chen,,One-off item
10 Nov-25,Sales,CRM / RevOps tools,Salesforce / Outreach,"3,000",Check,M. Chen,accrual,Timing issue
2025-05-16,Revenue,Revenue,Corp. clients,"9,096",ERP,M. Chen,Posted,Vendor invoice late
2025-11-19,R&D,Cloud hosting,AWS / Datadog,"3,102",ERP,M. Chen,posted,One-off item
2025-01-14,Mktg,Events & webinars,Various,"9,448",ERP,,accrual,Timing issue
12/02/25,Mktg,Events & webinars,Various,"5,903",Check,finance ops,late invoice,One-off item
2025-03-19,Services,Prof services,Implementation clients,"5,311",manual Entry,,late invoice,Check sign
19 Feb-25,Mktg,Customer appr.,Amazon gift c.,"7,653",Pos,M. Chen,late invoice,One-off item
2025-12-17,Sales,Sales commission,Payroll,"9,608",manual Entry,Erik,,Ask owner
10 Jul-25,Revenue,Revenue,Retail Customer,"9,376",Pos,Alex - FP&A,Posted,Check sign
15 Jan-26,Services,Support tools,Zendesk / Gainsight,"5,712",Check,M. Chen,accrual,Map to GL 6100
01/02/26,COGS,Materials,Johnsons Supply,"4,797",ERP,TBD,,Map to GL 6100
02-Aug-25,R&D,Payroll - eng,Payroll,"8,846",manual Entry,M. Chen,Posted,
08/28/25,Mktg,Paid media,Google / LinkedIn,"2,369",cash,Andres,Posted,Ask owner
07 Apr-26,Sales,Sales commission,Payroll,"3,406",Pos,Erik,posted,Check sign
09/10/25,Revenue,Service,Retail Customer,"7,140",ERP,Alex - FP&A,late invoice,Check sign
25 Feb-26,COGS,Cloud hosting,AWS / Datadog,"8,793",Pos,Andres,manual adj,Ask owner
2025-06-22,Revenue,Product sales,Corp. clients,"4,068",manual Entry,Erik,needs mapping,Map to GL 6100
12-Apr-25,COGS,Cloud hosting,AWS / Datadog,"1,518",Pos,,manual adj,Timing issue
20 Feb-26,Mktg,Events & webinars,Various,123,manual Entry,,posted,One-off item
2026-01-04,R&D,AI automation,n8n,"(3,913)",ERP,,late invoice,
02 Apr-26,Marketing,Customer appr.,Gift hamper,(924),manual Entry,,posted,Ask owner
23-Mar-25,Mktg,Events & webinars,Various,"2,084",Pos,TBD,,Vendor invoice late
05/22/26,Sales,Sales commission,Payroll,"8,590",ERP,TBD,,
24 Apr-26,Mktg,Paid media,Google / LinkedIn,"(5,464)",cash,,needs mapping,One-off item
02/01/26,R&D,Payroll - eng,Payroll,"6,179",cash,M. Chen,manual adj,One-off item
01/05/25,Services,Support tools,Zendesk / Gainsight,"(8,183)",ERP,Andres,late invoice,Ask owner
10 Jul-25,G&A,Accounting fees,Brandon,"6,921",Pos,Andres,posted,One-off item
01-Mar-25,G&A,Legal fees,Europa Law firm,"8,951",Check,Erik,accrual,Map to GL 6100
20 Feb-26,Services,Support tools,Zendesk / Gainsight,"9,838",Check,finance ops,posted,
02/15/26,G&A,Legal fees,Buchalter,"7,934",cash,M. Chen,,Vendor invoice late
12/23/25,G&A,Office rent,Landlord,"3,185",Pos,,,Check sign
2026-01-04,Mktg,Customer appr.,Amazon gift c.,"4,999",ERP,finance ops,,
26-Feb-25,Revenue,Subscr. revenue,Corp. clients,"(8,395)",cash,M. Chen,Posted,Vendor invoice late
01 Dec-25,R&D,Payroll - eng,Payroll,"3,804",ERP,Andres,late invoice,Vendor invoice late
29 Jun-26,COGS,Cloud hosting,AWS / Datadog,"2,808",Check,TBD,needs mapping,Check sign
05-May-26,Marketing,Events & webinars,Various,"4,261",ERP,TBD,manual adj,Vendor invoice late
30 May-26,Mktg,Customer appr.,Gift hamper,"7,242",cash,TBD,accrual,Timing issue
19 Jun-25,R&D,AI automation,n8n,"6,629",ERP,Erik,,Check sign
2026-01-31,Mktg,Events & webinars,Various,"(1,596)",cash,Erik,,
01-Mar-25,G&A,Legal fees,Buchalter,"(3,899)",Check,TBD,accrual,One-off item
05/14/25,R&D,Cloud hosting,AWS / Datadog,"2,322",Check,finance ops,needs mapping,Timing issue
04 Apr-26,Marketing,Events & webinars,Various,"(5,559)",cash,finance ops,late invoice,Ask owner
20 Oct-25,G&A,Legal fees,Buchalter,"4,629",ERP,M. Chen,,Timing issue
02/12/25,Revenue,Product sales,Corp. clients,"8,575",Check,TBD,posted,Ask owner
04 Jul-25,R&D,Payroll - eng,Payroll,"7,382",ERP,Erik,late invoice,
08/05/25,Services,Support tools,Zendesk / Gainsight,"9,598",cash,Alex - FP&A,manual adj,Vendor invoice late
11 May-25,COGS,Materials,Johnsons Supply,"7,327",cash,Erik,Posted,Vendor invoice late
2025-06-14,R&D,Payroll - eng,Payroll,"8,901",ERP,Alex - FP&A,Posted,
05/29/25,Services,Prof services,Implementation clients,751,Check,Erik,,Check sign
08/27/25,G&A,Legal fees,Europa Law firm,"4,102",Check,TBD,needs mapping,
2025-05-20,G&A,Accounting fees,Jason CPA,"(5,324)",ERP,,needs mapping,
23-Sep-25,Revenue,Subscr. revenue,Retail Customer,"1,091",cash,Alex - FP&A,needs mapping,Map to GL 6100
24 Sep-25,Mktg,Customer appr.,Soccer Ticket,"(7,381)",manual Entry,Erik,posted,Vendor invoice late
2025-01-15,Mktg,Customer appr.,Gift hamper,"1,079",ERP,Erik,accrual,
23-Sep-25,G&A,Office rent,Landlord,"9,920",Check,,accrual,Ask owner
03 Jan-26,Marketing,Paid media,Google / LinkedIn,"(8,871)",ERP,M. Chen,posted,Timing issue
08/28/25,Mktg,Customer appr.,Gift hamper,"5,726",cash,TBD,manual adj,Vendor invoice late
2025-07-26,Services,Prof services,Implementation clients,"8,530",manual Entry,Erik,Posted,
2025-12-31,R&D,Cloud hosting,AWS / Datadog,"(5,600)",ERP,Erik,needs mapping,
25 Feb-26,Services,Support tools,Zendesk / Gainsight,"5,539",Pos,Andres,late invoice,Timing issue
18-Mar-26,Sales,Sales commission,Payroll,"(3,164)",Pos,finance ops,manual adj,One-off item
09 Nov-25,Mktg,Paid media,Google / LinkedIn,"5,611",manual Entry,,,Check sign
25-Dec-25,G&A,Office rent,Landlord,"6,472",ERP,TBD,posted,Map to GL 6100
10 Feb-26,Revenue,Subscr. revenue,Retail Customer,"2,030",ERP,finance ops,Posted,One-off item
09/19/25,Services,Prof services,Implementation clients,"7,584",manual Entry,Andres,posted,Map to GL 6100
01 Jan-26,Marketing,Events & webinars,Various,"3,943",Pos,,Posted,Timing issue
09-Jul-25,R&D,Cloud hosting,AWS / Datadog,"5,605",Pos,Alex - FP&A,accrual,Timing issue
04/27/25,Services,Support tools,Zendesk / Gainsight,"3,769",ERP,Erik,,Ask owner
31 May-26,Revenue,Revenue,Corp. clients,"8,774",manual Entry,Erik,manual adj,
18-Mar-26,Mktg,Customer appr.,Amazon gift c.,"4,021",ERP,finance ops,late invoice,Map to GL 6100
10 Oct-25,Marketing,Google Ads,Google / LinkedIn,"3,546",cash,finance ops,Posted,Map to GL 6100
22-Apr-26,Sales,CRM / RevOps tools,Salesforce / Outreach,"3,460",manual Entry,finance ops,Posted,One-off item
12/07/25,G&A,Legal fees,Europa Law firm,"6,244",manual Entry,TBD,posted,
2025-07-13,Revenue,Subscr. revenue,Retail Customer,"1,630",Pos,,accrual,One-off item
28-Mar-25,Services,Prof services,Implementation clients,"(9,804)",cash,,posted,
04/20/25,Sales,Sales commission,Payroll,567,ERP,TBD,,Map to GL 6100
09/30/25,Mktg,Paid media,Google / LinkedIn,458,Pos,Erik,posted,Ask owner
2025-08-29,Services,Support tools,Zendesk / Gainsight,"1,993",cash,Andres,Posted,One-off item
10 Feb-26,R&D,AI automation,n8n,"3,447",Check,Alex - FP&A,posted,
2026-06-11,R&D,AI automation,n8n,"7,959",cash,Alex - FP&A,Posted,Ask owner
02/12/25,Marketing,Customer appr.,Amazon gift c.,"9,437",ERP,TBD,manual adj,Map to GL 6100
27-Mar-26,Mktg,Paid media,Google / LinkedIn,"(7,545)",manual Entry,finance ops,posted,Check sign
06/15/26,Mktg,Customer appr.,Soccer Ticket,"(4,338)",manual Entry,,posted,Vendor invoice late
2026-03-06,Services,Support tools,Zendesk / Gainsight,89,cash,Andres,posted,Ask owner
2025-04-02,Sales,CRM / RevOps tools,Salesforce / Outreach,"2,014",Pos,M. Chen,manual adj,One-off item
23-Feb-26,G&A,Office rent,Landlord,"4,132",Check,Erik,accrual,One-off item
2025-12-17,Marketing,Events & webinars,Various,"9,868",Pos,finance ops,,Vendor invoice late
03 Feb-25,Revenue,Service,Retail Customer,"8,170",ERP,Andres,late invoice,Vendor invoice late
25-Jun-26,Mktg,Customer appr.,Amazon gift c.,"(2,410)",Check,Alex - FP&A,,Vendor invoice late
02-Jun-25,COGS,Cloud hosting,AWS / Datadog,"(8,227)",cash,Alex - FP&A,needs mapping,One-off item
2026-05-28,G&A,Accounting fees,Jason CPA,"4,887",Pos,Erik,needs mapping,Ask owner
07 Oct-25,Sales,Sales commission,Payroll,"8,982",Pos,M. Chen,posted,Vendor invoice late
22 Apr-25,COGS,Payroll - eng,Payroll,"7,403",Check,Andres,Posted,Check sign
2025-05-13,Revenue,Product sales,Retail Customer,"(8,461)",Pos,finance ops,late invoice,Vendor invoice late
27-Mar-26,Revenue,Product sales,Retail Customer,"3,905",manual Entry,Alex - FP&A,Posted,
25 Feb-25,R&D,AI automation,n8n,"1,367",Check,M. Chen,Posted,Timing issue
10 May-26,Revenue,Subscr. revenue,Corp. clients,443,cash,Andres,posted,Timing issue
08-Nov-25,Revenue,Service,Retail Customer,"3,547",Pos,TBD,Posted,Timing issue
11-Jan-26,Services,Prof services,Implementation clients,"(7,014)",cash,Andres,posted,Vendor invoice late
21-Jul-25,Marketing,Events & webinars,Various,324,Pos,Andres,manual adj,Check sign
06 Sep-25,Marketing,Customer appr.,Gift hamper,"1,514",Pos,Alex - FP&A,late invoice,Timing issue
05/22/26,R&D,Cloud hosting,AWS / Datadog,"3,570",cash,,manual adj,Ask owner
18 Jan-25,Sales,CRM / RevOps tools,Salesforce / Outreach,"2,383",Check,,posted,Map to GL 6100
03/31/26,COGS,Cloud hosting,AWS / Datadog,"7,269",manual Entry,Erik,posted,Ask owner
04 Apr-26,Sales,Sales commission,Payroll,"3,635",ERP,M. Chen,posted,Vendor invoice late
2025-12-31,G&A,Office rent,Landlord,"8,048",Check,TBD,,Map to GL 6100
17 Mar-25,COGS,Materials,Electric house,"9,179",Check,Andres,late invoice,
21-Jul-25,Revenue,Product sales,Retail Customer,"9,090",Check,TBD,manual adj,One-off item
09-Mar-25,G&A,Legal fees,Europa Law firm,"9,571",cash,Alex - FP&A,,Timing issue
02/07/25,Marketing,Events & webinars,Various,"6,094",Pos,Alex - FP&A,accrual,Ask owner
2025-10-01,Sales,CRM / RevOps tools,Salesforce / Outreach,"(1,433)",cash,,posted,
04-Oct-25,Marketing,Paid media,Google / LinkedIn,"5,308",Pos,finance ops,posted,Check sign
01/22/25,G&A,Office rent,Landlord,"2,257",cash,,accrual,One-off item
27 Oct-25,R&D,Cloud hosting,AWS / Datadog,"3,594",manual Entry,,manual adj,Timing issue
18 Jan-26,Services,Support tools,Zendesk / Gainsight,"2,139",Check,Alex - FP&A,late invoice,Map to GL 6100
2025-06-04,Mktg,Events & webinars,Various,"5,431",ERP,finance ops,late invoice,Timing issue
05-Jun-25,R&D,Payroll - eng,Payroll,"5,143",Check,Alex - FP&A,manual adj,Timing issue
03/25/25,Mktg,Paid media,Google / LinkedIn,"9,169",manual Entry,,manual adj,Ask owner
18 Jan-25,G&A,Accounting fees,Jason CPA,"5,475",cash,Andres,posted,Check sign
05/25/25,Mktg,Events & webinars,Various,"7,002",cash,,accrual,Vendor invoice late
11-Sep-25,Sales,CRM / RevOps tools,Salesforce / Outreach,"9,890",manual Entry,Alex - FP&A,posted,
05/29/25,Marketing,Paid media,Google / LinkedIn,"(9,860)",Pos,Andres,Posted,Check sign
14-Oct-25,Mktg,Customer appr.,Gift hamper,"2,638",Check,Alex - FP&A,manual adj,Vendor invoice late
26-Feb-25,Services,Prof services,Implementation clients,"3,444",Check,finance ops,posted,Check sign
2026-06-17,G&A,Accounting fees,Brandon,"(8,197)",ERP,M. Chen,manual adj,Ask owner
17 Mar-25,R&D,Cloud hosting,AWS / Datadog,"7,338",Pos,Alex - FP&A,posted,Check sign
16-Jan-26,Marketing,Customer appr.,Amazon gift c.,"(1,548)",manual Entry,Alex - FP&A,needs mapping,
2025-06-08,COGS,Payroll - eng,Payroll,"6,501",cash,finance ops,Posted,
17 Mar-25,Services,Support tools,Zendesk / Gainsight,208,Pos,TBD,accrual,Timing issue
17-Feb-26,Revenue,Product sales,Retail Customer,"1,449",cash,Alex - FP&A,needs mapping,Check sign
01/19/26,Services,Support tools,Zendesk / Gainsight,"(4,099)",manual Entry,Andres,needs mapping,Map to GL 6100
06 Oct-25,Sales,Sales commission,Payroll,"5,622",Pos,Erik,needs mapping,Check sign
07-Mar-26,Sales,CRM / RevOps tools,Salesforce / Outreach,"3,502",Pos,Alex - FP&A,,Vendor invoice late
07 Oct-25,Mktg,Paid media,Google / LinkedIn,"8,494",Pos,Alex - FP&A,Posted,Check sign
2025-09-01,Services,Support tools,Zendesk / Gainsight,882,manual Entry,finance ops,Posted,Check sign
11-Sep-25,COGS,Cloud hosting,AWS / Datadog,"7,280",manual Entry,Erik,manual adj,Ask owner
02-Oct-25,Mktg,Events & webinars,Various,"9,140",Pos,Erik,needs mapping,
2026-06-11,Sales,CRM / RevOps tools,Salesforce / Outreach,"6,970",cash,,needs mapping,
27 May-25,G&A,Legal fees,Buchalter,"(2,654)",Check,M. Chen,manual adj,Map to GL 6100
23-Feb-26,G&A,Legal fees,Buchalter,"(4,645)",Check,M. Chen,posted,Ask owner
06/10/26,Mktg,Paid media,Google / LinkedIn,"4,789",Check,TBD,accrual,Ask owner
01/27/26,Marketing,Events & webinars,Various,"(9,479)",Pos,,manual adj,Check sign
26 Jan-25,R&D,Cloud hosting,AWS / Datadog,"6,536",ERP,TBD,,Vendor invoice late
02-Mar-25,Services,Support tools,Zendesk / Gainsight,"9,535",cash,TBD,manual adj,Check sign
08/05/25,Marketing,Google Ads,Google / LinkedIn,"9,669",cash,Andres,late invoice,One-off item
11-Sep-25,COGS,Materials,Johnsons Supply,"1,690",Pos,Erik,accrual,One-off item
06 Jan-26,Sales,CRM / RevOps tools,Salesforce / Outreach,"9,096",Pos,finance ops,,Map to GL 6100
22-Apr-26,Sales,Payroll - sales,Payroll,(900),ERP,,Posted,Timing issue
2026-06-17,Services,Prof services,Implementation clients,"3,050",cash,TBD,Posted,
2025-07-19,G&A,Office rent,Landlord,"8,628",Check,Erik,manual adj,One-off item
18 Oct-25,Mktg,Customer appr.,Gift hamper,"4,809",Check,Andres,manual adj,Vendor invoice late
15-Apr-26,Mktg,Paid media,Google / LinkedIn,"5,554",ERP,,manual adj,Map to GL 6100
2025-08-29,R&D,Cloud hosting,AWS / Datadog,"(7,701)",Check,Erik,late invoice,Ask owner
2026-03-06,Services,Prof services,Implementation clients,"8,115",Check,M. Chen,accrual,
27 Oct-25,Services,Prof services,Implementation clients,440,ERP,Andres,accrual,Vendor invoice late
18-Jun-26,R&D,AI automation,n8n,"8,147",Pos,M. Chen,Posted,One-off item
06-Jun-26,G&A,Legal fees,Europa Law firm,"1,757",manual Entry,finance ops,manual adj,Map to GL 6100
18 May-26,Mktg,Paid media,Google / LinkedIn,231,ERP,Erik,manual adj,Map to GL 6100
05/14/25,Sales,CRM / RevOps tools,Salesforce / Outreach,"4,455",Pos,,needs mapping,
01/22/25,COGS,Materials,Johnsons Supply,"2,810",Check,M. Chen,needs mapping,
21 Dec-25,Mktg,Customer appr.,Amazon gift c.,"4,914",Check,Erik,late invoice,Ask owner
2025-12-20,Sales,Sales commission,Payroll,"4,412",Pos,Erik,needs mapping,Check sign
12/02/25,COGS,Payroll - eng,Payroll,"4,581",manual Entry,Alex - FP&A,manual adj,Check sign
07 Oct-25,COGS,Cloud hosting,AWS / Datadog,"6,645",Check,Alex - FP&A,manual adj,Timing issue
02/27/25,R&D,Cloud hosting,AWS / Datadog,"9,583",ERP,TBD,late invoice,Vendor invoice late
2026-01-09,Mktg,Events & webinars,Various,"2,033",Pos,Alex - FP&A,late invoice,Timing issue
15 Jan-26,Services,Prof services,Implementation clients,"9,592",manual Entry,TBD,,Vendor invoice late
25 Feb-26,Marketing,Customer appr.,Soccer Ticket,"5,257",manual Entry,TBD,posted,Check sign
04/05/25,Mktg,Customer appr.,Gift hamper,"6,399",cash,Alex - FP&A,late invoice,Map to GL 6100
06 Jan-26,Sales,Payroll - sales,Payroll,"8,484",ERP,finance ops,manual adj,Ask owner
2025-12-29,R&D,Cloud hosting,AWS / Datadog,"(5,228)",ERP,Erik,,Timing issue
02/27/25,Services,Support tools,Zendesk / Gainsight,"1,285",Check,Alex - FP&A,manual adj,Timing issue
04-Jul-26,G&A,Office rent,Landlord,"3,807",Check,finance ops,accrual,Check sign
15-Apr-26,G&A,Legal fees,Europa Law firm,"(8,419)",Check,,needs mapping,Vendor invoice late
2025-01-04,Revenue,Product sales,Corp. clients,"(8,847)",ERP,,Posted,Timing issue
2025-11-14,Sales,CRM / RevOps tools,Salesforce / Outreach,"3,424",Check,Andres,,One-off item
26 Sep-25,Revenue,Revenue,Corp. clients,"5,858",Pos,TBD,manual adj,Timing issue
07 Mar-25,R&D,AI automation,n8n,"5,467",ERP,M. Chen,,One-off item
2025-05-13,Sales,CRM / RevOps tools,Salesforce / Outreach,"6,221",manual Entry,Alex - FP&A,late invoice,Vendor invoice late
2025-12-17,Mktg,Customer appr.,Gift hamper,"7,199",manual Entry,TBD,late invoice,
18 Aug-25,Services,Support tools,Zendesk / Gainsight,"2,337",cash,TBD,,One-off item
20 Mar-25,Sales,Sales commission,Payroll,(238),cash,TBD,Posted,Vendor invoice late
2025-07-26,Revenue,Subscr. revenue,Retail Customer,"2,580",cash,Andres,accrual,
2025-09-07,Revenue,Product sales,Retail Customer,"(5,613)",cash,finance ops,manual adj,One-off item
2025-07-12,R&D,Cloud hosting,AWS / Datadog,"2,434",manual Entry,Alex - FP&A,manual adj,Vendor invoice late
06/10/26,COGS,Payroll - eng,Payroll,"7,654",cash,M. Chen,,Check sign
28-Jul-25,Marketing,Google Ads,Google / LinkedIn,"9,251",manual Entry,Andres,late invoice,Map to GL 6100
08/28/25,Revenue,Product sales,Retail Customer,"8,709",cash,Alex - FP&A,accrual,Ask owner
2026-05-07,R&D,Cloud hosting,AWS / Datadog,"4,491",manual Entry,Erik,posted,
09-Jul-25,Mktg,Paid media,Google / LinkedIn,923,Check,finance ops,Posted,Timing issue
14-Oct-25,Services,Support tools,Zendesk / Gainsight,"1,990",cash,TBD,accrual,Check sign
22 Mar-26,Services,Support tools,Zendesk / Gainsight,"9,501",cash,Alex - FP&A,needs mapping,Ask owner
05/26/25,Services,Prof services,Implementation clients,969,Pos,TBD,needs mapping,Check sign
2025-03-19,Mktg,Paid media,Google / LinkedIn,"(3,052)",Pos,Andres,accrual,
11 Dec-25,Services,Support tools,Zendesk / Gainsight,"1,849",manual Entry,,late invoice,Check sign
03/22/25,G&A,Office rent,Landlord,"(2,099)",manual Entry,Erik,manual adj,Vendor invoice late
2025-11-27,R&D,AI automation,n8n,"2,495",Check,finance ops,posted,Timing issue
2025-08-20,Marketing,Google Ads,Google / LinkedIn,"1,664",Pos,TBD,,Check sign
19 Apr-26,Services,Prof services,Implementation clients,"3,614",Check,,accrual,
2025-10-26,Sales,Payroll - sales,Payroll,"3,826",Check,Erik,,One-off item
24-Feb-26,G&A,Office rent,Landlord,"2,954",Check,Andres,accrual,Vendor invoice late
2025-07-06,R&D,AI automation,n8n,358,cash,TBD,manual adj,Map to GL 6100
2026-05-21,Revenue,Service,Retail Customer,"8,787",Pos,M. Chen,needs mapping,Ask owner
12/23/25,Services,Support tools,Zendesk / Gainsight,"3,497",cash,finance ops,manual adj,One-off item
02/07/25,COGS,Cloud hosting,AWS / Datadog,"2,275",Check,TBD,needs mapping,Vendor invoice late
30-Jun-25,Sales,Sales commission,Payroll,"6,320",Check,Alex - FP&A,posted,Ask owner
2025-08-23,Marketing,Google Ads,Google / LinkedIn,"6,219",cash,TBD,accrual,Timing issue
2025-04-08,Revenue,Service,Retail Customer,"7,112",manual Entry,Erik,,Check sign
03/21/25,R&D,Payroll - eng,Payroll,"8,828",cash,Alex - FP&A,manual adj,Timing issue
06/10/26,Services,Support tools,Zendesk / Gainsight,477,cash,Andres,late invoice,Ask owner
15-Apr-26,R&D,Cloud hosting,AWS / Datadog,"(3,287)",Pos,,Posted,Map to GL 6100
19 Feb-25,Sales,Payroll - sales,Payroll,"8,616",cash,,posted,Vendor invoice late
2025-05-13,R&D,Payroll - eng,Payroll,"6,887",manual Entry,TBD,needs mapping,Vendor invoice late
10 May-26,Mktg,Customer appr.,Amazon gift c.,"5,107",Check,TBD,posted,Ask owner
14 Aug-25,Sales,Sales commission,Payroll,"2,029",cash,Alex - FP&A,needs mapping,One-off item
09-Sep-25,G&A,Legal fees,Buchalter,"(3,729)",Check,Erik,needs mapping,One-off item
05/14/25,Revenue,Product sales,Retail Customer,"(7,133)",Pos,Erik,manual adj,Timing issue
09-Sep-25,Sales,Sales commission,Payroll,"9,310",Pos,TBD,manual adj,Map to GL 6100
2025-09-01,COGS,Payroll - eng,Payroll,"3,482",manual Entry,TBD,needs mapping,Vendor invoice late
2025-04-10,Marketing,Google Ads,Google / LinkedIn,"9,461",Pos,Alex - FP&A,needs mapping,Vendor invoice late
02/17/25,Mktg,Paid media,Google / LinkedIn,184,Check,Andres,needs mapping,Map to GL 6100
12/23/25,Services,Prof services,Implementation clients,"9,112",ERP,,,Map to GL 6100
09/30/25,Revenue,Service,Retail Customer,"8,366",cash,Alex - FP&A,needs mapping,Check sign
05-May-26,R&D,AI automation,n8n,"9,808",Check,finance ops,Posted,
12/23/25,Services,Support tools,Zendesk / Gainsight,"6,279",ERP,,manual adj,One-off item
07/01/26,Mktg,Events & webinars,Various,"(6,876)",manual Entry,Andres,,Timing issue
2025-04-21,Sales,CRM / RevOps tools,Salesforce / Outreach,"2,310",cash,Alex - FP&A,manual adj,One-off item
2026-01-04,R&D,AI automation,n8n,"5,431",Pos,finance ops,accrual,Check sign
02/23/25,R&D,Payroll - eng,Payroll,"3,425",cash,,late invoice,Timing issue
02-Oct-25,G&A,Accounting fees,Jason CPA,"6,859",ERP,finance ops,Posted,Timing issue
05/25/25,Sales,Payroll - sales,Payroll,"(2,093)",ERP,Alex - FP&A,accrual,One-off item
03/05/25,Sales,CRM / RevOps tools,Salesforce / Outreach,"5,244",Check,Alex - FP&A,,
03/10/25,Revenue,Service,Corp. clients,"(7,137)",cash,Alex - FP&A,late invoice,Map to GL 6100
29-Mar-26,R&D,Cloud hosting,AWS / Datadog,"(1,401)",ERP,Erik,accrual,Timing issue
29-Jan-26,G&A,Office rent,Landlord,"(2,703)",manual Entry,Alex - FP&A,accrual,Ask owner
2025-02-02,COGS,Payroll - eng,Payroll,"2,363",manual Entry,finance ops,,Check sign
08-Nov-25,Mktg,Paid media,Google / LinkedIn,"6,209",cash,,posted,One-off item
30 Mar-25,Revenue,Revenue,Corp. clients,"5,783",Check,Andres,accrual,Map to GL 6100
24 Sep-25,Mktg,Customer appr.,Gift hamper,"7,812",Check,,posted,
17 Mar-25,R&D,Payroll - eng,Payroll,"7,579",manual Entry,M. Chen,late invoice,Timing issue
24 Dec-25,Sales,CRM / RevOps tools,Salesforce / Outreach,517,cash,Andres,manual adj,
2025-12-06,Mktg,Paid media,Google / LinkedIn,"(2,025)",cash,Alex - FP&A,late invoice,Timing issue
01-Mar-25,G&A,Legal fees,Europa Law firm,"9,772",manual Entry,Alex - FP&A,,Timing issue
04 Jul-25,Revenue,Product sales,Corp. clients,"(7,226)",Pos,,Posted,Vendor invoice late
17 May-25,Services,Prof services,Implementation clients,"5,175",ERP,,accrual,Timing issue
12 Mar-26,R&D,Payroll - eng,Payroll,"4,629",manual Entry,TBD,accrual,Timing issue
29-Jan-26,G&A,Legal fees,Buchalter,"(7,776)",cash,finance ops,Posted,Timing issue
2025-11-14,Mktg,Customer appr.,Gift hamper,"4,855",manual Entry,finance ops,needs mapping,Ask owner
01 Apr-26,R&D,Payroll - eng,Payroll,"(3,861)",manual Entry,TBD,manual adj,Ask owner
06/28/25,COGS,Materials,Electric house,"4,285",manual Entry,TBD,manual adj,Ask owner
24 Apr-26,Revenue,Subscr. revenue,Corp. clients,"3,775",Pos,finance ops,manual adj,Check sign
27 Oct-25,COGS,Payroll - eng,Payroll,"1,710",cash,Alex - FP&A,posted,
2025-05-19,Revenue,Revenue,Corp. clients,"5,240",manual Entry,finance ops,manual adj,Vendor invoice late
2025-02-02,COGS,Cloud hosting,AWS / Datadog,"(6,781)",manual Entry,Andres,late invoice,Check sign
11 Dec-25,Mktg,Events & webinars,Various,"5,333",Check,Andres,accrual,Timing issue
2025-08-20,Services,Support tools,Zendesk / Gainsight,"9,420",Check,,,Ask owner
07/01/26,Services,Prof services,Implementation clients,"8,567",Check,Erik,accrual,
2026-05-01,Sales,Sales commission,Payroll,"(3,122)",manual Entry,M. Chen,late invoice,
12/07/25,Sales,CRM / RevOps tools,Salesforce / Outreach,392,Check,TBD,posted,Ask owner
2026-02-14,Sales,Payroll - sales,Payroll,"(3,967)",manual Entry,Andres,,
03/29/25,Services,Prof services,Implementation clients,"(2,699)",manual Entry,finance ops,accrual,
08-Nov-25,Sales,Payroll - sales,Payroll,"(5,071)",manual Entry,Erik,manual adj,Map to GL 6100
2025-01-04,Revenue,Subscr. revenue,Retail Customer,"5,843",manual Entry,finance ops,,Check sign
29-Nov-25,COGS,Payroll - eng,Payroll,"4,405",ERP,Erik,late invoice,Ask owner
08/05/25,G&A,Office rent,Landlord,"1,665",cash,M. Chen,posted,Vendor invoice late
28-Mar-25,Mktg,Events & webinars,Various,480,manual Entry,finance ops,accrual,One-off item
14-Oct-25,COGS,Cloud hosting,AWS / Datadog,"1,463",Check,Alex - FP&A,Posted,
16 Apr-26,Sales,Payroll - sales,Payroll,"5,041",Check,,posted,Map to GL 6100
2026-03-25,G&A,Office rent,Landlord,669,ERP,TBD,Posted,Check sign
29 Jun-26,R&D,Payroll - eng,Payroll,"(9,440)",Check,finance ops,posted,Timing issue
2025-01-14,Marketing,Customer appr.,Amazon gift c.,"3,435",Check,Erik,late invoice,Check sign
08/05/25,Mktg,Events & webinars,Various,"1,745",Check,Erik,posted,Check sign
25 Oct-25,Services,Support tools,Zendesk / Gainsight,"8,200",Pos,finance ops,Posted,Ask owner
14 Jun-26,Marketing,Customer appr.,Amazon gift c.,"8,466",Check,,needs mapping,Vendor invoice late
05/03/26,Revenue,Subscr. revenue,Retail Customer,"2,286",ERP,M. Chen,late invoice,Ask owner
14 Aug-25,R&D,Cloud hosting,AWS / Datadog,"3,530",ERP,,manual adj,
07/09/26,Services,Prof services,Implementation clients,"(7,208)",Check,M. Chen,accrual,Check sign
13-Sep-25,Services,Support tools,Zendesk / Gainsight,"2,028",ERP,Alex - FP&A,Posted,Check sign
25 Oct-25,G&A,Accounting fees,Brandon,"6,309",manual Entry,M. Chen,needs mapping,One-off item
03 Sep-25,Services,Support tools,Zendesk / Gainsight,"3,827",cash,Andres,,Map to GL 6100
18 Aug-25,Revenue,Subscr. revenue,Corp. clients,(465),manual Entry,Erik,late invoice,Vendor invoice late
11/11/25,G&A,Office rent,Landlord,94,Pos,Erik,,Map to GL 6100
01/31/25,Marketing,Paid media,Google / LinkedIn,"6,177",Pos,finance ops,accrual,
03 Feb-25,Services,Prof services,Implementation clients,"9,605",manual Entry,Alex - FP&A,posted,Check sign
2025-11-30,Sales,CRM / RevOps tools,Salesforce / Outreach,"5,924",cash,M. Chen,needs mapping,Ask owner
10 Jan-25,Marketing,Customer appr.,Gift hamper,"1,965",cash,finance ops,posted,
21-Apr-26,R&D,AI automation,n8n,"4,109",cash,Andres,accrual,One-off item
01-May-25,Revenue,Product sales,Corp. clients,259,Pos,M. Chen,,Vendor invoice late
05-May-26,G&A,Office rent,Landlord,"9,579",Check,TBD,accrual,Timing issue
12/13/25,G&A,Office rent,Landlord,"7,483",manual Entry,Andres,,Map to GL 6100
2025-12-31,Revenue,Service,Retail Customer,"6,568",Check,M. Chen,needs mapping,Check sign
2025-12-31,R&D,Cloud hosting,AWS / Datadog,"1,219",cash,Andres,needs mapping,Check sign
2026-06-17,Marketing,Customer appr.,Gift hamper,"2,101",ERP,,,Check sign
22 Jan-26,Services,Prof services,Implementation clients,"(6,423)",Pos,Andres,needs mapping,One-off item
04 Feb-26,Sales,CRM / RevOps tools,Salesforce / Outreach,(852),Pos,Alex - FP&A,posted,Map to GL 6100
05/04/25,COGS,Materials,Home Depot,"8,350",manual Entry,M. Chen,late invoice,Vendor invoice late
24 Sep-25,R&D,Cloud hosting,AWS / Datadog,(744),ERP,Erik,,Vendor invoice late
2026-05-21,Sales,Payroll - sales,Payroll,"7,442",ERP,,needs mapping,Vendor invoice late
07/01/26,Sales,Sales commission,Payroll,"2,886",cash,finance ops,accrual,Timing issue
12/02/25,Mktg,Customer appr.,Soccer Ticket,"4,733",cash,Andres,posted,Timing issue
07/11/26,Mktg,Paid media,Google / LinkedIn,"8,451",cash,Alex - FP&A,Posted,One-off item
2025-01-15,Mktg,Events & webinars,Various,"2,404",Check,Erik,needs mapping,Timing issue
03/25/25,Mktg,Paid media,Google / LinkedIn,"8,156",cash,Erik,late invoice,One-off item
22 Mar-26,Mktg,Customer appr.,Soccer Ticket,"5,033",manual Entry,Andres,late invoice,Ask owner
03/22/25,Services,Support tools,Zendesk / Gainsight,"9,979",manual Entry,M. Chen,accrual,Timing issue
2025-07-18,G&A,Office rent,Landlord,"9,154",cash,Andres,late invoice,Timing issue
2025-05-16,Services,Support tools,Zendesk / Gainsight,"(4,947)",manual Entry,Alex - FP&A,accrual,Ask owner
2026-01-17,Sales,Payroll - sales,Payroll,"3,306",Pos,Alex - FP&A,needs mapping,Map to GL 6100
04/20/25,Sales,Sales commission,Payroll,"3,198",Pos,finance ops,needs mapping,Check sign
23-Feb-26,G&A,Office rent,Landlord,"3,913",Pos,finance ops,late invoice,One-off item
04 Sep-25,Marketing,Customer appr.,Soccer Ticket,"(6,518)",manual Entry,Alex - FP&A,late invoice,One-off item
2025-07-18,Marketing,Events & webinars,Various,"4,106",Pos,Andres,Posted,One-off item
20-Mar-26,COGS,Materials,Electric house,"(1,069)",Pos,TBD,manual adj,Timing issue
2025-01-23,Sales,Payroll - sales,Payroll,"9,192",cash,Andres,needs mapping,Vendor invoice late
2026-01-04,Services,Support tools,Zendesk / Gainsight,20,Check,Alex - FP&A,manual adj,
03/10/25,G&A,Office rent,Landlord,"7,852",Check,Alex - FP&A,needs mapping,
09 Apr-26,Mktg,Customer appr.,Gift hamper,"1,204",cash,Erik,Posted,Check sign
06 Sep-25,R&D,Cloud hosting,AWS / Datadog,"1,306",manual Entry,Andres,needs mapping,Vendor invoice late
04-Oct-25,Mktg,Events & webinars,Various,"3,757",ERP,M. Chen,accrual,Check sign
2025-07-18,G&A,Office rent,Landlord,"2,159",Pos,M. Chen,late invoice,Timing issue
2025-07-18,COGS,Payroll - eng,Payroll,"(2,406)",ERP,Alex - FP&A,needs mapping,Ask owner
2025-06-22,R&D,Payroll - eng,Payroll,"3,163",cash,finance ops,needs mapping,Check sign
19 Apr-26,Sales,CRM / RevOps tools,Salesforce / Outreach,"7,038",manual Entry,M. Chen,,Ask owner
04-Oct-25,Sales,CRM / RevOps tools,Salesforce / Outreach,"1,734",ERP,TBD,,Check sign
19 Jun-25,Marketing,Paid media,Google / LinkedIn,"8,431",manual Entry,finance ops,posted,Map to GL 6100
2025-08-19,COGS,Materials,Johnsons Supply,"8,093",ERP,Erik,accrual,Ask owner
06/11/25,COGS,Materials,Johnsons Supply,"5,590",Pos,,Posted,Check sign
30-May-25,Marketing,Paid media,Google / LinkedIn,"8,431",Pos,Alex - FP&A,manual adj,Map to GL 6100
2025-11-23,G&A,Legal fees,Buchalter,"(4,221)",Check,Erik,late invoice,Ask owner
07/11/26,Mktg,Events & webinars,Various,"7,200",ERP,finance ops,manual adj,Vendor invoice late
08 Jan-26,Revenue,Product sales,Corp. clients,"9,587",cash,Alex - FP&A,manual adj,Map to GL 6100
21-Jun-26,Revenue,Product sales,Retail Customer,"8,065",manual Entry,Alex - FP&A,posted,One-off item
03-Jul-25,Revenue,Service,Corp. clients,"9,984",cash,,needs mapping,One-off item
2026-06-08,Services,Support tools,Zendesk / Gainsight,298,Pos,Andres,manual adj,
10 Oct-25,Sales,CRM / RevOps tools,Salesforce / Outreach,"2,606",Check,,needs mapping,One-off item
21-Jun-26,COGS,Payroll - eng,Payroll,"2,269",Pos,TBD,manual adj,Map to GL 6100
30-May-25,R&D,Cloud hosting,AWS / Datadog,"9,202",Pos,Alex - FP&A,late invoice,Check sign
25 Feb-25,COGS,Materials,Home Depot,"(5,536)",Pos,Erik,posted,Ask owner
02/12/25,Sales,Sales commission,Payroll,"1,221",Check,finance ops,accrual,Timing issue
2026-05-01,Mktg,Events & webinars,Various,"5,172",Check,TBD,needs mapping,
18-Mar-26,COGS,Cloud hosting,AWS / Datadog,"9,632",cash,finance ops,Posted,Ask owner
30 May-26,COGS,Payroll - eng,Payroll,"1,731",Pos,M. Chen,,Ask owner
29-Mar-26,Sales,Payroll - sales,Payroll,"8,678",cash,,late invoice,
05-Feb-25,R&D,Payroll - eng,Payroll,121,cash,,manual adj,Vendor invoice late
08/27/25,Services,Prof services,Implementation clients,"4,375",Pos,,Posted,Check sign
2026-05-21,Mktg,Events & webinars,Various,"2,729",ERP,finance ops,posted,
20-Mar-26,COGS,Payroll - eng,Payroll,"6,644",ERP,Andres,posted,One-off item
12 Jan-25,R&D,Payroll - eng,Payroll,"3,119",cash,TBD,needs mapping,One-off item
15 Jan-26,Revenue,Subscr. revenue,Corp. clients,"8,556",ERP,M. Chen,needs mapping,Check sign
02/23/25,G&A,Legal fees,Buchalter,"5,012",manual Entry,Andres,manual adj,Check sign
05/04/25,Sales,Payroll - sales,Payroll,"(9,474)",Check,TBD,posted,Vendor invoice late
04-Jul-26,Mktg,Paid media,Google / LinkedIn,428,manual Entry,,,Timing issue
04 Jul-25,Revenue,Revenue,Corp. clients,"9,484",ERP,M. Chen,posted,Vendor invoice late
20-Mar-26,R&D,Payroll - eng,Payroll,"(2,783)",manual Entry,Andres,needs mapping,One-off item
2025-02-04,COGS,Payroll - eng,Payroll,"6,214",cash,TBD,posted,
24 Apr-26,Marketing,Customer appr.,Soccer Ticket,529,Pos,TBD,Posted,
04/25/26,Sales,Sales commission,Payroll,"6,552",cash,Alex - FP&A,posted,Vendor invoice late
21 Dec-25,Marketing,Events & webinars,Various,"7,995",Check,,late invoice,Map to GL 6100
09/12/25,Revenue,Product sales,Retail Customer,613,ERP,M. Chen,posted,Ask owner
13 Aug-25,Sales,Payroll - sales,Payroll,"(4,874)",ERP,TBD,posted,Ask owner
09-Mar-25,COGS,Payroll - eng,Payroll,"6,528",Check,Erik,manual adj,Map to GL 6100
02/27/25,Services,Support tools,Zendesk / Gainsight,"5,253",Pos,M. Chen,needs mapping,Check sign
02/07/25,Sales,Payroll - sales,Payroll,"7,595",Pos,Erik,accrual,Ask owner
04/05/25,R&D,AI automation,n8n,"6,282",Pos,Erik,,
2026-02-14,Revenue,Subscr. revenue,Retail Customer,"(1,890)",ERP,finance ops,manual adj,Vendor invoice late
03/22/25,Sales,Payroll - sales,Payroll,"3,267",Pos,Erik,manual adj,Ask owner
03/12/25,Revenue,Revenue,Corp. clients,"(7,515)",cash,,posted,One-off item
04 Feb-26,Mktg,Paid media,Google / LinkedIn,"7,791",Pos,Andres,,
21-Sep-25,R&D,Cloud hosting,AWS / Datadog,"(5,619)",ERP,Alex - FP&A,late invoice,Vendor invoice late
22 Jan-26,Mktg,Paid media,Google / LinkedIn,"(8,249)",ERP,,,Map to GL 6100
11/06/25,Sales,CRM / RevOps tools,Salesforce / Outreach,"3,301",Pos,M. Chen,needs mapping,One-off item
2025-04-02,G&A,Accounting fees,Brandon,"(2,135)",cash,,posted,Check sign
06 Oct-25,Mktg,Paid media,Google / LinkedIn,"1,085",manual Entry,TBD,late invoice,Ask owner
23 Jun-26,Mktg,Customer appr.,Amazon gift c.,"(6,556)",ERP,Erik,manual adj,Ask owner
2025-02-04,Mktg,Customer appr.,Amazon gift c.,"4,843",cash,Alex - FP&A,,Timing issue
27 Mar-25,Sales,CRM / RevOps tools,Salesforce / Outreach,"3,157",ERP,Andres,,Timing issue
01 Dec-25,G&A,Accounting fees,Brandon,"3,280",cash,TBD,needs mapping,Map to GL 6100
06/10/26,Marketing,Paid media,Google / LinkedIn,"3,395",Pos,Erik,posted,Vendor invoice late
2025-12-14,Marketing,Paid media,Google / LinkedIn,"5,823",Pos,Andres,posted,Vendor invoice late
31-Mar-25,Revenue,Product sales,Retail Customer,"7,379",Check,Andres,posted,Vendor invoice late
11-Sep-25,Sales,Payroll - sales,Payroll,(235),manual Entry,TBD,,Timing issue
2026-07-02,COGS,Cloud hosting,AWS / Datadog,"6,869",ERP,,posted,One-off item
07-Aug-25,Marketing,Google Ads,Google / LinkedIn,"(8,557)",cash,TBD,needs mapping,One-off item
29-Nov-25,G&A,Legal fees,Buchalter,"(8,479)",cash,finance ops,accrual,Timing issue
08-Dec-25,R&D,Cloud hosting,AWS / Datadog,"(3,667)",ERP,Erik,accrual,One-off item
01-Mar-25,Mktg,Events & webinars,Various,"3,716",Check,Erik,posted,Vendor invoice late
03 Jan-26,Services,Prof services,Implementation clients,344,manual Entry,finance ops,needs mapping,Map to GL 6100
03/30/26,Sales,Sales commission,Payroll,"8,066",Check,finance ops,manual adj,Vendor invoice late
04-Oct-25,Mktg,Customer appr.,Gift hamper,"1,448",ERP,TBD,posted,Vendor invoice late
2026-06-17,Mktg,Paid media,Google / LinkedIn,"9,595",ERP,Andres,,Vendor invoice late
12 May-25,Revenue,Product sales,Corp. clients,"5,974",ERP,Andres,needs mapping,Ask owner
23-Apr-26,Revenue,Revenue,Corp. clients,"4,370",Check,M. Chen,,One-off item
02-Jun-25,Marketing,Google Ads,Google / LinkedIn,439,manual Entry,Andres,accrual,Timing issue
2025-06-14,R&D,Cloud hosting,AWS / Datadog,"(2,414)",ERP,TBD,posted,Check sign
12/07/25,Revenue,Service,Retail Customer,"8,802",manual Entry,finance ops,accrual,Ask owner
2026-02-27,Mktg,Customer appr.,Gift hamper,"3,819",cash,Alex - FP&A,manual adj,Timing issue
08/27/25,Sales,Sales commission,Payroll,"(7,379)",cash,,accrual,Map to GL 6100
2026-06-17,Services,Support tools,Zendesk / Gainsight,"7,530",manual Entry,,manual adj,One-off item
08-Sep-25,Marketing,Events & webinars,Various,"6,104",manual Entry,Erik,,Check sign
09/05/25,Sales,Sales commission,Payroll,"4,601",cash,Andres,posted,Vendor invoice late
09/30/25,Revenue,Product sales,Corp. clients,"2,006",ERP,Andres,posted,Vendor invoice late
29-Jul-25,Revenue,Revenue,Retail Customer,"3,675",Check,M. Chen,,Ask owner
2025-07-18,COGS,Materials,Home Depot,"2,944",ERP,finance ops,Posted,One-off item
07 Jul-26,COGS,Payroll - eng,Payroll,"6,338",ERP,finance ops,posted,Vendor invoice late
2025-02-04,Marketing,Google Ads,Google / LinkedIn,"3,235",Pos,finance ops,Posted,One-off item
04/05/25,Revenue,Product sales,Corp. clients,"4,685",ERP,Andres,needs mapping,Map to GL 6100
2025-09-07,R&D,Cloud hosting,AWS / Datadog,141,Pos,finance ops,late invoice,Vendor invoice late
2025-12-29,R&D,AI automation,n8n,"(1,035)",cash,,needs mapping,
21-Jun-26,Marketing,Google Ads,Google / LinkedIn,"7,344",Pos,finance ops,,Check sign
2025-06-03,Revenue,Revenue,Corp. clients,"9,754",Pos,finance ops,posted,
31-Aug-25,Sales,CRM / RevOps tools,Salesforce / Outreach,"1,824",manual Entry,TBD,,One-off item
02/27/25,COGS,Materials,Home Depot,"9,899",cash,Andres,accrual,One-off item
07/09/26,R&D,Payroll - eng,Payroll,"(8,116)",Pos,TBD,Posted,One-off item
2025-11-30,G&A,Office rent,Landlord,"4,584",manual Entry,Andres,manual adj,Vendor invoice late
24-Jul-25,Marketing,Google Ads,Google / LinkedIn,"3,420",Pos,finance ops,posted,Timing issue
04 Feb-26,Services,Support tools,Zendesk / Gainsight,"4,114",cash,Erik,late invoice,
25 Feb-26,COGS,Payroll - eng,Payroll,"(5,374)",Pos,TBD,manual adj,
2026-06-16,Sales,Sales commission,Payroll,"7,254",Check,finance ops,needs mapping,
02-Aug-25,COGS,Payroll - eng,Payroll,"7,273",cash,Andres,late invoice,Check sign
2025-12-14,Services,Prof services,Implementation clients,"8,287",manual Entry,Erik,manual adj,Map to GL 6100
2025-01-04,Services,Prof services,Implementation clients,"9,103",manual Entry,,posted,One-off item
11/11/25,Marketing,Google Ads,Google / LinkedIn,"2,973",Check,Erik,posted,
02/27/25,G&A,Office rent,Landlord,"3,937",manual Entry,M. Chen,manual adj,Map to GL 6100
29-Mar-26,Sales,Payroll - sales,Payroll,"1,495",manual Entry,Andres,posted,Timing issue
26-Feb-25,Services,Prof services,Implementation clients,"1,443",cash,M. Chen,posted,Ask owner
08/05/25,Mktg,Paid media,Google / LinkedIn,"8,798",Pos,Andres,,Map to GL 6100
05/04/25,COGS,Cloud hosting,AWS / Datadog,"5,479",ERP,finance ops,needs mapping,One-off item
2026-02-27,R&D,AI automation,n8n,"6,289",manual Entry,finance ops,manual adj,One-off item
2025-11-19,Mktg,Paid media,Google / LinkedIn,"(9,303)",ERP,M. Chen,posted,Timing issue
17-Feb-26,Marketing,Paid media,Google / LinkedIn,"1,027",Pos,TBD,posted,One-off item
07-Aug-25,Mktg,Customer appr.,Soccer Ticket,"(4,840)",ERP,Alex - FP&A,Posted,Check sign
01 Jan-26,Revenue,Revenue,Retail Customer,"(6,939)",Pos,M. Chen,needs mapping,One-off item
23-Feb-26,Mktg,Events & webinars,Various,"7,495",ERP,,manual adj,Map to GL 6100
22-Apr-26,Revenue,Revenue,Retail Customer,"8,302",cash,finance ops,,Vendor invoice late
01/19/25,Revenue,Product sales,Corp. clients,"4,111",Pos,Erik,late invoice,Ask owner
05/29/25,Sales,Sales commission,Payroll,"(3,479)",ERP,M. Chen,late invoice,Map to GL 6100
2025-08-16,Mktg,Customer appr.,Soccer Ticket,"(2,065)",cash,M. Chen,,Timing issue
2026-05-01,Marketing,Paid media,Google / LinkedIn,"1,028",ERP,Alex - FP&A,Posted,Ask owner
05/21/25,Revenue,Service,Retail Customer,"3,673",Pos,Alex - FP&A,Posted,Timing issue
2025-10-26,Mktg,Customer appr.,Soccer Ticket,"(7,076)",cash,Alex - FP&A,,Ask owner
20 Jul-25,Services,Support tools,Zendesk / Gainsight,257,ERP,TBD,manual adj,Ask owner
16 Mar-25,Marketing,Google Ads,Google / LinkedIn,"4,640",Check,M. Chen,late invoice,
2025-01-04,Marketing,Google Ads,Google / LinkedIn,"7,611",cash,M. Chen,needs mapping,
29-Jul-25,Services,Support tools,Zendesk / Gainsight,"3,628",ERP,M. Chen,needs mapping,Ask owner
01 Jan-26,COGS,Materials,Home Depot,283,ERP,Alex - FP&A,manual adj,
29 Jun-26,Marketing,Customer appr.,Soccer Ticket,"4,513",ERP,Erik,posted,
19 Feb-25,Revenue,Service,Corp. clients,"7,293",cash,Alex - FP&A,Posted,Check sign
07/11/26,G&A,Legal fees,Buchalter,"(5,767)",Pos,Erik,manual adj,Vendor invoice late
10 Dec-25,COGS,Payroll - eng,Payroll,"2,150",Check,,,Ask owner
01 Apr-26,R&D,Cloud hosting,AWS / Datadog,903,manual Entry,Erik,accrual,One-off item
2025-04-08,R&D,Payroll - eng,Payroll,"6,868",manual Entry,M. Chen,manual adj,Ask owner
08/05/25,Revenue,Product sales,Retail Customer,"7,504",cash,Erik,late invoice,Check sign
02 Mar-26,Sales,Payroll - sales,Payroll,"2,824",ERP,Andres,,
25-Apr-25,R&D,Cloud hosting,AWS / Datadog,"5,950",ERP,Alex - FP&A,,
2025-07-13,Sales,CRM / RevOps tools,Salesforce / Outreach,"8,329",cash,M. Chen,late invoice,Vendor invoice late
08/30/25,Revenue,Product sales,Corp. clients,"7,418",cash,,needs mapping,One-off item
29-Jan-26,Revenue,Revenue,Retail Customer,"6,244",manual Entry,finance ops,late invoice,Ask owner
2025-11-23,G&A,Legal fees,Buchalter,"8,108",manual Entry,Alex - FP&A,manual adj,Check sign
2026-06-17,G&A,Accounting fees,Brandon,"4,502",cash,M. Chen,manual adj,Timing issue
15-Mar-26,Mktg,Customer appr.,Soccer Ticket,"(7,466)",cash,TBD,posted,Timing issue
05/28/25,Sales,Sales commission,Payroll,"8,549",Check,M. Chen,needs mapping,One-off item
05/06/26,Sales,Sales commission,Payroll,"7,346",Pos,finance ops,,Vendor invoice late
2025-12-30,Mktg,Customer appr.,Gift hamper,"3,634",Pos,Andres,Posted,Timing issue
22-Jul-25,G&A,Accounting fees,Brandon,"3,089",Pos,,manual adj,Ask owner
07/05/26,Services,Support tools,Zendesk / Gainsight,"6,048",ERP,Andres,,
2025-06-24,Mktg,Events & webinars,Various,"8,076",Pos,M. Chen,late invoice,Vendor invoice late
20 Feb-26,G&A,Legal fees,Buchalter,"6,204",Pos,M. Chen,needs mapping,One-off item
18 Aug-25,G&A,Office rent,Landlord,"3,064",Pos,Alex - FP&A,accrual,Vendor invoice late
15 Jan-26,COGS,Payroll - eng,Payroll,"7,873",Pos,Erik,manual adj,Map to GL 6100
2025-06-29,Revenue,Revenue,Corp. clients,(300),Pos,Alex - FP&A,Posted,Check sign
07 Jul-25,COGS,Payroll - eng,Payroll,"5,031",cash,M. Chen,,Vendor invoice late
2025-11-30,Services,Prof services,Implementation clients,"7,774",Check,TBD,,Vendor invoice late
06/13/26,Marketing,Customer appr.,Amazon gift c.,570,cash,TBD,accrual,
04 Feb-26,COGS,Payroll - eng,Payroll,"9,143",ERP,TBD,posted,Vendor invoice late
17 Mar-25,COGS,Cloud hosting,AWS / Datadog,"2,919",Pos,M. Chen,posted,Vendor invoice late
07/01/26,Marketing,Google Ads,Google / LinkedIn,"(8,303)",ERP,M. Chen,manual adj,Ask owner
2025-06-22,COGS,Cloud hosting,AWS / Datadog,"3,454",Check,Andres,needs mapping,Ask owner
15-Feb-25,Sales,Sales commission,Payroll,"9,030",Check,Alex - FP&A,needs mapping,Ask owner
07 Feb-26,COGS,Payroll - eng,Payroll,"(4,912)",Check,Erik,late invoice,Ask owner
10 Dec-25,G&A,Legal fees,Europa Law firm,"7,246",Check,,,One-off item
14 Aug-25,Sales,CRM / RevOps tools,Salesforce / Outreach,"5,138",cash,Andres,Posted,
14-Oct-25,Services,Support tools,Zendesk / Gainsight,"7,582",cash,Andres,,
24-Apr-25,Marketing,Events & webinars,Various,"(5,270)",Check,Andres,Posted,Vendor invoice late
2025-08-08,Mktg,Events & webinars,Various,"4,022",manual Entry,Andres,needs mapping,Ask owner
01-May-25,Services,Prof services,Implementation clients,(922),Check,finance ops,Posted,
2025-12-18,COGS,Cloud hosting,AWS / Datadog,"(9,551)",manual Entry,Andres,posted,Timing issue
01/19/25,Revenue,Revenue,Retail Customer,"1,485",Check,TBD,posted,One-off item
03/22/25,R&D,Payroll - eng,Payroll,"2,804",Pos,,accrual,Vendor invoice late
03/12/25,Mktg,Paid media,Google / LinkedIn,"2,363",ERP,Erik,manual adj,One-off item
2025-11-27,G&A,Office rent,Landlord,"9,492",Check,TBD,late invoice,Map to GL 6100
08-Dec-25,COGS,Cloud hosting,AWS / Datadog,"1,336",Check,M. Chen,needs mapping,Map to GL 6100
10 Oct-25,Marketing,Events & webinars,Various,"6,613",ERP,,manual adj,Vendor invoice late
2026-01-04,Services,Support tools,Zendesk / Gainsight,"8,633",Pos,finance ops,needs mapping,One-off item
23-Apr-26,G&A,Office rent,Landlord,"4,193",ERP,TBD,late invoice,Vendor invoice late
2025-07-12,Services,Prof services,Implementation clients,"6,006",manual Entry,TBD,manual adj,One-off item
05/13/26,COGS,Cloud hosting,AWS / Datadog,"8,860",ERP,M. Chen,manual adj,
2026-03-05,Sales,Sales commission,Payroll,"5,451",manual Entry,Andres,Posted,One-off item
04 Apr-26,Marketing,Paid media,Google / LinkedIn,"7,403",ERP,M. Chen,late invoice,Vendor invoice late
03/30/26,Sales,CRM / RevOps tools,Salesforce / Outreach,81,Pos,M. Chen,accrual,Map to GL 6100
08/28/25,Sales,Payroll - sales,Payroll,"5,577",Check,Andres,,Check sign
2025-07-06,G&A,Accounting fees,Jason CPA,"5,038",cash,,late invoice,Ask owner
2025-01-15,COGS,Materials,Walmart,"3,408",ERP,Alex - FP&A,Posted,Check sign
05/28/25,R&D,Payroll - eng,Payroll,"5,597",ERP,Andres,accrual,Check sign
31 May-26,Services,Support tools,Zendesk / Gainsight,"5,694",ERP,,accrual,Ask owner
09 Apr-26,Mktg,Events & webinars,Various,"(3,413)",cash,Alex - FP&A,late invoice,Ask owner
04 Apr-26,Mktg,Customer appr.,Soccer Ticket,"9,951",cash,finance ops,late invoice,Map to GL 6100
25-Apr-25,G&A,Legal fees,Europa Law firm,"5,449",manual Entry,Erik,late invoice,Timing issue
04-May-26,G&A,Office rent,Landlord,"6,778",Check,Alex - FP&A,late invoice,Timing issue
2025-02-04,Marketing,Events & webinars,Various,"2,040",Pos,Andres,manual adj,One-off item
07 Oct-25,Services,Support tools,Zendesk / Gainsight,"6,927",ERP,finance ops,Posted,Map to GL 6100
2025-11-23,Revenue,Product sales,Retail Customer,"3,396",cash,TBD,posted,
2026-01-31,Mktg,Events & webinars,Various,"9,730",cash,Andres,needs mapping,Ask owner
09/05/25,R&D,AI automation,n8n,"(4,055)",cash,Erik,posted,Ask owner
12/02/25,Marketing,Events & webinars,Various,"6,156",cash,Erik,posted,Map to GL 6100
22-Jul-25,Revenue,Product sales,Corp. clients,"(5,114)",Pos,,late invoice,
21 Dec-25,Marketing,Events & webinars,Various,"(8,893)",cash,M. Chen,needs mapping,Vendor invoice late
2025-12-17,Revenue,Revenue,Corp. clients,"(8,047)",Check,M. Chen,Posted,
2026-06-19,G&A,Accounting fees,Jason CPA,"(9,109)",manual Entry,TBD,manual adj,One-off item
02/23/25,Sales,CRM / RevOps tools,Salesforce / Outreach,"3,719",Check,TBD,manual adj,Ask owner
03 Jul-26,Revenue,Product sales,Retail Customer,"8,475",manual Entry,TBD,,One-off item
23-Feb-26,R&D,AI automation,n8n,"8,137",manual Entry,finance ops,,Check sign
06/01/26,COGS,Cloud hosting,AWS / Datadog,"3,890",ERP,finance ops,posted,Ask owner
04/20/25,Sales,Sales commission,Payroll,"1,171",ERP,M. Chen,,Ask owner
2025-04-21,COGS,Payroll - eng,Payroll,"8,289",manual Entry,M. Chen,,Check sign
18-Mar-26,Services,Prof services,Implementation clients,"1,507",ERP,Alex - FP&A,,Map to GL 6100
2026-04-18,Services,Support tools,Zendesk / Gainsight,"9,657",cash,Erik,Posted,One-off item
02-Aug-25,Revenue,Revenue,Retail Customer,"(6,456)",Pos,finance ops,needs mapping,Timing issue
03/25/25,G&A,Legal fees,Europa Law firm,"7,815",cash,Alex - FP&A,posted,Check sign
05/22/26,G&A,Legal fees,Buchalter,983,Pos,M. Chen,Posted,Check sign
2025-08-23,Marketing,Paid media,Google / LinkedIn,"9,933",ERP,finance ops,posted,Check sign
08/28/25,Sales,CRM / RevOps tools,Salesforce / Outreach,"8,659",ERP,M. Chen,,Timing issue
02/07/25,COGS,Payroll - eng,Payroll,"5,414",cash,,late invoice,Vendor invoice late
2026-05-28,COGS,Payroll - eng,Payroll,"6,762",cash,TBD,late invoice,Check sign
08/28/25,Marketing,Customer appr.,Soccer Ticket,"7,729",ERP,M. Chen,,Ask owner
09-Jul-25,Sales,CRM / RevOps tools,Salesforce / Outreach,"5,278",Pos,Erik,posted,Timing issue
21-Feb-25,Revenue,Product sales,Corp. clients,"2,795",ERP,Erik,,Vendor invoice late
22-Apr-26,COGS,Cloud hosting,AWS / Datadog,"4,915",Check,Alex - FP&A,accrual,Vendor invoice late
2025-07-19,G&A,Accounting fees,Brandon,"4,533",cash,finance ops,needs mapping,Vendor invoice late
02-Jun-25,Sales,Sales commission,Payroll,774,Check,Andres,Posted,
11/11/25,Services,Support tools,Zendesk / Gainsight,"(6,862)",manual Entry,Erik,needs mapping,Vendor invoice late
04 Jul-25,Services,Prof services,Implementation clients,"6,486",cash,M. Chen,,Timing issue
08/27/25,G&A,Legal fees,Europa Law firm,"1,743",ERP,M. Chen,posted,Timing issue
2026-06-11,Sales,CRM / RevOps tools,Salesforce / Outreach,"4,038",ERP,TBD,needs mapping,Map to GL 6100
23 Jun-26,COGS,Materials,Electric house,"1,348",Check,finance ops,late invoice,
04/03/25,Marketing,Customer appr.,Amazon gift c.,"4,715",Pos,M. Chen,,
25 Feb-26,Marketing,Events & webinars,Various,"8,517",Check,,late invoice,Map to GL 6100
2025-06-03,Services,Support tools,Zendesk / Gainsight,"6,263",manual Entry,M. Chen,Posted,Ask owner
19 Mar-26,Revenue,Revenue,Corp. clients,115,cash,Andres,needs mapping,One-off item
01 Apr-26,Services,Prof services,Implementation clients,"4,368",Pos,,late invoice,Map to GL 6100
15-Feb-25,G&A,Office rent,Landlord,"6,686",manual Entry,Andres,Posted,Check sign
03 Jan-26,G&A,Accounting fees,Brandon,(171),Pos,finance ops,accrual,Check sign
03 May-25,Mktg,Customer appr.,Gift hamper,"7,608",Pos,Alex - FP&A,accrual,One-off item
11/12/25,Marketing,Google Ads,Google / LinkedIn,"6,092",cash,Andres,accrual,
2025-08-20,G&A,Office rent,Landlord,(791),cash,TBD,,One-off item
07/09/26,Sales,Sales commission,Payroll,"(1,386)",ERP,Andres,late invoice,Vendor invoice late
11 May-25,Mktg,Customer appr.,Amazon gift c.,"(9,643)",ERP,Erik,late invoice,Map to GL 6100
2025-12-30,Revenue,Subscr. revenue,Retail Customer,"1,256",Pos,Alex - FP&A,accrual,
08-Sep-25,Marketing,Paid media,Google / LinkedIn,"9,111",cash,,,Vendor invoice late
11 May-25,COGS,Materials,Home Depot,"3,739",ERP,Andres,needs mapping,
07 Apr-26,Services,Prof services,Implementation clients,"(2,051)",manual Entry,finance ops,Posted,Check sign
05/29/26,Marketing,Google Ads,Google / LinkedIn,"(9,872)",ERP,M. Chen,late invoice,Check sign
06 Jan-26,COGS,Cloud hosting,AWS / Datadog,"1,437",ERP,Erik,needs mapping,One-off item
29-Jan-26,Sales,Payroll - sales,Payroll,773,manual Entry,TBD,Posted,One-off item
21-Feb-25,Mktg,Paid media,Google / LinkedIn,"9,148",cash,finance ops,late invoice,Vendor invoice late
01-May-25,G&A,Office rent,Landlord,"3,805",Pos,finance ops,needs mapping,Timing issue
2025-06-13,R&D,Cloud hosting,AWS / Datadog,"7,561",cash,TBD,,Check sign
16-Jan-26,COGS,Payroll - eng,Payroll,6,Pos,M. Chen,,Timing issue
30-May-25,Services,Prof services,Implementation clients,"8,804",cash,Andres,posted,Check sign
26-Dec-25,Marketing,Google Ads,Google / LinkedIn,"(2,588)",cash,Erik,Posted,One-off item
10/11/25,Marketing,Paid media,Google / LinkedIn,"5,214",ERP,Alex - FP&A,posted,Map to GL 6100
27-Jun-25,G&A,Legal fees,Buchalter,"1,551",ERP,M. Chen,Posted,Check sign
2025-09-14,Services,Support tools,Zendesk / Gainsight,"8,015",cash,,late invoice,Vendor invoice late
2025-06-29,Mktg,Paid media,Google / LinkedIn,"8,868",Check,,late invoice,Timing issue
05/25/25,Sales,Sales commission,Payroll,"6,387",ERP,TBD,manual adj,Vendor invoice late
03 Feb-25,COGS,Payroll - eng,Payroll,"5,030",Check,Alex - FP&A,late invoice,Ask owner
23-Apr-26,Revenue,Product sales,Retail Customer,"4,186",cash,,manual adj,Map to GL 6100
02/23/25,Mktg,Events & webinars,Various,"9,488",cash,TBD,late invoice,Vendor invoice late
18 May-26,Marketing,Customer appr.,Gift hamper,"7,780",Pos,,late invoice,Timing issue
07 Apr-26,Services,Support tools,Zendesk / Gainsight,"(2,451)",Pos,TBD,posted,Map to GL 6100
03/21/25,Marketing,Paid media,Google / LinkedIn,232,ERP,Andres,needs mapping,Ask owner
2025-05-22,Services,Prof services,Implementation clients,"7,329",Pos,Andres,late invoice,Ask owner
04 Apr-26,Sales,Payroll - sales,Payroll,"(4,359)",cash,M. Chen,late invoice,Timing issue
2025-10-15,G&A,Accounting fees,Jason CPA,"7,314",Check,Alex - FP&A,accrual,Vendor invoice late
10 Oct-25,Revenue,Service,Retail Customer,193,Pos,finance ops,manual adj,One-off item
23-Sep-25,R&D,AI automation,n8n,"(4,844)",cash,Alex - FP&A,accrual,Timing issue
2025-08-16,Mktg,Events & webinars,Various,"4,958",Check,,late invoice,Map to GL 6100
01-Apr-25,G&A,Accounting fees,Jason CPA,"8,470",manual Entry,,posted,Map to GL 6100
09/10/25,Sales,Sales commission,Payroll,"(1,146)",cash,finance ops,needs mapping,One-off item
21-Jul-25,Mktg,Events & webinars,Various,"4,445",Check,Erik,accrual,
2025-05-19,Sales,Sales commission,Payroll,"9,701",cash,finance ops,needs mapping,Timing issue
2025-10-01,Services,Support tools,Zendesk / Gainsight,"3,645",Pos,M. Chen,,
20 Jun-26,G&A,Legal fees,Buchalter,"(8,904)",ERP,TBD,,Ask owner
2025-11-07,Marketing,Customer appr.,Amazon gift c.,"7,578",Check,TBD,manual adj,
04/17/25,Marketing,Customer appr.,Soccer Ticket,"2,403",ERP,Erik,,Timing issue
02/21/26,R&D,AI automation,n8n,"4,630",cash,TBD,Posted,Map to GL 6100
2025-08-20,Services,Support tools,Zendesk / Gainsight,"3,635",cash,TBD,manual adj,
2025-06-13,Services,Support tools,Zendesk / Gainsight,"(4,292)",Pos,,,Timing issue
31-May-25,COGS,Materials,Walmart,"2,754",manual Entry,Erik,,Vendor invoice late
27-Jan-25,Mktg,Events & webinars,Various,69,manual Entry,,accrual,Map to GL 6100
12/23/25,Revenue,Revenue,Retail Customer,"4,101",ERP,M. Chen,posted,Map to GL 6100
2026-05-21,R&D,Payroll - eng,Payroll,"6,080",Check,Erik,,Check sign
2026-01-17,G&A,Office rent,Landlord,"4,081",Pos,,Posted,
24 Apr-26,Services,Prof services,Implementation clients,(805),Check,Alex - FP&A,needs mapping,Timing issue
03/25/25,G&A,Office rent,Landlord,"7,280",Pos,finance ops,posted,
05-Apr-26,COGS,Cloud hosting,AWS / Datadog,"8,276",Check,Andres,manual adj,Vendor invoice late
07/09/26,R&D,AI automation,n8n,"5,714",Check,Erik,manual adj,Timing issue
16 Mar-25,R&D,AI automation,n8n,"9,550",Check,Erik,,Timing issue
21 Dec-25,R&D,Payroll - eng,Payroll,509,Pos,Alex - FP&A,,One-off item
2025-04-21,G&A,Office rent,Landlord,"3,960",Pos,TBD,needs mapping,Ask owner
11-Sep-25,R&D,Payroll - eng,Payroll,"8,185",Check,finance ops,posted,Ask owner
2025-11-14,G&A,Office rent,Landlord,"(8,041)",ERP,Andres,accrual,Check sign
02/12/25,Sales,CRM / RevOps tools,Salesforce / Outreach,"3,084",ERP,Andres,posted,Timing issue
2025-08-29,COGS,Cloud hosting,AWS / Datadog,"3,023",cash,Erik,Posted,Check sign
03/12/25,Sales,Payroll - sales,Payroll,"2,595",ERP,Andres,,Check sign
2025-08-23,Services,Prof services,Implementation clients,"8,405",Check,finance ops,Posted,
01/27/26,Marketing,Google Ads,Google / LinkedIn,"8,917",Pos,TBD,Posted,One-off item
15-Feb-25,Marketing,Google Ads,Google / LinkedIn,"(3,933)",ERP,Alex - FP&A,posted,One-off item
09 Nov-25,G&A,Office rent,Landlord,"2,824",manual Entry,M. Chen,accrual,Map to GL 6100
07 Apr-26,COGS,Cloud hosting,AWS / Datadog,"9,414",ERP,finance ops,needs mapping,Map to GL 6100
27 May-25,Mktg,Events & webinars,Various,152,Pos,TBD,Posted,Ask owner
2025-12-30,G&A,Office rent,Landlord,"9,155",ERP,Erik,late invoice,Vendor invoice late
2026-03-06,Revenue,Service,Corp. clients,"8,604",ERP,M. Chen,posted,Vendor invoice late
2025-12-30,COGS,Cloud hosting,AWS / Datadog,"3,166",ERP,Andres,needs mapping,One-off item
13-Sep-25,Revenue,Product sales,Corp. clients,"6,686",manual Entry,Andres,manual adj,One-off item
2025-01-15,Revenue,Service,Retail Customer,"9,221",Check,,accrual,Vendor invoice late
31 May-26,Services,Prof services,Implementation clients,"6,219",manual Entry,TBD,manual adj,
18 Aug-25,Sales,Sales commission,Payroll,"4,100",cash,Alex - FP&A,late invoice,Vendor invoice late
10 May-26,Marketing,Customer appr.,Soccer Ticket,"7,492",Pos,M. Chen,manual adj,Timing issue
07 Mar-25,R&D,AI automation,n8n,"3,275",cash,,Posted,Map to GL 6100
05-Feb-25,Services,Support tools,Zendesk / Gainsight,"4,306",Check,Alex - FP&A,needs mapping,Timing issue
02 Jul-25,COGS,Materials,Johnsons Supply,"4,531",Check,,late invoice,Ask owner
09 Jun-26,G&A,Accounting fees,Brandon,"3,220",cash,Andres,Posted,Timing issue
21-Jul-25,Marketing,Google Ads,Google / LinkedIn,"4,487",manual Entry,Erik,Posted,Timing issue
01/02/26,COGS,Cloud hosting,AWS / Datadog,"1,529",Pos,,manual adj,Vendor invoice late
03 Mar-26,G&A,Office rent,Landlord,"(5,319)",Check,Alex - FP&A,needs mapping,Timing issue
12/02/25,COGS,Payroll - eng,Payroll,"9,210",ERP,Andres,posted,Vendor invoice late
2025-07-26,G&A,Office rent,Landlord,"4,406",ERP,finance ops,,One-off item
01 Apr-26,R&D,Payroll - eng,Payroll,"4,605",manual Entry,Alex - FP&A,accrual,Timing issue
01-May-25,Services,Support tools,Zendesk / Gainsight,323,cash,,accrual,
2025-10-15,Marketing,Events & webinars,Various,"(5,611)",manual Entry,Alex - FP&A,posted,Vendor invoice late
19 Jun-25,Revenue,Subscr. revenue,Corp. clients,"2,580",Pos,Erik,accrual,Check sign
2025-07-12,Services,Prof services,Implementation clients,"8,426",manual Entry,TBD,needs mapping,Vendor invoice late
04 Jul-25,Sales,CRM / RevOps tools,Salesforce / Outreach,"9,723",Check,TBD,accrual,Map to GL 6100
2026-05-01,Mktg,Customer appr.,Gift hamper,"6,007",manual Entry,Erik,,One-off item
13 Mar-25,Marketing,Customer appr.,Soccer Ticket,"9,207",cash,,manual adj,Check sign
2025-11-19,R&D,Cloud hosting,AWS / Datadog,"2,793",Pos,Andres,needs mapping,Timing issue
2025-08-08,Marketing,Customer appr.,Soccer Ticket,"3,430",cash,TBD,posted,Map to GL 6100
03/25/25,Marketing,Events & webinars,Various,"1,327",Check,M. Chen,needs mapping,Check sign
10/11/25,COGS,Materials,Walmart,"5,028",Check,Andres,late invoice,One-off item
04/20/25,R&D,AI automation,n8n,"5,656",manual Entry,M. Chen,,Map to GL 6100
08/27/25,G&A,Legal fees,Europa Law firm,"7,105",ERP,finance ops,accrual,Ask owner
29-Nov-25,G&A,Office rent,Landlord,"3,255",Check,Andres,needs mapping,Ask owner
2025-01-15,Sales,CRM / RevOps tools,Salesforce / Outreach,"1,837",cash,Erik,,Map to GL 6100
2025-06-24,R&D,Payroll - eng,Payroll,"9,555",manual Entry,finance ops,,
03 Feb-25,COGS,Cloud hosting,AWS / Datadog,"4,308",manual Entry,finance ops,posted,Vendor invoice late
2025-12-09,COGS,Materials,Walmart,"2,980",ERP,Erik,accrual,Check sign
2026-01-04,COGS,Materials,Walmart,"(5,873)",manual Entry,Alex - FP&A,accrual,Check sign
10 Jul-25,R&D,AI automation,n8n,"3,889",ERP,Alex - FP&A,Posted,
15-Mar-26,R&D,AI automation,n8n,"9,165",ERP,Alex - FP&A,late invoice,One-off item
05/03/26,COGS,Materials,Home Depot,"(3,504)",cash,Alex - FP&A,Posted,Vendor invoice late
09/19/25,COGS,Payroll - eng,Payroll,"8,444",cash,TBD,late invoice,Map to GL 6100
19-Apr-25,Revenue,Product sales,Retail Customer,"4,021",ERP,finance ops,late invoice,One-off item
11-Sep-25,G&A,Legal fees,Europa Law firm,"2,334",ERP,,,Timing issue
19 Feb-25,COGS,Cloud hosting,AWS / Datadog,"(4,893)",manual Entry,finance ops,Posted,Vendor invoice late
03 Apr-26,COGS,Materials,Johnsons Supply,387,Pos,finance ops,,One-off item
06/01/26,G&A,Office rent,Landlord,"(5,122)",Check,Andres,manual adj,Map to GL 6100
21-Apr-26,Sales,Sales commission,Payroll,"1,987",ERP,TBD,,
01/24/26,COGS,Payroll - eng,Payroll,"4,765",Pos,Alex - FP&A,needs mapping,
2026-01-20,COGS,Materials,Walmart,"2,074",Pos,TBD,posted,Map to GL 6100
13 Jan-25,Marketing,Customer appr.,Soccer Ticket,"2,390",Check,M. Chen,needs mapping,Ask owner
03 Feb-25,COGS,Payroll - eng,Payroll,"1,124",cash,Andres,Posted,Timing issue
01/19/25,Marketing,Paid media,Google / LinkedIn,"(5,393)",Pos,Andres,accrual,Map to GL 6100
21-Apr-26,R&D,AI automation,n8n,"2,940",cash,M. Chen,accrual,Vendor invoice late
2025-11-27,Marketing,Google Ads,Google / LinkedIn,"8,295",cash,M. Chen,Posted,Vendor invoice late
25-Jan-26,R&D,Payroll - eng,Payroll,"(9,532)",ERP,M. Chen,posted,
2025-01-04,Revenue,Revenue,Corp. clients,"7,612",ERP,,needs mapping,Check sign
2026-02-14,R&D,AI automation,n8n,"(9,577)",manual Entry,TBD,needs mapping,Ask owner
05/06/26,COGS,Payroll - eng,Payroll,"(9,350)",ERP,TBD,late invoice,One-off item
12 May-25,Revenue,Revenue,Corp. clients,"6,237",cash,Andres,posted,Vendor invoice late
05/06/26,Mktg,Events & webinars,Various,"7,767",Check,finance ops,accrual,
03 Sep-25,R&D,Payroll - eng,Payroll,"2,791",ERP,Andres,accrual,Timing issue
04-May-26,Services,Prof services,Implementation clients,"9,062",ERP,finance ops,late invoice,Timing issue
2025-04-21,Marketing,Events & webinars,Various,"4,602",cash,Alex - FP&A,accrual,Ask owner
06 Sep-25,Services,Prof services,Implementation clients,"(6,452)",ERP,Andres,needs mapping,Vendor invoice late
03-Mar-25,Mktg,Paid media,Google / LinkedIn,"3,807",ERP,,Posted,One-off item
07 Jul-25,COGS,Cloud hosting,AWS / Datadog,"4,691",Check,Andres,accrual,Vendor invoice late
2025-04-08,G&A,Accounting fees,Brandon,"2,635",manual Entry,Alex - FP&A,late invoice,Vendor invoice late
24 Dec-25,Services,Support tools,Zendesk / Gainsight,"2,989",ERP,Erik,accrual,
2025-08-16,Revenue,Subscr. revenue,Corp. clients,"7,525",manual Entry,Andres,accrual,
23-Feb-26,Sales,CRM / RevOps tools,Salesforce / Outreach,"7,542",manual Entry,TBD,,Ask owner
2025-08-19,Mktg,Paid media,Google / LinkedIn,"1,237",Check,Andres,needs mapping,One-off item
16-May-26,Services,Support tools,Zendesk / Gainsight,"1,120",manual Entry,finance ops,,Map to GL 6100
02/27/25,Revenue,Subscr. revenue,Retail Customer,"5,021",manual Entry,Alex - FP&A,,
25 Feb-25,G&A,Legal fees,Buchalter,"2,074",Pos,finance ops,manual adj,Map to GL 6100
2026-01-17,G&A,Accounting fees,Brandon,"2,710",manual Entry,M. Chen,manual adj,Map to GL 6100
12 Jan-25,G&A,Legal fees,Buchalter,"7,685",ERP,finance ops,Posted,Map to GL 6100
02/17/25,Revenue,Service,Corp. clients,"3,337",cash,Erik,needs mapping,Vendor invoice late
06-Jun-26,Sales,Sales commission,Payroll,"7,116",ERP,M. Chen,posted,Vendor invoice late
28-Jul-25,Marketing,Paid media,Google / LinkedIn,"6,576",cash,Alex - FP&A,posted,Check sign
31-May-25,Marketing,Google Ads,Google / LinkedIn,(373),Check,Erik,,Map to GL 6100
03 Jul-26,R&D,AI automation,n8n,213,ERP,M. Chen,needs mapping,
2025-07-12,Revenue,Service,Retail Customer,"1,703",ERP,M. Chen,manual adj,One-off item
16 Nov-25,COGS,Payroll - eng,Payroll,"4,308",Check,Andres,,Map to GL 6100
2025-08-23,Revenue,Service,Corp. clients,"7,590",cash,Erik,accrual,Check sign
2026-06-11,Services,Support tools,Zendesk / Gainsight,474,ERP,Alex - FP&A,,Vendor invoice late
2025-11-30,Marketing,Paid media,Google / LinkedIn,"6,317",manual Entry,finance ops,Posted,Check sign
09/30/25,Marketing,Google Ads,Google / LinkedIn,"7,763",Pos,Erik,manual adj,Ask owner
02 Apr-26,Mktg,Paid media,Google / LinkedIn,"1,943",ERP,Andres,posted,Vendor invoice late
10 May-26,Mktg,Paid media,Google / LinkedIn,"9,790",cash,finance ops,posted,Check sign
05-Jun-25,Marketing,Google Ads,Google / LinkedIn,"5,177",cash,TBD,manual adj,Vendor invoice late
30-May-25,COGS,Cloud hosting,AWS / Datadog,"9,656",Pos,M. Chen,needs mapping,
11-Feb-25,Sales,Payroll - sales,Payroll,"4,592",Pos,Alex - FP&A,Posted,
11/26/25,Revenue,Service,Retail Customer,"9,265",cash,,manual adj,Vendor invoice late
23-Apr-26,R&D,Cloud hosting,AWS / Datadog,"1,654",Pos,Erik,needs mapping,One-off item
21 Dec-25,Marketing,Google Ads,Google / LinkedIn,577,cash,Alex - FP&A,Posted,Vendor invoice late
03/22/25,Revenue,Revenue,Corp. clients,"8,240",cash,finance ops,,Vendor invoice late
2025-12-18,R&D,Payroll - eng,Payroll,"3,915",manual Entry,Erik,Posted,Map to GL 6100
24 Jan-25,R&D,Payroll - eng,Payroll,"3,634",Pos,finance ops,late invoice,Timing issue
02/12/25,Sales,CRM / RevOps tools,Salesforce / Outreach,"6,941",Pos,,manual adj,Check sign
27 Mar-25,G&A,Legal fees,Buchalter,"3,505",Pos,Andres,manual adj,Map to GL 6100
09/10/25,Marketing,Google Ads,Google / LinkedIn,"3,923",cash,TBD,accrual,Vendor invoice late
2025-02-04,G&A,Office rent,Landlord,"(7,986)",Check,Andres,late invoice,Timing issue
11-Sep-25,Marketing,Paid media,Google / LinkedIn,"9,850",cash,Erik,accrual,
2025-08-19,Marketing,Paid media,Google / LinkedIn,"1,049",cash,Erik,Posted,Ask owner
25-May-26,Services,Prof services,Implementation clients,"6,594",cash,Andres,manual adj,Ask owner
2025-04-08,Sales,CRM / RevOps tools,Salesforce / Outreach,"4,332",Check,Erik,Posted,Vendor invoice late
04-Oct-25,Services,Prof services,Implementation clients,"7,040",Check,M. Chen,accrual,Map to GL 6100
02 Apr-26,Services,Prof services,Implementation clients,"9,758",manual Entry,finance ops,late invoice,Timing issue
2025-12-18,Marketing,Paid media,Google / LinkedIn,"3,028",Pos,M. Chen,late invoice,Ask owner
19 Mar-26,Marketing,Paid media,Google / LinkedIn,"7,826",ERP,Alex - FP&A,needs mapping,Check sign
31-Mar-25,Marketing,Paid media,Google / LinkedIn,"9,584",Pos,TBD,Posted,Map to GL 6100
23-Mar-26,Mktg,Paid media,Google / LinkedIn,"3,683",manual Entry,,Posted,Map to GL 6100
03/12/25,R&D,AI automation,n8n,"(2,673)",ERP,Alex - FP&A,posted,
03 Jan-26,COGS,Payroll - eng,Payroll,"3,399",manual Entry,TBD,Posted,Map to GL 6100
24-Apr-25,G&A,Accounting fees,Jason CPA,"1,084",Pos,M. Chen,needs mapping,Timing issue
2026-05-21,COGS,Cloud hosting,AWS / Datadog,"(8,713)",cash,finance ops,,One-off item
01/24/26,G&A,Accounting fees,Brandon,"9,992",ERP,TBD,Posted,
01-May-25,Services,Support tools,Zendesk / Gainsight,"8,939",ERP,,accrual,One-off item
09 Jun-26,Mktg,Paid media,Google / LinkedIn,"7,937",cash,Andres,needs mapping,
27 May-25,Mktg,Customer appr.,Amazon gift c.,"(1,595)",Check,Alex - FP&A,late invoice,Timing issue
03 Jan-26,Sales,CRM / RevOps tools,Salesforce / Outreach,980,Pos,finance ops,needs mapping,Ask owner
26-Jun-26,Revenue,Product sales,Retail Customer,"8,975",Pos,finance ops,posted,Vendor invoice late
05/13/26,R&D,AI automation,n8n,"(4,241)",manual Entry,Erik,posted,Check sign
05-Apr-26,Revenue,Subscr. revenue,Retail Customer,"1,421",cash,finance ops,needs mapping,Check sign
2025-02-02,Marketing,Google Ads,Google / LinkedIn,"6,506",Pos,M. Chen,,Timing issue
2025-06-24,COGS,Materials,Walmart,"9,832",cash,,accrual,Timing issue
07 Jul-26,Services,Prof services,Implementation clients,"8,691",Pos,finance ops,Posted,
12 May-25,Services,Prof services,Implementation clients,"1,329",Pos,Andres,Posted,One-off item
06-Jun-26,COGS,Materials,Johnsons Supply,"4,162",manual Entry,Alex - FP&A,manual adj,Vendor invoice late
17-Feb-26,G&A,Office rent,Landlord,"8,250",cash,Andres,posted,Ask owner
06/11/25,Mktg,Paid media,Google / LinkedIn,122,ERP,,accrual,Ask owner
04-May-26,COGS,Cloud hosting,AWS / Datadog,"1,247",Pos,M. Chen,needs mapping,Check sign
17 May-25,G&A,Office rent,Landlord,"3,122",cash,Alex - FP&A,posted,Ask owner
08 Jan-26,Revenue,Product sales,Corp. clients,"1,400",ERP,Andres,accrual,One-off item
16-May-26,G&A,Office rent,Landlord,"(1,250)",cash,,accrual,One-off item
2026-01-17,Revenue,Product sales,Retail Customer,"5,759",Pos,Erik,manual adj,Vendor invoice late
20 Feb-26,G&A,Office rent,Landlord,"7,846",manual Entry,,manual adj,Check sign
04/20/25,Marketing,Customer appr.,Amazon gift c.,234,Check,Alex - FP&A,Posted,Check sign
23 Jun-26,Sales,Sales commission,Payroll,"4,550",Pos,finance ops,Posted,
2026-01-04,Services,Prof services,Implementation clients,"8,794",ERP,M. Chen,needs mapping,Vendor invoice late
05/04/25,G&A,Office rent,Landlord,"5,511",ERP,finance ops,,Timing issue
03 Jan-26,Marketing,Paid media,Google / LinkedIn,"(7,320)",ERP,Erik,Posted,Ask owner
02-Aug-25,Sales,CRM / RevOps tools,Salesforce / Outreach,"(6,329)",ERP,finance ops,posted,One-off item
2025-12-31,Services,Prof services,Implementation clients,"1,797",Check,TBD,,Check sign
25 Feb-25,Marketing,Customer appr.,Gift hamper,"1,616",Check,,,Map to GL 6100
27-Jun-25,Revenue,Service,Retail Customer,"5,793",cash,Alex - FP&A,Posted,Check sign
01/27/26,Mktg,Events & webinars,Various,"6,536",ERP,Alex - FP&A,posted,One-off item
21 Dec-25,Marketing,Google Ads,Google / LinkedIn,"9,566",ERP,finance ops,accrual,Timing issue
24-Feb-26,Marketing,Google Ads,Google / LinkedIn,"1,398",cash,TBD,late invoice,Vendor invoice late
2025-12-20,COGS,Materials,Electric house,"(1,896)",Pos,TBD,manual adj,Map to GL 6100
2025-05-19,Mktg,Events & webinars,Various,"9,523",Check,Andres,needs mapping,Vendor invoice late
03/25/25,Services,Support tools,Zendesk / Gainsight,"4,096",ERP,Andres,accrual,One-off item
06/13/26,Sales,CRM / RevOps tools,Salesforce / Outreach,"9,398",Pos,TBD,,
28 Jun-26,Mktg,Paid media,Google / LinkedIn,"9,070",Pos,,needs mapping,Ask owner
2025-07-13,COGS,Payroll - eng,Payroll,"1,157",cash,Andres,needs mapping,Ask owner
03-Mar-25,Sales,CRM / RevOps tools,Salesforce / Outreach,"8,909",Check,Andres,needs mapping,Check sign
19 Apr-26,Services,Support tools,Zendesk / Gainsight,"6,705",cash,Alex - FP&A,,Timing issue
06/10/26,Mktg,Customer appr.,Gift hamper,832,ERP,Alex - FP&A,Posted,Vendor invoice late
2025-09-16,R&D,AI automation,n8n,"(4,391)",ERP,finance ops,manual adj,
02/20/25,Services,Support tools,Zendesk / Gainsight,"1,408",Pos,Erik,late invoice,One-off item
06 Jan-26,R&D,Payroll - eng,Payroll,"3,926",Check,Andres,late invoice,Vendor invoice late
12/23/25,Services,Support tools,Zendesk / Gainsight,"2,878",manual Entry,TBD,manual adj,Ask owner
29 Jun-26,Sales,CRM / RevOps tools,Salesforce / Outreach,"9,620",manual Entry,M. Chen,posted,Vendor invoice late
06-Jun-26,COGS,Cloud hosting,AWS / Datadog,"1,828",cash,finance ops,accrual,Timing issue
2025-02-02,Revenue,Product sales,Corp. clients,"5,192",ERP,Erik,manual adj,
03 Feb-25,Services,Prof services,Implementation clients,"9,157",manual Entry,Erik,posted,Vendor invoice late
20 Oct-25,COGS,Cloud hosting,AWS / Datadog,131,Pos,TBD,,Check sign
2025-01-04,Services,Support tools,Zendesk / Gainsight,"4,717",manual Entry,Alex - FP&A,posted,Vendor invoice late
25 Feb-25,Mktg,Customer appr.,Gift hamper,"9,810",manual Entry,,manual adj,Timing issue
18 May-26,Revenue,Revenue,Corp. clients,"8,632",Pos,Erik,accrual,Check sign
29-Mar-26,Revenue,Product sales,Corp. clients,"5,578",manual Entry,TBD,late invoice,Check sign
26-Jun-26,Services,Prof services,Implementation clients,"3,444",ERP,Alex - FP&A,posted,One-off item
05/08/26,Revenue,Service,Retail Customer,"4,538",ERP,M. Chen,manual adj,Ask owner
14 Aug-25,Mktg,Events & webinars,Various,"9,181",Pos,TBD,manual adj,Timing issue
2025-06-03,G&A,Office rent,Landlord,"2,824",Pos,M. Chen,accrual,
28-Mar-25,Sales,Sales commission,Payroll,"(1,499)",manual Entry,finance ops,posted,Timing issue
05/04/25,R&D,AI automation,n8n,"6,489",Check,,late invoice,One-off item
2025-07-18,Mktg,Customer appr.,Gift hamper,"1,595",manual Entry,Alex - FP&A,manual adj,Ask owner
07 Mar-25,Mktg,Customer appr.,Soccer Ticket,"2,571",Pos,,,Map to GL 6100
2025-09-14,Services,Prof services,Implementation clients,"(2,530)",manual Entry,Andres,needs mapping,
2025-08-29,Sales,CRM / RevOps tools,Salesforce / Outreach,"(7,948)",Pos,Alex - FP&A,needs mapping,
05/22/26,Revenue,Revenue,Retail Customer,416,Check,Andres,Posted,One-off item
2025-07-18,Sales,CRM / RevOps tools,Salesforce / Outreach,"8,151",Check,TBD,posted,One-off item
21-Jul-25,Marketing,Paid media,Google / LinkedIn,456,ERP,Alex - FP&A,,One-off item
16 Nov-25,R&D,AI automation,n8n,"5,305",manual Entry,finance ops,needs mapping,Timing issue
2025-11-14,COGS,Materials,Walmart,"9,091",ERP,,needs mapping,Map to GL 6100
27 May-25,G&A,Office rent,Landlord,74,Check,Alex - FP&A,posted,
2025-05-22,Marketing,Paid media,Google / LinkedIn,"6,005",Check,finance ops,late invoice,Timing issue
2025-06-29,G&A,Legal fees,Europa Law firm,(51),ERP,Alex - FP&A,,Timing issue
10/31/25,COGS,Payroll - eng,Payroll,53,cash,Alex - FP&A,Posted,Ask owner
03 Jan-26,G&A,Legal fees,Europa Law firm,"(7,688)",Check,TBD,accrual,
2025-08-23,Services,Support tools,Zendesk / Gainsight,"9,894",Check,,accrual,Vendor invoice late
16-May-26,Revenue,Product sales,Retail Customer,"(3,469)",cash,Alex - FP&A,needs mapping,Vendor invoice late
2025-06-08,Services,Prof services,Implementation clients,"1,289",Pos,Erik,accrual,
16-May-26,Mktg,Customer appr.,Amazon gift c.,"8,266",ERP,Erik,manual adj,Ask owner
2025-04-10,R&D,Payroll - eng,Payroll,"7,100",Check,TBD,late invoice,Check sign
02/07/25,G&A,Accounting fees,Jason CPA,"1,972",cash,,,Map to GL 6100
03-Jul-25,Services,Prof services,Implementation clients,"7,132",Pos,Erik,,Vendor invoice late
2025-06-13,Sales,CRM / RevOps tools,Salesforce / Outreach,"9,358",Pos,M. Chen,late invoice,One-off item
05/26/25,Marketing,Customer appr.,Amazon gift c.,547,ERP,Erik,accrual,Ask owner
28-Jul-25,Sales,Payroll - sales,Payroll,"7,685",cash,Andres,needs mapping,Vendor invoice late
04/17/25,Sales,Sales commission,Payroll,"5,998",Check,M. Chen,,Timing issue
03/12/25,Sales,CRM / RevOps tools,Salesforce / Outreach,"9,524",manual Entry,TBD,posted,Timing issue
2025-01-23,G&A,Office rent,Landlord,"6,572",cash,M. Chen,,One-off item
02/21/26,Revenue,Product sales,Retail Customer,"2,667",Check,TBD,,
14 Jun-26,Marketing,Customer appr.,Amazon gift c.,"1,506",Check,finance ops,Posted,Timing issue
2026-04-10,Services,Support tools,Zendesk / Gainsight,"(5,390)",ERP,,posted,Map to GL 6100
21-Apr-26,Mktg,Paid media,Google / LinkedIn,"(9,430)",Pos,TBD,,Check sign
2025-11-18,Mktg,Paid media,Google / LinkedIn,886,ERP,finance ops,accrual,One-off item
03/29/25,COGS,Cloud hosting,AWS / Datadog,"(9,320)",ERP,Erik,posted,
07/09/26,COGS,Materials,Walmart,67,manual Entry,M. Chen,manual adj,Ask owner
22 Jan-26,Marketing,Paid media,Google / LinkedIn,"(9,646)",Pos,Alex - FP&A,posted,Vendor invoice late
02/17/25,R&D,Cloud hosting,AWS / Datadog,"9,835",manual Entry,Alex - FP&A,Posted,Timing issue
18 Jan-25,Mktg,Customer appr.,Amazon gift c.,"1,244",ERP,M. Chen,late invoice,Timing issue
02/07/25,Services,Support tools,Zendesk / Gainsight,"3,678",cash,M. Chen,Posted,One-off item
19 Feb-25,COGS,Materials,Johnsons Supply,"9,883",Check,Andres,Posted,One-off item
11-Sep-25,Marketing,Google Ads,Google / LinkedIn,"5,764",Check,TBD,,One-off item
06/01/26,Services,Prof services,Implementation clients,"3,179",ERP,TBD,late invoice,Timing issue
05-May-26,Sales,CRM / RevOps tools,Salesforce / Outreach,287,manual Entry,M. Chen,posted,Ask owner
2025-10-15,Revenue,Service,Corp. clients,"7,219",manual Entry,M. Chen,needs mapping,One-off item
30 Mar-25,Marketing,Google Ads,Google / LinkedIn,"9,928",ERP,Alex - FP&A,Posted,
06/28/25,Mktg,Paid media,Google / LinkedIn,"7,694",cash,TBD,Posted,Map to GL 6100
2025-12-14,COGS,Materials,Home Depot,"(5,274)",Pos,Alex - FP&A,posted,Vendor invoice late
13-Sep-25,COGS,Payroll - eng,Payroll,"1,325",manual Entry,M. Chen,posted,Timing issue
03 Mar-26,Revenue,Service,Retail Customer,"6,096",Pos,Andres,needs mapping,Ask owner
25-Jun-26,Services,Support tools,Zendesk / Gainsight,"4,417",Pos,M. Chen,accrual,Vendor invoice late
2025-04-10,COGS,Materials,Home Depot,"6,127",cash,,needs mapping,Ask owner
03/10/25,Marketing,Google Ads,Google / LinkedIn,"5,468",Pos,finance ops,late invoice,
2025-05-19,Revenue,Service,Retail Customer,"3,085",Check,Alex - FP&A,manual adj,Vendor invoice late
2025-07-18,Sales,Sales commission,Payroll,"9,563",manual Entry,finance ops,accrual,One-off item
07/15/25,Services,Support tools,Zendesk / Gainsight,"5,675",ERP,TBD,late invoice,One-off item
09/19/25,G&A,Accounting fees,Brandon,"4,979",Check,TBD,needs mapping,One-off item
02 Jul-25,Services,Support tools,Zendesk / Gainsight,"8,284",Check,finance ops,manual adj,
09 Apr-26,G&A,Legal fees,Europa Law firm,"9,027",Pos,Andres,Posted,Timing issue
2025-09-14,Mktg,Events & webinars,Various,"7,034",Pos,finance ops,Posted,Ask owner
2025-12-20,Sales,CRM / RevOps tools,Salesforce / Outreach,"9,445",ERP,Erik,,Check sign
11/11/25,COGS,Cloud hosting,AWS / Datadog,"9,153",Pos,TBD,late invoice,Ask owner
19 Feb-25,Marketing,Customer appr.,Soccer Ticket,"4,741",manual Entry,Andres,late invoice,Timing issue
14-Oct-25,Revenue,Revenue,Retail Customer,"8,117",cash,finance ops,posted,Ask owner
04 Mar-25,Marketing,Customer appr.,Soccer Ticket,"8,037",Check,TBD,,Vendor invoice late
2025-02-14,R&D,Payroll - eng,Payroll,"1,821",Pos,Erik,posted,One-off item
2026-03-08,Revenue,Service,Corp. clients,"9,400",Check,Alex - FP&A,late invoice,Timing issue
09-Jul-25,Revenue,Service,Retail Customer,"1,496",ERP,,manual adj,One-off item
09/10/25,G&A,Accounting fees,Brandon,"(4,116)",ERP,Andres,accrual,Timing issue
23-Feb-26,Sales,Payroll - sales,Payroll,"3,066",ERP,TBD,needs mapping,Timing issue
23-Mar-26,Services,Support tools,Zendesk / Gainsight,"(6,092)",cash,TBD,Posted,Ask owner
2025-07-18,R&D,AI automation,n8n,"(1,529)",manual Entry,Erik,accrual,Timing issue
2025-12-29,Services,Prof services,Implementation clients,63,ERP,,,One-off item
08-Sep-25,Services,Prof services,Implementation clients,"(7,249)",Pos,,needs mapping,Check sign
2025-10-15,COGS,Cloud hosting,AWS / Datadog,"8,288",manual Entry,Erik,Posted,Map to GL 6100
05/21/25,G&A,Accounting fees,Brandon,"6,188",manual Entry,Alex - FP&A,manual adj,One-off item
2026-04-10,Sales,Sales commission,Payroll,"2,108",manual Entry,finance ops,posted,Vendor invoice late
22-Apr-26,Mktg,Customer appr.,Soccer Ticket,225,manual Entry,finance ops,manual adj,Vendor invoice late
30-May-25,G&A,Accounting fees,Brandon,"(8,171)",manual Entry,,accrual,
06 Jan-26,Sales,Payroll - sales,Payroll,"4,150",Pos,TBD,accrual,Ask owner
2025-06-29,R&D,Payroll - eng,Payroll,"4,250",manual Entry,Alex - FP&A,posted,Check sign
21-Jul-25,R&D,Payroll - eng,Payroll,"8,696",ERP,,posted,Vendor invoice late
21-Jun-26,R&D,Cloud hosting,AWS / Datadog,"1,178",ERP,Alex - FP&A,accrual,One-off item
18 Oct-25,Sales,Payroll - sales,Payroll,"(4,866)",ERP,Alex - FP&A,needs mapping,Check sign
2025-12-17,Sales,Payroll - sales,Payroll,"8,829",manual Entry,Andres,,Check sign
2025-02-14,Sales,Payroll - sales,Payroll,"3,830",ERP,Alex - FP&A,posted,Vendor invoice late
15-Sep-25,Revenue,Product sales,Corp. clients,896,manual Entry,,Posted,Timing issue
08-Nov-25,R&D,Payroll - eng,Payroll,"2,388",cash,Alex - FP&A,Posted,
04-Jul-26,Revenue,Subscr. revenue,Retail Customer,"8,387",Check,Erik,,One-off item
2026-01-04,G&A,Accounting fees,Brandon,695,Pos,TBD,Posted,Timing issue
06/01/26,Sales,Sales commission,Payroll,"(8,214)",ERP,Alex - FP&A,Posted,Check sign
04/03/25,R&D,Cloud hosting,AWS / Datadog,(930),ERP,M. Chen,posted,Vendor invoice late
05-May-25,Services,Support tools,Zendesk / Gainsight,"(7,998)",Pos,M. Chen,late invoice,Ask owner
24 Jan-25,Services,Support tools,Zendesk / Gainsight,"7,415",ERP,Andres,needs mapping,Vendor invoice late
25-May-26,Marketing,Events & webinars,Various,"3,953",manual Entry,Andres,accrual,Map to GL 6100
30-May-25,R&D,Payroll - eng,Payroll,"3,252",cash,Andres,late invoice,Timing issue
2025-04-02,G&A,Accounting fees,Brandon,"2,257",ERP,Andres,needs mapping,Ask owner
12/13/25,COGS,Cloud hosting,AWS / Datadog,214,Pos,TBD,needs mapping,
2025-12-09,Sales,Payroll - sales,Payroll,"7,421",manual Entry,Erik,late invoice,
01/05/25,Revenue,Product sales,Retail Customer,"(8,813)",manual Entry,M. Chen,Posted,Ask owner
2025-09-16,Services,Support tools,Zendesk / Gainsight,"7,082",Check,TBD,late invoice,Ask owner
2026-01-20,Services,Prof services,Implementation clients,"9,814",cash,Alex - FP&A,,Ask owner
08/27/25,R&D,Payroll - eng,Payroll,92,Check,,Posted,Timing issue
03/21/25,Marketing,Google Ads,Google / LinkedIn,"5,836",cash,finance ops,accrual,One-off item
03/21/25,Revenue,Product sales,Corp. clients,"9,811",Check,M. Chen,,
05/06/26,Services,Support tools,Zendesk / Gainsight,"(4,661)",manual Entry,Erik,Posted,Timing issue
06/01/25,Marketing,Events & webinars,Various,"5,089",cash,Erik,,Ask owner
01-Mar-25,Services,Support tools,Zendesk / Gainsight,"3,880",Check,TBD,accrual,Ask owner
06/10/26,Revenue,Product sales,Retail Customer,866,ERP,TBD,,Map to GL 6100
22 Oct-25,Services,Prof services,Implementation clients,"(6,599)",cash,,,Check sign
25-May-26,COGS,Materials,Electric house,"(4,019)",Pos,Erik,,Vendor invoice late
2025-07-18,Revenue,Service,Corp. clients,"7,552",Check,,needs mapping,Check sign
01/27/26,Services,Prof services,Implementation clients,"9,673",ERP,M. Chen,posted,Check sign
2026-03-08,Revenue,Revenue,Corp. clients,"9,356",Check,Alex - FP&A,manual adj,Check sign
30-May-25,R&D,Payroll - eng,Payroll,"1,057",ERP,TBD,,Timing issue
2026-01-04,Marketing,Events & webinars,Various,"2,452",Check,Andres,manual adj,Timing issue
30 Mar-25,COGS,Cloud hosting,AWS / Datadog,"3,817",manual Entry,M. Chen,needs mapping,One-off item
17-Jan-25,G&A,Office rent,Landlord,"(1,372)",Pos,Andres,late invoice,One-off item
20 Jul-25,Revenue,Revenue,Corp. clients,"(1,406)",cash,,posted,Timing issue
21 Dec-25,Mktg,Paid media,Google / LinkedIn,"9,032",ERP,Alex - FP&A,accrual,Vendor invoice late
17 May-25,R&D,AI automation,n8n,"9,838",Pos,finance ops,Posted,Ask owner
2026-03-05,R&D,Payroll - eng,Payroll,"3,861",cash,,needs mapping,Map to GL 6100
16-May-26,Mktg,Paid media,Google / LinkedIn,"(1,513)",manual Entry,Andres,posted,One-off item
01 Dec-25,Marketing,Google Ads,Google / LinkedIn,"5,069",ERP,Alex - FP&A,late invoice,Check sign
27 Oct-25,R&D,Cloud hosting,AWS / Datadog,"6,725",cash,TBD,accrual,One-off item
2026-05-28,Sales,Sales commission,Payroll,"2,214",cash,,manual adj,Map to GL 6100
2025-06-24,Marketing,Customer appr.,Gift hamper,"6,099",Check,Alex - FP&A,manual adj,Vendor invoice late
05-May-25,Mktg,Customer appr.,Soccer Ticket,"5,229",ERP,Andres,needs mapping,Vendor invoice late
06/13/26,G&A,Legal fees,Europa Law firm,"7,047",Check,Andres,needs mapping,Timing issue
2025-07-18,Marketing,Events & webinars,Various,"2,913",Pos,M. Chen,manual adj,Vendor invoice late
2025-05-13,Services,Support tools,Zendesk / Gainsight,"9,265",manual Entry,Alex - FP&A,late invoice,One-off item
18 Aug-25,R&D,Cloud hosting,AWS / Datadog,"9,385",ERP,Erik,late invoice,
01 Jan-26,G&A,Office rent,Landlord,"(4,125)",Pos,,posted,One-off item
2025-12-14,Marketing,Paid media,Google / LinkedIn,"4,724",ERP,TBD,needs mapping,Ask owner
07/11/26,Services,Support tools,Zendesk / Gainsight,"2,021",Pos,M. Chen,posted,Check sign
22-Apr-26,Services,Support tools,Zendesk / Gainsight,"8,740",Check,,manual adj,Ask owner
2025-04-10,Sales,CRM / RevOps tools,Salesforce / Outreach,945,manual Entry,finance ops,accrual,One-off item
04 Apr-26,Revenue,Service,Retail Customer,"2,863",cash,Alex - FP&A,posted,Ask owner
11-Mar-25,G&A,Accounting fees,Jason CPA,"4,290",cash,Alex - FP&A,accrual,Ask owner
2026-05-07,G&A,Accounting fees,Brandon,"(2,352)",cash,M. Chen,manual adj,Vendor invoice late
11-Feb-25,Services,Support tools,Zendesk / Gainsight,(483),manual Entry,finance ops,needs mapping,
07 Feb-26,R&D,AI automation,n8n,"(4,499)",Pos,finance ops,late invoice,One-off item
03/22/25,Marketing,Paid media,Google / LinkedIn,"(9,838)",Check,Alex - FP&A,Posted,One-off item
03/12/25,R&D,Payroll - eng,Payroll,"8,513",Check,TBD,Posted,Timing issue
10/11/25,R&D,AI automation,n8n,"(2,504)",Check,finance ops,needs mapping,Ask owner
02/16/26,Services,Prof services,Implementation clients,"4,470",ERP,M. Chen,needs mapping,Map to GL 6100
2025-06-16,G&A,Office rent,Landlord,"9,532",manual Entry,TBD,late invoice,
04-Oct-25,Revenue,Subscr. revenue,Corp. clients,"(4,191)",Pos,Andres,needs mapping,
2026-04-10,Mktg,Customer appr.,Gift hamper,"2,251",Check,Andres,needs mapping,Check sign
21-Sep-25,Services,Prof services,Implementation clients,"6,789",ERP,Andres,Posted,Timing issue
02/17/25,Marketing,Google Ads,Google / LinkedIn,"3,085",Check,Andres,needs mapping,
27-Jun-25,Marketing,Google Ads,Google / LinkedIn,"7,768",Pos,,Posted,One-off item
21-Jul-25,Marketing,Events & webinars,Various,"(1,709)",manual Entry,TBD,Posted,Timing issue
2025-02-09,Marketing,Customer appr.,Soccer Ticket,745,cash,Erik,Posted,Check sign
25-Jan-26,Revenue,Subscr. revenue,Retail Customer,432,cash,finance ops,needs mapping,
02 Mar-26,Revenue,Subscr. revenue,Retail Customer,"2,021",ERP,finance ops,late invoice,
15-Mar-26,Services,Support tools,Zendesk / Gainsight,"(3,680)",Pos,Erik,,One-off item
07 Apr-26,Sales,Sales commission,Payroll,"5,184",Pos,,,One-off item
19 Jun-25,G&A,Accounting fees,Jason CPA,"8,321",manual Entry,finance ops,accrual,Timing issue
22 Oct-25,Revenue,Product sales,Corp. clients,"5,067",Pos,TBD,late invoice,Check sign
2026-06-17,COGS,Cloud hosting,AWS / Datadog,797,cash,Andres,needs mapping,One-off item
04-May-26,COGS,Cloud hosting,AWS / Datadog,"3,485",manual Entry,Erik,accrual,Check sign
14-Oct-25,Revenue,Subscr. revenue,Corp. clients,"8,285",ERP,Erik,posted,Map to GL 6100
05/03/26,Marketing,Paid media,Google / LinkedIn,"8,234",cash,,posted,Vendor invoice late
08-May-25,Services,Support tools,Zendesk / Gainsight,"9,103",manual Entry,Alex - FP&A,accrual,
03 Apr-26,G&A,Accounting fees,Brandon,"(5,499)",ERP,Erik,manual adj,Check sign
20 Oct-25,G&A,Office rent,Landlord,"2,550",cash,,Posted,One-off item
10 Oct-25,Sales,CRM / RevOps tools,Salesforce / Outreach,"8,006",Pos,,posted,Check sign
02/17/25,Revenue,Service,Corp. clients,"4,091",Pos,TBD,needs mapping,Map to GL 6100
14-Oct-25,COGS,Cloud hosting,AWS / Datadog,227,Check,,accrual,Map to GL 6100
01/19/25,Mktg,Paid media,Google / LinkedIn,"3,489",Check,,,Check sign
28-Mar-25,Services,Support tools,Zendesk / Gainsight,"(6,972)",cash,,accrual,Check sign
08/27/25,Revenue,Service,Corp. clients,"7,764",manual Entry,M. Chen,late invoice,Timing issue
08-Sep-25,COGS,Materials,Walmart,"2,751",Check,,accrual,Ask owner
27 May-25,R&D,AI automation,n8n,458,ERP,Erik,Posted,Ask owner
07 Apr-26,Mktg,Customer appr.,Amazon gift c.,"(7,524)",manual Entry,M. Chen,late invoice,Map to GL 6100
15-Mar-26,Marketing,Paid media,Google / LinkedIn,"9,861",Pos,TBD,posted,Ask owner
24-Apr-25,COGS,Payroll - eng,Payroll,"1,822",manual Entry,M. Chen,Posted,Check sign
02-Mar-25,Marketing,Customer appr.,Soccer Ticket,"9,996",ERP,TBD,needs mapping,Check sign
2025-08-23,COGS,Materials,Electric house,"7,380",Pos,,accrual,Timing issue
31-Aug-25,R&D,AI automation,n8n,"3,152",ERP,finance ops,needs mapping,Vendor invoice late
05/13/26,Revenue,Service,Corp. clients,"2,975",manual Entry,Andres,late invoice,Timing issue
08/27/25,G&A,Office rent,Landlord,"1,401",Pos,finance ops,,Timing issue
18 Oct-25,COGS,Materials,Electric house,"1,115",manual Entry,Alex - FP&A,manual adj,Vendor invoice late
2025-12-17,Revenue,Revenue,Retail Customer,"5,027",manual Entry,finance ops,late invoice,
25 Oct-25,Services,Support tools,Zendesk / Gainsight,"2,740",Pos,M. Chen,posted,
09/05/25,Mktg,Paid media,Google / LinkedIn,"6,967",cash,finance ops,manual adj,Vendor invoice late
04-May-26,Revenue,Service,Retail Customer,"2,617",manual Entry,,posted,Vendor invoice late
04/03/25,Sales,Payroll - sales,Payroll,"2,848",Pos,M. Chen,Posted,Check sign
02/21/26,G&A,Legal fees,Europa Law firm,"6,072",ERP,Alex - FP&A,accrual,Timing issue
2025-12-30,Mktg,Customer appr.,Amazon gift c.,"6,496",ERP,finance ops,Posted,Check sign
05/29/25,Services,Prof services,Implementation clients,"8,067",Check,finance ops,manual adj,Map to GL 6100
2026-03-05,R&D,Payroll - eng,Payroll,"(8,287)",cash,Alex - FP&A,late invoice,Vendor invoice late
06/01/25,R&D,Payroll - eng,Payroll,"3,157",Pos,M. Chen,,Check sign
21-Jul-25,Mktg,Events & webinars,Various,"1,929",manual Entry,M. Chen,manual adj,Ask owner
11/11/25,Sales,Sales commission,Payroll,"7,122",Pos,Alex - FP&A,posted,One-off item
2025-04-21,G&A,Legal fees,Buchalter,"1,285",cash,,late invoice,One-off item
26-Dec-25,G&A,Legal fees,Buchalter,"5,743",manual Entry,Alex - FP&A,Posted,Ask owner
01 Dec-25,G&A,Office rent,Landlord,"9,091",manual Entry,,,Vendor invoice late
06 Feb-25,Marketing,Google Ads,Google / LinkedIn,"4,978",cash,Andres,Posted,Ask owner
22 Jan-26,Revenue,Product sales,Retail Customer,"9,527",Check,Andres,,Ask owner
19 Apr-26,Mktg,Events & webinars,Various,"6,898",cash,Alex - FP&A,needs mapping,Map to GL 6100
2026-01-31,Marketing,Customer appr.,Gift hamper,"9,525",ERP,finance ops,accrual,Timing issue
20-Mar-26,G&A,Legal fees,Europa Law firm,"5,542",Check,TBD,,Vendor invoice late
25 Feb-26,Services,Support tools,Zendesk / Gainsight,61,ERP,M. Chen,late invoice,Timing issue
07/11/26,Sales,Sales commission,Payroll,"2,297",Pos,finance ops,accrual,Map to GL 6100
2025-11-19,Revenue,Service,Corp. clients,"1,337",manual Entry,Erik,late invoice,Map to GL 6100
2025-06-29,Marketing,Google Ads,Google / LinkedIn,"6,518",Check,Andres,,One-off item
14 Aug-25,Sales,Payroll - sales,Payroll,"(2,863)",Check,M. Chen,Posted,Vendor invoice late
2025-01-16,Marketing,Google Ads,Google / LinkedIn,390,manual Entry,M. Chen,posted,Ask owner
03 Jul-26,Services,Support tools,Zendesk / Gainsight,371,Check,TBD,,Ask owner
06/28/25,Mktg,Events & webinars,Various,"5,686",manual Entry,finance ops,needs mapping,One-off item
10/31/25,Sales,CRM / RevOps tools,Salesforce / Outreach,"7,770",cash,Andres,late invoice,Map to GL 6100
26-Dec-25,Revenue,Revenue,Retail Customer,"7,926",Pos,finance ops,manual adj,Timing issue
2025-02-02,Revenue,Revenue,Retail Customer,"7,369",ERP,TBD,needs mapping,Check sign
11/06/25,G&A,Legal fees,Europa Law firm,"8,727",manual Entry,TBD,late invoice,One-off item
01/05/25,Marketing,Events & webinars,Various,618,Check,Andres,accrual,
10 May-26,Sales,Sales commission,Payroll,"(5,928)",Check,TBD,needs mapping,Timing issue
01/27/26,Services,Prof services,Implementation clients,"8,544",Pos,M. Chen,accrual,Vendor invoice late
20 Mar-25,Mktg,Customer appr.,Gift hamper,"7,409",ERP,Andres,Posted,Vendor invoice late
2026-06-08,Services,Support tools,Zendesk / Gainsight,(250),ERP,Alex - FP&A,manual adj,Timing issue
17-Jan-25,G&A,Legal fees,Europa Law firm,"(4,058)",cash,Alex - FP&A,accrual,One-off item
2025-10-01,Revenue,Service,Retail Customer,843,Check,Erik,accrual,
29-Jul-25,Services,Support tools,Zendesk / Gainsight,"9,021",Pos,Alex - FP&A,accrual,One-off item
24 Dec-25,Services,Prof services,Implementation clients,(820),Pos,finance ops,posted,Vendor invoice late
22 Apr-25,G&A,Legal fees,Europa Law firm,"3,753",ERP,Alex - FP&A,late invoice,Vendor invoice late
09/05/25,G&A,Legal fees,Europa Law firm,"(8,333)",manual Entry,M. Chen,needs mapping,Timing issue
2025-09-16,Services,Prof services,Implementation clients,"(2,434)",Check,finance ops,late invoice,Timing issue
14 Jun-26,Revenue,Subscr. revenue,Retail Customer,"9,975",ERP,,,Map to GL 6100
08-Dec-25,R&D,AI automation,n8n,"2,627",Pos,Andres,Posted,Map to GL 6100
31-Mar-25,Sales,CRM / RevOps tools,Salesforce / Outreach,"8,254",cash,Alex - FP&A,needs mapping,Ask owner
12 May-25,Marketing,Customer appr.,Amazon gift c.,"7,914",Pos,TBD,Posted,Map to GL 6100
20 Jun-26,R&D,Cloud hosting,AWS / Datadog,"9,314",manual Entry,M. Chen,accrual,Timing issue
09/12/25,Sales,Payroll - sales,Payroll,"5,233",cash,Andres,,Timing issue
2025-02-02,Services,Prof services,Implementation clients,"9,855",manual Entry,Andres,,Check sign
2025-12-14,Mktg,Customer appr.,Amazon gift c.,"9,296",ERP,Andres,needs mapping,Timing issue
11-Feb-25,Revenue,Subscr. revenue,Retail Customer,"6,631",Pos,Erik,manual adj,Timing issue
2025-12-06,Sales,Payroll - sales,Payroll,"1,462",Check,M. Chen,posted,One-off item
17-Feb-26,Marketing,Google Ads,Google / LinkedIn,(997),ERP,TBD,,Check sign
08 Jan-26,G&A,Accounting fees,Jason CPA,"4,154",Pos,finance ops,posted,Vendor invoice late
2025-05-19,Sales,Payroll - sales,Payroll,"6,718",cash,Andres,manual adj,One-off item
2025-05-02,Sales,Sales commission,Payroll,"1,665",ERP,,manual adj,Timing issue
02/21/26,Marketing,Events & webinars,Various,"7,102",cash,Andres,,One-off item
15 Jan-26,Marketing,Paid media,Google / LinkedIn,13,cash,M. Chen,manual adj,Vendor invoice late
2025-04-10,Services,Support tools,Zendesk / Gainsight,"3,367",ERP,,late invoice,Timing issue
2025-01-14,Services,Prof services,Implementation clients,"6,187",manual Entry,Alex - FP&A,Posted,Vendor invoice late
31-Aug-25,Marketing,Google Ads,Google / LinkedIn,"(3,374)",Pos,finance ops,Posted,Map to GL 6100
2026-02-27,R&D,AI automation,n8n,"1,159",Pos,Erik,accrual,Map to GL 6100
2025-01-16,G&A,Office rent,Landlord,"5,011",cash,finance ops,manual adj,One-off item
2025-07-26,Revenue,Revenue,Retail Customer,"(5,948)",manual Entry,Alex - FP&A,Posted,Ask owner
22 Oct-25,Mktg,Events & webinars,Various,"(4,394)",Check,Erik,manual adj,Ask owner
01/02/26,Marketing,Paid media,Google / LinkedIn,"3,390",ERP,TBD,accrual,Map to GL 6100
04 Feb-26,Mktg,Paid media,Google / LinkedIn,"1,316",Check,TBD,Posted,Vendor invoice late
02/01/26,Marketing,Events & webinars,Various,332,Check,,accrual,Check sign
05-Feb-25,Mktg,Events & webinars,Various,"2,100",Pos,,posted,Map to GL 6100
31-Aug-25,COGS,Materials,Electric house,"8,665",Pos,Andres,posted,
06 Sep-25,Services,Support tools,Zendesk / Gainsight,"6,994",Pos,finance ops,manual adj,Timing issue
25 Feb-26,Services,Prof services,Implementation clients,"1,724",Check,Andres,Posted,Vendor invoice late
2025-08-08,Mktg,Customer appr.,Soccer Ticket,"(5,796)",cash,M. Chen,posted,
05-May-25,G&A,Accounting fees,Jason CPA,"2,056",Check,Alex - FP&A,Posted,Vendor invoice late
2026-02-14,Marketing,Customer appr.,Amazon gift c.,"3,215",Check,Andres,needs mapping,One-off item
12/13/25,R&D,AI automation,n8n,"7,393",manual Entry,TBD,Posted,One-off item
17-Jan-25,R&D,Payroll - eng,Payroll,(335),ERP,M. Chen,needs mapping,
01/19/26,COGS,Cloud hosting,AWS / Datadog,"4,649",Check,Erik,accrual,Ask owner
01/05/25,G&A,Office rent,Landlord,"9,554",cash,,Posted,One-off item
02/01/26,Marketing,Customer appr.,Gift hamper,"8,491",Check,,manual adj,
13 Nov-25,G&A,Office rent,Landlord,123,Pos,TBD,Posted,Timing issue
2025-12-09,G&A,Accounting fees,Brandon,"2,739",manual Entry,Alex - FP&A,manual adj,
15-Apr-26,Sales,Payroll - sales,Payroll,"(7,640)",cash,finance ops,accrual,Map to GL 6100
09-Mar-25,Revenue,Product sales,Retail Customer,"5,587",manual Entry,M. Chen,needs mapping,Map to GL 6100
24-Feb-26,Services,Support tools,Zendesk / Gainsight,"5,175",manual Entry,M. Chen,Posted,Map to GL 6100
06/01/25,Revenue,Product sales,Retail Customer,"(1,520)",manual Entry,Erik,,Vendor invoice late
2025-03-19,Revenue,Product sales,Retail Customer,"4,042",manual Entry,,posted,Vendor invoice late
2025-11-07,G&A,Legal fees,Buchalter,"3,826",cash,M. Chen,accrual,Map to GL 6100
2025-10-01,Services,Prof services,Implementation clients,"3,866",Pos,,needs mapping,One-off item
31-Mar-25,Services,Support tools,Zendesk / Gainsight,"7,107",Check,Alex - FP&A,needs mapping,Vendor invoice late
2026-05-21,COGS,Payroll - eng,Payroll,"5,567",cash,,manual adj,Check sign
2025-09-07,Mktg,Paid media,Google / LinkedIn,"(7,689)",Pos,M. Chen,needs mapping,Map to GL 6100
2026-01-04,R&D,Payroll - eng,Payroll,"6,710",Check,Erik,late invoice,Check sign
10 May-26,G&A,Accounting fees,Jason CPA,"8,722",manual Entry,M. Chen,manual adj,Ask owner
04/20/25,Sales,Sales commission,Payroll,(580),manual Entry,Alex - FP&A,,
26 Sep-25,Mktg,Events & webinars,Various,"(4,090)",Pos,Erik,accrual,One-off item
24 Apr-26,Revenue,Subscr. revenue,Corp. clients,"8,441",manual Entry,finance ops,needs mapping,
09 Apr-26,Revenue,Subscr. revenue,Retail Customer,"5,433",manual Entry,M. Chen,late invoice,
10/17/25,Mktg,Events & webinars,Various,"9,845",cash,TBD,late invoice,Map to GL 6100
03/25/25,Mktg,Events & webinars,Various,"2,286",ERP,Andres,manual adj,Map to GL 6100
2025-12-17,Sales,Payroll - sales,Payroll,"2,690",cash,finance ops,needs mapping,Ask owner
07 Oct-25,COGS,Cloud hosting,AWS / Datadog,"4,264",manual Entry,,accrual,One-off item
16-Dec-25,COGS,Payroll - eng,Payroll,"(1,615)",manual Entry,M. Chen,,Vendor invoice late
2025-08-29,Sales,Sales commission,Payroll,607,cash,finance ops,late invoice,Timing issue
2025-08-08,G&A,Office rent,Landlord,"7,510",manual Entry,finance ops,Posted,One-off item
2025-12-06,Mktg,Events & webinars,Various,532,cash,TBD,posted,Timing issue
14 Aug-25,Services,Prof services,Implementation clients,"(3,365)",cash,finance ops,Posted,Ask owner
10 Feb-26,G&A,Legal fees,Europa Law firm,"(8,757)",Pos,M. Chen,late invoice,Timing issue
2025-07-19,COGS,Cloud hosting,AWS / Datadog,(10),Check,Alex - FP&A,needs mapping,
04-May-26,G&A,Accounting fees,Brandon,"2,883",Check,,posted,Ask owner
2025-06-29,Sales,Payroll - sales,Payroll,35,Check,TBD,late invoice,Vendor invoice late
31-Aug-25,R&D,Cloud hosting,AWS / Datadog,"2,669",cash,Alex - FP&A,late invoice,Check sign
07 Jul-25,R&D,Payroll - eng,Payroll,"(8,774)",Pos,Alex - FP&A,late invoice,One-off item
2025-09-14,COGS,Payroll - eng,Payroll,"6,017",cash,M. Chen,posted,Map to GL 6100
05-Feb-25,Revenue,Product sales,Corp. clients,"6,695",cash,finance ops,accrual,Ask owner
11/11/25,Mktg,Events & webinars,Various,"(2,159)",Pos,Alex - FP&A,accrual,Timing issue
2026-03-21,Sales,Payroll - sales,Payroll,"5,927",Check,Alex - FP&A,Posted,Timing issue
2026-05-01,COGS,Cloud hosting,AWS / Datadog,"9,132",manual Entry,TBD,accrual,Vendor invoice late
2025-08-20,G&A,Office rent,Landlord,"1,594",ERP,Alex - FP&A,,Vendor invoice late
07-Aug-25,R&D,AI automation,n8n,"7,618",ERP,Andres,late invoice,One-off item
17 May-25,Services,Support tools,Zendesk / Gainsight,"3,651",ERP,Erik,accrual,One-off item
06/28/25,COGS,Cloud hosting,AWS / Datadog,"5,708",manual Entry,Erik,manual adj,Map to GL 6100
2025-08-20,COGS,Materials,Johnsons Supply,"2,872",ERP,TBD,posted,Check sign
30-May-25,G&A,Legal fees,Buchalter,"2,444",manual Entry,Alex - FP&A,accrual,One-off item
22 Oct-25,Marketing,Google Ads,Google / LinkedIn,"3,624",Pos,Alex - FP&A,late invoice,Vendor invoice late
02 Apr-26,Revenue,Service,Retail Customer,"(3,146)",cash,M. Chen,posted,Ask owner
2026-01-09,COGS,Cloud hosting,AWS / Datadog,"(5,697)",manual Entry,M. Chen,accrual,One-off item
27-Mar-26,Marketing,Customer appr.,Soccer Ticket,"(7,994)",cash,Erik,late invoice,Vendor invoice late
14 Jun-26,Services,Support tools,Zendesk / Gainsight,"2,295",cash,,Posted,Vendor invoice late
07 Jul-26,Services,Prof services,Implementation clients,"2,943",ERP,,accrual,Ask owner
06 Sep-25,COGS,Cloud hosting,AWS / Datadog,"(5,863)",Pos,Alex - FP&A,late invoice,Vendor invoice late
20-Mar-26,COGS,Payroll - eng,Payroll,"8,246",manual Entry,M. Chen,accrual,Ask owner
24 Jan-25,Marketing,Google Ads,Google / LinkedIn,"8,889",cash,finance ops,late invoice,Map to GL 6100
10/17/25,Sales,Sales commission,Payroll,"5,113",Pos,Andres,,One-off item
02/15/26,Marketing,Events & webinars,Various,"5,882",ERP,M. Chen,accrual,Vendor invoice late
08-Nov-25,Marketing,Events & webinars,Various,"7,375",Pos,M. Chen,manual adj,Timing issue
2025-04-21,Revenue,Product sales,Corp. clients,"4,659",Check,Alex - FP&A,accrual,Map to GL 6100
04 Apr-26,Sales,CRM / RevOps tools,Salesforce / Outreach,"(2,722)",ERP,Alex - FP&A,manual adj,Vendor invoice late
11-Jan-26,Services,Prof services,Implementation clients,"3,088",ERP,Erik,,Check sign
2026-04-29,Revenue,Subscr. revenue,Retail Customer,85,Pos,Alex - FP&A,accrual,Timing issue
07 Jul-25,R&D,AI automation,n8n,"7,427",ERP,Andres,,Timing issue
05/29/25,Services,Support tools,Zendesk / Gainsight,"8,040",ERP,Erik,needs mapping,
2025-05-13,G&A,Office rent,Landlord,"1,644",Pos,Erik,accrual,Map to GL 6100
19 Apr-26,Marketing,Events & webinars,Various,(627),Check,,,Timing issue
03-Mar-25,Services,Support tools,Zendesk / Gainsight,748,Check,Alex - FP&A,posted,One-off item
09/19/25,Mktg,Paid media,Google / LinkedIn,"2,732",ERP,TBD,Posted,
23-Mar-26,Marketing,Google Ads,Google / LinkedIn,"6,800",Check,TBD,needs mapping,Timing issue
21-Jul-25,Marketing,Events & webinars,Various,"3,542",cash,M. Chen,late invoice,Ask owner
13 Mar-25,R&D,Payroll - eng,Payroll,"3,210",Check,TBD,manual adj,One-off item
07 Jul-25,Mktg,Customer appr.,Soccer Ticket,"(6,385)",ERP,,needs mapping,Timing issue
20 Mar-25,COGS,Payroll - eng,Payroll,"5,647",cash,Erik,late invoice,Ask owner
03/25/25,G&A,Office rent,Landlord,"7,956",ERP,Erik,needs mapping,Check sign
2026-06-19,Marketing,Google Ads,Google / LinkedIn,"(3,720)",Pos,TBD,manual adj,Timing issue
02-Jun-25,Marketing,Customer appr.,Amazon gift c.,"8,842",Check,,posted,One-off item
2026-05-21,COGS,Payroll - eng,Payroll,"1,723",cash,M. Chen,,
07 Mar-25,COGS,Payroll - eng,Payroll,"3,805",Check,TBD,accrual,
2025-05-16,Services,Prof services,Implementation clients,"9,864",ERP,,late invoice,Map to GL 6100
2025-04-08,COGS,Cloud hosting,AWS / Datadog,"9,306",Pos,Andres,posted,One-off item
2025-12-04,Services,Prof services,Implementation clients,155,Pos,Erik,needs mapping,Ask owner
2025-05-20,G&A,Accounting fees,Brandon,"6,239",Check,,posted,One-off item
07/12/26,G&A,Accounting fees,Brandon,"(5,563)",ERP,Erik,Posted,Timing issue
07/15/25,G&A,Office rent,Landlord,"1,548",Pos,M. Chen,accrual,Map to GL 6100
18 Jan-25,Revenue,Service,Corp. clients,"6,284",Check,finance ops,Posted,Check sign
03 Sep-25,Services,Support tools,Zendesk / Gainsight,"(2,122)",Pos,TBD,,Timing issue
10/11/25,Mktg,Customer appr.,Gift hamper,"(8,769)",Pos,TBD,needs mapping,Vendor invoice late
2025-04-10,COGS,Cloud hosting,AWS / Datadog,"7,745",ERP,,accrual,Vendor invoice late
01 Jan-26,Services,Prof services,Implementation clients,"8,571",Pos,TBD,Posted,
04/20/25,Marketing,Customer appr.,Amazon gift c.,"4,213",cash,,Posted,
19 Jun-25,Marketing,Events & webinars,Various,59,Check,Erik,Posted,Vendor invoice late
2025-12-17,Mktg,Paid media,Google / LinkedIn,"9,744",ERP,TBD,accrual,Vendor invoice late
06/11/25,Services,Prof services,Implementation clients,"3,305",ERP,TBD,manual adj,Check sign
25 Oct-25,G&A,Office rent,Landlord,"5,658",Check,Andres,late invoice,Check sign
2026-01-31,Revenue,Product sales,Corp. clients,"9,964",ERP,finance ops,Posted,
30-May-25,G&A,Accounting fees,Jason CPA,"5,194",cash,Andres,needs mapping,Vendor invoice late
11 May-25,Mktg,Events & webinars,Various,"7,689",Pos,Erik,manual adj,Map to GL 6100
30-Jul-25,COGS,Cloud hosting,AWS / Datadog,"7,661",manual Entry,Erik,accrual,Map to GL 6100
14 Jun-26,Sales,Payroll - sales,Payroll,"6,280",ERP,,accrual,Vendor invoice late
2025-05-13,COGS,Cloud hosting,AWS / Datadog,"7,112",manual Entry,M. Chen,late invoice,Vendor invoice late
2025-07-26,Mktg,Events & webinars,Various,"8,519",Check,,Posted,Check sign
02 Mar-26,R&D,AI automation,n8n,"5,168",manual Entry,,Posted,
2025-06-24,G&A,Accounting fees,Jason CPA,"3,027",Pos,finance ops,,Timing issue
09/19/25,G&A,Legal fees,Buchalter,"2,203",Pos,Erik,manual adj,Vendor invoice late
17 May-25,Revenue,Subscr. revenue,Corp. clients,"9,688",manual Entry,Andres,needs mapping,
11 Dec-25,Mktg,Events & webinars,Various,"7,054",cash,,accrual,Check sign
11/26/25,Sales,Payroll - sales,Payroll,"5,879",Pos,M. Chen,late invoice,
09/10/25,R&D,AI automation,n8n,"4,164",manual Entry,M. Chen,,Ask owner
14 Aug-25,COGS,Cloud hosting,AWS / Datadog,"6,609",cash,,manual adj,Check sign
2025-06-08,Services,Support tools,Zendesk / Gainsight,"1,828",ERP,TBD,needs mapping,Map to GL 6100
2025-06-16,Mktg,Customer appr.,Soccer Ticket,"1,056",Check,TBD,manual adj,Map to GL 6100
2025-01-23,Sales,Payroll - sales,Payroll,937,Check,finance ops,Posted,Vendor invoice late
22 Apr-25,G&A,Accounting fees,Jason CPA,"6,381",cash,Alex - FP&A,Posted,Check sign
2025-05-20,Sales,Payroll - sales,Payroll,981,manual Entry,TBD,Posted,One-off item
2025-06-16,COGS,Cloud hosting,AWS / Datadog,"7,210",manual Entry,Alex - FP&A,posted,Map to GL 6100
05/28/25,Revenue,Product sales,Corp. clients,"(5,584)",manual Entry,,,Timing issue
26 Feb-26,Revenue,Product sales,Retail Customer,"6,583",Pos,Alex - FP&A,accrual,Check sign
15 Jan-26,Services,Prof services,Implementation clients,"(4,181)",manual Entry,Alex - FP&A,needs mapping,Timing issue
2025-02-09,COGS,Cloud hosting,AWS / Datadog,"2,679",Check,finance ops,late invoice,Timing issue
12 May-25,Marketing,Events & webinars,Various,"5,661",cash,Alex - FP&A,late invoice,One-off item
19 Apr-26,Sales,CRM / RevOps tools,Salesforce / Outreach,"3,705",cash,Alex - FP&A,posted,Timing issue
03/10/25,Marketing,Customer appr.,Amazon gift c.,"7,192",cash,Andres,manual adj,Check sign
23-Feb-26,Revenue,Product sales,Retail Customer,"1,982",manual Entry,M. Chen,posted,Timing issue
25 Oct-25,Services,Prof services,Implementation clients,"2,138",cash,finance ops,needs mapping,Vendor invoice late
03/25/25,R&D,Cloud hosting,AWS / Datadog,"(3,815)",manual Entry,,late invoice,One-off item
05/15/25,Services,Support tools,Zendesk / Gainsight,"9,043",cash,TBD,late invoice,
19 Apr-26,G&A,Office rent,Landlord,"3,542",Pos,TBD,Posted,One-off item
05-Jun-25,G&A,Legal fees,Europa Law firm,"1,754",Pos,,accrual,Check sign
03 Apr-26,R&D,Payroll - eng,Payroll,"(1,709)",manual Entry,TBD,,Vendor invoice late
2025-06-24,COGS,Payroll - eng,Payroll,"9,408",manual Entry,,accrual,
04-May-26,Revenue,Revenue,Corp. clients,"9,115",Check,finance ops,needs mapping,Vendor invoice late
18 Jan-26,Marketing,Events & webinars,Various,"5,860",Pos,Andres,accrual,
05/22/26,R&D,Cloud hosting,AWS / Datadog,"6,184",Check,,manual adj,One-off item
2025-05-22,COGS,Payroll - eng,Payroll,"(4,860)",Pos,TBD,needs mapping,Timing issue
28-Mar-25,Sales,Payroll - sales,Payroll,"3,569",manual Entry,,accrual,One-off item
2025-04-08,Mktg,Events & webinars,Various,"5,138",Pos,M. Chen,Posted,Check sign
07/09/26,Services,Prof services,Implementation clients,"5,402",cash,M. Chen,,Ask owner
05/04/25,Marketing,Customer appr.,Amazon gift c.,272,Check,TBD,needs mapping,Map to GL 6100
07/12/26,Services,Support tools,Zendesk / Gainsight,"1,251",Pos,Alex - FP&A,,One-off item
2025-09-07,COGS,Payroll - eng,Payroll,"5,984",Pos,TBD,,One-off item
2025-11-07,G&A,Accounting fees,Brandon,"9,296",ERP,TBD,Posted,Check sign
31-May-25,Services,Support tools,Zendesk / Gainsight,"5,784",Pos,,accrual,Map to GL 6100
07-Mar-26,Services,Prof services,Implementation clients,"9,217",cash,M. Chen,manual adj,One-off item
06/28/25,Services,Prof services,Implementation clients,"4,286",ERP,finance ops,,Check sign
06/10/26,Marketing,Paid media,Google / LinkedIn,"3,769",ERP,M. Chen,Posted,Ask owner
2025-12-04,Mktg,Events & webinars,Various,"3,717",ERP,finance ops,manual adj,Check sign
2025-11-14,Services,Prof services,Implementation clients,"2,746",Pos,Andres,Posted,Timing issue
25-Dec-25,Revenue,Service,Retail Customer,"8,368",Pos,Andres,posted,Map to GL 6100
2025-12-09,Revenue,Subscr. revenue,Corp. clients,"4,942",cash,Erik,manual adj,Ask owner
07/01/26,Services,Support tools,Zendesk / Gainsight,"2,451",Check,M. Chen,late invoice,Ask owner
03 Sep-25,Sales,Payroll - sales,Payroll,"5,553",Check,Andres,Posted,Vendor invoice late
05/22/26,Mktg,Paid media,Google / LinkedIn,313,Check,M. Chen,manual adj,One-off item
08-Dec-25,Sales,CRM / RevOps tools,Salesforce / Outreach,"6,518",manual Entry,finance ops,needs mapping,One-off item
06/23/25,Mktg,Customer appr.,Amazon gift c.,"9,734",Check,TBD,posted,Map to GL 6100
03/29/25,Services,Prof services,Implementation clients,"9,523",manual Entry,finance ops,needs mapping,One-off item
30 Mar-25,R&D,AI automation,n8n,"(2,131)",manual Entry,Alex - FP&A,,Timing issue
16 Nov-25,R&D,Payroll - eng,Payroll,"4,688",Check,Alex - FP&A,needs mapping,Map to GL 6100
2025-05-20,Services,Support tools,Zendesk / Gainsight,"9,468",Pos,finance ops,Posted,Timing issue
05/08/26,COGS,Cloud hosting,AWS / Datadog,"8,473",Pos,Alex - FP&A,Posted,
06/01/26,Services,Prof services,Implementation clients,"2,785",Check,M. Chen,late invoice,One-off item
14 Aug-25,Sales,Payroll - sales,Payroll,(219),Check,TBD,needs mapping,Check sign
07-Mar-26,Marketing,Google Ads,Google / LinkedIn,682,Pos,Erik,accrual,Ask owner
10 May-26,G&A,Legal fees,Buchalter,"1,526",ERP,Alex - FP&A,,Timing issue
01 Dec-25,COGS,Payroll - eng,Payroll,"6,002",cash,M. Chen,accrual,Check sign
06/10/26,R&D,Payroll - eng,Payroll,"7,556",Check,TBD,Posted,Vendor invoice late
19 Feb-25,G&A,Office rent,Landlord,"(3,719)",cash,Erik,needs mapping,One-off item
06/11/25,Services,Prof services,Implementation clients,"7,632",cash,Erik,accrual,Check sign
30-Jun-25,R&D,AI automation,n8n,(994),cash,finance ops,accrual,Check sign
07 Jul-26,G&A,Legal fees,Europa Law firm,"2,625",cash,,Posted,Check sign
19 Feb-25,Sales,Sales commission,Payroll,"(4,770)",Pos,Erik,late invoice,Map to GL 6100
21-Jul-25,Sales,Sales commission,Payroll,"9,423",Pos,TBD,late invoice,One-off item
30 Mar-25,R&D,Cloud hosting,AWS / Datadog,780,cash,,Posted,Check sign
20-Mar-26,Mktg,Paid media,Google / LinkedIn,"5,339",Check,Erik,,Map to GL 6100
12/23/25,COGS,Payroll - eng,Payroll,"4,282",Check,M. Chen,,Timing issue
03-Mar-25,COGS,Cloud hosting,AWS / Datadog,"5,143",manual Entry,TBD,Posted,Ask owner
24 Dec-25,Revenue,Service,Corp. clients,"9,023",cash,,posted,Timing issue
30 May-26,Sales,Sales commission,Payroll,"4,963",cash,,Posted,One-off item
01/22/25,G&A,Office rent,Landlord,"9,089",Check,,needs mapping,Map to GL 6100
2025-11-18,Mktg,Events & webinars,Various,"(5,539)",manual Entry,M. Chen,accrual,
24-Feb-26,Mktg,Customer appr.,Amazon gift c.,"3,414",Check,Erik,,Check sign
2026-01-20,Sales,Sales commission,Payroll,"4,951",manual Entry,finance ops,Posted,Ask owner
15-Sep-25,G&A,Office rent,Landlord,"9,111",Pos,,posted,One-off item
16-May-26,Marketing,Google Ads,Google / LinkedIn,365,ERP,Alex - FP&A,needs mapping,One-off item
11/06/25,G&A,Accounting fees,Jason CPA,"4,463",Pos,M. Chen,accrual,Timing issue
2026-03-05,Marketing,Paid media,Google / LinkedIn,"8,151",ERP,TBD,manual adj,Map to GL 6100
31-Mar-25,G&A,Accounting fees,Jason CPA,"7,874",Pos,finance ops,needs mapping,One-off item
05/21/25,Marketing,Google Ads,Google / LinkedIn,"4,172",ERP,Andres,Posted,Check sign
25-Apr-25,Revenue,Subscr. revenue,Corp. clients,"7,103",manual Entry,,accrual,Vendor invoice late
2025-05-20,COGS,Materials,Walmart,"6,780",manual Entry,Erik,late invoice,
2025-05-20,Marketing,Events & webinars,Various,"(9,232)",manual Entry,finance ops,needs mapping,Map to GL 6100
23-Mar-25,COGS,Cloud hosting,AWS / Datadog,"4,324",cash,,manual adj,Ask owner
2025-05-20,COGS,Payroll - eng,Payroll,"2,573",manual Entry,M. Chen,Posted,Check sign
02-Oct-25,Revenue,Service,Retail Customer,"6,255",cash,Erik,needs mapping,Vendor invoice late
02-Oct-25,Services,Support tools,Zendesk / Gainsight,"1,500",Check,M. Chen,Posted,Ask owner
23 Jun-26,G&A,Legal fees,Buchalter,"4,235",Check,Erik,needs mapping,
24-Feb-26,Sales,Payroll - sales,Payroll,638,cash,,needs mapping,Check sign
29 Oct-25,COGS,Materials,Walmart,"5,645",Check,finance ops,manual adj,Vendor invoice late
12/02/25,Sales,Sales commission,Payroll,"(5,025)",ERP,TBD,posted,Check sign
2025-06-13,Services,Support tools,Zendesk / Gainsight,"3,524",Pos,finance ops,manual adj,One-off item
06 Sep-25,Sales,CRM / RevOps tools,Salesforce / Outreach,"6,906",manual Entry,Andres,posted,Vendor invoice late
01-Apr-25,COGS,Payroll - eng,Payroll,"4,479",cash,TBD,accrual,Vendor invoice late
01 Dec-25,G&A,Legal fees,Buchalter,"2,250",cash,Erik,Posted,Vendor invoice late
03-Dec-25,Revenue,Revenue,Corp. clients,"(8,957)",manual Entry,Erik,accrual,Timing issue
02 Mar-26,Revenue,Product sales,Corp. clients,"9,988",Check,finance ops,accrual,
06/11/25,COGS,Payroll - eng,Payroll,"5,806",manual Entry,Erik,late invoice,One-off item
04 Jul-25,R&D,AI automation,n8n,"9,001",ERP,TBD,accrual,
26-Dec-25,COGS,Payroll - eng,Payroll,"4,606",Pos,TBD,,Ask owner
03 Jul-26,R&D,Payroll - eng,Payroll,"(4,726)",Pos,,needs mapping,One-off item
2026-05-01,Services,Support tools,Zendesk / Gainsight,"6,646",manual Entry,finance ops,late invoice,Map to GL 6100
10 Jan-25,Mktg,Customer appr.,Gift hamper,"(4,212)",ERP,TBD,manual adj,Map to GL 6100
04 Apr-26,Sales,CRM / RevOps tools,Salesforce / Outreach,"7,906",Pos,TBD,manual adj,
2026-06-17,R&D,AI automation,n8n,"(7,407)",ERP,Alex - FP&A,Posted,Map to GL 6100
13 Jan-25,Sales,Sales commission,Payroll,"5,242",Pos,Andres,accrual,Ask owner
08-Nov-25,COGS,Payroll - eng,Payroll,"6,331",ERP,M. Chen,,Ask owner
31 May-26,G&A,Office rent,Landlord,"(9,909)",Check,Alex - FP&A,manual adj,Check sign
05/03/26,COGS,Payroll - eng,Payroll,455,Check,Andres,posted,Check sign
02/17/25,G&A,Legal fees,Europa Law firm,"5,687",cash,TBD,Posted,Ask owner
25-May-26,COGS,Materials,Walmart,"(1,403)",Check,Andres,posted,Timing issue
2025-09-07,Sales,Sales commission,Payroll,"6,350",cash,Erik,accrual,
06 Jan-26,Marketing,Paid media,Google / LinkedIn,"7,182",manual Entry,finance ops,Posted,Check sign
2025-06-14,Revenue,Service,Corp. clients,"8,079",ERP,Andres,,Vendor invoice late
03 Jul-26,Marketing,Customer appr.,Gift hamper,385,ERP,M. Chen,posted,Ask owner
10 Jan-25,Sales,Sales commission,Payroll,724,ERP,M. Chen,posted,Map to GL 6100
2025-01-14,Revenue,Product sales,Retail Customer,"6,676",Check,,posted,Check sign
2025-01-14,Mktg,Events & webinars,Various,"9,713",ERP,finance ops,needs mapping,Timing issue
06 Jan-26,Revenue,Service,Corp. clients,"3,750",manual Entry,Alex - FP&A,manual adj,One-off item
2025-02-02,R&D,AI automation,n8n,"5,400",Pos,Andres,manual adj,
08/05/25,Services,Prof services,Implementation clients,87,cash,M. Chen,accrual,One-off item
02 Apr-26,Marketing,Google Ads,Google / LinkedIn,"5,606",cash,,manual adj,Map to GL 6100
2025-06-13,Services,Prof services,Implementation clients,"6,547",Pos,M. Chen,Posted,One-off item
12/02/25,G&A,Accounting fees,Jason CPA,"2,511",cash,,needs mapping,
06/10/26,Revenue,Revenue,Corp. clients,"7,391",cash,finance ops,accrual,One-off item
2025-07-13,R&D,AI automation,n8n,"3,994",Check,Andres,,Map to GL 6100
2025-11-30,Services,Prof services,Implementation clients,"9,673",Pos,TBD,Posted,Timing issue
2025-11-30,Marketing,Paid media,Google / LinkedIn,"2,647",cash,Alex - FP&A,posted,Check sign
04-Oct-25,COGS,Payroll - eng,Payroll,"6,495",manual Entry,TBD,manual adj,One-off item
04 Mar-25,Mktg,Paid media,Google / LinkedIn,"3,870",Check,Erik,,Vendor invoice late
08/27/25,Sales,CRM / RevOps tools,Salesforce / Outreach,"4,581",cash,Andres,needs mapping,Ask owner
2026-02-14,Services,Support tools,Zendesk / Gainsight,"1,361",cash,M. Chen,manual adj,Map to GL 6100
06/23/25,Marketing,Google Ads,Google / LinkedIn,"1,820",Check,M. Chen,accrual,Vendor invoice late
2025-05-20,Sales,Sales commission,Payroll,"(7,967)",Pos,Erik,needs mapping,One-off item
27 Oct-25,Revenue,Subscr. revenue,Retail Customer,"9,791",Pos,Erik,needs mapping,Timing issue
29 Oct-25,Marketing,Customer appr.,Gift hamper,(568),Pos,finance ops,,Timing issue
06/13/26,G&A,Legal fees,Europa Law firm,891,manual Entry,,Posted,Vendor invoice late
14 Jun-26,R&D,AI automation,n8n,"6,357",ERP,Erik,accrual,Vendor invoice late
02 Jul-25,Marketing,Events & webinars,Various,"5,622",cash,Erik,late invoice,Map to GL 6100
2025-02-04,Marketing,Events & webinars,Various,"3,045",manual Entry,Alex - FP&A,needs mapping,One-off item
30-Jun-25,COGS,Cloud hosting,AWS / Datadog,"8,057",Check,Alex - FP&A,,Ask owner
26-Jun-26,Mktg,Events & webinars,Various,739,manual Entry,finance ops,manual adj,Timing issue
13 Jan-25,Services,Support tools,Zendesk / Gainsight,"(2,224)",cash,M. Chen,,Check sign
2025-02-14,Marketing,Google Ads,Google / LinkedIn,"5,703",Check,M. Chen,accrual,
05/13/26,G&A,Accounting fees,Brandon,"(3,305)",Pos,Erik,needs mapping,Vendor invoice late
2025-12-20,G&A,Accounting fees,Brandon,"(5,201)",Pos,Erik,manual adj,
05/29/26,Revenue,Revenue,Retail Customer,"6,974",manual Entry,M. Chen,,Ask owner
05/06/26,COGS,Payroll - eng,Payroll,931,cash,TBD,late invoice,Vendor invoice late
07 Oct-25,Mktg,Customer appr.,Soccer Ticket,"(3,015)",ERP,,Posted,Check sign
02/07/25,Marketing,Events & webinars,Various,"1,922",Check,Erik,,Timing issue
04/20/25,Revenue,Revenue,Corp. clients,"(9,047)",ERP,,late invoice,Vendor invoice late
2025-06-14,Mktg,Paid media,Google / LinkedIn,"1,561",manual Entry,,late invoice,Map to GL 6100
01/26/26,R&D,Cloud hosting,AWS / Datadog,"4,889",Check,Alex - FP&A,needs mapping,Timing issue
05/26/25,R&D,Cloud hosting,AWS / Datadog,"9,277",Pos,finance ops,needs mapping,Vendor invoice late
2025-11-07,COGS,Cloud hosting,AWS / Datadog,"4,060",Check,Erik,manual adj,Map to GL 6100
2025-08-29,COGS,Materials,Walmart,"4,618",Check,Andres,accrual,Map to GL 6100
01 Dec-25,Sales,CRM / RevOps tools,Salesforce / Outreach,"3,257",manual Entry,,Posted,Vendor invoice late
2025-04-02,COGS,Cloud hosting,AWS / Datadog,"1,212",Check,M. Chen,manual adj,Map to GL 6100
20 Jun-26,Services,Support tools,Zendesk / Gainsight,"1,928",cash,M. Chen,,Vendor invoice late
07-Mar-26,Sales,CRM / RevOps tools,Salesforce / Outreach,689,Pos,Alex - FP&A,manual adj,
31-Aug-25,Services,Support tools,Zendesk / Gainsight,"3,112",Pos,,late invoice,Map to GL 6100
02/20/25,Marketing,Customer appr.,Amazon gift c.,"4,322",cash,M. Chen,manual adj,Map to GL 6100
03/31/26,R&D,Cloud hosting,AWS / Datadog,"4,758",cash,Alex - FP&A,accrual,Map to GL 6100
02/17/25,Mktg,Paid media,Google / LinkedIn,"7,834",Pos,,accrual,Timing issue
01/31/25,Revenue,Service,Retail Customer,"(1,106)",Pos,Andres,posted,Check sign
07/05/26,R&D,AI automation,n8n,"(7,654)",Check,M. Chen,accrual,
07/01/26,Mktg,Customer appr.,Soccer Ticket,"9,013",Check,TBD,,Vendor invoice late
2025-11-30,Mktg,Events & webinars,Various,"5,096",cash,finance ops,,Vendor invoice late
2025-11-27,Marketing,Paid media,Google / LinkedIn,"9,367",manual Entry,Andres,Posted,
06 Sep-25,Revenue,Subscr. revenue,Retail Customer,"1,643",Check,Alex - FP&A,late invoice,Ask owner
2026-06-19,COGS,Cloud hosting,AWS / Datadog,"(3,571)",Pos,Andres,Posted,
2025-06-14,Mktg,Paid media,Google / LinkedIn,382,Pos,,accrual,One-off item
03/30/26,Revenue,Service,Retail Customer,"3,637",Check,Andres,needs mapping,One-off item
03/22/25,Revenue,Revenue,Corp. clients,"8,845",Check,Alex - FP&A,accrual,Check sign
22-Apr-26,G&A,Office rent,Landlord,777,cash,Andres,needs mapping,
2025-12-17,R&D,Payroll - eng,Payroll,591,ERP,Alex - FP&A,needs mapping,Timing issue
2026-03-11,Services,Prof services,Implementation clients,"1,804",Check,Alex - FP&A,posted,Map to GL 6100
02/17/25,Sales,Payroll - sales,Payroll,"5,602",Check,finance ops,late invoice,Timing issue
2025-06-22,Sales,Sales commission,Payroll,"8,595",manual Entry,,Posted,One-off item
2025-07-13,Sales,CRM / RevOps tools,Salesforce / Outreach,"(9,857)",Pos,,,Map to GL 6100
13 Aug-25,Marketing,Events & webinars,Various,"3,192",Pos,,posted,Vendor invoice late
29 Jun-26,Revenue,Service,Corp. clients,"2,118",Pos,finance ops,,Ask owner
03/30/26,Revenue,Subscr. revenue,Retail Customer,"(2,326)",cash,TBD,late invoice,Vendor invoice late
07 Feb-26,R&D,AI automation,n8n,"2,282",ERP,Alex - FP&A,,One-off item
2025-04-21,Revenue,Revenue,Corp. clients,"8,393",ERP,Alex - FP&A,needs mapping,Vendor invoice late
25-Jan-26,R&D,AI automation,n8n,"9,288",ERP,Alex - FP&A,manual adj,Ask owner
10/31/25,Mktg,Events & webinars,Various,"2,235",Check,Alex - FP&A,accrual,
07/05/26,Mktg,Paid media,Google / LinkedIn,"9,256",Check,M. Chen,manual adj,Vendor invoice late
01/02/25,Revenue,Service,Corp. clients,910,Pos,M. Chen,accrual,Vendor invoice late
21-Apr-26,G&A,Legal fees,Buchalter,"6,509",manual Entry,TBD,,Ask owner
01/31/25,R&D,AI automation,n8n,295,manual Entry,,accrual,One-off item
2025-11-23,R&D,Payroll - eng,Payroll,"4,017",Check,Alex - FP&A,,Timing issue
31-May-25,R&D,Cloud hosting,AWS / Datadog,"4,769",Pos,Alex - FP&A,late invoice,One-off item
22 Oct-25,Services,Prof services,Implementation clients,"7,573",Pos,,Posted,Map to GL 6100
2026-01-20,Revenue,Subscr. revenue,Corp. clients,"5,780",Check,TBD,manual adj,Check sign
08/30/25,Sales,Sales commission,Payroll,"9,869",Pos,finance ops,accrual,Ask owner
19 Jun-25,COGS,Materials,Johnsons Supply,"4,850",Check,Erik,posted,
01 Apr-26,Revenue,Subscr. revenue,Corp. clients,"(8,799)",Check,TBD,accrual,
09 Nov-25,Mktg,Customer appr.,Gift hamper,"(6,037)",Check,Alex - FP&A,accrual,One-off item
03 Feb-25,G&A,Office rent,Landlord,"2,655",Check,,late invoice,Ask owner
02-Mar-25,Revenue,Revenue,Corp. clients,"1,491",cash,Andres,,One-off item
05/14/25,Revenue,Revenue,Retail Customer,"8,221",ERP,,late invoice,
2025-04-21,COGS,Materials,Electric house,"6,925",cash,,posted,Vendor invoice late
01 Jan-26,Marketing,Events & webinars,Various,"4,003",manual Entry,M. Chen,accrual,
2025-08-16,G&A,Office rent,Landlord,"6,300",Check,M. Chen,,Map to GL 6100
05-Apr-26,Services,Prof services,Implementation clients,"2,046",cash,Erik,posted,Ask owner
2025-11-27,COGS,Payroll - eng,Payroll,"4,688",Check,Alex - FP&A,late invoice,Map to GL 6100
2025-11-30,COGS,Payroll - eng,Payroll,(604),Pos,,needs mapping,Ask owner
17 Sep-25,R&D,Payroll - eng,Payroll,"8,852",ERP,TBD,needs mapping,Vendor invoice late
30 Mar-25,Marketing,Events & webinars,Various,"(9,863)",Pos,Erik,,Map to GL 6100
2025-11-19,Services,Prof services,Implementation clients,"3,871",Pos,Alex - FP&A,accrual,Ask owner
2025-01-04,COGS,Payroll - eng,Payroll,"1,506",ERP,finance ops,posted,Vendor invoice late
24 Jan-25,R&D,Cloud hosting,AWS / Datadog,326,ERP,finance ops,needs mapping,Timing issue
2025-07-18,Services,Prof services,Implementation clients,280,ERP,TBD,manual adj,One-off item
11-Jan-26,Sales,CRM / RevOps tools,Salesforce / Outreach,"3,747",cash,Andres,needs mapping,
02-Mar-25,Mktg,Events & webinars,Various,"4,663",manual Entry,,needs mapping,Map to GL 6100
03-Jul-25,G&A,Office rent,Landlord,(638),manual Entry,Andres,,Map to GL 6100
2025-05-16,Services,Prof services,Implementation clients,"6,247",Pos,finance ops,needs mapping,
05/21/25,R&D,Payroll - eng,Payroll,"6,782",manual Entry,,needs mapping,One-off item
2026-05-21,Mktg,Paid media,Google / LinkedIn,"5,913",Check,TBD,late invoice,One-off item
2025-05-19,Revenue,Subscr. revenue,Corp. clients,650,ERP,M. Chen,needs mapping,Ask owner
05-Jun-25,Services,Prof services,Implementation clients,371,Pos,Andres,accrual,Timing issue
11/06/25,COGS,Cloud hosting,AWS / Datadog,"6,793",ERP,,posted,One-off item
07 Feb-26,COGS,Materials,Electric house,"6,618",Check,TBD,manual adj,Check sign
06/15/26,G&A,Office rent,Landlord,"8,748",Pos,,posted,
15-Apr-25,G&A,Legal fees,Europa Law firm,625,ERP,M. Chen,,Vendor invoice late
2026-04-29,G&A,Accounting fees,Jason CPA,"3,333",Pos,Andres,manual adj,One-off item
06/01/26,COGS,Payroll - eng,Payroll,"1,309",Pos,Alex - FP&A,Posted,Ask owner
09 Apr-26,G&A,Office rent,Landlord,"(5,350)",ERP,Alex - FP&A,manual adj,Ask owner
21-Feb-25,Revenue,Subscr. revenue,Corp. clients,"1,866",Check,TBD,Posted,Check sign
22 Jan-26,Revenue,Product sales,Retail Customer,"2,699",Check,Erik,posted,Check sign
23-Mar-25,Services,Prof services,Implementation clients,"(6,409)",Pos,Alex - FP&A,late invoice,One-off item
04/17/25,Services,Prof services,Implementation clients,"7,163",manual Entry,Andres,,Check sign
2025-06-18,Sales,CRM / RevOps tools,Salesforce / Outreach,"4,459",ERP,,manual adj,
05-Apr-26,Sales,CRM / RevOps tools,Salesforce / Outreach,"5,552",Check,finance ops,posted,Timing issue
06/26/25,Services,Support tools,Zendesk / Gainsight,"7,710",ERP,,Posted,Map to GL 6100
29 Jun-26,Marketing,Customer appr.,Gift hamper,"4,944",Check,Andres,manual adj,Timing issue
10/17/25,Revenue,Subscr. revenue,Retail Customer,"3,603",cash,TBD,needs mapping,Ask owner
10 Jul-25,Sales,Payroll - sales,Payroll,"7,808",Check,Alex - FP&A,late invoice,
02 Apr-26,Mktg,Events & webinars,Various,"1,008",manual Entry,TBD,,Vendor invoice late
2025-01-14,COGS,Cloud hosting,AWS / Datadog,465,manual Entry,Andres,,Ask owner
03-Jul-25,Mktg,Customer appr.,Gift hamper,"(9,029)",ERP,M. Chen,Posted,Timing issue
2025-05-20,Sales,Sales commission,Payroll,"(3,521)",cash,finance ops,manual adj,
15-Apr-25,Marketing,Paid media,Google / LinkedIn,"2,531",Check,TBD,,Map to GL 6100
15-Feb-25,Marketing,Paid media,Google / LinkedIn,"7,827",manual Entry,Andres,accrual,One-off item
21-Sep-25,Services,Support tools,Zendesk / Gainsight,"6,337",Check,Andres,needs mapping,Ask owner
05-Feb-25,Sales,CRM / RevOps tools,Salesforce / Outreach,"8,234",ERP,M. Chen,accrual,Map to GL 6100
12/23/25,Sales,CRM / RevOps tools,Salesforce / Outreach,"(2,477)",ERP,TBD,needs mapping,Timing issue
26 Sep-25,G&A,Legal fees,Buchalter,"(3,554)",cash,finance ops,posted,
12/23/25,R&D,AI automation,n8n,(827),Pos,Andres,late invoice,Ask owner
2025-06-03,Mktg,Paid media,Google / LinkedIn,"4,022",Check,Alex - FP&A,,
16 Apr-26,R&D,AI automation,n8n,"(6,001)",Check,Erik,,One-off item
25-Jun-26,Mktg,Events & webinars,Various,"7,435",Pos,M. Chen,Posted,Check sign
12/02/25,R&D,AI automation,n8n,"9,024",Check,,posted,Vendor invoice late
11 May-25,COGS,Materials,Johnsons Supply,"8,692",ERP,,,Check sign
25-Jun-26,Services,Prof services,Implementation clients,"1,892",cash,finance ops,Posted,Timing issue
24 Sep-25,COGS,Payroll - eng,Payroll,(214),Check,TBD,needs mapping,Check sign
03-Mar-25,G&A,Office rent,Landlord,"3,454",Check,finance ops,manual adj,Timing issue
2026-03-06,Sales,CRM / RevOps tools,Salesforce / Outreach,"9,490",cash,TBD,posted,One-off item
20-Mar-26,COGS,Cloud hosting,AWS / Datadog,"9,303",cash,Erik,Posted,Check sign
05/06/26,G&A,Accounting fees,Brandon,"1,445",ERP,finance ops,accrual,One-off item
25-Jun-26,G&A,Legal fees,Europa Law firm,"7,672",Check,Alex - FP&A,Posted,Map to GL 6100
24 Dec-25,G&A,Legal fees,Buchalter,"2,945",Pos,finance ops,Posted,Vendor invoice late
02 Apr-26,Revenue,Subscr. revenue,Corp. clients,"(6,005)",manual Entry,Andres,late invoice,Vendor invoice late
31-Mar-25,Services,Support tools,Zendesk / Gainsight,"2,302",cash,TBD,,Vendor invoice late
2025-12-30,R&D,Payroll - eng,Payroll,"1,000",cash,Alex - FP&A,posted,Ask owner
03 Mar-26,COGS,Materials,Home Depot,"(5,118)",Check,Andres,manual adj,
2025-04-10,R&D,AI automation,n8n,"(4,345)",Check,Andres,posted,
29-Mar-26,R&D,AI automation,n8n,"(4,618)",Check,TBD,accrual,Check sign
2025-12-04,Services,Support tools,Zendesk / Gainsight,"6,373",ERP,finance ops,accrual,Timing issue
02/17/25,Services,Prof services,Implementation clients,"4,798",Pos,finance ops,needs mapping,
05-Feb-25,Services,Prof services,Implementation clients,"4,122",ERP,TBD,accrual,One-off item
31 May-26,COGS,Materials,Walmart,"1,328",Pos,finance ops,accrual,Check sign
15 Jan-26,Marketing,Customer appr.,Soccer Ticket,"1,282",Pos,M. Chen,late invoice,Timing issue
2025-08-08,Marketing,Events & webinars,Various,"6,382",cash,Erik,needs mapping,
15-Apr-25,Mktg,Events & webinars,Various,"7,939",manual Entry,TBD,late invoice,Timing issue
2025-12-14,Sales,CRM / RevOps tools,Salesforce / Outreach,"6,456",Check,,accrual,Ask owner
24-Jul-25,Sales,Payroll - sales,Payroll,"2,609",cash,TBD,Posted,Timing issue
21-Jun-26,Revenue,Revenue,Retail Customer,132,cash,Andres,posted,Vendor invoice late
12 Mar-26,Marketing,Customer appr.,Soccer Ticket,"(1,108)",Check,,posted,Vendor invoice late
31-Mar-25,G&A,Legal fees,Buchalter,(425),Pos,TBD,manual adj,Timing issue
25-Jun-26,Sales,CRM / RevOps tools,Salesforce / Outreach,420,Check,,needs mapping,Map to GL 6100
22-Apr-26,G&A,Legal fees,Europa Law firm,"(1,422)",manual Entry,M. Chen,manual adj,
2026-05-21,COGS,Payroll - eng,Payroll,"(2,305)",ERP,TBD,Posted,
2026-06-19,R&D,Cloud hosting,AWS / Datadog,"3,581",manual Entry,TBD,late invoice,Timing issue
18 Oct-25,R&D,Payroll - eng,Payroll,"4,040",Check,Andres,Posted,
07/11/26,Services,Support tools,Zendesk / Gainsight,"7,709",Check,TBD,manual adj,Map to GL 6100
23 Jun-26,Services,Prof services,Implementation clients,"8,918",manual Entry,,needs mapping,One-off item
2025-09-14,COGS,Materials,Johnsons Supply,"2,522",Pos,M. Chen,,Ask owner
07 Jul-25,Marketing,Paid media,Google / LinkedIn,"3,198",ERP,,Posted,Check sign
11 May-25,Marketing,Customer appr.,Soccer Ticket,"1,459",manual Entry,,needs mapping,Timing issue
12-Apr-25,Mktg,Paid media,Google / LinkedIn,"2,235",Check,Andres,posted,
04-Jul-26,COGS,Payroll - eng,Payroll,"8,679",Check,Alex - FP&A,needs mapping,Timing issue
2025-12-18,G&A,Office rent,Landlord,"3,599",cash,TBD,needs mapping,
22 Apr-25,Services,Prof services,Implementation clients,"2,490",manual Entry,M. Chen,posted,One-off item
02/07/25,Services,Support tools,Zendesk / Gainsight,"9,679",cash,finance ops,late invoice,One-off item
05-Jun-25,G&A,Accounting fees,Jason CPA,"(6,333)",manual Entry,finance ops,posted,Ask owner
04/27/25,COGS,Payroll - eng,Payroll,"5,649",Check,M. Chen,Posted,Map to GL 6100
08/05/25,Marketing,Events & webinars,Various,201,cash,Alex - FP&A,posted,
08/30/25,Services,Prof services,Implementation clients,"(3,440)",cash,Erik,needs mapping,Vendor invoice late
19 Jun-25,Sales,Sales commission,Payroll,"7,759",manual Entry,TBD,needs mapping,One-off item
15-Sep-25,Marketing,Customer appr.,Amazon gift c.,"7,359",manual Entry,M. Chen,manual adj,Vendor invoice late
05-Feb-25,G&A,Accounting fees,Jason CPA,"9,110",Check,,,
2025-11-19,Mktg,Paid media,Google / LinkedIn,"3,111",manual Entry,finance ops,needs mapping,
02 Apr-26,Marketing,Google Ads,Google / LinkedIn,"8,327",manual Entry,Andres,Posted,Ask owner
06/13/26,R&D,Payroll - eng,Payroll,"4,416",Pos,finance ops,,One-off item
25-Apr-25,Mktg,Paid media,Google / LinkedIn,"9,824",cash,,Posted,
30-Jun-25,G&A,Legal fees,Buchalter,"(4,640)",cash,TBD,accrual,Ask owner
22-Apr-26,Sales,Sales commission,Payroll,"7,985",ERP,M. Chen,manual adj,Timing issue
06/26/25,Sales,CRM / RevOps tools,Salesforce / Outreach,"(2,053)",cash,,posted,Map to GL 6100
28 Jun-26,Marketing,Paid media,Google / LinkedIn,"6,194",Check,M. Chen,late invoice,
07/09/26,Mktg,Paid media,Google / LinkedIn,916,cash,Alex - FP&A,posted,Vendor invoice late
10/05/25,Sales,Sales commission,Payroll,"8,785",Check,Alex - FP&A,late invoice,Ask owner
02/21/26,G&A,Legal fees,Europa Law firm,"8,118",Pos,Andres,Posted,
03-Dec-25,Mktg,Customer appr.,Gift hamper,"2,778",Pos,finance ops,Posted,Timing issue
2026-01-09,G&A,Legal fees,Buchalter,"2,340",ERP,M. Chen,accrual,Vendor invoice late
18 Aug-25,R&D,Cloud hosting,AWS / Datadog,"6,270",manual Entry,Andres,,
26-Dec-25,Mktg,Events & webinars,Various,"8,557",Pos,Alex - FP&A,late invoice,
22-Apr-26,COGS,Cloud hosting,AWS / Datadog,"2,781",Pos,Andres,accrual,One-off item
2025-05-13,Services,Prof services,Implementation clients,"(4,456)",Pos,TBD,Posted,Timing issue
2025-07-26,Mktg,Paid media,Google / LinkedIn,358,Check,TBD,needs mapping,Check sign
13 Nov-25,Revenue,Service,Corp. clients,"1,817",Check,TBD,needs mapping,Ask owner
2025-08-08,Sales,Payroll - sales,Payroll,"1,678",Pos,Andres,accrual,
06/28/25,R&D,Cloud hosting,AWS / Datadog,"(6,130)",ERP,,,Check sign
05/28/25,Revenue,Revenue,Corp. clients,200,ERP,finance ops,,Ask owner
07 Jul-25,COGS,Cloud hosting,AWS / Datadog,"7,416",Pos,Andres,manual adj,Vendor invoice late
2025-09-16,G&A,Accounting fees,Brandon,"5,941",cash,finance ops,Posted,
02/27/25,R&D,AI automation,n8n,"5,677",Check,Erik,needs mapping,One-off item
06/26/25,Sales,Payroll - sales,Payroll,"8,942",ERP,M. Chen,Posted,Timing issue
22-Jul-25,Mktg,Paid media,Google / LinkedIn,"3,157",ERP,finance ops,manual adj,Map to GL 6100
12/23/25,R&D,AI automation,n8n,"8,556",Check,Erik,posted,Ask owner
25-Jan-26,COGS,Cloud hosting,AWS / Datadog,"4,539",ERP,TBD,late invoice,Check sign
2025-04-10,Sales,Payroll - sales,Payroll,"(9,929)",manual Entry,M. Chen,late invoice,Check sign
2025-06-13,Revenue,Service,Retail Customer,"4,669",Pos,Alex - FP&A,late invoice,
02 Jul-25,Services,Prof services,Implementation clients,"7,143",manual Entry,Andres,,Vendor invoice late
21-Feb-25,R&D,AI automation,n8n,"7,024",cash,Alex - FP&A,manual adj,Check sign
10/05/25,Marketing,Customer appr.,Amazon gift c.,611,Check,M. Chen,needs mapping,Check sign
07/05/26,Revenue,Product sales,Retail Customer,"(3,138)",manual Entry,M. Chen,needs mapping,Ask owner
08 Jan-26,R&D,AI automation,n8n,"(6,094)",Check,Erik,manual adj,Vendor invoice late
2026-03-25,COGS,Cloud hosting,AWS / Datadog,"3,266",manual Entry,M. Chen,posted,Timing issue
10 Feb-26,G&A,Office rent,Landlord,"8,104",Check,,posted,Timing issue
04/05/25,G&A,Legal fees,Buchalter,"4,910",Check,Andres,late invoice,Map to GL 6100
27-Jan-25,R&D,Payroll - eng,Payroll,969,manual Entry,Andres,Posted,One-off item
2025-05-22,Marketing,Google Ads,Google / LinkedIn,"5,165",ERP,finance ops,,
04 Apr-26,Sales,CRM / RevOps tools,Salesforce / Outreach,"4,630",ERP,,manual adj,
21-Feb-25,Marketing,Google Ads,Google / LinkedIn,"2,987",cash,Alex - FP&A,manual adj,
09/12/25,R&D,Cloud hosting,AWS / Datadog,"9,704",Check,Alex - FP&A,posted,Ask owner
2025-05-19,Mktg,Customer appr.,Amazon gift c.,"3,286",Check,Andres,needs mapping,Map to GL 6100
2025-07-19,R&D,Payroll - eng,Payroll,"5,317",Check,Erik,manual adj,Check sign
2025-07-06,R&D,AI automation,n8n,"6,469",Check,TBD,,Timing issue
10/11/25,Sales,Sales commission,Payroll,"6,071",Check,,posted,Map to GL 6100
10 Nov-25,Revenue,Revenue,Retail Customer,"7,889",manual Entry,Erik,accrual,Map to GL 6100
2025-11-19,Sales,CRM / RevOps tools,Salesforce / Outreach,"3,609",Check,Alex - FP&A,posted,One-off item
2025-07-13,Revenue,Product sales,Corp. clients,"9,325",cash,Erik,Posted,Timing issue
19-Apr-25,Mktg,Customer appr.,Gift hamper,"3,991",Pos,TBD,posted,Map to GL 6100
09/10/25,G&A,Legal fees,Buchalter,"1,680",ERP,Erik,posted,Vendor invoice late
02 Apr-26,Marketing,Events & webinars,Various,"7,776",manual Entry,TBD,late invoice,Ask owner
03 Feb-25,G&A,Legal fees,Buchalter,459,manual Entry,Alex - FP&A,late invoice,Map to GL 6100
25-Dec-25,COGS,Materials,Home Depot,898,manual Entry,finance ops,,Timing issue
2025-12-29,Services,Support tools,Zendesk / Gainsight,"1,935",ERP,finance ops,accrual,Timing issue
2025-11-14,Marketing,Customer appr.,Gift hamper,"7,738",Check,Alex - FP&A,,
24 Jan-25,Marketing,Paid media,Google / LinkedIn,"4,405",manual Entry,M. Chen,posted,Vendor invoice late
11-Sep-25,Services,Prof services,Implementation clients,677,Pos,TBD,posted,
05/26/25,G&A,Office rent,Landlord,"9,203",Pos,,posted,Vendor invoice late
24-Jul-25,COGS,Materials,Walmart,"(1,373)",manual Entry,,posted,Ask owner
2025-12-14,G&A,Office rent,Landlord,"8,837",Check,Erik,posted,One-off item
27-Mar-26,Sales,Payroll - sales,Payroll,"4,131",manual Entry,M. Chen,Posted,
2025-03-19,Revenue,Service,Retail Customer,"5,796",ERP,TBD,accrual,Map to GL 6100
2026-05-07,Sales,Payroll - sales,Payroll,"2,379",cash,Alex - FP&A,,One-off item
06/04/26,Sales,Sales commission,Payroll,"(3,521)",ERP,Alex - FP&A,needs mapping,One-off item
10 Jul-25,Sales,Payroll - sales,Payroll,"8,293",manual Entry,TBD,,Map to GL 6100
05/29/25,G&A,Office rent,Landlord,"1,345",ERP,,Posted,Timing issue
13 Aug-25,COGS,Cloud hosting,AWS / Datadog,"3,845",cash,,Posted,One-off item
2025-05-19,Sales,Sales commission,Payroll,"4,339",ERP,,manual adj,Check sign
23-Apr-26,Marketing,Events & webinars,Various,"1,373",cash,finance ops,Posted,Timing issue
2025-09-14,Marketing,Paid media,Google / LinkedIn,"6,205",manual Entry,M. Chen,late invoice,Vendor invoice late
19 Jun-25,COGS,Cloud hosting,AWS / Datadog,"2,003",Pos,Andres,manual adj,Ask owner
07/09/26,Sales,CRM / RevOps tools,Salesforce / Outreach,"1,228",Check,Alex - FP&A,late invoice,Check sign
14 Aug-25,Sales,Payroll - sales,Payroll,"(9,645)",cash,M. Chen,posted,Check sign
2025-10-08,COGS,Cloud hosting,AWS / Datadog,"8,133",Pos,TBD,manual adj,Ask owner
24-Apr-25,COGS,Materials,Home Depot,125,Pos,Alex - FP&A,,
22 Oct-25,Services,Prof services,Implementation clients,"2,059",manual Entry,finance ops,late invoice,
2025-04-10,Services,Prof services,Implementation clients,"6,887",manual Entry,Erik,manual adj,Check sign
04 Jul-25,G&A,Office rent,Landlord,"7,623",Pos,finance ops,posted,Check sign
24-Feb-26,Revenue,Revenue,Retail Customer,127,manual Entry,,needs mapping,Ask owner
09 Nov-25,COGS,Payroll - eng,Payroll,"6,944",cash,Andres,Posted,Timing issue
05-Feb-25,R&D,Payroll - eng,Payroll,"2,237",ERP,Erik,needs mapping,Timing issue
2025-11-14,Services,Prof services,Implementation clients,"7,692",Check,finance ops,,Vendor invoice late
29 Oct-25,Mktg,Customer appr.,Gift hamper,"5,997",Pos,finance ops,manual adj,One-off item
31-Aug-25,Sales,Sales commission,Payroll,"6,803",manual Entry,Alex - FP&A,late invoice,One-off item
11-Sep-25,R&D,Payroll - eng,Payroll,"4,865",Pos,Erik,Posted,Vendor invoice late
09 Nov-25,Sales,CRM / RevOps tools,Salesforce / Outreach,"5,492",Pos,Erik,posted,One-off item
15-Mar-26,Sales,Payroll - sales,Payroll,"4,771",manual Entry,,needs mapping,Map to GL 6100
03/22/25,COGS,Payroll - eng,Payroll,"4,647",Check,TBD,,Ask owner
21-Sep-25,G&A,Legal fees,Europa Law firm,"3,828",Pos,finance ops,,
13 Jan-25,Mktg,Paid media,Google / LinkedIn,"(5,960)",Check,TBD,Posted,Timing issue
10 Nov-25,Marketing,Paid media,Google / LinkedIn,"3,669",Check,Erik,accrual,
03/10/25,Mktg,Events & webinars,Various,"8,478",Check,Andres,,One-off item
2025-06-04,Services,Support tools,Zendesk / Gainsight,"3,098",manual Entry,Andres,posted,Ask owner
2025-12-30,COGS,Materials,Home Depot,"9,881",ERP,M. Chen,,
05/06/26,Marketing,Customer appr.,Gift hamper,"3,094",Pos,M. Chen,posted,Vendor invoice late
04/25/26,Revenue,Revenue,Corp. clients,"3,079",Check,Alex - FP&A,posted,Timing issue
05/15/25,Services,Prof services,Implementation clients,"(9,896)",ERP,M. Chen,Posted,Timing issue
30 Mar-25,Revenue,Product sales,Retail Customer,"2,263",manual Entry,Erik,needs mapping,Map to GL 6100
06/10/26,Marketing,Events & webinars,Various,"2,218",ERP,Erik,manual adj,Vendor invoice late
06/28/25,Revenue,Subscr. revenue,Retail Customer,789,manual Entry,Andres,posted,Timing issue
10 Nov-25,R&D,AI automation,n8n,"7,714",cash,M. Chen,,
25 Feb-26,Services,Prof services,Implementation clients,"3,099",cash,,late invoice,Ask owner
04/17/25,Marketing,Google Ads,Google / LinkedIn,"(4,757)",ERP,Andres,Posted,Map to GL 6100
13 Jan-25,Mktg,Paid media,Google / LinkedIn,"2,899",Check,TBD,manual adj,Map to GL 6100
23-Feb-26,R&D,Cloud hosting,AWS / Datadog,"(2,375)",Pos,,accrual,One-off item
21-Sep-25,Services,Support tools,Zendesk / Gainsight,"3,641",cash,Andres,,
02/12/25,Mktg,Customer appr.,Amazon gift c.,"(1,935)",Pos,finance ops,Posted,Vendor invoice late
09/30/25,Mktg,Paid media,Google / LinkedIn,"5,667",Pos,,late invoice,Map to GL 6100
2026-03-25,Marketing,Paid media,Google / LinkedIn,"8,716",cash,finance ops,,Ask owner
14 Jun-26,R&D,Cloud hosting,AWS / Datadog,"(2,493)",Check,Alex - FP&A,late invoice,Ask owner
07 Oct-25,Revenue,Subscr. revenue,Retail Customer,781,Check,M. Chen,,Ask owner
16 Mar-25,Revenue,Service,Retail Customer,"8,911",cash,finance ops,late invoice,Map to GL 6100
06/01/26,Services,Prof services,Implementation clients,"5,578",ERP,Alex - FP&A,,Timing issue
27 Oct-25,Marketing,Events & webinars,Various,"6,672",ERP,M. Chen,accrual,Timing issue
2025-04-02,Revenue,Product sales,Retail Customer,"8,461",ERP,Andres,accrual,Map to GL 6100
05/21/25,COGS,Cloud hosting,AWS / Datadog,"6,680",ERP,Erik,Posted,Ask owner
01 Apr-26,G&A,Legal fees,Buchalter,231,ERP,Andres,posted,Map to GL 6100
25-Jun-26,G&A,Office rent,Landlord,"9,825",cash,TBD,late invoice,One-off item
01 Dec-25,R&D,Payroll - eng,Payroll,"8,663",manual Entry,,Posted,One-off item
19 Feb-25,Revenue,Service,Retail Customer,"2,197",cash,M. Chen,posted,Vendor invoice late
24-Apr-25,Mktg,Events & webinars,Various,"1,581",Pos,Alex - FP&A,posted,Timing issue
2026-04-18,Mktg,Events & webinars,Various,"1,245",cash,finance ops,needs mapping,One-off item
10 Feb-26,Marketing,Customer appr.,Soccer Ticket,"(2,947)",Check,Andres,Posted,Timing issue
2025-12-14,Revenue,Revenue,Retail Customer,"2,372",Pos,M. Chen,late invoice,Ask owner
09/19/25,Sales,Payroll - sales,Payroll,"9,581",cash,Erik,Posted,Vendor invoice late
11-Mar-25,G&A,Legal fees,Europa Law firm,840,ERP,M. Chen,posted,Check sign
2026-01-09,Services,Support tools,Zendesk / Gainsight,"7,138",Check,,,Check sign
11-Sep-25,Revenue,Revenue,Retail Customer,"3,132",ERP,finance ops,posted,Vendor invoice late
16 Nov-25,Sales,Payroll - sales,Payroll,"8,077",Check,finance ops,posted,Ask owner
03/31/26,Marketing,Events & webinars,Various,"6,512",cash,TBD,,Vendor invoice late
2025-06-13,Marketing,Events & webinars,Various,"(9,362)",manual Entry,M. Chen,accrual,
2025-12-04,Sales,Payroll - sales,Payroll,"8,630",cash,finance ops,late invoice,Vendor invoice late
2025-02-14,Mktg,Customer appr.,Amazon gift c.,"2,262",cash,,needs mapping,Map to GL 6100
07/11/26,Services,Prof services,Implementation clients,"6,202",cash,Erik,,One-off item
06/23/25,Services,Support tools,Zendesk / Gainsight,330,ERP,M. Chen,late invoice,One-off item
20 Feb-26,Sales,Payroll - sales,Payroll,"8,711",Check,finance ops,accrual,Vendor invoice late
07 Mar-25,COGS,Cloud hosting,AWS / Datadog,"4,667",Pos,Andres,late invoice,Check sign
07 Mar-25,G&A,Legal fees,Buchalter,"8,749",ERP,TBD,,Check sign
2025-06-13,COGS,Payroll - eng,Payroll,"2,700",Check,Erik,manual adj,One-off item
31-May-25,Mktg,Events & webinars,Various,"2,842",manual Entry,,accrual,One-off item
23-Feb-26,Sales,Payroll - sales,Payroll,"8,640",ERP,TBD,needs mapping,Map to GL 6100
06/28/25,Revenue,Product sales,Retail Customer,"8,199",cash,Erik,accrual,
2025-11-27,R&D,Cloud hosting,AWS / Datadog,"3,644",ERP,Alex - FP&A,Posted,Map to GL 6100
02/07/25,G&A,Office rent,Landlord,"3,416",ERP,TBD,posted,Check sign
17 Sep-25,Services,Support tools,Zendesk / Gainsight,"8,843",manual Entry,Erik,late invoice,Ask owner
2026-01-31,Marketing,Events & webinars,Various,"4,852",ERP,Erik,Posted,Timing issue
03 Sep-25,R&D,AI automation,n8n,"2,989",manual Entry,,needs mapping,
10 May-26,Sales,Payroll - sales,Payroll,199,Check,Erik,,Check sign
29-Nov-25,Revenue,Subscr. revenue,Corp. clients,"4,701",manual Entry,finance ops,Posted,Vendor invoice late
12 May-25,Services,Support tools,Zendesk / Gainsight,"5,834",Check,finance ops,manual adj,Vendor invoice late
06/10/26,Revenue,Subscr. revenue,Retail Customer,"4,091",Check,Erik,accrual,Ask owner
2025-07-18,COGS,Payroll - eng,Payroll,"8,240",Pos,finance ops,posted,One-off item
15-Sep-25,Marketing,Events & webinars,Various,(561),Check,TBD,late invoice,Map to GL 6100
01/22/25,Mktg,Customer appr.,Amazon gift c.,"(3,288)",Check,Andres,posted,
10/11/25,R&D,Cloud hosting,AWS / Datadog,(615),manual Entry,M. Chen,needs mapping,Check sign
27-Mar-26,R&D,Cloud hosting,AWS / Datadog,"8,343",Check,Andres,manual adj,Map to GL 6100
09 Apr-26,Revenue,Revenue,Corp. clients,"(5,010)",Pos,Andres,accrual,One-off item
30-Jun-25,R&D,Cloud hosting,AWS / Datadog,"2,147",manual Entry,Andres,,Check sign
04-Jul-26,Marketing,Paid media,Google / LinkedIn,"2,396",ERP,Andres,needs mapping,Map to GL 6100
04 Feb-26,R&D,Payroll - eng,Payroll,"2,171",Pos,M. Chen,accrual,One-off item
26-Dec-25,Marketing,Customer appr.,Amazon gift c.,"6,784",ERP,M. Chen,posted,
2025-05-19,Sales,Sales commission,Payroll,"1,221",Pos,finance ops,Posted,Timing issue
14-Oct-25,COGS,Payroll - eng,Payroll,"1,350",manual Entry,Alex - FP&A,,Check sign
30-Jul-25,Sales,Payroll - sales,Payroll,"2,089",manual Entry,Alex - FP&A,needs mapping,Map to GL 6100
2025-06-04,Sales,Sales commission,Payroll,"(7,477)",Pos,TBD,late invoice,Ask owner
01-May-25,COGS,Cloud hosting,AWS / Datadog,"1,131",ERP,Erik,needs mapping,Timing issue
02/16/26,Marketing,Google Ads,Google / LinkedIn,"(1,108)",manual Entry,Erik,late invoice,
22 Mar-26,COGS,Materials,Electric house,"3,117",ERP,TBD,accrual,One-off item
09 Jun-26,R&D,Cloud hosting,AWS / Datadog,"8,166",cash,Erik,posted,Timing issue
01/27/26,Revenue,Subscr. revenue,Retail Customer,"5,423",ERP,Andres,accrual,Vendor invoice late
18-Jun-26,R&D,AI automation,n8n,"2,431",Pos,TBD,posted,Timing issue
10/31/25,Revenue,Service,Retail Customer,"3,829",manual Entry,Andres,accrual,Ask owner
2025-11-07,COGS,Materials,Electric house,"8,566",manual Entry,M. Chen,,
03 Apr-26,Sales,Sales commission,Payroll,"7,759",manual Entry,TBD,,Timing issue
02-Oct-25,R&D,Payroll - eng,Payroll,"1,646",manual Entry,Alex - FP&A,posted,Map to GL 6100
07 Mar-25,Mktg,Paid media,Google / LinkedIn,"5,998",manual Entry,Alex - FP&A,posted,Check sign
2025-07-12,Sales,Payroll - sales,Payroll,"6,099",Check,Erik,Posted,Check sign
03 Feb-25,Sales,Payroll - sales,Payroll,"5,210",Check,TBD,late invoice,Ask owner
11/12/25,G&A,Office rent,Landlord,"3,290",cash,Alex - FP&A,accrual,Map to GL 6100
02/10/25,Mktg,Events & webinars,Various,"7,312",cash,Andres,needs mapping,Vendor invoice late
04 Sep-25,COGS,Materials,Walmart,"8,803",manual Entry,M. Chen,,Timing issue
22 Jan-26,G&A,Office rent,Landlord,"8,315",Check,TBD,,Map to GL 6100
03 Jan-26,Services,Support tools,Zendesk / Gainsight,"3,560",Check,,,Ask owner
2026-06-08,Revenue,Service,Retail Customer,"8,616",manual Entry,,,Map to GL 6100
06/15/26,COGS,Materials,Electric house,"(5,691)",Pos,Alex - FP&A,accrual,Check sign
2026-01-31,Sales,CRM / RevOps tools,Salesforce / Outreach,"2,651",manual Entry,M. Chen,manual adj,Timing issue
27-Jun-25,Revenue,Service,Corp. clients,"9,601",Check,Andres,needs mapping,One-off item
01 Dec-25,R&D,Payroll - eng,Payroll,"3,043",Pos,Alex - FP&A,manual adj,One-off item
09-Sep-25,G&A,Office rent,Landlord,"(9,562)",ERP,,posted,Map to GL 6100
31 May-26,Sales,Payroll - sales,Payroll,"9,250",manual Entry,Andres,manual adj,Vendor invoice late
20 Oct-25,G&A,Office rent,Landlord,"5,650",Pos,Andres,posted,
2025-07-13,Sales,CRM / RevOps tools,Salesforce / Outreach,"(8,355)",cash,Andres,,Vendor invoice late
12/23/25,Marketing,Paid media,Google / LinkedIn,"(3,427)",Pos,Erik,needs mapping,Vendor invoice late
23 Jun-26,Services,Support tools,Zendesk / Gainsight,"2,428",cash,Alex - FP&A,posted,Map to GL 6100
2026-01-09,Marketing,Google Ads,Google / LinkedIn,"5,783",ERP,finance ops,Posted,
08/28/25,R&D,Cloud hosting,AWS / Datadog,"9,359",Check,TBD,needs mapping,Ask owner
11 May-25,Marketing,Paid media,Google / LinkedIn,"(3,741)",Check,Alex - FP&A,late invoice,Check sign
2025-09-16,Marketing,Google Ads,Google / LinkedIn,"8,299",Check,finance ops,posted,Vendor invoice late
07 Jul-25,Mktg,Events & webinars,Various,"(9,523)",Pos,Andres,needs mapping,Check sign
06 Feb-25,Revenue,Revenue,Corp. clients,"9,422",manual Entry,Erik,accrual,Map to GL 6100
01 Apr-26,Services,Prof services,Implementation clients,"4,765",manual Entry,,posted,Vendor invoice late
2025-06-16,G&A,Accounting fees,Jason CPA,"3,049",cash,TBD,Posted,Timing issue
2026-01-09,Mktg,Paid media,Google / LinkedIn,"6,059",Check,,late invoice,Timing issue
06/23/25,Services,Support tools,Zendesk / Gainsight,"(3,227)",Pos,,posted,Timing issue
01/05/25,Revenue,Service,Retail Customer,"5,969",Check,M. Chen,posted,
22 Oct-25,Sales,Payroll - sales,Payroll,"8,177",cash,finance ops,accrual,Check sign
22 Apr-25,R&D,Cloud hosting,AWS / Datadog,"4,253",ERP,M. Chen,posted,Check sign
2026-03-21,R&D,Cloud hosting,AWS / Datadog,"8,508",Pos,,accrual,Timing issue
03 Sep-25,Marketing,Events & webinars,Various,"9,734",Check,,late invoice,Check sign
24 Dec-25,Sales,CRM / RevOps tools,Salesforce / Outreach,598,cash,TBD,Posted,Timing issue
27 May-25,G&A,Accounting fees,Jason CPA,"(1,430)",manual Entry,finance ops,manual adj,Vendor invoice late
03/25/25,Revenue,Revenue,Corp. clients,(869),cash,Erik,needs mapping,Vendor invoice late
01/27/26,Mktg,Events & webinars,Various,540,ERP,TBD,,Map to GL 6100
01/24/26,COGS,Cloud hosting,AWS / Datadog,"3,577",ERP,Alex - FP&A,late invoice,Ask owner
04-Jul-26,Services,Prof services,Implementation clients,"6,275",Check,Erik,manual adj,
09-Sep-25,Sales,Payroll - sales,Payroll,"8,532",Check,TBD,posted,Vendor invoice late
01/05/25,COGS,Cloud hosting,AWS / Datadog,"3,883",Check,Alex - FP&A,,Map to GL 6100
25-Apr-25,Sales,CRM / RevOps tools,Salesforce / Outreach,"(5,125)",manual Entry,Andres,late invoice,One-off item
2025-11-07,Mktg,Events & webinars,Various,559,manual Entry,TBD,late invoice,Map to GL 6100
2025-05-13,COGS,Payroll - eng,Payroll,"1,940",Check,finance ops,posted,Map to GL 6100
04 Feb-26,COGS,Materials,Walmart,"4,999",cash,,needs mapping,
2025-12-06,G&A,Legal fees,Buchalter,"1,582",Check,finance ops,manual adj,Check sign
02/10/25,R&D,Payroll - eng,Payroll,"2,563",Pos,Alex - FP&A,accrual,Timing issue
2025-10-26,Services,Support tools,Zendesk / Gainsight,"4,164",ERP,finance ops,,Ask owner
13 Mar-25,Marketing,Paid media,Google / LinkedIn,"2,734",Check,Erik,manual adj,
07 Jul-25,R&D,Cloud hosting,AWS / Datadog,"(5,115)",manual Entry,M. Chen,posted,Check sign
31-Mar-25,G&A,Legal fees,Europa Law firm,"3,604",cash,,late invoice,Vendor invoice late
2025-04-21,Services,Prof services,Implementation clients,"(1,162)",Pos,TBD,posted,Vendor invoice late
21 Dec-25,G&A,Accounting fees,Jason CPA,"7,503",Pos,M. Chen,manual adj,Check sign
2025-05-02,G&A,Legal fees,Buchalter,"5,338",Check,,Posted,Check sign
02-Jun-25,Marketing,Paid media,Google / LinkedIn,"6,972",Check,Andres,manual adj,Map to GL 6100
25-May-26,R&D,AI automation,n8n,"(2,583)",Pos,Andres,posted,
05/22/26,Services,Support tools,Zendesk / Gainsight,"2,374",Check,,,Map to GL 6100
2026-05-21,Services,Support tools,Zendesk / Gainsight,"6,308",Pos,Alex - FP&A,posted,Check sign
09 Nov-25,G&A,Office rent,Landlord,"7,888",Pos,,late invoice,One-off item
05/13/26,COGS,Materials,Electric house,"2,093",manual Entry,TBD,,Ask owner
2025-03-19,Revenue,Subscr. revenue,Corp. clients,"1,736",ERP,M. Chen,Posted,Vendor invoice late
26-Dec-25,Sales,CRM / RevOps tools,Salesforce / Outreach,"3,143",Check,M. Chen,accrual,Timing issue
2025-10-08,Sales,Sales commission,Payroll,26,cash,Andres,needs mapping,Check sign
26-Dec-25,Marketing,Customer appr.,Gift hamper,"3,041",manual Entry,M. Chen,,Ask owner
05-Apr-26,Revenue,Service,Retail Customer,515,Check,M. Chen,Posted,Check sign
12 Mar-26,Services,Support tools,Zendesk / Gainsight,"8,157",manual Entry,Alex - FP&A,manual adj,
2025-11-30,Sales,Payroll - sales,Payroll,"8,034",ERP,M. Chen,needs mapping,Vendor invoice late
2025-12-20,R&D,AI automation,n8n,"(5,796)",Pos,Erik,,Vendor invoice late
03/21/25,COGS,Payroll - eng,Payroll,"4,285",cash,Erik,Posted,
01/27/26,G&A,Accounting fees,Jason CPA,"7,751",Check,,accrual,Ask owner
29-Mar-26,Services,Prof services,Implementation clients,390,Pos,Alex - FP&A,accrual,
2026-05-07,Marketing,Paid media,Google / LinkedIn,"1,422",manual Entry,finance ops,,Ask owner
28 Jun-26,Mktg,Paid media,Google / LinkedIn,"7,212",ERP,Andres,Posted,Vendor invoice late
25-Apr-25,Mktg,Paid media,Google / LinkedIn,"4,297",Check,TBD,,Timing issue
27 Mar-25,Revenue,Service,Retail Customer,"9,745",Check,,,
11/11/25,Services,Prof services,Implementation clients,"8,925",Check,,posted,Ask owner
01/31/25,R&D,Payroll - eng,Payroll,"8,952",Check,Andres,posted,Map to GL 6100
23 Jun-26,Marketing,Google Ads,Google / LinkedIn,"3,761",Check,TBD,posted,Vendor invoice late
29-Mar-26,R&D,Payroll - eng,Payroll,"2,884",Check,finance ops,accrual,Map to GL 6100
29-Mar-26,G&A,Office rent,Landlord,"(3,239)",Check,,late invoice,Ask owner
04/20/25,G&A,Office rent,Landlord,"7,498",cash,,accrual,Timing issue
04/27/25,Revenue,Product sales,Retail Customer,"2,885",manual Entry,,needs mapping,Check sign
2026-03-11,Marketing,Paid media,Google / LinkedIn,"2,244",ERP,,manual adj,Timing issue
26 Feb-26,COGS,Cloud hosting,AWS / Datadog,857,cash,,needs mapping,Ask owner
06/01/25,Marketing,Customer appr.,Gift hamper,"6,509",cash,Erik,needs mapping,One-off item
10/11/25,Marketing,Events & webinars,Various,"(9,088)",cash,finance ops,posted,Map to GL 6100
2025-10-01,G&A,Accounting fees,Brandon,"(6,557)",Check,M. Chen,Posted,One-off item
2025-06-13,Revenue,Product sales,Retail Customer,"4,986",manual Entry,,posted,Check sign
2025-06-22,COGS,Payroll - eng,Payroll,"4,673",manual Entry,,late invoice,
29 Jun-26,Sales,CRM / RevOps tools,Salesforce / Outreach,"8,302",cash,M. Chen,Posted,Map to GL 6100
25 Feb-26,Revenue,Service,Corp. clients,"1,576",manual Entry,Andres,Posted,One-off item
06 Jan-26,Revenue,Product sales,Retail Customer,"1,337",ERP,Erik,,Ask owner
2025-04-08,COGS,Payroll - eng,Payroll,"6,090",Pos,,needs mapping,One-off item
02-Oct-25,R&D,Cloud hosting,AWS / Datadog,"8,406",Check,Alex - FP&A,Posted,Ask owner
17 Mar-25,Services,Prof services,Implementation clients,"8,794",cash,Alex - FP&A,late invoice,Ask owner
2025-08-23,Sales,Payroll - sales,Payroll,"9,384",cash,Andres,late invoice,Timing issue
04/05/25,Mktg,Paid media,Google / LinkedIn,"8,609",manual Entry,Alex - FP&A,late invoice,Check sign
14 Jun-26,Sales,CRM / RevOps tools,Salesforce / Outreach,"3,034",Check,TBD,posted,
05-Feb-25,Revenue,Product sales,Corp. clients,"1,793",manual Entry,M. Chen,late invoice,One-off item
02/10/25,Sales,CRM / RevOps tools,Salesforce / Outreach,"5,444",ERP,,posted,Vendor invoice late
05/29/25,R&D,AI automation,n8n,"8,380",manual Entry,Andres,Posted,Check sign
15-Sep-25,COGS,Payroll - eng,Payroll,"6,320",cash,Andres,posted,Vendor invoice late
2025-09-07,COGS,Materials,Electric house,"3,724",manual Entry,finance ops,needs mapping,Vendor invoice late
07 Feb-26,Marketing,Paid media,Google / LinkedIn,"4,602",cash,M. Chen,,Map to GL 6100
10 Nov-25,Sales,CRM / RevOps tools,Salesforce / Outreach,"7,866",cash,TBD,posted,Map to GL 6100
2025-12-06,Revenue,Revenue,Corp. clients,"9,421",Check,,accrual,Map to GL 6100
2025-10-08,Marketing,Customer appr.,Amazon gift c.,"2,916",Check,,manual adj,Map to GL 6100
2025-07-06,Mktg,Customer appr.,Gift hamper,"7,104",ERP,M. Chen,,Vendor invoice late
05-Feb-25,G&A,Legal fees,Buchalter,"(9,967)",Pos,,,Vendor invoice late
02/01/26,Revenue,Service,Corp. clients,"7,769",Check,Erik,Posted,One-off item
27 Oct-25,Sales,Sales commission,Payroll,"3,697",ERP,Andres,posted,Map to GL 6100
2025-06-16,G&A,Office rent,Landlord,"4,851",manual Entry,Alex - FP&A,posted,Map to GL 6100
2025-05-13,R&D,Payroll - eng,Payroll,"2,390",cash,,manual adj,Ask owner
24 Jan-25,COGS,Materials,Electric house,"4,466",manual Entry,TBD,accrual,Timing issue
2025-06-18,R&D,AI automation,n8n,"4,798",ERP,M. Chen,posted,Check sign
30-Jun-25,Marketing,Events & webinars,Various,"6,660",Pos,TBD,,Check sign
27 Oct-25,Services,Support tools,Zendesk / Gainsight,"1,075",cash,TBD,manual adj,One-off item
01/02/25,R&D,Cloud hosting,AWS / Datadog,"3,145",cash,finance ops,accrual,Map to GL 6100
2026-01-04,Marketing,Paid media,Google / LinkedIn,"1,608",ERP,M. Chen,posted,One-off item
06/10/26,Services,Prof services,Implementation clients,"(7,887)",Check,TBD,needs mapping,Vendor invoice late
2025-11-30,R&D,Payroll - eng,Payroll,"6,455",Pos,TBD,manual adj,Timing issue
24-Apr-25,Revenue,Subscr. revenue,Corp. clients,"2,191",Pos,M. Chen,late invoice,Map to GL 6100
26-Dec-25,G&A,Accounting fees,Jason CPA,"1,698",cash,M. Chen,Posted,Vendor invoice late
09 Nov-25,G&A,Office rent,Landlord,(310),ERP,finance ops,manual adj,Ask owner
07-Aug-25,Revenue,Subscr. revenue,Retail Customer,"6,700",manual Entry,finance ops,,Ask owner
05/04/25,Mktg,Customer appr.,Amazon gift c.,"3,106",Pos,,needs mapping,Map to GL 6100
19 Jun-25,Marketing,Google Ads,Google / LinkedIn,"1,417",Pos,Alex - FP&A,Posted,Ask owner
03-Jul-25,G&A,Office rent,Landlord,"3,179",cash,TBD,,
31-Aug-25,Revenue,Subscr. revenue,Retail Customer,"5,983",ERP,Erik,late invoice,Map to GL 6100
22 Oct-25,Services,Support tools,Zendesk / Gainsight,"5,209",manual Entry,Andres,late invoice,Timing issue
06/11/25,Marketing,Customer appr.,Gift hamper,"6,538",Check,Erik,posted,One-off item
10 Dec-25,Revenue,Product sales,Corp. clients,"1,919",ERP,TBD,posted,Map to GL 6100
2025-08-19,Services,Prof services,Implementation clients,"(9,964)",Check,,needs mapping,Ask owner
04 Jul-25,G&A,Accounting fees,Brandon,"6,056",manual Entry,,posted,Timing issue
16 Nov-25,R&D,Cloud hosting,AWS / Datadog,"8,960",Pos,finance ops,posted,Map to GL 6100
05/14/25,R&D,Cloud hosting,AWS / Datadog,"3,843",cash,finance ops,Posted,Timing issue
06/11/25,Sales,Sales commission,Payroll,"7,833",manual Entry,M. Chen,accrual,Map to GL 6100
09-Sep-25,Marketing,Google Ads,Google / LinkedIn,"5,094",cash,Erik,needs mapping,Check sign
2025-04-08,COGS,Materials,Electric house,"7,811",Check,finance ops,Posted,Ask owner
15-Sep-25,Revenue,Service,Retail Customer,"5,641",Pos,TBD,posted,Ask owner
10 Oct-25,Marketing,Paid media,Google / LinkedIn,"6,103",cash,Alex - FP&A,posted,Check sign
26-Jun-26,Marketing,Events & webinars,Various,"6,462",manual Entry,finance ops,accrual,Timing issue
01/05/26,Revenue,Revenue,Corp. clients,950,manual Entry,Andres,,
08-Dec-25,Mktg,Customer appr.,Soccer Ticket,"9,673",ERP,Andres,needs mapping,Timing issue
2025-07-18,Mktg,Events & webinars,Various,"1,598",ERP,Andres,Posted,
2025-12-20,Sales,Sales commission,Payroll,"(6,907)",ERP,finance ops,accrual,Map to GL 6100
19 Feb-25,Marketing,Events & webinars,Various,"2,965",Pos,TBD,accrual,Ask owner
28-Mar-25,COGS,Payroll - eng,Payroll,"2,781",cash,Alex - FP&A,,Map to GL 6100
2025-02-14,Revenue,Subscr. revenue,Retail Customer,"5,048",Pos,Andres,needs mapping,Timing issue
06 Feb-25,Mktg,Paid media,Google / LinkedIn,"(4,085)",manual Entry,,needs mapping,
09-Jul-25,R&D,Payroll - eng,Payroll,779,cash,Erik,needs mapping,Timing issue
04 Sep-25,Sales,CRM / RevOps tools,Salesforce / Outreach,"6,114",Pos,TBD,accrual,Check sign
24 Sep-25,Revenue,Subscr. revenue,Corp. clients,373,cash,Andres,late invoice,
10/17/25,COGS,Cloud hosting,AWS / Datadog,"5,422",Check,M. Chen,late invoice,Ask owner
2025-05-20,G&A,Office rent,Landlord,432,Check,TBD,accrual,Check sign
11/06/25,Sales,CRM / RevOps tools,Salesforce / Outreach,"2,295",ERP,,posted,One-off item
09/19/25,Marketing,Events & webinars,Various,"6,218",ERP,Alex - FP&A,,Map to GL 6100
19 Jun-25,Marketing,Google Ads,Google / LinkedIn,"9,329",cash,,,One-off item
2025-11-19,R&D,Cloud hosting,AWS / Datadog,"8,932",cash,finance ops,needs mapping,Ask owner
17-Feb-26,Services,Prof services,Implementation clients,"6,180",cash,Alex - FP&A,Posted,Check sign
02/20/25,Mktg,Paid media,Google / LinkedIn,"(4,250)",manual Entry,TBD,needs mapping,Timing issue
2025-06-24,Mktg,Paid media,Google / LinkedIn,"(7,873)",Check,M. Chen,,Ask owner
21-Jun-26,Revenue,Product sales,Retail Customer,"1,233",Check,M. Chen,posted,Timing issue
07 Feb-26,G&A,Accounting fees,Brandon,"6,804",manual Entry,Alex - FP&A,,Ask owner
07 Oct-25,Services,Support tools,Zendesk / Gainsight,"8,017",manual Entry,Alex - FP&A,Posted,Map to GL 6100
2025-04-08,Sales,Sales commission,Payroll,"5,147",ERP,Erik,,One-off item
10/31/25,Services,Support tools,Zendesk / Gainsight,"9,249",manual Entry,Erik,Posted,
19 Feb-25,Mktg,Events & webinars,Various,"(1,778)",manual Entry,Alex - FP&A,manual adj,Map to GL 6100
2026-04-10,Sales,CRM / RevOps tools,Salesforce / Outreach,"3,952",ERP,Erik,manual adj,Check sign
2026-06-11,Revenue,Revenue,Retail Customer,"8,980",Check,,needs mapping,Timing issue
09-Mar-25,R&D,Cloud hosting,AWS / Datadog,"8,637",manual Entry,Erik,Posted,
20-Mar-26,Sales,Payroll - sales,Payroll,"9,405",Check,TBD,late invoice,Check sign
2025-01-16,Revenue,Service,Retail Customer,"6,115",ERP,Erik,accrual,Check sign
01/05/25,G&A,Legal fees,Buchalter,178,Check,,,Check sign
10/17/25,Services,Prof services,Implementation clients,"(2,534)",manual Entry,,late invoice,Timing issue
06/26/25,Sales,Payroll - sales,Payroll,"4,763",Check,,Posted,Ask owner
06/26/25,G&A,Accounting fees,Brandon,"(5,142)",manual Entry,Alex - FP&A,late invoice,Vendor invoice late
2025-06-29,G&A,Legal fees,Europa Law firm,"3,131",cash,TBD,manual adj,Check sign
2025-02-02,Services,Prof services,Implementation clients,"3,802",cash,finance ops,needs mapping,One-off item
2026-06-11,Sales,CRM / RevOps tools,Salesforce / Outreach,"6,817",Check,Andres,needs mapping,Map to GL 6100
25-Apr-25,G&A,Legal fees,Europa Law firm,"5,334",manual Entry,M. Chen,posted,Ask owner
23-Feb-26,G&A,Accounting fees,Brandon,"4,360",Check,Erik,posted,Vendor invoice late
2025-06-22,Revenue,Revenue,Retail Customer,"3,250",manual Entry,Andres,late invoice,Ask owner
03 Sep-25,G&A,Legal fees,Buchalter,274,cash,TBD,manual adj,One-off item
2025-11-23,R&D,Payroll - eng,Payroll,"6,346",Check,Erik,needs mapping,Timing issue
04 Mar-25,Services,Prof services,Implementation clients,"(7,658)",Pos,Alex - FP&A,accrual,
05/14/25,Revenue,Revenue,Retail Customer,"7,506",Check,,needs mapping,One-off item
2025-04-08,G&A,Accounting fees,Brandon,"2,785",manual Entry,Erik,,
10 Feb-26,G&A,Office rent,Landlord,747,Check,Alex - FP&A,late invoice,One-off item
01/22/25,Sales,Sales commission,Payroll,"9,932",manual Entry,Alex - FP&A,Posted,
2025-07-26,G&A,Office rent,Landlord,"2,074",ERP,Alex - FP&A,accrual,Ask owner
02-Aug-25,COGS,Payroll - eng,Payroll,"4,517",manual Entry,M. Chen,accrual,
11 Dec-25,COGS,Materials,Electric house,"3,209",cash,TBD,Posted,Map to GL 6100
09/05/25,Mktg,Customer appr.,Gift hamper,"3,925",cash,,needs mapping,
2025-06-22,Services,Support tools,Zendesk / Gainsight,"5,542",ERP,Andres,,Timing issue
05/14/25,Mktg,Paid media,Google / LinkedIn,"(2,678)",manual Entry,finance ops,posted,Check sign
05/14/25,COGS,Materials,Electric house,"5,724",manual Entry,,,Timing issue
09/10/25,R&D,Payroll - eng,Payroll,"2,381",Pos,finance ops,Posted,Check sign
2026-06-19,R&D,AI automation,n8n,"4,622",Pos,Alex - FP&A,,Vendor invoice late
09-Sep-25,Mktg,Events & webinars,Various,187,Pos,finance ops,Posted,One-off item
2025-10-08,Services,Support tools,Zendesk / Gainsight,"9,291",Check,finance ops,accrual,Timing issue
2025-05-22,Services,Prof services,Implementation clients,661,cash,Andres,accrual,Check sign
07/09/26,R&D,AI automation,n8n,"3,291",ERP,,accrual,Map to GL 6100
2025-10-15,Services,Support tools,Zendesk / Gainsight,"(3,674)",Check,Andres,Posted,
07-Aug-25,Revenue,Service,Corp. clients,"(9,833)",manual Entry,Andres,Posted,One-off item
26 Sep-25,G&A,Office rent,Landlord,"5,468",Pos,finance ops,Posted,Timing issue
01 Dec-25,Sales,Sales commission,Payroll,"(1,332)",Check,TBD,,Ask owner
2026-02-14,Revenue,Product sales,Retail Customer,33,Pos,Erik,,One-off item
05/06/26,Mktg,Paid media,Google / LinkedIn,"1,260",ERP,finance ops,manual adj,Timing issue
02 Mar-26,Mktg,Customer appr.,Gift hamper,"7,907",Pos,Alex - FP&A,late invoice,Vendor invoice late
05/13/26,Mktg,Events & webinars,Various,"7,415",manual Entry,TBD,late invoice,Vendor invoice late
02/20/25,Sales,Payroll - sales,Payroll,"6,144",Check,Andres,Posted,One-off item
08/28/25,Sales,Sales commission,Payroll,"(2,946)",manual Entry,finance ops,needs mapping,Check sign
2025-07-06,Sales,Sales commission,Payroll,"3,824",cash,,manual adj,Timing issue
01/02/25,G&A,Legal fees,Europa Law firm,"5,196",cash,finance ops,,Map to GL 6100
23-Feb-26,Mktg,Paid media,Google / LinkedIn,"(3,375)",manual Entry,TBD,accrual,Ask owner
25-Apr-25,COGS,Payroll - eng,Payroll,"(2,460)",manual Entry,,needs mapping,Timing issue
03 Feb-25,Services,Prof services,Implementation clients,"(1,951)",ERP,finance ops,late invoice,
22 Apr-25,COGS,Payroll - eng,Payroll,"8,163",cash,Erik,needs mapping,Map to GL 6100
04 Jul-25,COGS,Cloud hosting,AWS / Datadog,515,cash,Alex - FP&A,late invoice,Map to GL 6100
12 Jan-25,COGS,Payroll - eng,Payroll,"(7,774)",ERP,,manual adj,Check sign
02/20/25,Mktg,Paid media,Google / LinkedIn,"2,270",cash,M. Chen,needs mapping,Vendor invoice late
20-Mar-26,R&D,Cloud hosting,AWS / Datadog,"4,632",cash,TBD,posted,Timing issue
05/14/25,Revenue,Subscr. revenue,Retail Customer,"6,908",ERP,Erik,accrual,Check sign
28-Jul-25,Services,Support tools,Zendesk / Gainsight,"(7,308)",Check,Alex - FP&A,posted,Map to GL 6100
24 Sep-25,Mktg,Customer appr.,Amazon gift c.,"8,381",Pos,finance ops,late invoice,Check sign
2025-01-15,COGS,Materials,Home Depot,"4,142",ERP,,posted,Ask owner
12 Mar-26,Services,Support tools,Zendesk / Gainsight,"7,706",manual Entry,,Posted,
2025-02-04,R&D,Cloud hosting,AWS / Datadog,"6,477",cash,finance ops,Posted,Check sign
07 Mar-25,Marketing,Customer appr.,Amazon gift c.,"(9,881)",ERP,finance ops,Posted,Ask owner
11 Dec-25,Mktg,Customer appr.,Gift hamper,135,manual Entry,Andres,manual adj,
21-Sep-25,G&A,Office rent,Landlord,"9,722",ERP,finance ops,needs mapping,Vendor invoice late
04/27/25,R&D,Payroll - eng,Payroll,"(1,632)",ERP,Andres,manual adj,
29 Jun-26,Mktg,Events & webinars,Various,(189),Pos,Erik,manual adj,Timing issue
26 Sep-25,Sales,CRM / RevOps tools,Salesforce / Outreach,"9,829",manual Entry,Andres,posted,Timing issue
2025-09-16,Mktg,Events & webinars,Various,"9,511",ERP,Andres,accrual,Timing issue
15-Mar-26,Revenue,Subscr. revenue,Retail Customer,"5,484",Check,finance ops,Posted,
2026-01-17,Revenue,Revenue,Retail Customer,"8,024",cash,Erik,,Check sign
26-Dec-25,Marketing,Events & webinars,Various,"9,239",cash,Andres,posted,Map to GL 6100
07 Feb-26,Sales,CRM / RevOps tools,Salesforce / Outreach,"6,966",cash,M. Chen,,One-off item
15-Apr-25,Revenue,Subscr. revenue,Corp. clients,"1,283",manual Entry,M. Chen,,Map to GL 6100
10 Nov-25,COGS,Materials,Walmart,"9,235",cash,Erik,,One-off item
02/10/25,Services,Prof services,Implementation clients,"3,142",cash,,Posted,One-off item
05/21/25,Services,Prof services,Implementation clients,26,manual Entry,M. Chen,manual adj,Ask owner
29 Oct-25,Services,Prof services,Implementation clients,"9,753",manual Entry,M. Chen,,Timing issue
11-Feb-25,Revenue,Subscr. revenue,Corp. clients,"6,548",manual Entry,finance ops,posted,Ask owner
02/10/25,Services,Prof services,Implementation clients,"2,669",manual Entry,Alex - FP&A,late invoice,One-off item
23-Feb-26,R&D,Cloud hosting,AWS / Datadog,"5,988",ERP,,manual adj,Check sign
04-May-26,Mktg,Customer appr.,Amazon gift c.,(210),manual Entry,Alex - FP&A,,Vendor invoice late
2025-07-13,Services,Support tools,Zendesk / Gainsight,"3,648",Check,M. Chen,manual adj,Ask owner
2025-08-19,Services,Prof services,Implementation clients,"9,470",cash,,accrual,
03 Jul-26,Revenue,Revenue,Corp. clients,"9,344",manual Entry,Alex - FP&A,,Ask owner
31-Aug-25,COGS,Materials,Home Depot,"5,517",manual Entry,Andres,,Check sign
09/10/25,Marketing,Customer appr.,Gift hamper,"(2,820)",cash,finance ops,accrual,Map to GL 6100
29-Jan-26,G&A,Accounting fees,Brandon,"(6,495)",cash,TBD,manual adj,One-off item
06/28/25,Mktg,Events & webinars,Various,"(9,610)",manual Entry,Alex - FP&A,needs mapping,
16-May-26,COGS,Payroll - eng,Payroll,229,cash,Andres,late invoice,
2025-04-10,Revenue,Revenue,Retail Customer,"1,032",ERP,M. Chen,posted,Vendor invoice late
26-Dec-25,Marketing,Paid media,Google / LinkedIn,"8,729",Check,TBD,,Ask owner
2026-04-10,R&D,AI automation,n8n,"(8,061)",cash,M. Chen,,Map to GL 6100
2025-12-30,G&A,Legal fees,Buchalter,"5,369",Pos,,accrual,Timing issue
19-Apr-25,G&A,Accounting fees,Jason CPA,"6,555",manual Entry,Alex - FP&A,manual adj,Vendor invoice late
03 Apr-26,COGS,Cloud hosting,AWS / Datadog,"9,783",manual Entry,Erik,accrual,Check sign
22-Apr-26,Marketing,Events & webinars,Various,"1,685",ERP,Alex - FP&A,late invoice,Ask owner
14 Jun-26,R&D,Cloud hosting,AWS / Datadog,"8,159",ERP,,manual adj,One-off item
10 Jan-25,Sales,CRM / RevOps tools,Salesforce / Outreach,"3,119",Check,Alex - FP&A,needs mapping,Vendor invoice late
27-Jun-25,Mktg,Paid media,Google / LinkedIn,"(4,194)",Pos,TBD,accrual,Map to GL 6100
17 Sep-25,Services,Prof services,Implementation clients,(48),ERP,Alex - FP&A,,Vendor invoice late
06/15/26,Marketing,Customer appr.,Soccer Ticket,"(2,663)",cash,finance ops,late invoice,Timing issue
08-Dec-25,Revenue,Revenue,Corp. clients,"6,931",cash,finance ops,posted,Map to GL 6100
03/22/25,Revenue,Subscr. revenue,Corp. clients,"7,280",Pos,finance ops,needs mapping,Vendor invoice late
16 Apr-26,Services,Support tools,Zendesk / Gainsight,"2,578",manual Entry,Andres,,Ask owner
30-Jul-25,Services,Support tools,Zendesk / Gainsight,"(5,670)",cash,,accrual,Check sign
2025-04-10,Revenue,Product sales,Retail Customer,"8,694",Check,Erik,accrual,Map to GL 6100
05/25/25,R&D,Cloud hosting,AWS / Datadog,"1,255",Check,M. Chen,needs mapping,Vendor invoice late
26 Jan-25,Revenue,Revenue,Retail Customer,"9,373",Check,TBD,manual adj,Timing issue
09 Nov-25,Services,Support tools,Zendesk / Gainsight,"(2,375)",manual Entry,finance ops,accrual,Ask owner
23-Mar-25,Sales,Payroll - sales,Payroll,"7,280",cash,TBD,late invoice,Vendor invoice late
04/17/25,R&D,Cloud hosting,AWS / Datadog,"9,198",ERP,TBD,manual adj,Timing issue
16-Jan-26,R&D,Payroll - eng,Payroll,"(9,582)",ERP,Andres,late invoice,One-off item
23-Sep-25,R&D,Payroll - eng,Payroll,"(1,731)",Pos,TBD,late invoice,Map to GL 6100
21-Jul-25,Services,Support tools,Zendesk / Gainsight,"7,090",manual Entry,Erik,Posted,Vendor invoice late
12-Apr-25,Mktg,Events & webinars,Various,937,cash,TBD,manual adj,
2025-05-02,Sales,Payroll - sales,Payroll,"(7,611)",ERP,Andres,late invoice,Map to GL 6100
07 Oct-25,Revenue,Revenue,Retail Customer,"6,196",cash,Alex - FP&A,posted,Check sign
30-May-25,Marketing,Google Ads,Google / LinkedIn,"4,551",cash,,manual adj,
2026-03-05,COGS,Materials,Johnsons Supply,"5,388",ERP,M. Chen,Posted,Ask owner
07/11/26,COGS,Materials,Electric house,"9,759",Check,Alex - FP&A,manual adj,Check sign
10 Jul-25,COGS,Cloud hosting,AWS / Datadog,"8,510",Pos,finance ops,late invoice,Vendor invoice late
2025-10-26,G&A,Legal fees,Europa Law firm,"(6,058)",manual Entry,Alex - FP&A,,One-off item
05/22/26,Sales,Payroll - sales,Payroll,"7,204",manual Entry,,late invoice,Check sign
07/11/26,Sales,CRM / RevOps tools,Salesforce / Outreach,"9,757",cash,Erik,,
02/16/26,COGS,Payroll - eng,Payroll,"4,672",ERP,Erik,Posted,Vendor invoice late
12/13/25,Revenue,Product sales,Retail Customer,(357),ERP,TBD,posted,Timing issue
05/22/26,Sales,Payroll - sales,Payroll,"4,607",Pos,Erik,late invoice,Ask owner
08/30/25,COGS,Materials,Electric house,"5,724",Check,,manual adj,One-off item
2025-12-09,R&D,Cloud hosting,AWS / Datadog,"4,460",cash,TBD,manual adj,Vendor invoice late
09 Jun-26,Revenue,Subscr. revenue,Corp. clients,"5,183",Check,Erik,posted,Check sign
31 May-26,Sales,CRM / RevOps tools,Salesforce / Outreach,"6,938",manual Entry,Andres,,Check sign
15-Mar-26,Revenue,Product sales,Retail Customer,"9,484",cash,M. Chen,late invoice,Check sign
2025-11-07,Sales,Payroll - sales,Payroll,"1,540",manual Entry,Andres,accrual,Ask owner
2025-11-27,G&A,Legal fees,Europa Law firm,"7,488",Check,Erik,accrual,Timing issue
2025-04-21,Mktg,Paid media,Google / LinkedIn,"(5,578)",ERP,TBD,late invoice,Ask owner
05/14/25,R&D,AI automation,n8n,"9,755",Check,finance ops,manual adj,One-off item
2026-03-21,R&D,AI automation,n8n,"5,750",ERP,Alex - FP&A,needs mapping,
24-Jul-25,Sales,CRM / RevOps tools,Salesforce / Outreach,787,ERP,finance ops,late invoice,One-off item
09/05/25,G&A,Accounting fees,Brandon,237,Check,,manual adj,Map to GL 6100
03/10/25,R&D,Cloud hosting,AWS / Datadog,"2,354",manual Entry,finance ops,late invoice,Map to GL 6100
14 Aug-25,R&D,Payroll - eng,Payroll,"5,501",ERP,Alex - FP&A,,Timing issue
18 Oct-25,Marketing,Paid media,Google / LinkedIn,"2,324",Check,finance ops,manual adj,
13 Mar-25,COGS,Materials,Home Depot,"(9,509)",Pos,TBD,posted,Vendor invoice late
01/27/26,G&A,Office rent,Landlord,"1,303",Check,Erik,late invoice,Timing issue
15-Apr-25,Sales,Payroll - sales,Payroll,"8,514",Pos,Erik,,Check sign
04/25/26,Services,Support tools,Zendesk / Gainsight,"6,227",cash,finance ops,,Timing issue
02/12/25,G&A,Accounting fees,Brandon,"(8,752)",cash,Alex - FP&A,needs mapping,Timing issue
18-Mar-26,Services,Support tools,Zendesk / Gainsight,"(4,091)",ERP,Alex - FP&A,late invoice,Map to GL 6100
02/23/25,Services,Support tools,Zendesk / Gainsight,"(9,338)",Check,Alex - FP&A,accrual,Map to GL 6100
21-Jul-25,R&D,Cloud hosting,AWS / Datadog,"4,398",manual Entry,M. Chen,needs mapping,Map to GL 6100
03/29/25,Sales,Payroll - sales,Payroll,"5,360",Pos,Alex - FP&A,posted,
11-Mar-25,COGS,Materials,Johnsons Supply,"9,534",manual Entry,Erik,manual adj,One-off item
2026-06-19,Mktg,Customer appr.,Amazon gift c.,"5,690",cash,Andres,late invoice,Ask owner
2025-05-19,R&D,AI automation,n8n,"6,758",Pos,M. Chen,Posted,
2025-07-06,Sales,CRM / RevOps tools,Salesforce / Outreach,"4,317",manual Entry,Andres,accrual,Vendor invoice late
2025-02-14,Marketing,Paid media,Google / LinkedIn,"8,958",Pos,M. Chen,Posted,Check sign
06 Jan-26,Marketing,Customer appr.,Soccer Ticket,"1,240",ERP,Alex - FP&A,manual adj,One-off item
03 Apr-26,Revenue,Product sales,Retail Customer,"8,947",cash,Alex - FP&A,,Vendor invoice late
08/28/25,Sales,Sales commission,Payroll,"5,231",cash,finance ops,Posted,Map to GL 6100
2025-01-14,G&A,Accounting fees,Brandon,"(9,299)",cash,TBD,manual adj,Vendor invoice late
2026-01-17,Services,Prof services,Implementation clients,"(5,026)",Check,Alex - FP&A,Posted,Timing issue
23 Jun-26,Sales,Sales commission,Payroll,"(6,294)",manual Entry,finance ops,accrual,One-off item
07 Jul-25,Sales,Sales commission,Payroll,"7,646",manual Entry,TBD,late invoice,Timing issue
02-Mar-25,G&A,Office rent,Landlord,"7,810",Pos,Alex - FP&A,accrual,Ask owner
01/19/25,G&A,Office rent,Landlord,(203),ERP,Erik,manual adj,Timing issue
13-Sep-25,Sales,CRM / RevOps tools,Salesforce / Outreach,"(9,752)",Pos,Andres,posted,Timing issue
04 Jul-25,COGS,Cloud hosting,AWS / Datadog,"1,037",manual Entry,TBD,manual adj,Vendor invoice late
14 Jun-26,R&D,AI automation,n8n,"7,240",ERP,M. Chen,accrual,One-off item
20 Feb-26,Marketing,Paid media,Google / LinkedIn,"3,344",Pos,Erik,needs mapping,Check sign
07/05/26,COGS,Materials,Johnsons Supply,"3,223",cash,,accrual,Timing issue
2025-06-16,Services,Support tools,Zendesk / Gainsight,"(9,242)",Pos,Andres,,Vendor invoice late
05/13/26,Revenue,Product sales,Corp. clients,"9,969",Pos,,late invoice,
01 Jan-26,G&A,Legal fees,Buchalter,"(4,521)",Pos,Erik,needs mapping,Check sign
2026-05-21,R&D,Cloud hosting,AWS / Datadog,478,ERP,finance ops,manual adj,Vendor invoice late
02/07/25,Marketing,Paid media,Google / LinkedIn,652,ERP,TBD,late invoice,Map to GL 6100
2025-07-12,Marketing,Google Ads,Google / LinkedIn,"4,072",cash,TBD,manual adj,One-off item
19 Jun-25,R&D,Cloud hosting,AWS / Datadog,"4,823",ERP,Andres,needs mapping,Vendor invoice late
05/08/26,R&D,Payroll - eng,Payroll,"2,668",cash,finance ops,Posted,Map to GL 6100
18 Jan-25,COGS,Materials,Electric house,"2,012",manual Entry,,,Map to GL 6100
03/10/25,COGS,Cloud hosting,AWS / Datadog,"9,888",manual Entry,finance ops,late invoice,Vendor invoice late
2025-07-18,Marketing,Paid media,Google / LinkedIn,"(6,162)",Check,Alex - FP&A,accrual,Map to GL 6100
24 Apr-26,Marketing,Paid media,Google / LinkedIn,"9,125",ERP,Alex - FP&A,posted,Map to GL 6100
03/21/25,Sales,Sales commission,Payroll,"3,560",Pos,TBD,late invoice,
25 Feb-26,COGS,Materials,Home Depot,"1,281",ERP,Andres,posted,
02/23/25,Services,Support tools,Zendesk / Gainsight,"(5,664)",Check,Alex - FP&A,needs mapping,
08-Nov-25,COGS,Cloud hosting,AWS / Datadog,"5,924",Check,Erik,,One-off item
03/22/25,R&D,Cloud hosting,AWS / Datadog,"2,884",Check,Erik,Posted,Map to GL 6100
30 Mar-25,Sales,Payroll - sales,Payroll,"5,810",cash,,accrual,One-off item
24-Jul-25,COGS,Cloud hosting,AWS / Datadog,"5,243",cash,,posted,One-off item
01 Apr-26,G&A,Legal fees,Buchalter,"4,920",manual Entry,finance ops,late invoice,Map to GL 6100
11-Sep-25,COGS,Payroll - eng,Payroll,"1,899",ERP,M. Chen,manual adj,
05-May-26,Services,Support tools,Zendesk / Gainsight,"8,472",manual Entry,M. Chen,manual adj,Map to GL 6100
16-Dec-25,G&A,Office rent,Landlord,"1,207",manual Entry,Erik,posted,
2025-06-16,Mktg,Paid media,Google / LinkedIn,"(8,090)",ERP,,,Timing issue
05/13/26,Sales,Sales commission,Payroll,"4,301",cash,Alex - FP&A,accrual,One-off item
27 Oct-25,Marketing,Events & webinars,Various,"4,814",ERP,M. Chen,late invoice,Check sign
2025-05-02,Sales,CRM / RevOps tools,Salesforce / Outreach,"6,640",manual Entry,TBD,posted,One-off item
2025-05-22,Marketing,Customer appr.,Amazon gift c.,"2,158",cash,TBD,late invoice,One-off item
01-May-25,Sales,Sales commission,Payroll,528,Check,,,
04/05/25,Mktg,Paid media,Google / LinkedIn,"3,898",Pos,,accrual,Vendor invoice late
2026-01-31,COGS,Cloud hosting,AWS / Datadog,"3,421",Check,Erik,manual adj,Vendor invoice late
2025-09-01,Revenue,Product sales,Retail Customer,"6,349",ERP,Erik,posted,Check sign
02/16/26,R&D,AI automation,n8n,"9,799",Pos,M. Chen,needs mapping,Ask owner
04/03/25,COGS,Materials,Walmart,"(1,682)",manual Entry,Andres,needs mapping,Ask owner
03/30/26,G&A,Office rent,Landlord,"9,306",Check,,late invoice,
08 Jan-26,Revenue,Revenue,Corp. clients,"2,482",Check,Erik,manual adj,Map to GL 6100
02/07/25,G&A,Office rent,Landlord,"2,799",Check,Alex - FP&A,needs mapping,Map to GL 6100
08/30/25,COGS,Cloud hosting,AWS / Datadog,"(8,987)",cash,Andres,late invoice,
2026-03-21,COGS,Cloud hosting,AWS / Datadog,"6,414",Check,Erik,Posted,Check sign
03/31/26,Mktg,Paid media,Google / LinkedIn,"9,015",Pos,Alex - FP&A,manual adj,One-off item
2025-06-16,Mktg,Customer appr.,Gift hamper,"4,150",Pos,finance ops,accrual,Check sign
2025-01-14,Sales,CRM / RevOps tools,Salesforce / Outreach,"1,611",ERP,Erik,needs mapping,Ask owner
15-Apr-26,Marketing,Google Ads,Google / LinkedIn,"8,410",ERP,finance ops,late invoice,Map to GL 6100
04/17/25,COGS,Cloud hosting,AWS / Datadog,"6,437",ERP,M. Chen,late invoice,Map to GL 6100
2025-11-07,Services,Support tools,Zendesk / Gainsight,976,manual Entry,M. Chen,needs mapping,Map to GL 6100
01/02/26,Revenue,Product sales,Retail Customer,"4,707",Check,Alex - FP&A,posted,Map to GL 6100
12/13/25,G&A,Office rent,Landlord,"5,196",Check,,needs mapping,Timing issue
01/02/26,Revenue,Revenue,Retail Customer,"(9,600)",ERP,,posted,Vendor invoice late
04 Sep-25,Mktg,Paid media,Google / LinkedIn,"7,991",Pos,,late invoice,Timing issue
2026-03-25,COGS,Cloud hosting,AWS / Datadog,"9,660",cash,,accrual,One-off item
2025-10-15,Sales,Payroll - sales,Payroll,"6,526",ERP,Erik,posted,Vendor invoice late
05-May-26,Services,Support tools,Zendesk / Gainsight,"8,280",ERP,Andres,posted,One-off item
28-Mar-25,G&A,Accounting fees,Brandon,"5,795",manual Entry,finance ops,late invoice,
22 Mar-26,Mktg,Paid media,Google / LinkedIn,"5,227",manual Entry,Andres,,Check sign
03-Mar-25,Sales,Payroll - sales,Payroll,"4,620",Check,finance ops,needs mapping,Ask owner
02/23/25,Mktg,Paid media,Google / LinkedIn,"2,321",Check,,,
07/15/25,COGS,Payroll - eng,Payroll,"2,088",Pos,finance ops,needs mapping,Ask owner
04-Jul-26,Services,Support tools,Zendesk / Gainsight,"8,232",manual Entry,TBD,,Ask owner
2026-01-04,Marketing,Events & webinars,Various,"(7,328)",manual Entry,TBD,manual adj,Check sign
01/02/25,Marketing,Google Ads,Google / LinkedIn,"8,181",ERP,Erik,late invoice,
17 Sep-25,Sales,CRM / RevOps tools,Salesforce / Outreach,"(2,139)",manual Entry,Alex - FP&A,late invoice,Map to GL 6100
2026-04-10,Mktg,Paid media,Google / LinkedIn,"7,575",Pos,Andres,Posted,Check sign
02/10/25,Marketing,Google Ads,Google / LinkedIn,"3,566",cash,Andres,accrual,
22 Oct-25,G&A,Legal fees,Europa Law firm,"9,157",ERP,Andres,,Check sign
2025-11-14,G&A,Accounting fees,Brandon,885,ERP,,Posted,Map to GL 6100
2025-12-09,R&D,Cloud hosting,AWS / Datadog,"3,641",manual Entry,M. Chen,accrual,One-off item
09/10/25,Revenue,Subscr. revenue,Retail Customer,"9,800",ERP,Erik,needs mapping,One-off item
09/12/25,COGS,Payroll - eng,Payroll,"3,636",ERP,finance ops,manual adj,One-off item
2025-12-18,G&A,Legal fees,Europa Law firm,821,Check,Alex - FP&A,posted,Timing issue
05-Jun-25,Services,Support tools,Zendesk / Gainsight,"1,063",ERP,Erik,Posted,One-off item
09/30/25,Sales,CRM / RevOps tools,Salesforce / Outreach,"3,035",manual Entry,Andres,,Vendor invoice late
21-Jun-26,Sales,Sales commission,Payroll,"1,570",ERP,Andres,late invoice,Check sign
2025-06-18,Revenue,Subscr. revenue,Retail Customer,"1,660",Check,Erik,accrual,Map to GL 6100
06/26/25,Services,Prof services,Implementation clients,"6,517",Pos,Erik,manual adj,One-off item
05/28/25,R&D,Payroll - eng,Payroll,"7,562",cash,Erik,posted,One-off item
04 Feb-26,Mktg,Customer appr.,Gift hamper,"4,396",cash,M. Chen,accrual,One-off item
2025-08-20,Services,Prof services,Implementation clients,"6,093",Check,Andres,Posted,Ask owner
2025-07-12,Services,Prof services,Implementation clients,"5,207",Check,M. Chen,Posted,Timing issue
27-Jun-25,G&A,Accounting fees,Brandon,"2,000",Pos,M. Chen,Posted,Check sign
30-May-25,Services,Support tools,Zendesk / Gainsight,"6,497",cash,TBD,manual adj,
2025-05-02,Marketing,Google Ads,Google / LinkedIn,"3,949",Check,Andres,needs mapping,Vendor invoice late
04/20/25,Sales,Payroll - sales,Payroll,805,Check,Erik,manual adj,Map to GL 6100
07 Apr-26,Revenue,Subscr. revenue,Retail Customer,"8,282",ERP,,posted,Check sign
2025-06-08,COGS,Materials,Home Depot,"6,166",Check,M. Chen,posted,Timing issue
29-Jul-25,G&A,Office rent,Landlord,"(4,243)",cash,Alex - FP&A,manual adj,Timing issue
01/05/25,G&A,Office rent,Landlord,"9,694",Pos,finance ops,posted,Check sign
02 Mar-26,Marketing,Google Ads,Google / LinkedIn,"(1,111)",cash,Alex - FP&A,Posted,One-off item
12/07/25,Revenue,Revenue,Corp. clients,131,Pos,Erik,late invoice,Ask owner
2026-01-17,Sales,CRM / RevOps tools,Salesforce / Outreach,"1,256",ERP,finance ops,needs mapping,
04 Jul-25,Marketing,Google Ads,Google / LinkedIn,"9,652",manual Entry,M. Chen,posted,
2025-12-09,Revenue,Service,Corp. clients,"2,729",ERP,finance ops,needs mapping,Vendor invoice late
05/06/26,Revenue,Subscr. revenue,Corp. clients,"4,782",ERP,Alex - FP&A,posted,Timing issue
2026-01-20,Revenue,Revenue,Retail Customer,393,cash,TBD,,Map to GL 6100
2026-07-02,COGS,Cloud hosting,AWS / Datadog,"3,493",manual Entry,Andres,manual adj,Timing issue
2026-03-11,G&A,Legal fees,Europa Law firm,"(5,903)",ERP,finance ops,manual adj,Vendor invoice late
01/24/26,Mktg,Paid media,Google / LinkedIn,"2,871",Check,M. Chen,posted,Map to GL 6100
23-Apr-26,R&D,AI automation,n8n,"5,476",manual Entry,TBD,manual adj,Vendor invoice late
2025-08-19,R&D,Payroll - eng,Payroll,"1,713",cash,M. Chen,late invoice,Check sign
12/23/25,G&A,Accounting fees,Jason CPA,"5,124",cash,,,Check sign
13 Jan-25,Services,Support tools,Zendesk / Gainsight,631,cash,finance ops,posted,One-off item
2025-05-22,G&A,Office rent,Landlord,"4,296",Pos,Andres,Posted,Map to GL 6100
01/27/26,R&D,AI automation,n8n,"4,243",ERP,Alex - FP&A,needs mapping,
08-Dec-25,Mktg,Paid media,Google / LinkedIn,523,Pos,Erik,accrual,Vendor invoice late
07 Feb-26,Services,Support tools,Zendesk / Gainsight,"5,848",manual Entry,M. Chen,Posted,Ask owner
2025-07-18,Mktg,Events & webinars,Various,"3,479",Check,M. Chen,posted,Ask owner
23-Feb-26,Services,Support tools,Zendesk / Gainsight,"(8,873)",Check,Alex - FP&A,accrual,Ask owner
07 Oct-25,Sales,Payroll - sales,Payroll,"4,167",Check,Alex - FP&A,needs mapping,Vendor invoice late
2025-12-31,Mktg,Events & webinars,Various,"1,604",ERP,TBD,posted,Vendor invoice late
05/28/25,COGS,Cloud hosting,AWS / Datadog,"6,043",ERP,,accrual,One-off item
02/07/25,COGS,Payroll - eng,Payroll,"(7,946)",ERP,Alex - FP&A,Posted,Map to GL 6100
2025-05-20,Revenue,Subscr. revenue,Retail Customer,"2,910",Check,M. Chen,manual adj,
16 Apr-26,R&D,AI automation,n8n,"6,601",cash,M. Chen,late invoice,Timing issue
2026-02-27,Revenue,Product sales,Corp. clients,"9,713",Pos,Andres,late invoice,One-off item
02 Apr-26,Revenue,Service,Corp. clients,609,Check,TBD,needs mapping,Vendor invoice late
2025-06-13,Revenue,Subscr. revenue,Corp. clients,"2,007",ERP,finance ops,posted,Timing issue
2025-08-08,COGS,Materials,Walmart,"9,977",Pos,Andres,accrual,Vendor invoice late
2025-11-23,R&D,Payroll - eng,Payroll,"3,158",Pos,Erik,Posted,
2025-12-31,Services,Prof services,Implementation clients,"9,753",Pos,Andres,needs mapping,Map to GL 6100
14 Jun-26,Services,Prof services,Implementation clients,(572),manual Entry,Erik,posted,Vendor invoice late
05/14/25,COGS,Payroll - eng,Payroll,"6,302",Check,finance ops,manual adj,Timing issue
04/25/26,Sales,CRM / RevOps tools,Salesforce / Outreach,"(7,366)",cash,,accrual,
14-Oct-25,R&D,Cloud hosting,AWS / Datadog,"2,494",manual Entry,M. Chen,,Timing issue
24-Jul-25,Mktg,Customer appr.,Amazon gift c.,"7,403",cash,,late invoice,Vendor invoice late
07/05/26,Marketing,Paid media,Google / LinkedIn,"5,909",cash,Erik,posted,
30 May-26,R&D,Cloud hosting,AWS / Datadog,"3,156",Check,Alex - FP&A,Posted,Check sign
15 Jan-26,Mktg,Customer appr.,Gift hamper,"2,477",Check,finance ops,,
2026-03-11,Sales,Payroll - sales,Payroll,441,manual Entry,finance ops,posted,Check sign
2026-05-01,Revenue,Service,Retail Customer,"2,630",Check,TBD,late invoice,Timing issue
04 Jul-25,R&D,AI automation,n8n,"8,995",Pos,Alex - FP&A,Posted,Ask owner
04 Feb-26,Mktg,Customer appr.,Gift hamper,"8,037",manual Entry,Erik,accrual,Check sign
25 Oct-25,Services,Prof services,Implementation clients,"4,727",Pos,Andres,late invoice,Vendor invoice late
13 Mar-25,G&A,Office rent,Landlord,"9,798",Check,finance ops,needs mapping,Check sign
2026-06-16,Mktg,Customer appr.,Soccer Ticket,"8,757",ERP,Erik,manual adj,Check sign
2025-12-30,R&D,Payroll - eng,Payroll,"9,970",manual Entry,TBD,Posted,Vendor invoice late
05-Apr-26,Services,Support tools,Zendesk / Gainsight,"6,433",Check,Andres,Posted,
05/08/26,COGS,Materials,Electric house,"9,229",Check,,Posted,Check sign
25 Oct-25,Marketing,Google Ads,Google / LinkedIn,"(9,184)",ERP,,manual adj,Map to GL 6100
20 Oct-25,Sales,CRM / RevOps tools,Salesforce / Outreach,"6,111",cash,Alex - FP&A,posted,One-off item
01/27/26,Mktg,Events & webinars,Various,"6,858",cash,M. Chen,posted,Map to GL 6100
01/02/25,R&D,Payroll - eng,Payroll,"(5,574)",ERP,M. Chen,manual adj,Map to GL 6100
17 Mar-25,Services,Prof services,Implementation clients,"6,769",ERP,Andres,needs mapping,Timing issue
2025-04-02,Services,Support tools,Zendesk / Gainsight,"7,109",Pos,M. Chen,needs mapping,Check sign
2025-07-13,R&D,Payroll - eng,Payroll,"3,485",cash,TBD,accrual,Ask owner
2025-12-06,G&A,Accounting fees,Jason CPA,"2,444",manual Entry,finance ops,,
26 Feb-26,Marketing,Customer appr.,Soccer Ticket,"(2,724)",Check,M. Chen,manual adj,Timing issue
10/11/25,Mktg,Events & webinars,Various,769,cash,Alex - FP&A,accrual,
2026-06-16,Revenue,Revenue,Corp. clients,"6,836",Pos,Alex - FP&A,late invoice,Check sign
2026-05-21,Marketing,Google Ads,Google / LinkedIn,"(3,346)",ERP,M. Chen,,Ask owner
27 Oct-25,Services,Prof services,Implementation clients,"8,042",ERP,Andres,late invoice,Check sign
06/28/25,Sales,CRM / RevOps tools,Salesforce / Outreach,"4,836",manual Entry,Andres,posted,One-off item
2025-11-18,G&A,Accounting fees,Jason CPA,"5,944",Check,Erik,,Vendor invoice late
27 Oct-25,COGS,Cloud hosting,AWS / Datadog,"2,166",manual Entry,,accrual,Map to GL 6100
2026-02-27,R&D,AI automation,n8n,"4,017",manual Entry,Erik,manual adj,Vendor invoice late
12-Apr-25,R&D,Payroll - eng,Payroll,"5,825",manual Entry,Erik,,Check sign
02-Aug-25,Revenue,Product sales,Retail Customer,"3,924",cash,Andres,Posted,Check sign
08/28/25,R&D,Cloud hosting,AWS / Datadog,"(2,044)",manual Entry,Andres,needs mapping,Ask owner
22-Jul-25,R&D,AI automation,n8n,"2,963",ERP,Andres,Posted,One-off item
03/30/26,Revenue,Subscr. revenue,Retail Customer,"6,089",cash,Alex - FP&A,manual adj,Timing issue
25-Dec-25,Services,Prof services,Implementation clients,"3,393",Check,Erik,late invoice,Vendor invoice late
2025-05-16,Marketing,Paid media,Google / LinkedIn,"6,870",Check,Alex - FP&A,Posted,One-off item
24-Jul-25,Mktg,Customer appr.,Soccer Ticket,"2,553",manual Entry,TBD,late invoice,Check sign
20 Jun-26,Marketing,Google Ads,Google / LinkedIn,"7,000",Pos,Alex - FP&A,needs mapping,Vendor invoice late
2025-01-16,Revenue,Service,Corp. clients,"8,488",ERP,Alex - FP&A,posted,Map to GL 6100
10 Nov-25,Mktg,Customer appr.,Soccer Ticket,"4,741",ERP,TBD,needs mapping,Timing issue
06/01/26,Mktg,Customer appr.,Soccer Ticket,"7,739",Check,,needs mapping,
2025-12-06,Sales,Sales commission,Payroll,"(3,792)",manual Entry,Alex - FP&A,posted,Map to GL 6100
02/15/26,R&D,Cloud hosting,AWS / Datadog,"5,226",cash,TBD,needs mapping,Vendor invoice late
04/17/25,Sales,CRM / RevOps tools,Salesforce / Outreach,"4,893",Check,TBD,,Vendor invoice late
09 Nov-25,Services,Support tools,Zendesk / Gainsight,"8,485",manual Entry,Erik,needs mapping,Map to GL 6100
2025-05-22,Marketing,Events & webinars,Various,"9,073",cash,Andres,needs mapping,Map to GL 6100
01/05/26,Revenue,Revenue,Retail Customer,"5,140",Check,Andres,needs mapping,Check sign
07 Mar-25,Marketing,Google Ads,Google / LinkedIn,"6,858",manual Entry,TBD,manual adj,Check sign
12/13/25,Revenue,Product sales,Corp. clients,"(2,407)",ERP,Erik,,
2025-02-14,Marketing,Paid media,Google / LinkedIn,"9,301",Pos,TBD,Posted,Check sign
22-Jul-25,R&D,Payroll - eng,Payroll,"2,420",Pos,finance ops,accrual,
2025-08-20,Sales,CRM / RevOps tools,Salesforce / Outreach,"7,945",cash,,posted,Ask owner
2026-04-29,Marketing,Events & webinars,Various,"4,358",Check,TBD,late invoice,Check sign
21-Feb-25,Services,Support tools,Zendesk / Gainsight,"2,252",Pos,finance ops,needs mapping,Vendor invoice late
06/01/26,R&D,Payroll - eng,Payroll,"4,646",Pos,Erik,accrual,Vendor invoice late
21-Apr-26,Services,Prof services,Implementation clients,"8,027",manual Entry,TBD,accrual,Vendor invoice late
08/30/25,COGS,Materials,Walmart,"4,192",cash,finance ops,manual adj,Timing issue
26 Jan-25,Marketing,Paid media,Google / LinkedIn,"5,457",ERP,TBD,Posted,One-off item
2025-01-16,Marketing,Google Ads,Google / LinkedIn,"8,223",Check,Erik,accrual,Timing issue
09 Jun-26,Mktg,Customer appr.,Amazon gift c.,(354),manual Entry,Erik,posted,Timing issue
01/05/25,Revenue,Revenue,Corp. clients,"2,501",Check,finance ops,,Vendor invoice late
24 Dec-25,G&A,Accounting fees,Brandon,"1,420",cash,Erik,,Check sign
2026-03-11,Services,Support tools,Zendesk / Gainsight,"3,159",Check,Alex - FP&A,late invoice,
26-Dec-25,Services,Prof services,Implementation clients,"(4,431)",Check,Andres,manual adj,Ask owner
14 Aug-25,Sales,CRM / RevOps tools,Salesforce / Outreach,"5,627",ERP,finance ops,posted,Vendor invoice late
01-May-25,Mktg,Paid media,Google / LinkedIn,"8,105",cash,Andres,,Map to GL 6100
02/20/25,Mktg,Customer appr.,Soccer Ticket,"7,677",Check,Erik,accrual,One-off item
09/30/25,Marketing,Events & webinars,Various,196,ERP,TBD,accrual,One-off item
2026-06-16,Mktg,Events & webinars,Various,756,cash,M. Chen,accrual,One-off item
15 Jan-26,Services,Support tools,Zendesk / Gainsight,"2,703",Pos,,manual adj,
2026-03-25,COGS,Payroll - eng,Payroll,"4,052",Pos,TBD,late invoice,Timing issue
18-Mar-26,R&D,Payroll - eng,Payroll,"(3,288)",cash,TBD,manual adj,
2025-06-22,Sales,CRM / RevOps tools,Salesforce / Outreach,"6,639",manual Entry,Alex - FP&A,manual adj,Check sign
22 Apr-25,Revenue,Service,Corp. clients,"9,989",ERP,Andres,Posted,Ask owner
15-Apr-25,COGS,Payroll - eng,Payroll,"(5,081)",Check,M. Chen,manual adj,Ask owner
03 Sep-25,Services,Prof services,Implementation clients,"(5,104)",cash,TBD,manual adj,Map to GL 6100
13 Mar-25,Services,Prof services,Implementation clients,"3,321",Pos,Alex - FP&A,manual adj,Timing issue
25-Apr-25,Sales,Sales commission,Payroll,"8,391",manual Entry,finance ops,needs mapping,Map to GL 6100
27 May-25,R&D,Cloud hosting,AWS / Datadog,"7,197",Pos,TBD,late invoice,Check sign
03/05/25,Revenue,Product sales,Corp. clients,"4,823",Pos,,Posted,Map to GL 6100
03 Sep-25,G&A,Office rent,Landlord,"2,108",manual Entry,Alex - FP&A,late invoice,Vendor invoice late
23-Mar-26,Revenue,Product sales,Corp. clients,(648),Check,M. Chen,Posted,Vendor invoice late
2026-03-21,Sales,Sales commission,Payroll,"1,823",Pos,Alex - FP&A,needs mapping,
28-Mar-25,R&D,Cloud hosting,AWS / Datadog,"7,498",ERP,finance ops,Posted,Check sign
04/05/25,COGS,Materials,Walmart,"6,596",ERP,M. Chen,posted,Ask owner
23 Jun-26,Mktg,Paid media,Google / LinkedIn,"3,950",Check,Erik,needs mapping,Timing issue
05-Apr-26,Mktg,Paid media,Google / LinkedIn,"(8,307)",manual Entry,Andres,late invoice,Vendor invoice late
2025-12-18,COGS,Payroll - eng,Payroll,"1,455",Check,finance ops,posted,Timing issue
05/21/25,Revenue,Subscr. revenue,Retail Customer,"6,426",Pos,finance ops,manual adj,Check sign
05/29/25,Marketing,Google Ads,Google / LinkedIn,"6,978",manual Entry,Andres,accrual,Timing issue
2025-12-20,Revenue,Subscr. revenue,Retail Customer,"7,910",manual Entry,TBD,Posted,Map to GL 6100
2026-03-11,Marketing,Google Ads,Google / LinkedIn,"2,830",ERP,Alex - FP&A,Posted,Map to GL 6100
05/29/25,COGS,Cloud hosting,AWS / Datadog,"8,342",ERP,TBD,needs mapping,Vendor invoice late
12 Mar-26,Mktg,Events & webinars,Various,"7,114",manual Entry,Alex - FP&A,late invoice,One-off item
2025-05-20,Revenue,Subscr. revenue,Corp. clients,"6,001",manual Entry,,late invoice,Check sign
2025-10-08,R&D,AI automation,n8n,"1,765",ERP,Andres,posted,Check sign
06/26/25,Sales,Payroll - sales,Payroll,"5,332",Pos,Erik,posted,Vendor invoice late
2026-01-04,G&A,Office rent,Landlord,"8,886",Pos,Alex - FP&A,posted,
24-Feb-26,R&D,Cloud hosting,AWS / Datadog,"2,273",manual Entry,,,Map to GL 6100
29-Jul-25,Marketing,Paid media,Google / LinkedIn,"1,096",Check,,,Timing issue
2025-05-22,COGS,Cloud hosting,AWS / Datadog,"(1,635)",ERP,Alex - FP&A,late invoice,Map to GL 6100
2025-01-04,Marketing,Google Ads,Google / LinkedIn,"4,164",Check,TBD,,
29-Nov-25,Sales,CRM / RevOps tools,Salesforce / Outreach,"4,559",ERP,Erik,manual adj,Map to GL 6100
18 Oct-25,Mktg,Events & webinars,Various,"(6,670)",Check,Erik,late invoice,Check sign
2025-01-23,COGS,Cloud hosting,AWS / Datadog,"3,846",ERP,finance ops,posted,
2025-04-10,COGS,Materials,Johnsons Supply,"5,504",ERP,,posted,Vendor invoice late
2025-11-19,Sales,CRM / RevOps tools,Salesforce / Outreach,"8,183",Pos,Erik,manual adj,One-off item
23 Jun-26,Marketing,Events & webinars,Various,"7,805",Pos,TBD,late invoice,Map to GL 6100
01-Apr-25,COGS,Materials,Johnsons Supply,"8,104",Pos,Alex - FP&A,Posted,One-off item
30-May-25,R&D,AI automation,n8n,"1,750",manual Entry,Andres,needs mapping,Ask owner
2025-05-02,Marketing,Paid media,Google / LinkedIn,"1,219",cash,TBD,late invoice,
20 Feb-26,Mktg,Paid media,Google / LinkedIn,"4,433",cash,Erik,needs mapping,Map to GL 6100
02/23/25,Revenue,Product sales,Retail Customer,343,manual Entry,Erik,accrual,One-off item
20 Feb-26,Marketing,Events & webinars,Various,"7,694",manual Entry,Alex - FP&A,manual adj,One-off item
03-Jul-25,Services,Prof services,Implementation clients,"5,513",Check,,needs mapping,
09/12/25,Sales,Payroll - sales,Payroll,"6,585",ERP,TBD,Posted,One-off item
2025-07-18,Sales,Sales commission,Payroll,"(7,265)",cash,,posted,Vendor invoice late
10/17/25,G&A,Legal fees,Europa Law firm,"(4,118)",ERP,finance ops,,Map to GL 6100
05-Jun-25,Revenue,Service,Corp. clients,"(8,613)",ERP,Erik,accrual,Vendor invoice late
03 Mar-26,Sales,Payroll - sales,Payroll,"3,206",Pos,Erik,manual adj,Vendor invoice late
02/23/25,Mktg,Events & webinars,Various,"4,162",cash,finance ops,manual adj,
01/27/26,Mktg,Paid media,Google / LinkedIn,"2,338",manual Entry,TBD,late invoice,Map to GL 6100
2025-03-19,Revenue,Product sales,Corp. clients,"(2,456)",manual Entry,TBD,Posted,Vendor invoice late
09 Nov-25,Mktg,Customer appr.,Soccer Ticket,88,Check,,needs mapping,One-off item
02/10/25,Revenue,Subscr. revenue,Retail Customer,"4,018",Pos,,,Check sign
2025-11-30,Mktg,Paid media,Google / LinkedIn,"8,453",ERP,,late invoice,Timing issue
02-Mar-25,Marketing,Customer appr.,Soccer Ticket,"1,896",Check,Erik,,Map to GL 6100
12/07/25,Mktg,Paid media,Google / LinkedIn,"(7,494)",manual Entry,Andres,late invoice,
18 Jan-25,Mktg,Paid media,Google / LinkedIn,"7,034",cash,Andres,manual adj,
2025-03-19,G&A,Legal fees,Europa Law firm,"9,195",cash,finance ops,manual adj,Check sign
04/05/25,G&A,Office rent,Landlord,"9,276",cash,Erik,posted,Check sign
18 Jan-26,Mktg,Paid media,Google / LinkedIn,575,Pos,TBD,late invoice,One-off item
29-Jan-26,Sales,Payroll - sales,Payroll,"4,845",Check,Alex - FP&A,manual adj,
26-Jun-26,R&D,Payroll - eng,Payroll,"1,291",cash,M. Chen,accrual,Map to GL 6100
02 Jul-25,G&A,Office rent,Landlord,"8,488",Check,Alex - FP&A,Posted,Ask owner
06 Sep-25,Revenue,Subscr. revenue,Corp. clients,"(3,157)",Check,Alex - FP&A,accrual,Ask owner
05/04/25,Revenue,Service,Retail Customer,"1,576",ERP,Erik,,Check sign
24 Apr-26,R&D,Payroll - eng,Payroll,"3,990",Pos,Andres,manual adj,Vendor invoice late
07-Mar-26,Sales,Payroll - sales,Payroll,"6,383",manual Entry,Erik,accrual,Ask owner
11/12/25,Services,Support tools,Zendesk / Gainsight,"1,679",manual Entry,Andres,,One-off item
2026-06-11,Services,Support tools,Zendesk / Gainsight,"2,571",ERP,finance ops,manual adj,One-off item
01/02/25,Services,Support tools,Zendesk / Gainsight,"2,882",manual Entry,M. Chen,manual adj,
21-Apr-26,Mktg,Events & webinars,Various,"(9,433)",Pos,Erik,late invoice,Ask owner
05/03/26,R&D,AI automation,n8n,"5,428",ERP,finance ops,posted,
06 Jan-26,R&D,Payroll - eng,Payroll,"6,028",cash,,manual adj,Timing issue
04 Apr-26,Mktg,Events & webinars,Various,"(3,559)",cash,TBD,late invoice,Timing issue
2025-08-23,COGS,Cloud hosting,AWS / Datadog,"5,341",ERP,M. Chen,needs mapping,Vendor invoice late
03/25/25,Sales,Sales commission,Payroll,"6,047",Check,M. Chen,late invoice,Map to GL 6100
2025-06-16,R&D,Payroll - eng,Payroll,"3,989",Pos,TBD,posted,Check sign
02/27/25,G&A,Office rent,Landlord,"5,901",cash,Alex - FP&A,Posted,Map to GL 6100
2025-05-16,Mktg,Customer appr.,Amazon gift c.,"8,797",cash,Erik,manual adj,Map to GL 6100
08 Jan-26,Revenue,Service,Retail Customer,"7,205",ERP,finance ops,Posted,One-off item
04-Oct-25,COGS,Payroll - eng,Payroll,"(5,314)",Check,Andres,late invoice,Map to GL 6100
31-May-25,G&A,Office rent,Landlord,"(6,835)",Check,Erik,late invoice,Map to GL 6100
18 Jan-25,Mktg,Paid media,Google / LinkedIn,"1,515",cash,Alex - FP&A,,
05-Jun-25,Mktg,Paid media,Google / LinkedIn,"7,443",ERP,finance ops,posted,Timing issue
24 Apr-26,R&D,Payroll - eng,Payroll,"6,665",Pos,TBD,,Ask owner
2026-06-11,Services,Prof services,Implementation clients,"3,203",cash,TBD,needs mapping,Check sign
07/12/26,Services,Support tools,Zendesk / Gainsight,"(2,792)",manual Entry,TBD,,Map to GL 6100
2026-03-11,Revenue,Service,Corp. clients,325,ERP,Erik,late invoice,Check sign
06/23/25,Sales,CRM / RevOps tools,Salesforce / Outreach,"1,946",ERP,M. Chen,manual adj,Vendor invoice late
01 Apr-26,Sales,Payroll - sales,Payroll,"6,918",manual Entry,M. Chen,posted,Timing issue
19 Mar-26,Sales,Payroll - sales,Payroll,"(6,421)",Check,,late invoice,Vendor invoice late
2025-12-20,Revenue,Revenue,Corp. clients,"5,562",Pos,,late invoice,Map to GL 6100
05/28/25,R&D,AI automation,n8n,"8,049",Pos,Andres,Posted,Timing issue
17 Mar-25,Mktg,Customer appr.,Amazon gift c.,"6,124",cash,TBD,late invoice,Check sign
09/12/25,G&A,Accounting fees,Jason CPA,"1,086",Check,TBD,manual adj,Vendor invoice late
03 Jul-26,Sales,Payroll - sales,Payroll,"5,602",manual Entry,finance ops,posted,Timing issue
2026-05-21,R&D,Payroll - eng,Payroll,"2,707",Check,TBD,needs mapping,
06 Jan-26,COGS,Cloud hosting,AWS / Datadog,"(8,761)",manual Entry,Andres,accrual,Ask owner
17 Mar-25,Sales,Payroll - sales,Payroll,"4,858",ERP,Alex - FP&A,manual adj,
01 Dec-25,Mktg,Paid media,Google / LinkedIn,"4,888",ERP,finance ops,Posted,Ask owner
05/15/25,Marketing,Paid media,Google / LinkedIn,"4,005",manual Entry,Erik,Posted,Map to GL 6100
03/21/25,R&D,AI automation,n8n,"1,174",cash,finance ops,manual adj,Ask owner
06/01/26,Mktg,Customer appr.,Gift hamper,"9,925",manual Entry,,posted,Map to GL 6100
22-Apr-26,Marketing,Events & webinars,Various,"6,365",manual Entry,M. Chen,accrual,
03/05/25,Services,Prof services,Implementation clients,"8,324",Check,,late invoice,Vendor invoice late
2026-07-02,Revenue,Revenue,Corp. clients,389,ERP,,late invoice,Ask owner
2025-01-15,Services,Prof services,Implementation clients,(123),Check,Andres,posted,Map to GL 6100
15-Sep-25,Mktg,Paid media,Google / LinkedIn,"4,484",manual Entry,M. Chen,Posted,
2025-10-08,Services,Support tools,Zendesk / Gainsight,"8,287",Check,finance ops,manual adj,Vendor invoice late
2025-07-12,Sales,CRM / RevOps tools,Salesforce / Outreach,"(5,802)",manual Entry,Alex - FP&A,accrual,Check sign
26 Sep-25,Mktg,Customer appr.,Gift hamper,"5,924",Check,Erik,,Map to GL 6100
01 Apr-26,G&A,Office rent,Landlord,614,Pos,M. Chen,,Map to GL 6100
21-Sep-25,Sales,Payroll - sales,Payroll,"4,396",Pos,,Posted,Timing issue
27-Jan-25,Sales,Payroll - sales,Payroll,"4,603",Pos,,late invoice,Vendor invoice late
2025-12-18,G&A,Legal fees,Europa Law firm,"8,805",manual Entry,M. Chen,accrual,Ask owner
25-May-26,G&A,Legal fees,Europa Law firm,"(6,020)",Check,Alex - FP&A,posted,Timing issue
08/28/25,Services,Support tools,Zendesk / Gainsight,222,manual Entry,Erik,late invoice,Map to GL 6100
12 Mar-26,Revenue,Service,Corp. clients,"9,668",Check,M. Chen,Posted,
27-Mar-26,Revenue,Subscr. revenue,Retail Customer,"1,994",ERP,,,
15-Feb-25,Services,Support tools,Zendesk / Gainsight,"9,793",manual Entry,M. Chen,,Map to GL 6100
2026-07-02,Services,Prof services,Implementation clients,"7,263",Pos,Erik,posted,Timing issue
2025-04-21,Services,Support tools,Zendesk / Gainsight,"7,855",Check,Erik,late invoice,
11 May-25,R&D,Cloud hosting,AWS / Datadog,"8,917",Check,TBD,posted,Map to GL 6100
2025-01-15,Marketing,Paid media,Google / LinkedIn,"2,593",manual Entry,Alex - FP&A,needs mapping,Vendor invoice late
07 Jul-25,Marketing,Paid media,Google / LinkedIn,"1,044",Check,finance ops,accrual,Vendor invoice late
13 Jan-25,G&A,Office rent,Landlord,"(7,854)",manual Entry,M. Chen,accrual,
09 Nov-25,G&A,Office rent,Landlord,"5,594",cash,TBD,manual adj,Check sign
21-Apr-26,Revenue,Service,Retail Customer,"1,244",manual Entry,,posted,
15-Apr-26,Sales,Payroll - sales,Payroll,"6,815",ERP,Andres,late invoice,
12-Apr-25,Marketing,Google Ads,Google / LinkedIn,"7,169",cash,Erik,Posted,Map to GL 6100
05-Jun-25,Sales,CRM / RevOps tools,Salesforce / Outreach,"7,129",manual Entry,finance ops,manual adj,Ask owner
2025-01-23,G&A,Legal fees,Buchalter,"7,741",ERP,TBD,Posted,
07 Jul-26,Marketing,Events & webinars,Various,"1,920",ERP,Andres,needs mapping,Check sign
06 Jan-26,Marketing,Events & webinars,Various,"2,112",ERP,M. Chen,,Timing issue
16-May-26,Services,Prof services,Implementation clients,"8,074",cash,Erik,,Timing issue
2026-06-19,Mktg,Customer appr.,Soccer Ticket,"7,705",cash,Andres,late invoice,
07/11/26,R&D,AI automation,n8n,"3,470",Check,Alex - FP&A,needs mapping,
24-Jul-25,R&D,Payroll - eng,Payroll,"1,579",manual Entry,,,Check sign
07/01/26,COGS,Cloud hosting,AWS / Datadog,"7,374",manual Entry,Alex - FP&A,accrual,Vendor invoice late
03-Mar-25,G&A,Accounting fees,Brandon,"6,509",cash,TBD,posted,Ask owner
2025-12-20,G&A,Legal fees,Buchalter,"8,299",Check,finance ops,late invoice,Map to GL 6100
07-Aug-25,COGS,Payroll - eng,Payroll,"(3,406)",Check,M. Chen,late invoice,Vendor invoice late
13 Jan-25,Marketing,Paid media,Google / LinkedIn,"5,259",cash,Alex - FP&A,posted,Ask owner
10/31/25,Services,Prof services,Implementation clients,"7,844",Pos,,posted,Map to GL 6100
07 Feb-26,Marketing,Events & webinars,Various,"(4,498)",ERP,finance ops,manual adj,Vendor invoice late
2025-06-16,Marketing,Customer appr.,Gift hamper,(410),Pos,Erik,accrual,Map to GL 6100
2025-08-16,Mktg,Customer appr.,Soccer Ticket,"8,553",ERP,Andres,late invoice,Ask owner
03 Jul-26,R&D,AI automation,n8n,"4,838",Check,M. Chen,needs mapping,Check sign
2025-11-30,G&A,Accounting fees,Jason CPA,700,Check,finance ops,,Vendor invoice late
19-Apr-25,Services,Prof services,Implementation clients,"1,716",Check,Erik,manual adj,Ask owner
17 Mar-25,G&A,Accounting fees,Brandon,"(9,769)",Check,TBD,manual adj,One-off item
2025-10-01,Services,Support tools,Zendesk / Gainsight,"2,559",Check,Erik,accrual,Check sign
30-May-25,Mktg,Paid media,Google / LinkedIn,"2,853",manual Entry,Andres,needs mapping,Check sign
05/22/26,G&A,Legal fees,Buchalter,(789),ERP,Alex - FP&A,needs mapping,Check sign
07 Mar-25,G&A,Office rent,Landlord,"2,371",cash,Andres,,Check sign
26-Feb-25,R&D,Payroll - eng,Payroll,"6,904",manual Entry,,late invoice,Map to GL 6100
28-Mar-25,R&D,AI automation,n8n,"6,605",Check,TBD,needs mapping,Map to GL 6100
30 Mar-25,Marketing,Google Ads,Google / LinkedIn,"3,597",cash,Andres,manual adj,
08/28/25,Marketing,Paid media,Google / LinkedIn,"2,103",manual Entry,M. Chen,accrual,Map to GL 6100
01-May-25,Marketing,Google Ads,Google / LinkedIn,"8,302",ERP,finance ops,manual adj,Vendor invoice late
20 Feb-26,COGS,Materials,Johnsons Supply,"3,460",Check,,posted,
2025-11-30,Marketing,Paid media,Google / LinkedIn,"(8,841)",cash,TBD,accrual,
2026-06-16,G&A,Accounting fees,Jason CPA,"8,246",manual Entry,Erik,Posted,Ask owner
16 Apr-26,Mktg,Customer appr.,Gift hamper,"(2,623)",manual Entry,TBD,,Vendor invoice late
29-Jan-26,Mktg,Customer appr.,Gift hamper,"5,370",manual Entry,Alex - FP&A,needs mapping,One-off item
30 Mar-25,Marketing,Events & webinars,Various,"3,464",Pos,TBD,accrual,Map to GL 6100
2025-12-18,Marketing,Paid media,Google / LinkedIn,"3,844",ERP,Alex - FP&A,,Map to GL 6100
21-Apr-26,Mktg,Events & webinars,Various,"8,128",Check,,needs mapping,Ask owner
06/15/26,Mktg,Events & webinars,Various,136,Check,M. Chen,accrual,Check sign
12/07/25,Marketing,Paid media,Google / LinkedIn,"(3,912)",cash,Erik,accrual,
10 May-26,Marketing,Google Ads,Google / LinkedIn,"7,974",Pos,Erik,posted,
19 Apr-26,Marketing,Events & webinars,Various,753,ERP,Erik,Posted,Check sign
2025-04-08,Marketing,Events & webinars,Various,"4,679",Pos,Alex - FP&A,manual adj,Check sign
06 Oct-25,Mktg,Events & webinars,Various,"(9,933)",cash,M. Chen,Posted,Vendor invoice late
25 Feb-25,Marketing,Google Ads,Google / LinkedIn,"1,870",manual Entry,M. Chen,,One-off item
31 May-26,COGS,Materials,Home Depot,"6,113",Check,finance ops,late invoice,Map to GL 6100
2025-05-16,Mktg,Customer appr.,Gift hamper,"1,655",cash,Alex - FP&A,late invoice,Timing issue
2025-06-14,COGS,Payroll - eng,Payroll,"6,950",cash,TBD,accrual,Vendor invoice late
2025-06-04,Mktg,Paid media,Google / LinkedIn,"4,450",ERP,TBD,needs mapping,One-off item
04 Jul-25,G&A,Office rent,Landlord,"8,264",manual Entry,M. Chen,,One-off item
26-Feb-25,Mktg,Customer appr.,Amazon gift c.,"7,832",Pos,TBD,accrual,Timing issue
09 Apr-26,Services,Support tools,Zendesk / Gainsight,"6,991",Pos,Erik,,Check sign
12 Mar-26,Services,Support tools,Zendesk / Gainsight,"4,894",cash,Erik,manual adj,Timing issue
13 Jan-25,Revenue,Revenue,Corp. clients,"1,823",manual Entry,Erik,needs mapping,Check sign
18 Jan-26,Services,Support tools,Zendesk / Gainsight,"4,123",Pos,Andres,needs mapping,Check sign
27-Mar-26,COGS,Materials,Home Depot,40,Check,Andres,needs mapping,Timing issue
11-Mar-25,R&D,Cloud hosting,AWS / Datadog,"5,602",ERP,finance ops,,
29 Oct-25,Revenue,Revenue,Retail Customer,"9,242",manual Entry,Andres,posted,Check sign
09/12/25,COGS,Cloud hosting,AWS / Datadog,142,Check,,needs mapping,Ask owner
19 Feb-25,G&A,Legal fees,Europa Law firm,"7,445",Check,,posted,One-off item
03/29/25,Sales,CRM / RevOps tools,Salesforce / Outreach,"7,423",Check,Erik,accrual,Ask owner
25-Dec-25,Marketing,Customer appr.,Soccer Ticket,966,ERP,Erik,accrual,Map to GL 6100
2026-01-20,COGS,Materials,Home Depot,"8,072",cash,TBD,manual adj,Timing issue
01-May-25,Mktg,Paid media,Google / LinkedIn,"9,258",cash,M. Chen,needs mapping,
04 Jul-25,Revenue,Service,Retail Customer,"5,214",ERP,Alex - FP&A,Posted,
05-Jun-25,Services,Support tools,Zendesk / Gainsight,"2,615",Check,Erik,,Timing issue
09-Mar-25,Mktg,Events & webinars,Various,"2,875",Pos,Alex - FP&A,,Check sign
13 Jan-25,Marketing,Customer appr.,Gift hamper,"3,639",ERP,M. Chen,posted,Check sign
03 Sep-25,Revenue,Product sales,Corp. clients,"(7,814)",Pos,Erik,accrual,Ask owner
03/29/25,G&A,Accounting fees,Brandon,"(3,070)",cash,,Posted,Ask owner
10 Dec-25,R&D,Payroll - eng,Payroll,261,ERP,TBD,accrual,Check sign
25-Apr-25,Revenue,Service,Retail Customer,"7,948",Check,Erik,late invoice,
25-Jan-26,Services,Prof services,Implementation clients,"(9,851)",Pos,finance ops,late invoice,Timing issue
2025-07-12,Mktg,Events & webinars,Various,"1,668",manual Entry,Alex - FP&A,late invoice,Vendor invoice late
02/23/25,Services,Support tools,Zendesk / Gainsight,185,manual Entry,TBD,accrual,Check sign
2026-06-19,Mktg,Paid media,Google / LinkedIn,"(5,910)",manual Entry,Alex - FP&A,,Ask owner
2025-11-18,Revenue,Revenue,Corp. clients,456,manual Entry,Erik,posted,Check sign
2025-12-30,Services,Prof services,Implementation clients,"1,715",cash,finance ops,posted,Ask owner
2025-12-29,COGS,Materials,Walmart,"7,830",manual Entry,Erik,manual adj,
2025-10-08,Marketing,Customer appr.,Gift hamper,"(2,309)",ERP,Erik,posted,Timing issue
25 Feb-26,Marketing,Customer appr.,Amazon gift c.,"4,414",Pos,Erik,,Vendor invoice late
10 Nov-25,COGS,Materials,Home Depot,421,Pos,,Posted,Ask owner
27 May-25,Services,Prof services,Implementation clients,"7,257",Check,Andres,posted,Vendor invoice late
06/23/25,COGS,Materials,Johnsons Supply,"(2,677)",manual Entry,Andres,posted,Timing issue
09/19/25,Services,Support tools,Zendesk / Gainsight,"4,016",Check,Erik,posted,Check sign
07 Apr-26,Marketing,Paid media,Google / LinkedIn,"6,306",ERP,finance ops,,Check sign
04/27/25,Services,Support tools,Zendesk / Gainsight,"1,843",Check,M. Chen,Posted,Map to GL 6100
04/20/25,Sales,Sales commission,Payroll,"8,994",ERP,TBD,posted,Ask owner
24 Sep-25,G&A,Accounting fees,Jason CPA,"4,973",Pos,M. Chen,,Map to GL 6100
08/30/25,Services,Support tools,Zendesk / Gainsight,"(2,402)",ERP,finance ops,accrual,Timing issue
27-Mar-26,Revenue,Revenue,Retail Customer,"1,382",manual Entry,Erik,late invoice,Ask owner
25-Jun-26,Services,Prof services,Implementation clients,"5,585",manual Entry,finance ops,Posted,Map to GL 6100
19 Jun-25,Sales,Sales commission,Payroll,"(1,819)",Check,,,One-off item
2026-03-11,R&D,Cloud hosting,AWS / Datadog,"5,432",cash,Erik,manual adj,Map to GL 6100
2025-10-01,G&A,Legal fees,Europa Law firm,"7,902",cash,M. Chen,late invoice,Timing issue
03-Jul-25,Revenue,Product sales,Corp. clients,"1,927",Pos,,late invoice,Vendor invoice late
01/02/25,R&D,Payroll - eng,Payroll,"5,874",cash,finance ops,needs mapping,One-off item
2026-06-08,Marketing,Customer appr.,Soccer Ticket,710,Pos,,accrual,Ask owner
27 Mar-25,COGS,Materials,Johnsons Supply,"5,950",Check,,Posted,Timing issue
07/11/26,Marketing,Google Ads,Google / LinkedIn,"8,718",Pos,TBD,Posted,Vendor invoice late
03/21/25,Revenue,Subscr. revenue,Corp. clients,"8,499",cash,TBD,late invoice,Ask owner
2026-07-02,Services,Prof services,Implementation clients,"(8,936)",manual Entry,Erik,,One-off item
2025-07-18,Sales,Sales commission,Payroll,"9,572",cash,Erik,accrual,Check sign
10 Jan-25,Marketing,Events & webinars,Various,"8,957",ERP,finance ops,late invoice,Timing issue
18-Mar-26,Services,Prof services,Implementation clients,"4,331",ERP,finance ops,,Vendor invoice late
02/23/25,G&A,Legal fees,Europa Law firm,"(6,565)",cash,M. Chen,,One-off item
10 May-26,G&A,Legal fees,Europa Law firm,"2,559",Pos,Andres,manual adj,Timing issue
08/28/25,R&D,Cloud hosting,AWS / Datadog,"6,723",cash,finance ops,needs mapping,Check sign
03 May-25,Revenue,Subscr. revenue,Corp. clients,"(8,809)",manual Entry,M. Chen,needs mapping,Check sign
01/24/26,Revenue,Product sales,Retail Customer,"9,197",ERP,M. Chen,posted,One-off item
06/01/25,Marketing,Google Ads,Google / LinkedIn,"2,847",Pos,Alex - FP&A,manual adj,Map to GL 6100
31-May-25,Mktg,Events & webinars,Various,"(7,381)",Pos,Andres,Posted,Vendor invoice late
05/26/25,Services,Support tools,Zendesk / Gainsight,"9,004",cash,M. Chen,Posted,Vendor invoice late
2025-11-23,Marketing,Paid media,Google / LinkedIn,"(6,547)",Pos,Alex - FP&A,manual adj,Map to GL 6100
08-Nov-25,G&A,Accounting fees,Jason CPA,"4,062",manual Entry,Andres,accrual,Timing issue
2025-12-20,Services,Prof services,Implementation clients,"9,503",ERP,M. Chen,late invoice,Timing issue
12/13/25,COGS,Payroll - eng,Payroll,"4,996",cash,Alex - FP&A,accrual,Timing issue
2025-08-23,Services,Prof services,Implementation clients,"2,520",Check,Andres,Posted,One-off item
2026-01-09,Sales,CRM / RevOps tools,Salesforce / Outreach,524,Pos,finance ops,manual adj,Check sign
06 Sep-25,COGS,Materials,Johnsons Supply,269,Check,finance ops,,Ask owner
2025-12-29,R&D,Cloud hosting,AWS / Datadog,"1,272",Check,Alex - FP&A,posted,
21-Sep-25,Revenue,Service,Retail Customer,"2,815",manual Entry,Erik,Posted,Timing issue
2025-08-20,Marketing,Events & webinars,Various,"2,000",ERP,Andres,needs mapping,Vendor invoice late
19-Apr-25,Revenue,Service,Retail Customer,"3,124",cash,M. Chen,late invoice,Vendor invoice late
02/01/26,Marketing,Customer appr.,Amazon gift c.,"5,209",Pos,finance ops,,Check sign
04/17/25,Revenue,Service,Retail Customer,"1,755",ERP,,needs mapping,Map to GL 6100
2026-03-05,Revenue,Subscr. revenue,Retail Customer,"2,512",Check,,Posted,Check sign
30 May-26,Revenue,Revenue,Retail Customer,"2,069",Pos,finance ops,Posted,One-off item
08/05/25,Mktg,Paid media,Google / LinkedIn,"7,436",ERP,Andres,late invoice,Check sign
18 Jan-25,COGS,Payroll - eng,Payroll,"5,777",ERP,TBD,manual adj,
2025-05-13,Mktg,Paid media,Google / LinkedIn,"8,844",Pos,Andres,accrual,Ask owner
16 Apr-26,R&D,Cloud hosting,AWS / Datadog,"8,126",cash,finance ops,Posted,Timing issue
01/02/26,Revenue,Subscr. revenue,Corp. clients,"(8,856)",ERP,,accrual,Map to GL 6100
2025-11-19,Sales,Sales commission,Payroll,"9,007",Pos,TBD,manual adj,Check sign
17 May-25,G&A,Office rent,Landlord,(192),cash,Alex - FP&A,late invoice,Map to GL 6100
06/15/26,Revenue,Revenue,Corp. clients,"4,166",Check,TBD,manual adj,One-off item
25-Apr-25,Revenue,Subscr. revenue,Retail Customer,182,ERP,TBD,accrual,Vendor invoice late
02-Jun-25,Sales,Payroll - sales,Payroll,"(5,032)",manual Entry,,Posted,
2025-09-07,Mktg,Events & webinars,Various,"(5,674)",Pos,TBD,posted,Check sign
2026-02-14,G&A,Accounting fees,Jason CPA,"(9,414)",manual Entry,,accrual,Check sign
05/26/25,COGS,Payroll - eng,Payroll,"(7,890)",ERP,TBD,Posted,
18-Mar-26,R&D,AI automation,n8n,"8,786",Pos,M. Chen,needs mapping,Timing issue
25-Dec-25,COGS,Payroll - eng,Payroll,"9,690",Pos,TBD,,
05/25/25,G&A,Accounting fees,Jason CPA,"7,160",cash,finance ops,accrual,Check sign
06/11/25,Marketing,Events & webinars,Various,"4,944",cash,Alex - FP&A,needs mapping,Timing issue
2025-07-19,R&D,Payroll - eng,Payroll,"3,704",manual Entry,TBD,late invoice,Ask owner
2025-06-16,Marketing,Paid media,Google / LinkedIn,"9,160",Pos,finance ops,late invoice,One-off item
12-Apr-25,G&A,Office rent,Landlord,950,ERP,Erik,posted,Timing issue
2025-06-04,Sales,Payroll - sales,Payroll,"(8,209)",Check,Alex - FP&A,posted,Vendor invoice late
06/26/25,Marketing,Customer appr.,Soccer Ticket,"8,488",ERP,TBD,accrual,Timing issue
2026-06-11,Sales,CRM / RevOps tools,Salesforce / Outreach,"6,764",manual Entry,,,Map to GL 6100
2025-04-02,Marketing,Customer appr.,Soccer Ticket,"2,444",ERP,,accrual,Timing issue
2025-07-19,COGS,Payroll - eng,Payroll,"(6,363)",ERP,Alex - FP&A,posted,
19 Jun-25,G&A,Accounting fees,Jason CPA,"7,621",manual Entry,finance ops,accrual,Map to GL 6100
2025-12-14,Sales,Payroll - sales,Payroll,"3,937",cash,TBD,Posted,Timing issue
07 Oct-25,Revenue,Product sales,Corp. clients,"1,411",cash,TBD,posted,One-off item
04-Oct-25,Revenue,Product sales,Corp. clients,"1,579",Pos,M. Chen,late invoice,Ask owner
27-Mar-26,Services,Support tools,Zendesk / Gainsight,"4,143",cash,TBD,manual adj,
08/28/25,Sales,Sales commission,Payroll,"4,293",Pos,Erik,posted,
28-Jul-25,G&A,Legal fees,Europa Law firm,"3,482",Check,M. Chen,needs mapping,Vendor invoice late
26 Sep-25,Sales,CRM / RevOps tools,Salesforce / Outreach,"(6,117)",ERP,Erik,,Map to GL 6100
03/10/25,Revenue,Product sales,Retail Customer,"2,254",manual Entry,finance ops,late invoice,One-off item
26 Jan-25,Services,Support tools,Zendesk / Gainsight,"7,167",cash,Erik,needs mapping,Ask owner
07 Mar-25,Revenue,Subscr. revenue,Retail Customer,"9,256",manual Entry,,needs mapping,Vendor invoice late
06/23/25,Services,Prof services,Implementation clients,"(5,585)",manual Entry,Andres,Posted,One-off item
2025-12-06,Services,Prof services,Implementation clients,"2,128",Pos,,manual adj,Ask owner
2025-12-29,Marketing,Events & webinars,Various,"3,603",manual Entry,TBD,posted,
05/26/25,Mktg,Paid media,Google / LinkedIn,"3,202",Check,Erik,,Vendor invoice late
07 Mar-25,G&A,Accounting fees,Brandon,"4,586",ERP,,manual adj,One-off item
06/23/25,G&A,Office rent,Landlord,"2,886",ERP,Erik,manual adj,Timing issue
07 Oct-25,Services,Support tools,Zendesk / Gainsight,"4,453",Pos,M. Chen,accrual,Vendor invoice late
2025-05-22,G&A,Office rent,Landlord,625,Check,,manual adj,One-off item
31-May-25,COGS,Cloud hosting,AWS / Datadog,"9,700",Check,Alex - FP&A,late invoice,Ask owner
03/30/26,Revenue,Product sales,Retail Customer,"(8,401)",manual Entry,Alex - FP&A,late invoice,
12/13/25,R&D,Payroll - eng,Payroll,"4,395",cash,TBD,accrual,Check sign
2025-11-07,COGS,Cloud hosting,AWS / Datadog,"3,672",ERP,Erik,late invoice,Ask owner
09-Jul-25,G&A,Office rent,Landlord,"2,862",manual Entry,finance ops,accrual,
2025-07-12,R&D,Cloud hosting,AWS / Datadog,"6,024",Pos,TBD,accrual,Check sign
2025-01-15,Marketing,Google Ads,Google / LinkedIn,"8,789",Check,M. Chen,,Check sign
2025-06-18,Marketing,Events & webinars,Various,"8,663",ERP,Erik,manual adj,Vendor invoice late
03 Sep-25,Marketing,Customer appr.,Amazon gift c.,"4,506",ERP,TBD,posted,Vendor invoice late
28-Jul-25,R&D,Cloud hosting,AWS / Datadog,"4,593",Check,Andres,accrual,Vendor invoice late
2025-09-07,COGS,Payroll - eng,Payroll,"2,389",ERP,finance ops,manual adj,One-off item
29-Jan-26,Mktg,Events & webinars,Various,"8,518",manual Entry,,posted,Ask owner
2025-05-13,Revenue,Service,Corp. clients,"7,386",Pos,Erik,Posted,One-off item
07/05/26,Mktg,Events & webinars,Various,"2,613",manual Entry,Alex - FP&A,Posted,Map to GL 6100
2025-11-19,R&D,Payroll - eng,Payroll,"2,795",manual Entry,Alex - FP&A,Posted,Map to GL 6100
04 Apr-26,Mktg,Events & webinars,Various,"(1,418)",cash,Erik,manual adj,Timing issue
12/13/25,G&A,Office rent,Landlord,"8,533",manual Entry,Alex - FP&A,accrual,One-off item
05/08/26,Mktg,Paid media,Google / LinkedIn,"(3,562)",ERP,Erik,late invoice,One-off item
02/27/25,G&A,Office rent,Landlord,"(2,260)",Check,M. Chen,accrual,Timing issue
10/17/25,R&D,Cloud hosting,AWS / Datadog,"6,241",Check,,,Map to GL 6100
2025-05-22,Revenue,Product sales,Retail Customer,"3,023",ERP,TBD,needs mapping,Check sign
04/05/25,Marketing,Paid media,Google / LinkedIn,548,Check,,,Timing issue
05/15/25,R&D,AI automation,n8n,552,manual Entry,Erik,accrual,Ask owner
27-Mar-26,Sales,Sales commission,Payroll,"4,049",ERP,Alex - FP&A,Posted,One-off item
09/12/25,Revenue,Subscr. revenue,Retail Customer,"(2,505)",Check,TBD,accrual,Vendor invoice late
2025-11-23,R&D,AI automation,n8n,435,cash,,needs mapping,
11-Mar-25,Services,Prof services,Implementation clients,"5,150",Pos,finance ops,late invoice,One-off item
25 Feb-25,G&A,Accounting fees,Jason CPA,352,Pos,Andres,late invoice,Ask owner
02-Mar-25,R&D,Cloud hosting,AWS / Datadog,"8,344",cash,M. Chen,manual adj,
15-Apr-26,COGS,Materials,Electric house,213,Pos,M. Chen,,Map to GL 6100
01/26/26,R&D,Payroll - eng,Payroll,"8,247",cash,finance ops,,Check sign
11-Sep-25,G&A,Accounting fees,Jason CPA,"3,589",ERP,M. Chen,manual adj,Map to GL 6100
27-Jun-25,Services,Prof services,Implementation clients,"9,293",manual Entry,,Posted,Map to GL 6100
07/09/26,Sales,Payroll - sales,Payroll,"9,804",cash,finance ops,posted,Check sign
04 Mar-25,Sales,CRM / RevOps tools,Salesforce / Outreach,"1,998",cash,M. Chen,late invoice,Check sign
22-Jul-25,Revenue,Service,Retail Customer,897,manual Entry,,posted,Map to GL 6100
2025-05-02,Marketing,Paid media,Google / LinkedIn,"2,888",cash,M. Chen,needs mapping,Vendor invoice late
05-Feb-25,Revenue,Revenue,Retail Customer,"(8,529)",manual Entry,Erik,late invoice,Check sign
05/25/25,Mktg,Events & webinars,Various,725,manual Entry,finance ops,Posted,One-off item
2025-12-09,G&A,Accounting fees,Jason CPA,"2,566",Pos,M. Chen,posted,Check sign
05/21/25,Services,Support tools,Zendesk / Gainsight,"8,235",Check,finance ops,,Ask owner
07 Feb-26,Services,Support tools,Zendesk / Gainsight,166,manual Entry,TBD,late invoice,Map to GL 6100
02-Aug-25,Mktg,Events & webinars,Various,731,manual Entry,M. Chen,posted,
03 Mar-26,Revenue,Service,Corp. clients,"8,807",manual Entry,Erik,,
30-May-25,Mktg,Customer appr.,Gift hamper,"2,168",Pos,Alex - FP&A,needs mapping,
01-Apr-25,COGS,Cloud hosting,AWS / Datadog,"9,245",cash,M. Chen,needs mapping,Ask owner
18-Jun-26,Revenue,Subscr. revenue,Retail Customer,"5,003",Pos,TBD,accrual,Vendor invoice late
20-Mar-26,Services,Support tools,Zendesk / Gainsight,"7,993",Check,Alex - FP&A,,Timing issue
01/31/25,Services,Prof services,Implementation clients,"4,690",ERP,,,Map to GL 6100
20 Feb-26,Services,Prof services,Implementation clients,"2,104",ERP,TBD,needs mapping,
10 Mar-26,Sales,Sales commission,Payroll,"1,297",cash,TBD,Posted,Ask owner
25-Dec-25,Mktg,Paid media,Google / LinkedIn,"(4,875)",Pos,Andres,needs mapping,Ask owner
29-Jan-26,Revenue,Product sales,Corp. clients,"2,762",ERP,,accrual,Vendor invoice late
31-Aug-25,Services,Prof services,Implementation clients,"1,173",cash,Erik,,Ask owner
02/23/25,Marketing,Paid media,Google / LinkedIn,"7,674",manual Entry,M. Chen,late invoice,Check sign
10/17/25,G&A,Office rent,Landlord,"3,542",Check,,needs mapping,Timing issue
09-Mar-25,COGS,Payroll - eng,Payroll,435,cash,finance ops,late invoice,One-off item
20 Feb-26,Marketing,Events & webinars,Various,"(6,400)",Pos,Erik,Posted,Check sign
2025-01-14,Mktg,Events & webinars,Various,"8,828",ERP,Andres,needs mapping,Check sign
2025-09-01,Sales,Sales commission,Payroll,"9,249",ERP,Erik,,Map to GL 6100
17 May-25,COGS,Payroll - eng,Payroll,686,cash,,posted,
04/03/25,COGS,Payroll - eng,Payroll,"4,675",ERP,Alex - FP&A,late invoice,Check sign
28 Jun-26,COGS,Cloud hosting,AWS / Datadog,"(1,782)",Pos,M. Chen,Posted,One-off item
05/06/26,Revenue,Product sales,Corp. clients,"5,999",ERP,Alex - FP&A,manual adj,Map to GL 6100
09 Nov-25,R&D,AI automation,n8n,"5,428",Check,TBD,accrual,Timing issue
2025-12-30,R&D,Payroll - eng,Payroll,50,Pos,Andres,manual adj,Ask owner
11-Sep-25,G&A,Office rent,Landlord,994,Check,M. Chen,accrual,Vendor invoice late
21-Apr-26,Marketing,Google Ads,Google / LinkedIn,(774),ERP,Alex - FP&A,accrual,Vendor invoice late
21-Jun-26,R&D,AI automation,n8n,"9,667",manual Entry,Andres,posted,Timing issue
02/12/25,COGS,Payroll - eng,Payroll,"2,815",manual Entry,,accrual,Ask owner
2025-07-13,Revenue,Revenue,Retail Customer,"5,609",ERP,Andres,late invoice,Check sign
05/29/26,Mktg,Events & webinars,Various,"9,951",Pos,Andres,posted,Vendor invoice late
03/10/25,Services,Support tools,Zendesk / Gainsight,"7,971",cash,Andres,late invoice,Map to GL 6100
24-Jul-25,Sales,Payroll - sales,Payroll,"7,594",ERP,Erik,late invoice,Check sign
02-Jun-25,Sales,Payroll - sales,Payroll,"6,466",ERP,finance ops,needs mapping,Map to GL 6100
16 Mar-25,Services,Support tools,Zendesk / Gainsight,"5,637",manual Entry,finance ops,Posted,Vendor invoice late
21-Feb-25,Marketing,Events & webinars,Various,"3,734",ERP,TBD,accrual,One-off item
05/21/25,Mktg,Events & webinars,Various,"1,388",cash,M. Chen,manual adj,Vendor invoice late
10/17/25,Marketing,Google Ads,Google / LinkedIn,"(3,498)",ERP,Alex - FP&A,posted,Check sign
2025-12-31,G&A,Office rent,Landlord,"7,983",ERP,,needs mapping,Vendor invoice late
21-Feb-25,Mktg,Paid media,Google / LinkedIn,"3,122",cash,Alex - FP&A,needs mapping,Timing issue
11/12/25,R&D,Cloud hosting,AWS / Datadog,"3,650",manual Entry,Erik,Posted,Timing issue
10 Feb-26,G&A,Office rent,Landlord,541,Check,,Posted,Vendor invoice late
2025-06-22,Revenue,Subscr. revenue,Corp. clients,"9,319",ERP,Alex - FP&A,posted,
2026-04-18,Revenue,Product sales,Retail Customer,"2,163",manual Entry,Erik,posted,Check sign
2025-06-29,Sales,CRM / RevOps tools,Salesforce / Outreach,435,Pos,TBD,Posted,Map to GL 6100
09-Jul-25,Revenue,Service,Corp. clients,"3,905",Pos,TBD,Posted,Ask owner
23-Mar-25,Sales,Sales commission,Payroll,"2,262",manual Entry,Erik,late invoice,Ask owner
2026-06-08,Services,Prof services,Implementation clients,641,ERP,finance ops,needs mapping,Timing issue
26 Sep-25,Revenue,Subscr. revenue,Retail Customer,"(1,480)",Check,,posted,Map to GL 6100
30-May-25,Mktg,Events & webinars,Various,(766),manual Entry,Erik,manual adj,Timing issue
05-Feb-25,Mktg,Customer appr.,Amazon gift c.,"8,915",ERP,Erik,manual adj,Timing issue
01/02/26,COGS,Payroll - eng,Payroll,"1,729",ERP,Alex - FP&A,late invoice,Map to GL 6100
05/14/25,Sales,Payroll - sales,Payroll,"9,195",ERP,finance ops,accrual,Timing issue
29-Jul-25,Marketing,Events & webinars,Various,"3,198",manual Entry,TBD,needs mapping,Ask owner
2025-06-22,Services,Prof services,Implementation clients,"3,881",Check,M. Chen,posted,
02/15/26,R&D,Cloud hosting,AWS / Datadog,"6,121",Pos,M. Chen,needs mapping,Check sign
11/26/25,Sales,Payroll - sales,Payroll,"5,702",manual Entry,,Posted,Map to GL 6100
02 Apr-26,G&A,Office rent,Landlord,"4,601",Check,,accrual,Check sign
15-Apr-25,Sales,Payroll - sales,Payroll,"8,289",manual Entry,finance ops,accrual,One-off item
16 Mar-25,COGS,Payroll - eng,Payroll,659,ERP,Erik,accrual,Ask owner
28-Jul-25,COGS,Cloud hosting,AWS / Datadog,"8,428",Check,Andres,needs mapping,Timing issue
01 Dec-25,Services,Prof services,Implementation clients,"1,863",ERP,TBD,needs mapping,Timing issue
21-Sep-25,COGS,Cloud hosting,AWS / Datadog,"(9,044)",Check,M. Chen,accrual,Timing issue
04/25/26,Mktg,Paid media,Google / LinkedIn,"4,621",Pos,Erik,needs mapping,Check sign
2025-09-07,R&D,Payroll - eng,Payroll,"9,043",ERP,M. Chen,needs mapping,Ask owner
2025-12-31,G&A,Legal fees,Europa Law firm,"1,965",Pos,,Posted,Timing issue
03/29/25,R&D,Cloud hosting,AWS / Datadog,"6,776",cash,M. Chen,manual adj,Map to GL 6100
23-Sep-25,Services,Prof services,Implementation clients,"8,496",Pos,TBD,,Timing issue
20 Feb-26,COGS,Cloud hosting,AWS / Datadog,272,manual Entry,,,Ask owner
27-Mar-26,Services,Prof services,Implementation clients,"5,003",manual Entry,Andres,manual adj,Timing issue
12-Apr-25,R&D,Cloud hosting,AWS / Datadog,"7,250",ERP,finance ops,accrual,Check sign
02 Apr-26,Revenue,Service,Corp. clients,"(7,874)",ERP,Erik,needs mapping,Timing issue
02 Jul-25,COGS,Payroll - eng,Payroll,"7,184",Check,finance ops,late invoice,Check sign
24 Sep-25,Revenue,Product sales,Corp. clients,"1,434",cash,M. Chen,accrual,Timing issue
2025-05-19,Mktg,Customer appr.,Gift hamper,"5,231",Check,,Posted,One-off item
2025-08-19,Sales,CRM / RevOps tools,Salesforce / Outreach,"6,424",cash,Alex - FP&A,Posted,
20 Mar-25,G&A,Accounting fees,Brandon,"1,059",Check,Erik,manual adj,Vendor invoice late
2025-02-09,Revenue,Service,Retail Customer,"9,399",manual Entry,Alex - FP&A,Posted,One-off item
2026-06-16,Sales,CRM / RevOps tools,Salesforce / Outreach,"5,835",ERP,Erik,manual adj,One-off item
02/21/26,Marketing,Customer appr.,Amazon gift c.,"(2,158)",manual Entry,TBD,manual adj,Timing issue
07 Jul-25,R&D,AI automation,n8n,813,Check,TBD,manual adj,Vendor invoice late
2026-02-14,R&D,AI automation,n8n,"4,332",ERP,finance ops,manual adj,Map to GL 6100
2025-10-01,G&A,Accounting fees,Jason CPA,"2,935",Pos,TBD,posted,
07/12/26,COGS,Materials,Walmart,"6,070",Pos,M. Chen,manual adj,One-off item
2025-11-07,G&A,Office rent,Landlord,892,Check,,needs mapping,Check sign
26 Feb-26,G&A,Office rent,Landlord,"1,522",manual Entry,TBD,posted,Ask owner
16 Mar-25,G&A,Legal fees,Buchalter,"9,407",manual Entry,Erik,posted,Map to GL 6100
02/23/25,Services,Prof services,Implementation clients,"(2,401)",manual Entry,M. Chen,,Vendor invoice late
19 Jun-25,Revenue,Service,Retail Customer,"(4,152)",Check,finance ops,posted,Ask owner
10 Dec-25,Sales,Sales commission,Payroll,"(5,881)",cash,,,One-off item
2025-02-09,Marketing,Google Ads,Google / LinkedIn,"8,278",cash,M. Chen,manual adj,Check sign
07-Aug-25,G&A,Office rent,Landlord,"4,623",cash,,accrual,One-off item
10/17/25,COGS,Cloud hosting,AWS / Datadog,"1,711",cash,M. Chen,needs mapping,One-off item
01/05/26,Revenue,Revenue,Retail Customer,(596),Check,Andres,accrual,Check sign
29-Jul-25,COGS,Payroll - eng,Payroll,"3,961",cash,finance ops,Posted,Ask owner
09 Jun-26,Marketing,Events & webinars,Various,"9,926",manual Entry,,manual adj,Vendor invoice late
2025-01-04,R&D,Payroll - eng,Payroll,"4,130",ERP,Alex - FP&A,posted,Check sign
22-Apr-26,COGS,Payroll - eng,Payroll,947,cash,,posted,Timing issue
22-Apr-26,G&A,Legal fees,Europa Law firm,357,Pos,M. Chen,Posted,Ask owner
27-Jun-25,G&A,Accounting fees,Brandon,"6,688",Pos,Andres,needs mapping,Timing issue
26 Sep-25,G&A,Legal fees,Buchalter,"3,113",Pos,Alex - FP&A,Posted,
2025-02-02,Sales,Sales commission,Payroll,"(3,642)",Pos,Erik,manual adj,Map to GL 6100
13 Mar-25,R&D,Payroll - eng,Payroll,"9,129",ERP,Erik,,Ask owner
13 Mar-25,Sales,CRM / RevOps tools,Salesforce / Outreach,"9,314",Check,Erik,posted,Map to GL 6100
02/20/25,Marketing,Google Ads,Google / LinkedIn,"4,561",ERP,,needs mapping,
23-Sep-25,Services,Prof services,Implementation clients,"(3,449)",Pos,M. Chen,manual adj,Check sign
2025-12-09,Sales,Payroll - sales,Payroll,"8,239",Check,Erik,manual adj,Ask owner
25 Feb-26,COGS,Materials,Johnsons Supply,"5,822",cash,TBD,manual adj,One-off item
2026-01-20,G&A,Office rent,Landlord,"8,652",Check,,accrual,Vendor invoice late
11/26/25,Sales,Payroll - sales,Payroll,"(8,259)",Pos,Erik,Posted,Timing issue
14 Jun-26,R&D,AI automation,n8n,"6,054",Pos,,late invoice,Vendor invoice late
05-Feb-25,Sales,Payroll - sales,Payroll,(951),manual Entry,,late invoice,Ask owner
23-Mar-26,Marketing,Events & webinars,Various,"8,816",Check,Andres,,Ask owner
01-Apr-25,COGS,Payroll - eng,Payroll,"8,231",ERP,M. Chen,manual adj,Timing issue
13 Mar-25,COGS,Materials,Electric house,"8,519",Pos,M. Chen,manual adj,Vendor invoice late
11/26/25,G&A,Legal fees,Buchalter,"1,509",cash,TBD,late invoice,Map to GL 6100
08-May-25,R&D,Cloud hosting,AWS / Datadog,"(4,917)",Check,Erik,,Check sign
05-Jun-25,COGS,Cloud hosting,AWS / Datadog,"3,225",cash,Alex - FP&A,late invoice,Timing issue
2025-04-21,G&A,Office rent,Landlord,"4,573",Check,Andres,,Vendor invoice late
11-Feb-25,Mktg,Paid media,Google / LinkedIn,797,manual Entry,finance ops,Posted,Ask owner
2025-06-24,R&D,Cloud hosting,AWS / Datadog,"1,167",manual Entry,finance ops,posted,
12-Apr-25,Revenue,Revenue,Corp. clients,"7,867",Check,TBD,posted,
31-Aug-25,R&D,Payroll - eng,Payroll,"8,858",manual Entry,Erik,late invoice,
09/19/25,Mktg,Customer appr.,Gift hamper,"4,112",Pos,Alex - FP&A,Posted,Vendor invoice late
2026-04-10,Services,Prof services,Implementation clients,"2,986",manual Entry,M. Chen,,Map to GL 6100
04-Oct-25,Mktg,Events & webinars,Various,"5,691",manual Entry,M. Chen,late invoice,Check sign
06 Jan-26,Revenue,Product sales,Corp. clients,"4,896",Pos,Alex - FP&A,,Vendor invoice late
2025-07-06,Mktg,Paid media,Google / LinkedIn,"2,439",Pos,Erik,Posted,Timing issue
01/26/26,G&A,Accounting fees,Brandon,"(2,003)",Check,TBD,Posted,Check sign
20 Jul-25,G&A,Office rent,Landlord,"2,970",Pos,Andres,needs mapping,Ask owner
05/26/25,R&D,Cloud hosting,AWS / Datadog,"1,783",Pos,finance ops,needs mapping,Timing issue
04 Apr-26,Revenue,Product sales,Retail Customer,"1,785",Pos,,manual adj,One-off item
2025-03-19,COGS,Materials,Walmart,"1,651",cash,finance ops,posted,One-off item
2026-04-18,R&D,Cloud hosting,AWS / Datadog,"1,310",manual Entry,,needs mapping,Ask owner
2025-12-14,G&A,Office rent,Landlord,"8,440",Pos,TBD,needs mapping,Ask owner
17-Feb-26,G&A,Legal fees,Buchalter,"6,857",Check,Andres,posted,Timing issue
21-Sep-25,Revenue,Product sales,Retail Customer,292,cash,Andres,Posted,
2026-06-08,Sales,CRM / RevOps tools,Salesforce / Outreach,"7,758",manual Entry,,Posted,Map to GL 6100
2025-11-27,Revenue,Service,Corp. clients,"8,504",cash,Andres,Posted,Timing issue
08-Nov-25,Mktg,Events & webinars,Various,"5,775",ERP,finance ops,posted,Check sign
08/05/25,Marketing,Paid media,Google / LinkedIn,"4,773",ERP,M. Chen,late invoice,Vendor invoice late
28-Jul-25,Services,Support tools,Zendesk / Gainsight,"6,244",Pos,M. Chen,late invoice,Timing issue
08/28/25,R&D,AI automation,n8n,"4,864",manual Entry,Alex - FP&A,late invoice,
13-Sep-25,Marketing,Events & webinars,Various,"9,460",Check,Alex - FP&A,manual adj,Ask owner
2025-04-10,Sales,Sales commission,Payroll,"4,184",manual Entry,M. Chen,posted,One-off item
03 Mar-26,Revenue,Product sales,Corp. clients,"1,720",manual Entry,TBD,late invoice,Ask owner
01/24/26,Mktg,Customer appr.,Amazon gift c.,"(8,853)",cash,,manual adj,Timing issue
04 Feb-26,Services,Support tools,Zendesk / Gainsight,"3,697",cash,Erik,Posted,Ask owner
13 Jan-25,Services,Support tools,Zendesk / Gainsight,"8,038",cash,Erik,late invoice,Check sign
02/23/25,G&A,Accounting fees,Jason CPA,"3,116",Check,TBD,manual adj,Timing issue
2025-09-16,R&D,AI automation,n8n,"7,556",Pos,Erik,needs mapping,One-off item
2026-06-17,COGS,Cloud hosting,AWS / Datadog,"(3,186)",Check,Andres,late invoice,One-off item
30-Jun-25,G&A,Office rent,Landlord,"3,480",Check,TBD,accrual,Check sign
21-Feb-25,Services,Prof services,Implementation clients,"5,190",Pos,M. Chen,posted,Timing issue
02/17/25,Revenue,Subscr. revenue,Retail Customer,"(2,040)",ERP,TBD,Posted,Vendor invoice late
25 Feb-25,Services,Support tools,Zendesk / Gainsight,"(5,477)",Check,M. Chen,late invoice,Vendor invoice late
2025-05-02,G&A,Office rent,Landlord,"(3,490)",Pos,TBD,Posted,One-off item
21 Dec-25,Sales,Payroll - sales,Payroll,"9,374",manual Entry,Erik,late invoice,Ask owner
07/09/26,Mktg,Events & webinars,Various,"3,129",Check,Alex - FP&A,needs mapping,Timing issue
02-Oct-25,Mktg,Events & webinars,Various,"5,941",Check,finance ops,accrual,Vendor invoice late
22 Jan-26,Revenue,Subscr. revenue,Retail Customer,"(4,023)",Pos,Andres,needs mapping,
29 Oct-25,Mktg,Paid media,Google / LinkedIn,"5,453",manual Entry,M. Chen,late invoice,Ask owner
2025-02-14,Mktg,Customer appr.,Gift hamper,"6,806",Check,finance ops,posted,
04-Oct-25,R&D,Payroll - eng,Payroll,"(9,617)",cash,M. Chen,,Vendor invoice late
20 Jul-25,Sales,Sales commission,Payroll,"1,388",manual Entry,Alex - FP&A,late invoice,Ask owner
01-Apr-25,Revenue,Service,Corp. clients,"5,637",Pos,TBD,late invoice,Check sign
16-Dec-25,Revenue,Revenue,Retail Customer,"6,926",ERP,Andres,posted,Vendor invoice late
07/01/26,Services,Support tools,Zendesk / Gainsight,"8,667",Pos,Andres,posted,Check sign
12/02/25,Marketing,Google Ads,Google / LinkedIn,"1,292",cash,Erik,accrual,
01/02/25,Sales,Payroll - sales,Payroll,"4,814",manual Entry,M. Chen,manual adj,One-off item
2025-05-19,Revenue,Product sales,Corp. clients,"2,998",cash,,accrual,Timing issue
2025-05-20,Sales,CRM / RevOps tools,Salesforce / Outreach,"(9,186)",Check,Erik,needs mapping,Vendor invoice late
17 Sep-25,COGS,Cloud hosting,AWS / Datadog,"(2,808)",manual Entry,Andres,late invoice,
16-Jan-26,Revenue,Revenue,Corp. clients,"9,857",cash,Andres,Posted,
04/20/25,Marketing,Customer appr.,Gift hamper,"7,494",ERP,TBD,needs mapping,
2026-04-10,G&A,Office rent,Landlord,"(1,341)",ERP,,needs mapping,Check sign
09/12/25,Marketing,Events & webinars,Various,"4,927",Check,finance ops,manual adj,Check sign
01/05/26,G&A,Office rent,Landlord,"4,389",manual Entry,Alex - FP&A,manual adj,
02/10/25,Revenue,Revenue,Corp. clients,"1,059",Pos,Alex - FP&A,,Map to GL 6100
31-May-25,Marketing,Customer appr.,Soccer Ticket,(994),manual Entry,finance ops,accrual,
19 Jun-25,Mktg,Events & webinars,Various,"2,483",Pos,TBD,posted,Vendor invoice late
2025-08-29,Services,Prof services,Implementation clients,"3,311",cash,,late invoice,One-off item
19-Apr-25,Revenue,Product sales,Retail Customer,655,cash,TBD,accrual,One-off item
03 Sep-25,Sales,CRM / RevOps tools,Salesforce / Outreach,"2,266",manual Entry,Alex - FP&A,Posted,Check sign
05/26/25,COGS,Cloud hosting,AWS / Datadog,"(4,886)",manual Entry,M. Chen,,Ask owner
11/26/25,Marketing,Google Ads,Google / LinkedIn,"7,186",cash,Erik,,
05/25/25,Mktg,Customer appr.,Amazon gift c.,624,ERP,Andres,posted,Vendor invoice late
22-Apr-26,Mktg,Events & webinars,Various,"1,809",ERP,Erik,accrual,Timing issue
05/15/25,COGS,Payroll - eng,Payroll,"2,008",Check,finance ops,,
2026-04-18,Services,Prof services,Implementation clients,"8,262",Check,M. Chen,manual adj,Vendor invoice late
2025-04-21,Mktg,Events & webinars,Various,"6,809",Check,M. Chen,Posted,Map to GL 6100
2025-06-18,COGS,Payroll - eng,Payroll,"8,340",Check,Andres,accrual,Ask owner
19 Jun-25,COGS,Payroll - eng,Payroll,907,cash,,late invoice,One-off item
01/24/26,COGS,Payroll - eng,Payroll,"(1,110)",cash,,late invoice,Timing issue
2025-12-31,Mktg,Events & webinars,Various,"3,260",cash,TBD,late invoice,Vendor invoice late
30-Jun-25,G&A,Legal fees,Buchalter,552,cash,TBD,,
20 Feb-26,R&D,Payroll - eng,Payroll,"5,695",Check,Andres,,
02 Jul-25,Sales,Sales commission,Payroll,"6,847",Check,Erik,posted,Timing issue
06 Jan-26,Mktg,Paid media,Google / LinkedIn,"3,925",manual Entry,TBD,Posted,One-off item
05/15/25,G&A,Accounting fees,Brandon,"9,378",Pos,Andres,,Timing issue
03/10/25,Services,Prof services,Implementation clients,"1,182",Pos,finance ops,late invoice,Check sign
22 Jan-26,COGS,Materials,Walmart,"(8,992)",Check,TBD,late invoice,Map to GL 6100
2025-09-16,G&A,Accounting fees,Jason CPA,"3,813",Check,,late invoice,Vendor invoice late
16-May-26,Mktg,Events & webinars,Various,"2,024",cash,M. Chen,posted,Timing issue
2025-07-18,Marketing,Google Ads,Google / LinkedIn,"5,434",Pos,Erik,late invoice,
2025-08-20,R&D,Cloud hosting,AWS / Datadog,"8,495",ERP,TBD,manual adj,Ask owner
19 Mar-26,Mktg,Paid media,Google / LinkedIn,"5,230",manual Entry,M. Chen,late invoice,Ask owner
13 Mar-25,Services,Support tools,Zendesk / Gainsight,"1,276",cash,,manual adj,One-off item
04-May-26,Mktg,Customer appr.,Gift hamper,"5,897",cash,TBD,accrual,
10/11/25,G&A,Legal fees,Europa Law firm,368,cash,Erik,needs mapping,One-off item
01/19/25,Revenue,Subscr. revenue,Corp. clients,"4,299",cash,Erik,needs mapping,Vendor invoice late
2025-05-13,Services,Support tools,Zendesk / Gainsight,"8,797",Pos,TBD,accrual,One-off item
01 Jan-26,R&D,AI automation,n8n,"(4,122)",Check,Andres,,Map to GL 6100
01/19/25,Sales,Payroll - sales,Payroll,"4,507",ERP,Alex - FP&A,,Map to GL 6100
01/27/26,COGS,Cloud hosting,AWS / Datadog,"2,965",cash,finance ops,posted,Vendor invoice late
01/19/25,R&D,Payroll - eng,Payroll,"1,735",Check,M. Chen,late invoice,Map to GL 6100
27 May-25,Mktg,Events & webinars,Various,"9,125",ERP,Alex - FP&A,needs mapping,Ask owner
2026-03-08,Marketing,Paid media,Google / LinkedIn,"7,162",Pos,finance ops,,Map to GL 6100
10/17/25,G&A,Office rent,Landlord,"(5,786)",cash,Erik,,
12 Jan-25,R&D,AI automation,n8n,928,manual Entry,TBD,needs mapping,Timing issue
01-Apr-25,Revenue,Product sales,Retail Customer,"7,273",ERP,TBD,needs mapping,Check sign
11/06/25,G&A,Office rent,Landlord,"9,502",manual Entry,,posted,Timing issue
02-Jun-25,Mktg,Paid media,Google / LinkedIn,"6,675",Check,Erik,late invoice,Vendor invoice late
2025-10-01,G&A,Accounting fees,Jason CPA,"(2,243)",manual Entry,Andres,Posted,Vendor invoice late
11-Feb-25,G&A,Accounting fees,Brandon,"9,383",Check,TBD,posted,Map to GL 6100
2025-07-26,G&A,Legal fees,Europa Law firm,"6,592",manual Entry,Erik,,Check sign
23-Feb-26,R&D,AI automation,n8n,"6,954",Pos,M. Chen,Posted,Check sign
19-Apr-25,Sales,CRM / RevOps tools,Salesforce / Outreach,"2,142",Check,M. Chen,accrual,Ask owner
2025-09-07,R&D,Cloud hosting,AWS / Datadog,"6,132",ERP,M. Chen,posted,One-off item
21-Sep-25,COGS,Payroll - eng,Payroll,"3,699",ERP,Erik,needs mapping,Vendor invoice late
04-Oct-25,Revenue,Revenue,Corp. clients,"6,670",Check,finance ops,,One-off item
05/29/25,Sales,Payroll - sales,Payroll,"3,261",cash,Andres,accrual,Timing issue
05-Feb-25,Services,Prof services,Implementation clients,"9,639",cash,,needs mapping,Check sign
01 Jan-26,Services,Support tools,Zendesk / Gainsight,"2,518",Check,TBD,,One-off item
24 Apr-26,Services,Support tools,Zendesk / Gainsight,(387),manual Entry,Andres,posted,Map to GL 6100
02 Jul-25,G&A,Accounting fees,Brandon,"(7,569)",cash,Erik,late invoice,
01-Mar-25,G&A,Legal fees,Europa Law firm,"1,127",cash,finance ops,needs mapping,
2025-08-16,Mktg,Events & webinars,Various,"7,293",manual Entry,M. Chen,,Map to GL 6100
2025-02-09,Sales,Payroll - sales,Payroll,"1,341",cash,TBD,Posted,Timing issue
2025-06-04,Services,Support tools,Zendesk / Gainsight,"5,210",Check,Erik,needs mapping,Check sign
20-Mar-26,R&D,Cloud hosting,AWS / Datadog,"4,979",ERP,finance ops,Posted,Vendor invoice late
02 Mar-26,G&A,Legal fees,Europa Law firm,"6,050",ERP,finance ops,,One-off item
07-Aug-25,R&D,Payroll - eng,Payroll,"5,569",cash,finance ops,,
13 Mar-25,COGS,Cloud hosting,AWS / Datadog,"5,340",ERP,TBD,late invoice,Ask owner
2026-06-19,R&D,Payroll - eng,Payroll,"5,791",manual Entry,Alex - FP&A,accrual,Ask owner
04 Apr-26,COGS,Cloud hosting,AWS / Datadog,"8,457",ERP,finance ops,posted,Ask owner
18 Oct-25,G&A,Legal fees,Buchalter,"7,583",Check,finance ops,Posted,One-off item
27-Mar-26,R&D,Cloud hosting,AWS / Datadog,"2,611",ERP,finance ops,manual adj,Ask owner
24 Jan-25,R&D,Cloud hosting,AWS / Datadog,"(4,494)",Pos,Erik,accrual,Ask owner
26-Jun-26,COGS,Materials,Home Depot,"(1,915)",Pos,Erik,posted,Timing issue
06-Jun-26,Mktg,Paid media,Google / LinkedIn,"6,968",Pos,finance ops,,Map to GL 6100
2025-08-20,COGS,Materials,Home Depot,"1,471",Pos,Andres,late invoice,Vendor invoice late
2025-12-04,Revenue,Revenue,Retail Customer,"7,915",cash,M. Chen,Posted,Vendor invoice late
05-May-26,Revenue,Revenue,Retail Customer,"2,565",manual Entry,Alex - FP&A,,Vendor invoice late
05-Apr-26,R&D,Payroll - eng,Payroll,"7,642",ERP,finance ops,manual adj,Map to GL 6100
02/07/25,R&D,Cloud hosting,AWS / Datadog,"3,260",ERP,Andres,manual adj,One-off item
09/12/25,Services,Prof services,Implementation clients,"(6,572)",manual Entry,Andres,manual adj,Ask owner
05-Feb-25,Mktg,Customer appr.,Soccer Ticket,"2,926",ERP,M. Chen,late invoice,Ask owner
17-Jan-25,Revenue,Subscr. revenue,Retail Customer,"4,684",Check,Alex - FP&A,late invoice,One-off item
09/30/25,COGS,Payroll - eng,Payroll,"(9,964)",Check,Andres,accrual,
04-Jul-26,Revenue,Service,Corp. clients,"(6,628)",Pos,finance ops,,One-off item
2025-05-16,COGS,Cloud hosting,AWS / Datadog,"(7,141)",cash,Alex - FP&A,Posted,Map to GL 6100
25 Feb-26,Mktg,Events & webinars,Various,"5,071",cash,Alex - FP&A,Posted,Vendor invoice late
02 Mar-26,Revenue,Service,Retail Customer,"8,646",ERP,,needs mapping,One-off item
16-Dec-25,COGS,Payroll - eng,Payroll,"(8,535)",cash,TBD,manual adj,Ask owner
08/30/25,Marketing,Events & webinars,Various,(366),manual Entry,Andres,posted,Vendor invoice late
04/03/25,COGS,Cloud hosting,AWS / Datadog,850,Pos,M. Chen,accrual,Map to GL 6100
29 Jun-26,Revenue,Product sales,Corp. clients,"8,018",Check,TBD,accrual,Ask owner
2026-03-11,Sales,Payroll - sales,Payroll,846,Check,Alex - FP&A,,One-off item
03-Jul-25,G&A,Office rent,Landlord,"6,549",manual Entry,Andres,manual adj,One-off item
2026-06-17,Mktg,Events & webinars,Various,"8,260",ERP,,Posted,Timing issue
2026-03-11,Mktg,Customer appr.,Soccer Ticket,108,ERP,Alex - FP&A,posted,Timing issue
2025-04-08,Mktg,Paid media,Google / LinkedIn,"9,342",Pos,M. Chen,posted,Check sign
31 May-26,COGS,Payroll - eng,Payroll,"9,444",ERP,Andres,needs mapping,Check sign
19 Jun-25,Revenue,Subscr. revenue,Corp. clients,"4,135",Pos,Andres,,Map to GL 6100
11/26/25,Revenue,Service,Retail Customer,"4,759",cash,finance ops,manual adj,Ask owner
28-Jul-25,Marketing,Paid media,Google / LinkedIn,793,Check,M. Chen,,Vendor invoice late
2025-06-08,COGS,Materials,Electric house,"9,684",Check,Erik,late invoice,Check sign
05/15/25,G&A,Office rent,Landlord,"4,720",cash,,needs mapping,
07-Mar-26,R&D,Cloud hosting,AWS / Datadog,"1,537",ERP,Alex - FP&A,manual adj,Map to GL 6100
05/26/25,Marketing,Events & webinars,Various,"(1,287)",ERP,Erik,accrual,Timing issue
13 Aug-25,COGS,Materials,Johnsons Supply,"3,055",Check,M. Chen,,
10 May-26,COGS,Materials,Home Depot,"6,677",manual Entry,Alex - FP&A,late invoice,Map to GL 6100
2025-11-30,Revenue,Revenue,Corp. clients,"2,204",ERP,Erik,posted,Ask owner
07/01/26,Services,Prof services,Implementation clients,"2,184",ERP,M. Chen,posted,Check sign
01/31/25,Mktg,Events & webinars,Various,"1,589",ERP,M. Chen,manual adj,Vendor invoice late
21-Feb-25,R&D,Cloud hosting,AWS / Datadog,"5,211",manual Entry,TBD,late invoice,Map to GL 6100
2026-04-10,COGS,Materials,Walmart,883,cash,finance ops,,Ask owner
25-May-26,Marketing,Customer appr.,Gift hamper,747,Pos,Alex - FP&A,accrual,
15-Sep-25,Revenue,Revenue,Corp. clients,"(3,235)",ERP,finance ops,accrual,Timing issue
04-Jul-26,R&D,Payroll - eng,Payroll,187,manual Entry,Alex - FP&A,posted,One-off item
2025-07-13,G&A,Legal fees,Buchalter,"9,138",Check,TBD,posted,One-off item
21-Sep-25,Marketing,Paid media,Google / LinkedIn,"8,853",Pos,TBD,,Timing issue
2025-01-15,Services,Support tools,Zendesk / Gainsight,"(1,577)",ERP,Andres,late invoice,Timing issue
01/27/26,COGS,Materials,Home Depot,14,ERP,Andres,accrual,Vendor invoice late
12/02/25,R&D,Payroll - eng,Payroll,"6,518",cash,M. Chen,needs mapping,Ask owner
22 Jan-26,Mktg,Events & webinars,Various,"9,174",ERP,M. Chen,,Map to GL 6100
01 Apr-26,Services,Support tools,Zendesk / Gainsight,"8,082",Pos,M. Chen,needs mapping,Map to GL 6100
2025-06-29,Services,Support tools,Zendesk / Gainsight,329,Check,Andres,posted,Vendor invoice late
01/19/26,Sales,Sales commission,Payroll,"4,824",Check,Alex - FP&A,,Check sign
05/26/25,Sales,Payroll - sales,Payroll,"8,297",cash,M. Chen,posted,Check sign
12/07/25,Marketing,Google Ads,Google / LinkedIn,"1,534",cash,M. Chen,late invoice,
15-Feb-25,Mktg,Events & webinars,Various,"7,952",manual Entry,TBD,accrual,One-off item
16 Apr-26,Sales,Payroll - sales,Payroll,293,manual Entry,Andres,,Check sign
07/11/26,R&D,AI automation,n8n,"8,913",Pos,Andres,late invoice,One-off item
01/22/25,Services,Support tools,Zendesk / Gainsight,"2,373",cash,M. Chen,accrual,Check sign
03 Jan-26,Services,Support tools,Zendesk / Gainsight,"2,211",cash,TBD,late invoice,Check sign
23-Mar-26,Services,Prof services,Implementation clients,"9,663",ERP,,,Timing issue
11-Feb-25,G&A,Office rent,Landlord,"2,706",Pos,Erik,,One-off item
2025-06-13,Services,Support tools,Zendesk / Gainsight,"8,783",Pos,Erik,,One-off item
23-Apr-26,Mktg,Paid media,Google / LinkedIn,"9,844",ERP,M. Chen,needs mapping,Timing issue
2025-12-18,Services,Support tools,Zendesk / Gainsight,"4,134",manual Entry,Andres,manual adj,Timing issue
31-Aug-25,G&A,Legal fees,Buchalter,"4,455",manual Entry,Erik,late invoice,Check sign
2025-12-20,Sales,Payroll - sales,Payroll,"4,468",manual Entry,TBD,needs mapping,Timing issue
07/12/26,R&D,Payroll - eng,Payroll,"3,233",ERP,Erik,needs mapping,
16 Mar-25,Sales,Payroll - sales,Payroll,"(6,317)",manual Entry,Erik,accrual,Check sign
2026-03-25,Mktg,Paid media,Google / LinkedIn,"1,557",ERP,finance ops,needs mapping,One-off item
2025-12-18,Revenue,Revenue,Retail Customer,"7,549",ERP,Andres,posted,One-off item
2026-06-08,Services,Support tools,Zendesk / Gainsight,"(1,623)",Check,,accrual,
06/01/26,G&A,Legal fees,Buchalter,"1,698",Pos,Erik,manual adj,Ask owner
2025-06-08,Marketing,Events & webinars,Various,"5,000",manual Entry,Erik,Posted,Vendor invoice late
03-Mar-25,G&A,Accounting fees,Brandon,"5,037",manual Entry,Andres,needs mapping,Check sign
30 May-26,Sales,CRM / RevOps tools,Salesforce / Outreach,305,manual Entry,M. Chen,manual adj,
03/21/25,G&A,Legal fees,Buchalter,"1,127",Check,Erik,posted,
2026-05-21,R&D,Cloud hosting,AWS / Datadog,"2,638",manual Entry,Erik,posted,Timing issue
06 Sep-25,G&A,Office rent,Landlord,"9,696",Pos,Erik,posted,One-off item
2025-01-14,R&D,Cloud hosting,AWS / Datadog,"2,115",Pos,Alex - FP&A,Posted,Ask owner
2025-11-14,R&D,Cloud hosting,AWS / Datadog,"(9,513)",Pos,TBD,late invoice,Map to GL 6100
07-Mar-26,COGS,Payroll - eng,Payroll,"5,386",ERP,,,One-off item
14-Oct-25,Mktg,Events & webinars,Various,"4,714",cash,Erik,,Timing issue
2025-07-19,Sales,CRM / RevOps tools,Salesforce / Outreach,980,manual Entry,Andres,accrual,Vendor invoice late
2026-01-04,G&A,Legal fees,Europa Law firm,"1,669",Pos,,Posted,Map to GL 6100
10 Dec-25,Revenue,Service,Corp. clients,"3,037",Pos,Erik,posted,Vendor invoice late
2025-01-16,G&A,Accounting fees,Jason CPA,"9,636",manual Entry,M. Chen,,Ask owner
03-Jul-25,R&D,Cloud hosting,AWS / Datadog,"4,397",Check,Alex - FP&A,accrual,Check sign
2025-11-14,Marketing,Events & webinars,Various,"7,673",cash,Alex - FP&A,needs mapping,
01 Jan-26,Mktg,Events & webinars,Various,"5,230",Pos,finance ops,,
17-Feb-26,Services,Prof services,Implementation clients,"5,373",ERP,,manual adj,Ask owner
2025-09-01,Sales,Sales commission,Payroll,"9,436",Pos,finance ops,late invoice,One-off item
19 Mar-26,Revenue,Product sales,Retail Customer,"5,523",Pos,finance ops,needs mapping,Ask owner
29-Jul-25,Revenue,Subscr. revenue,Corp. clients,"(9,473)",Pos,,needs mapping,Check sign
02-Mar-25,Sales,CRM / RevOps tools,Salesforce / Outreach,"6,631",Pos,Erik,posted,Map to GL 6100
11 May-25,COGS,Payroll - eng,Payroll,"5,251",cash,,needs mapping,Timing issue
11 Dec-25,Sales,CRM / RevOps tools,Salesforce / Outreach,"7,121",Pos,finance ops,needs mapping,Vendor invoice late
10/31/25,COGS,Materials,Home Depot,"7,304",ERP,Erik,posted,Map to GL 6100
08-Sep-25,Services,Prof services,Implementation clients,"9,074",manual Entry,finance ops,Posted,Timing issue
03/10/25,G&A,Office rent,Landlord,"1,922",Check,Andres,late invoice,
2025-06-14,Revenue,Revenue,Retail Customer,"1,201",cash,TBD,needs mapping,
2025-11-07,Mktg,Events & webinars,Various,"9,770",Check,Alex - FP&A,needs mapping,Map to GL 6100
02/16/26,Mktg,Paid media,Google / LinkedIn,"9,780",cash,M. Chen,late invoice,Ask owner
08/28/25,Mktg,Customer appr.,Soccer Ticket,"5,030",Pos,TBD,late invoice,Check sign
2026-01-17,COGS,Payroll - eng,Payroll,"2,992",Check,Alex - FP&A,manual adj,One-off item
07/11/26,Sales,Sales commission,Payroll,"3,624",manual Entry,Andres,Posted,Check sign
30-May-25,COGS,Cloud hosting,AWS / Datadog,"6,152",cash,TBD,accrual,Ask owner
2026-05-21,Mktg,Events & webinars,Various,"3,653",Check,,accrual,Map to GL 6100
04/25/26,R&D,Cloud hosting,AWS / Datadog,"7,673",Check,M. Chen,posted,
05/06/26,R&D,AI automation,n8n,"4,660",Pos,Andres,Posted,Vendor invoice late
10 Jan-25,Sales,CRM / RevOps tools,Salesforce / Outreach,"9,989",ERP,Andres,needs mapping,
2025-03-19,Mktg,Events & webinars,Various,"4,883",Check,Alex - FP&A,posted,Map to GL 6100
16 Apr-26,Sales,Payroll - sales,Payroll,"5,199",cash,Alex - FP&A,accrual,Check sign
2025-12-31,Services,Support tools,Zendesk / Gainsight,"(3,989)",cash,Andres,accrual,Check sign
04-Jul-26,Marketing,Google Ads,Google / LinkedIn,"2,668",manual Entry,Alex - FP&A,,
01/19/25,Marketing,Paid media,Google / LinkedIn,"6,759",Pos,M. Chen,accrual,Ask owner
01/02/25,Sales,Sales commission,Payroll,580,cash,M. Chen,Posted,One-off item
24 Jan-25,Marketing,Customer appr.,Gift hamper,"2,319",ERP,TBD,needs mapping,Check sign
20 Jul-25,Sales,Sales commission,Payroll,"7,147",Check,Alex - FP&A,needs mapping,Check sign
2025-12-04,Revenue,Revenue,Retail Customer,"4,324",ERP,M. Chen,posted,Ask owner
15-Feb-25,Mktg,Customer appr.,Amazon gift c.,"8,983",ERP,Andres,manual adj,One-off item
10 Oct-25,Mktg,Customer appr.,Gift hamper,"(9,475)",manual Entry,,posted,Timing issue
2025-05-13,G&A,Accounting fees,Jason CPA,171,Pos,,manual adj,One-off item
30-Jul-25,COGS,Cloud hosting,AWS / Datadog,"5,610",cash,finance ops,posted,Map to GL 6100
04/25/26,Services,Support tools,Zendesk / Gainsight,"(2,684)",manual Entry,,needs mapping,Check sign
2026-05-28,G&A,Accounting fees,Jason CPA,"5,800",Check,Alex - FP&A,late invoice,Timing issue
04-Oct-25,Marketing,Google Ads,Google / LinkedIn,"6,362",manual Entry,TBD,accrual,
20 Jun-26,G&A,Office rent,Landlord,"4,680",cash,finance ops,accrual,Map to GL 6100
2025-10-15,Sales,CRM / RevOps tools,Salesforce / Outreach,"1,443",Pos,Alex - FP&A,,Check sign
09/05/25,R&D,Cloud hosting,AWS / Datadog,"5,593",Pos,Andres,accrual,Check sign
2026-03-21,COGS,Cloud hosting,AWS / Datadog,"1,597",cash,TBD,accrual,Vendor invoice late
01/02/26,Sales,Payroll - sales,Payroll,"8,387",cash,Alex - FP&A,posted,Ask owner
26 Jan-25,Revenue,Revenue,Retail Customer,"2,033",manual Entry,Alex - FP&A,Posted,Map to GL 6100
07/12/26,Services,Support tools,Zendesk / Gainsight,"8,765",Check,Andres,posted,
2026-03-25,Services,Prof services,Implementation clients,"(3,280)",Check,Alex - FP&A,Posted,Timing issue
02 Jul-25,R&D,AI automation,n8n,"2,684",Pos,TBD,manual adj,Map to GL 6100
23-Mar-26,G&A,Accounting fees,Brandon,"(2,796)",Pos,Alex - FP&A,posted,One-off item
06 Sep-25,Marketing,Customer appr.,Gift hamper,(911),ERP,Erik,needs mapping,Vendor invoice late
2026-04-18,Mktg,Customer appr.,Soccer Ticket,"2,418",Check,,posted,Vendor invoice late
2026-05-01,Mktg,Paid media,Google / LinkedIn,"5,236",cash,Erik,needs mapping,Ask owner
05/25/25,Marketing,Google Ads,Google / LinkedIn,"3,851",Check,M. Chen,accrual,Timing issue
10 Jul-25,G&A,Accounting fees,Jason CPA,"4,139",manual Entry,finance ops,manual adj,
08-Dec-25,R&D,Cloud hosting,AWS / Datadog,"9,088",ERP,TBD,accrual,Map to GL 6100
14 Jun-26,Sales,Payroll - sales,Payroll,"9,786",Check,finance ops,,Vendor invoice late
30-Jun-25,G&A,Office rent,Landlord,"5,102",cash,Alex - FP&A,manual adj,Map to GL 6100
26 Sep-25,Sales,Sales commission,Payroll,"8,508",cash,M. Chen,posted,Vendor invoice late
15-Apr-26,Marketing,Customer appr.,Soccer Ticket,"2,375",Check,TBD,posted,Timing issue
26 Sep-25,Revenue,Service,Retail Customer,"6,229",manual Entry,,,
26-Jun-26,Marketing,Customer appr.,Amazon gift c.,"8,096",Pos,M. Chen,,Map to GL 6100
02/12/25,Mktg,Events & webinars,Various,"4,779",Pos,Alex - FP&A,,Check sign
29-Nov-25,Services,Support tools,Zendesk / Gainsight,502,cash,Alex - FP&A,needs mapping,
29-Nov-25,Services,Prof services,Implementation clients,"5,667",ERP,,needs mapping,Timing issue
17-Jan-25,Revenue,Revenue,Corp. clients,"4,986",cash,Andres,,Vendor invoice late
05-Apr-26,COGS,Payroll - eng,Payroll,120,Check,Alex - FP&A,needs mapping,One-off item
04/05/25,Services,Support tools,Zendesk / Gainsight,889,manual Entry,M. Chen,late invoice,Timing issue
16-Dec-25,COGS,Cloud hosting,AWS / Datadog,"2,004",Check,Andres,needs mapping,Map to GL 6100
31 May-26,Services,Support tools,Zendesk / Gainsight,"(9,842)",cash,Andres,,Timing issue
2025-04-21,Revenue,Product sales,Retail Customer,"7,345",Check,TBD,accrual,One-off item
2025-11-14,Mktg,Events & webinars,Various,"3,279",manual Entry,Erik,late invoice,Vendor invoice late
03-Mar-25,Sales,Payroll - sales,Payroll,"9,544",Pos,Alex - FP&A,,
2025-02-14,Mktg,Paid media,Google / LinkedIn,"(3,100)",Pos,Andres,needs mapping,
2025-06-18,Revenue,Subscr. revenue,Retail Customer,"6,224",manual Entry,finance ops,needs mapping,
2025-12-20,COGS,Materials,Johnsons Supply,"9,900",Check,Erik,late invoice,One-off item
2026-04-18,Revenue,Product sales,Corp. clients,"3,071",ERP,Andres,needs mapping,Timing issue
2025-02-09,Marketing,Google Ads,Google / LinkedIn,"6,658",ERP,Andres,posted,Map to GL 6100
09/30/25,Services,Prof services,Implementation clients,"7,595",manual Entry,,manual adj,One-off item
14 Jun-26,Mktg,Paid media,Google / LinkedIn,"6,929",manual Entry,Andres,Posted,
04-May-26,Sales,CRM / RevOps tools,Salesforce / Outreach,"4,173",Check,Alex - FP&A,late invoice,Timing issue
12 Jan-25,Sales,Payroll - sales,Payroll,"4,044",manual Entry,TBD,needs mapping,
2025-01-04,Mktg,Customer appr.,Amazon gift c.,"6,993",ERP,,manual adj,Vendor invoice late
30 Mar-25,Services,Support tools,Zendesk / Gainsight,"5,270",Pos,Alex - FP&A,accrual,Map to GL 6100
08/30/25,COGS,Payroll - eng,Payroll,"6,191",Pos,Erik,posted,Map to GL 6100
16 Mar-25,R&D,AI automation,n8n,"6,058",manual Entry,TBD,,Timing issue
07 Apr-26,COGS,Payroll - eng,Payroll,"8,315",Pos,Erik,accrual,Timing issue
01 Apr-26,R&D,Payroll - eng,Payroll,"6,403",cash,Andres,Posted,One-off item
2025-05-20,Marketing,Paid media,Google / LinkedIn,297,Pos,M. Chen,late invoice,One-off item
31-Aug-25,Sales,CRM / RevOps tools,Salesforce / Outreach,"6,222",Check,,posted,
2025-06-16,R&D,AI automation,n8n,"(3,777)",Check,,accrual,Timing issue
25-May-26,Mktg,Events & webinars,Various,"1,697",ERP,M. Chen,posted,Timing issue
2025-05-19,Sales,Sales commission,Payroll,"6,084",Check,Erik,Posted,Vendor invoice late
11-Sep-25,Revenue,Subscr. revenue,Retail Customer,"7,422",manual Entry,Andres,needs mapping,Ask owner
13 Nov-25,Services,Prof services,Implementation clients,"4,788",cash,Andres,manual adj,Map to GL 6100
2025-05-13,Services,Prof services,Implementation clients,"4,998",Pos,TBD,Posted,Ask owner
10/11/25,Sales,Sales commission,Payroll,"3,943",cash,M. Chen,Posted,Vendor invoice late
07 Apr-26,Marketing,Paid media,Google / LinkedIn,"7,795",ERP,Andres,,Ask owner
2025-08-29,Sales,CRM / RevOps tools,Salesforce / Outreach,"8,705",Pos,Andres,needs mapping,
2025-03-19,Services,Prof services,Implementation clients,"6,901",ERP,Andres,posted,Timing issue
07 Mar-25,G&A,Office rent,Landlord,"9,033",Check,Erik,posted,Map to GL 6100
17 May-25,Services,Prof services,Implementation clients,"7,624",ERP,TBD,late invoice,One-off item
07-Aug-25,G&A,Office rent,Landlord,"8,656",Check,Erik,Posted,
07/15/25,G&A,Accounting fees,Jason CPA,"1,409",Check,Andres,needs mapping,Vendor invoice late
08-Sep-25,G&A,Accounting fees,Jason CPA,"5,767",cash,,manual adj,Check sign
03 Sep-25,Mktg,Events & webinars,Various,"3,614",cash,TBD,needs mapping,Check sign
2025-06-08,Services,Prof services,Implementation clients,461,ERP,Alex - FP&A,posted,Map to GL 6100
06/15/26,G&A,Legal fees,Buchalter,"9,362",ERP,M. Chen,,One-off item
2025-06-29,COGS,Materials,Johnsons Supply,"2,389",cash,M. Chen,late invoice,Timing issue
05/04/25,Marketing,Customer appr.,Gift hamper,"8,834",Check,,late invoice,Check sign
01/19/25,Services,Support tools,Zendesk / Gainsight,"1,266",cash,finance ops,manual adj,Ask owner
2025-05-20,G&A,Accounting fees,Jason CPA,"2,287",cash,M. Chen,late invoice,Map to GL 6100
03/22/25,COGS,Payroll - eng,Payroll,"7,071",Pos,Alex - FP&A,late invoice,Vendor invoice late
2025-06-14,COGS,Payroll - eng,Payroll,"2,370",cash,TBD,accrual,One-off item
03 May-25,R&D,AI automation,n8n,"5,410",Check,TBD,manual adj,Map to GL 6100
03 Jul-26,Marketing,Customer appr.,Amazon gift c.,894,cash,TBD,manual adj,Map to GL 6100
05-May-25,Mktg,Events & webinars,Various,"(2,196)",ERP,TBD,posted,Check sign
05-Feb-25,R&D,Cloud hosting,AWS / Datadog,949,cash,Andres,late invoice,
11-Feb-25,COGS,Cloud hosting,AWS / Datadog,"3,309",cash,,posted,Timing issue
01/02/25,Sales,CRM / RevOps tools,Salesforce / Outreach,"2,546",ERP,Erik,manual adj,Check sign
30 Mar-25,Revenue,Subscr. revenue,Retail Customer,"4,427",Pos,,manual adj,Timing issue
09-Mar-25,Sales,CRM / RevOps tools,Salesforce / Outreach,947,manual Entry,Andres,accrual,Check sign
06/26/25,G&A,Legal fees,Buchalter,"(7,698)",manual Entry,Andres,posted,
2025-05-02,Marketing,Paid media,Google / LinkedIn,"(1,937)",Pos,finance ops,Posted,Check sign
05/25/25,COGS,Payroll - eng,Payroll,"(5,324)",Check,M. Chen,accrual,Check sign
07 Oct-25,Marketing,Google Ads,Google / LinkedIn,"(5,692)",Pos,Erik,Posted,Ask owner
21 Dec-25,Mktg,Paid media,Google / LinkedIn,686,Pos,Erik,posted,Vendor invoice late
02/27/25,R&D,Payroll - eng,Payroll,"1,493",cash,,late invoice,Map to GL 6100
04-Jul-26,Mktg,Events & webinars,Various,"3,979",ERP,TBD,posted,Check sign
25-May-26,R&D,AI automation,n8n,"7,553",cash,,accrual,
18 May-26,G&A,Legal fees,Europa Law firm,"(5,440)",cash,Andres,,Timing issue
28 Jun-26,R&D,Payroll - eng,Payroll,"7,053",manual Entry,Erik,accrual,Check sign
01-Apr-25,G&A,Legal fees,Buchalter,"7,694",cash,Andres,,Check sign
09-Sep-25,Sales,CRM / RevOps tools,Salesforce / Outreach,"7,420",ERP,finance ops,manual adj,Vendor invoice late
11 Dec-25,Mktg,Paid media,Google / LinkedIn,"9,731",cash,Alex - FP&A,posted,
05/21/25,Services,Prof services,Implementation clients,"7,749",cash,M. Chen,Posted,Vendor invoice late
2026-01-04,G&A,Accounting fees,Jason CPA,"8,495",ERP,finance ops,late invoice,Timing issue
2026-02-14,Sales,Sales commission,Payroll,"8,632",Check,Erik,,Check sign
2025-02-02,COGS,Payroll - eng,Payroll,348,cash,Alex - FP&A,posted,Ask owner
2025-08-29,Marketing,Paid media,Google / LinkedIn,"8,377",Pos,Erik,,Check sign
28-Mar-25,Revenue,Subscr. revenue,Corp. clients,183,cash,Alex - FP&A,posted,Vendor invoice late
09 Nov-25,COGS,Payroll - eng,Payroll,"1,071",Check,Andres,Posted,
03/22/25,Services,Support tools,Zendesk / Gainsight,60,manual Entry,finance ops,late invoice,Vendor invoice late
10/17/25,G&A,Legal fees,Buchalter,"3,891",Pos,,manual adj,One-off item
2026-03-21,Revenue,Service,Retail Customer,"9,358",manual Entry,Erik,accrual,One-off item
11-Jan-26,Sales,Payroll - sales,Payroll,"3,220",manual Entry,TBD,needs mapping,Timing issue
2025-05-16,COGS,Cloud hosting,AWS / Datadog,"(3,514)",Check,Andres,posted,Check sign
14 Jun-26,Services,Prof services,Implementation clients,"1,155",ERP,,late invoice,One-off item
18 Jan-26,Marketing,Events & webinars,Various,"1,190",Check,,,Map to GL 6100
07 Feb-26,R&D,AI automation,n8n,"9,646",manual Entry,Alex - FP&A,,Vendor invoice late
2025-12-14,R&D,AI automation,n8n,"1,744",cash,Andres,manual adj,Map to GL 6100
2025-07-19,Sales,Payroll - sales,Payroll,716,manual Entry,TBD,posted,Map to GL 6100
15-Sep-25,Mktg,Paid media,Google / LinkedIn,"(3,343)",cash,Andres,manual adj,Timing issue
01-Apr-25,Mktg,Customer appr.,Amazon gift c.,"4,569",Check,Andres,late invoice,
03 Jan-26,Sales,Payroll - sales,Payroll,"3,468",cash,Alex - FP&A,accrual,
04 Mar-25,COGS,Materials,Electric house,"3,509",cash,TBD,posted,Ask owner
11/12/25,COGS,Materials,Johnsons Supply,"2,702",Pos,Andres,Posted,One-off item
2026-03-11,Services,Prof services,Implementation clients,"(4,373)",cash,finance ops,manual adj,One-off item
10 Feb-26,Marketing,Events & webinars,Various,131,Pos,,posted,Ask owner
13 Jan-25,Services,Support tools,Zendesk / Gainsight,"1,528",Check,finance ops,needs mapping,One-off item
07-Mar-26,Mktg,Customer appr.,Soccer Ticket,"5,390",Pos,Alex - FP&A,late invoice,Timing issue
2025-07-13,G&A,Accounting fees,Jason CPA,"6,986",Pos,finance ops,,Map to GL 6100
2025-09-16,Sales,Payroll - sales,Payroll,"9,890",Pos,,late invoice,Timing issue
2025-10-08,Services,Support tools,Zendesk / Gainsight,(440),ERP,finance ops,accrual,One-off item
30-Jul-25,COGS,Payroll - eng,Payroll,"3,439",cash,TBD,accrual,Map to GL 6100
13 Mar-25,COGS,Payroll - eng,Payroll,"6,395",Check,Alex - FP&A,accrual,Vendor invoice late
01-May-25,Mktg,Customer appr.,Gift hamper,"4,030",ERP,,accrual,Vendor invoice late
2025-12-29,Marketing,Google Ads,Google / LinkedIn,"(9,811)",ERP,TBD,,Ask owner
07/09/26,R&D,AI automation,n8n,"5,154",manual Entry,TBD,Posted,
04/05/25,G&A,Accounting fees,Brandon,"7,876",cash,,,Map to GL 6100
21-Jun-26,Revenue,Service,Retail Customer,(251),manual Entry,Erik,posted,
2026-03-21,R&D,Payroll - eng,Payroll,"8,049",ERP,M. Chen,Posted,
07 Apr-26,Sales,Payroll - sales,Payroll,"3,474",Check,Andres,posted,Check sign
26 Sep-25,Mktg,Customer appr.,Gift hamper,"4,571",cash,,needs mapping,Vendor invoice late
19 Mar-26,Services,Support tools,Zendesk / Gainsight,"7,060",cash,,late invoice,Ask owner
06/04/26,Mktg,Customer appr.,Amazon gift c.,"1,250",manual Entry,M. Chen,late invoice,One-off item
03 Apr-26,G&A,Office rent,Landlord,"3,559",cash,Alex - FP&A,Posted,Timing issue
20 Mar-25,COGS,Materials,Walmart,"5,388",manual Entry,Andres,needs mapping,Vendor invoice late
18 Oct-25,G&A,Office rent,Landlord,"1,961",Pos,M. Chen,accrual,
29 Jun-26,Sales,Payroll - sales,Payroll,"7,887",Check,Alex - FP&A,accrual,
2025-05-22,Services,Prof services,Implementation clients,472,cash,TBD,,One-off item
2025-11-19,Services,Support tools,Zendesk / Gainsight,(606),ERP,Andres,Posted,Map to GL 6100
02/07/25,Services,Prof services,Implementation clients,"6,243",Check,M. Chen,posted,One-off item
01/27/26,Revenue,Revenue,Retail Customer,"4,719",Check,Andres,late invoice,Vendor invoice late
06-Jun-26,Services,Support tools,Zendesk / Gainsight,"(1,894)",ERP,TBD,late invoice,Timing issue
07/15/25,G&A,Legal fees,Europa Law firm,"9,015",manual Entry,Andres,manual adj,Timing issue
20 Feb-26,Services,Prof services,Implementation clients,"(5,725)",cash,Alex - FP&A,manual adj,Map to GL 6100
28-Mar-25,Marketing,Events & webinars,Various,"7,333",ERP,finance ops,posted,Map to GL 6100
25 Feb-25,G&A,Legal fees,Europa Law firm,"8,099",manual Entry,finance ops,,Timing issue
10 May-26,Sales,Payroll - sales,Payroll,"8,197",cash,Andres,accrual,One-off item
02 Jul-25,Sales,Payroll - sales,Payroll,"6,669",Pos,Alex - FP&A,late invoice,Map to GL 6100
03 Sep-25,Revenue,Product sales,Corp. clients,"7,741",Check,M. Chen,manual adj,Vendor invoice late
2025-08-29,Mktg,Paid media,Google / LinkedIn,"4,829",manual Entry,Alex - FP&A,needs mapping,Check sign
05/15/25,Services,Support tools,Zendesk / Gainsight,"7,649",manual Entry,Alex - FP&A,posted,Map to GL 6100
2026-01-09,Marketing,Paid media,Google / LinkedIn,512,Check,Andres,needs mapping,Ask owner
2025-09-07,Mktg,Events & webinars,Various,"9,949",ERP,TBD,,Vendor invoice late
03 Feb-25,COGS,Materials,Walmart,"1,487",Check,Andres,,Ask owner
19 Apr-26,COGS,Cloud hosting,AWS / Datadog,"7,858",Check,Erik,Posted,Vendor invoice late
28-Jul-25,Mktg,Events & webinars,Various,"1,044",manual Entry,,Posted,Vendor invoice late
2025-06-08,Marketing,Paid media,Google / LinkedIn,358,Pos,Andres,accrual,
03-Dec-25,G&A,Legal fees,Buchalter,"1,415",cash,Erik,Posted,Vendor invoice late
2025-12-09,Sales,CRM / RevOps tools,Salesforce / Outreach,"6,812",Check,,,Vendor invoice late
2026-01-04,Marketing,Events & webinars,Various,"9,491",ERP,Erik,,Map to GL 6100
2025-06-24,Mktg,Customer appr.,Gift hamper,"(1,371)",manual Entry,finance ops,,Vendor invoice late
06 Feb-25,COGS,Cloud hosting,AWS / Datadog,"5,055",Pos,finance ops,manual adj,One-off item
2025-04-02,COGS,Cloud hosting,AWS / Datadog,"6,377",manual Entry,,late invoice,Vendor invoice late
26 Jan-25,Revenue,Revenue,Retail Customer,"3,951",Pos,,late invoice,Ask owner
2026-05-01,Sales,Payroll - sales,Payroll,"1,822",Pos,TBD,manual adj,Vendor invoice late
03/10/25,Services,Prof services,Implementation clients,"1,606",ERP,Andres,needs mapping,Map to GL 6100
03-Dec-25,Marketing,Paid media,Google / LinkedIn,"(6,200)",Pos,TBD,needs mapping,Vendor invoice late
02 Mar-26,R&D,Cloud hosting,AWS / Datadog,"2,394",cash,M. Chen,accrual,Timing issue
2025-05-02,Revenue,Service,Corp. clients,"(5,855)",manual Entry,Andres,accrual,One-off item
2025-07-06,Marketing,Google Ads,Google / LinkedIn,"4,104",manual Entry,finance ops,posted,One-off item
26 Sep-25,Revenue,Product sales,Retail Customer,"(5,781)",ERP,Andres,Posted,Vendor invoice late
05/04/25,Sales,CRM / RevOps tools,Salesforce / Outreach,"2,665",ERP,Andres,accrual,Map to GL 6100
2026-05-21,COGS,Payroll - eng,Payroll,629,Check,finance ops,manual adj,Ask owner
05/26/25,R&D,AI automation,n8n,"2,297",ERP,finance ops,posted,Check sign
05-Feb-25,Revenue,Service,Retail Customer,"2,194",Pos,Andres,needs mapping,Vendor invoice late
05-Jun-25,COGS,Payroll - eng,Payroll,"5,057",manual Entry,,Posted,One-off item
2025-07-18,G&A,Accounting fees,Brandon,"(7,110)",Check,M. Chen,late invoice,Timing issue
2025-11-14,Sales,Sales commission,Payroll,"7,373",manual Entry,,manual adj,Check sign
09/10/25,COGS,Cloud hosting,AWS / Datadog,"4,419",manual Entry,M. Chen,,Check sign
09/12/25,Revenue,Product sales,Corp. clients,"(3,636)",Pos,Alex - FP&A,posted,Vendor invoice late
03 Feb-25,COGS,Materials,Walmart,"4,140",manual Entry,Andres,,Vendor invoice late
25 Oct-25,Mktg,Events & webinars,Various,409,ERP,,Posted,Timing issue
2025-04-02,Sales,Sales commission,Payroll,"2,112",ERP,TBD,,
03 Mar-26,COGS,Cloud hosting,AWS / Datadog,"3,377",ERP,Erik,posted,
18 Aug-25,Revenue,Product sales,Corp. clients,"4,363",ERP,,Posted,Ask owner
14-Oct-25,Revenue,Service,Retail Customer,"6,606",Check,M. Chen,posted,Map to GL 6100
02/12/25,Sales,Sales commission,Payroll,"5,211",ERP,finance ops,needs mapping,Map to GL 6100
13 Aug-25,Services,Support tools,Zendesk / Gainsight,"9,124",manual Entry,finance ops,posted,Ask owner
04 Mar-25,Mktg,Customer appr.,Amazon gift c.,"(8,400)",cash,finance ops,Posted,Map to GL 6100
07 Oct-25,COGS,Payroll - eng,Payroll,"(2,253)",manual Entry,finance ops,late invoice,One-off item
01/19/25,Sales,Payroll - sales,Payroll,"1,358",Check,finance ops,Posted,Map to GL 6100
16-May-26,Services,Support tools,Zendesk / Gainsight,898,ERP,Erik,Posted,Timing issue
24-Apr-25,COGS,Payroll - eng,Payroll,"8,205",Pos,Andres,,
06 Feb-25,Mktg,Customer appr.,Amazon gift c.,"7,641",manual Entry,,Posted,Timing issue
24-Apr-25,G&A,Accounting fees,Brandon,"(9,843)",cash,,manual adj,Timing issue
2025-12-14,R&D,Cloud hosting,AWS / Datadog,(741),cash,Andres,late invoice,Check sign
2025-06-22,Mktg,Customer appr.,Gift hamper,"5,751",cash,TBD,needs mapping,Check sign
01-Apr-25,G&A,Legal fees,Buchalter,"6,389",Check,Andres,accrual,Map to GL 6100
2026-06-11,Mktg,Events & webinars,Various,"(9,730)",manual Entry,Erik,posted,Ask owner
16-Dec-25,G&A,Office rent,Landlord,"4,854",manual Entry,Andres,manual adj,Map to GL 6100
23-Apr-26,R&D,AI automation,n8n,"4,497",Check,M. Chen,needs mapping,Check sign
2025-07-06,Revenue,Service,Corp. clients,"4,729",ERP,finance ops,late invoice,Ask owner
21-Sep-25,Sales,Payroll - sales,Payroll,"6,310",manual Entry,M. Chen,Posted,One-off item
05-May-26,Revenue,Product sales,Retail Customer,"9,029",ERP,,posted,Check sign
13 Jan-25,G&A,Legal fees,Buchalter,"2,305",ERP,Erik,late invoice,
2025-04-21,R&D,Cloud hosting,AWS / Datadog,"4,509",ERP,Erik,accrual,Check sign
04 Jul-25,Revenue,Product sales,Corp. clients,"(3,493)",cash,,,Timing issue
06 Jan-26,Revenue,Subscr. revenue,Retail Customer,"3,303",Pos,Alex - FP&A,needs mapping,
05/08/26,G&A,Legal fees,Europa Law firm,(539),Check,,needs mapping,One-off item
2025-04-21,G&A,Office rent,Landlord,"9,681",Pos,,,Map to GL 6100
15-Apr-25,Services,Support tools,Zendesk / Gainsight,"(1,063)",Pos,TBD,accrual,
2025-05-22,Mktg,Events & webinars,Various,"4,696",manual Entry,Andres,late invoice,One-off item
28-Jul-25,R&D,AI automation,n8n,"3,082",Pos,,posted,Vendor invoice late
29-Nov-25,G&A,Accounting fees,Brandon,"3,634",cash,Erik,manual adj,Ask owner
26 Sep-25,G&A,Legal fees,Buchalter,"(6,322)",manual Entry,TBD,needs mapping,One-off item
2026-03-05,COGS,Payroll - eng,Payroll,"9,805",Pos,M. Chen,late invoice,One-off item
01/05/26,G&A,Office rent,Landlord,"(8,111)",ERP,finance ops,accrual,Timing issue
2026-04-29,Marketing,Google Ads,Google / LinkedIn,"5,644",manual Entry,Alex - FP&A,accrual,One-off item
24 Jan-25,Services,Prof services,Implementation clients,"(8,298)",ERP,M. Chen,posted,Vendor invoice late
22-Jul-25,Sales,CRM / RevOps tools,Salesforce / Outreach,"7,032",Check,,late invoice,Ask owner
04 Jul-25,COGS,Materials,Electric house,"7,379",Pos,TBD,posted,Timing issue
2025-08-08,Revenue,Revenue,Corp. clients,"9,797",Check,Alex - FP&A,posted,Vendor invoice late
21-Apr-26,Sales,Sales commission,Payroll,"(1,005)",ERP,Erik,manual adj,Map to GL 6100
2025-04-02,Mktg,Customer appr.,Amazon gift c.,"6,885",ERP,Erik,Posted,Vendor invoice late
13 Mar-25,Marketing,Paid media,Google / LinkedIn,"8,598",Pos,Andres,manual adj,Timing issue
2025-05-13,Revenue,Product sales,Corp. clients,"(7,208)",cash,Andres,late invoice,Check sign
09/30/25,COGS,Payroll - eng,Payroll,"6,257",Check,M. Chen,manual adj,Vendor invoice late
10 Mar-26,G&A,Office rent,Landlord,"9,231",ERP,,,One-off item
11-Sep-25,COGS,Cloud hosting,AWS / Datadog,"5,665",Pos,TBD,needs mapping,Map to GL 6100
25-Jan-26,COGS,Cloud hosting,AWS / Datadog,"6,032",ERP,TBD,late invoice,One-off item
16 Apr-26,G&A,Accounting fees,Brandon,"6,062",ERP,Erik,late invoice,
2026-01-04,G&A,Accounting fees,Brandon,"8,900",ERP,Erik,,One-off item
21-Jun-26,G&A,Office rent,Landlord,"(8,258)",cash,Erik,needs mapping,
06/11/25,Sales,Sales commission,Payroll,879,Pos,,manual adj,Map to GL 6100
06/26/25,Sales,CRM / RevOps tools,Salesforce / Outreach,"(8,850)",Check,Erik,posted,Map to GL 6100
23-Apr-26,COGS,Materials,Walmart,"4,194",ERP,Andres,posted,Vendor invoice late
19 Feb-25,Services,Support tools,Zendesk / Gainsight,"5,671",Check,M. Chen,manual adj,
18 Jan-25,Sales,CRM / RevOps tools,Salesforce / Outreach,"2,949",ERP,Erik,,One-off item
07 Mar-25,COGS,Payroll - eng,Payroll,"1,307",Check,Erik,posted,Check sign
26 Feb-26,R&D,Cloud hosting,AWS / Datadog,"5,830",Pos,,needs mapping,Vendor invoice late
2025-06-24,Sales,Payroll - sales,Payroll,"6,280",cash,M. Chen,needs mapping,Check sign
2025-05-19,R&D,Payroll - eng,Payroll,"(4,120)",ERP,TBD,late invoice,Check sign
29-Nov-25,Mktg,Paid media,Google / LinkedIn,"(6,287)",manual Entry,M. Chen,manual adj,Map to GL 6100
25-Apr-25,COGS,Materials,Electric house,"6,300",manual Entry,,needs mapping,Ask owner
06/11/25,COGS,Cloud hosting,AWS / Datadog,"2,568",cash,M. Chen,accrual,One-off item
09/30/25,R&D,AI automation,n8n,"4,871",manual Entry,M. Chen,needs mapping,Timing issue
10 Mar-26,Sales,Payroll - sales,Payroll,"9,274",Pos,Andres,accrual,
18 May-26,R&D,Payroll - eng,Payroll,"1,509",cash,Andres,Posted,Ask owner
16-Jan-26,R&D,Cloud hosting,AWS / Datadog,"9,965",Check,,late invoice,
21-Apr-26,R&D,Payroll - eng,Payroll,"3,900",manual Entry,Erik,manual adj,Vendor invoice late
07/05/26,Mktg,Paid media,Google / LinkedIn,"3,612",manual Entry,M. Chen,,Timing issue
10/17/25,Marketing,Paid media,Google / LinkedIn,"9,021",Check,,needs mapping,
06 Oct-25,R&D,Payroll - eng,Payroll,"6,787",ERP,finance ops,accrual,Timing issue
26-Dec-25,Services,Prof services,Implementation clients,"1,900",Pos,TBD,accrual,Check sign
21-Jul-25,Revenue,Service,Retail Customer,"7,315",cash,Andres,,Map to GL 6100
02/20/25,G&A,Office rent,Landlord,"3,087",Pos,Andres,late invoice,
28-Jul-25,Services,Prof services,Implementation clients,"7,343",Pos,M. Chen,Posted,Ask owner
21-Feb-25,R&D,Payroll - eng,Payroll,"7,602",cash,TBD,needs mapping,Map to GL 6100
01/19/25,R&D,Payroll - eng,Payroll,"7,795",Pos,Erik,late invoice,Vendor invoice late
07-Mar-26,Sales,Payroll - sales,Payroll,"7,365",cash,finance ops,accrual,Vendor invoice late
2025-07-19,Mktg,Events & webinars,Various,"8,031",ERP,,manual adj,Map to GL 6100
2025-10-26,Mktg,Events & webinars,Various,"3,823",ERP,,posted,One-off item
03/31/26,Services,Prof services,Implementation clients,"2,932",Check,finance ops,needs mapping,One-off item
07 Jul-25,G&A,Accounting fees,Jason CPA,"1,015",Pos,finance ops,needs mapping,Map to GL 6100
05/28/25,R&D,Cloud hosting,AWS / Datadog,"(1,677)",Pos,TBD,late invoice,Check sign
01/22/25,Sales,Payroll - sales,Payroll,"9,685",manual Entry,M. Chen,late invoice,Timing issue
2025-07-26,G&A,Accounting fees,Jason CPA,"9,882",Check,TBD,needs mapping,Timing issue
26 Jan-25,Marketing,Google Ads,Google / LinkedIn,"8,486",manual Entry,M. Chen,late invoice,
2025-12-20,Marketing,Events & webinars,Various,"2,985",manual Entry,Andres,posted,Map to GL 6100
10 Jul-25,Revenue,Revenue,Retail Customer,"9,761",cash,M. Chen,accrual,Ask owner
2025-08-20,Services,Prof services,Implementation clients,"6,991",Check,finance ops,late invoice,Ask owner
08-Dec-25,Sales,Payroll - sales,Payroll,481,Pos,,needs mapping,One-off item
2026-05-07,Marketing,Google Ads,Google / LinkedIn,"7,414",manual Entry,finance ops,needs mapping,One-off item
2026-03-25,Sales,Payroll - sales,Payroll,"2,292",Pos,TBD,Posted,One-off item
2025-09-16,Mktg,Events & webinars,Various,"1,734",Check,M. Chen,,Ask owner
01/05/26,Marketing,Google Ads,Google / LinkedIn,"2,850",manual Entry,M. Chen,,Vendor invoice late
2025-04-02,G&A,Office rent,Landlord,"9,655",cash,Alex - FP&A,posted,Map to GL 6100
2025-11-14,Revenue,Service,Corp. clients,"9,933",Pos,finance ops,late invoice,One-off item
21-Jun-26,Services,Prof services,Implementation clients,"2,592",Pos,Erik,accrual,
2026-04-10,Revenue,Subscr. revenue,Corp. clients,"(2,291)",ERP,Andres,manual adj,
2025-10-26,Services,Support tools,Zendesk / Gainsight,"8,190",Check,TBD,,Vendor invoice late
25 Feb-26,R&D,Cloud hosting,AWS / Datadog,"3,439",cash,finance ops,accrual,Vendor invoice late
2025-05-22,G&A,Accounting fees,Brandon,"(7,735)",ERP,TBD,needs mapping,One-off item
2025-12-09,Services,Support tools,Zendesk / Gainsight,"6,461",manual Entry,Andres,posted,Ask owner
12/13/25,R&D,Payroll - eng,Payroll,"3,572",manual Entry,TBD,Posted,Vendor invoice late
05/26/25,Mktg,Customer appr.,Soccer Ticket,"3,554",manual Entry,Andres,manual adj,Vendor invoice late
10 Jan-25,COGS,Materials,Walmart,"8,351",cash,TBD,late invoice,Timing issue
06/10/26,Sales,Sales commission,Payroll,725,Check,M. Chen,late invoice,
2025-11-23,Revenue,Service,Corp. clients,(407),manual Entry,,late invoice,Check sign
04/05/25,Mktg,Events & webinars,Various,"2,924",cash,,needs mapping,Ask owner
16-Jan-26,Services,Prof services,Implementation clients,310,cash,Alex - FP&A,Posted,Timing issue
10 Oct-25,Sales,Sales commission,Payroll,"9,598",ERP,TBD,accrual,Vendor invoice late
01 Apr-26,COGS,Payroll - eng,Payroll,"(5,513)",ERP,finance ops,needs mapping,Check sign
2025-09-16,Sales,CRM / RevOps tools,Salesforce / Outreach,"5,037",manual Entry,Andres,late invoice,Check sign
06/01/26,R&D,Cloud hosting,AWS / Datadog,"7,887",ERP,TBD,,Ask owner
27-Mar-26,Services,Prof services,Implementation clients,"3,040",Check,Andres,needs mapping,Check sign
02 Jul-25,G&A,Accounting fees,Brandon,808,manual Entry,TBD,manual adj,Ask owner
01-Apr-25,Revenue,Revenue,Retail Customer,"3,925",ERP,Alex - FP&A,Posted,Ask owner
2025-02-02,Marketing,Google Ads,Google / LinkedIn,"7,305",manual Entry,M. Chen,posted,Timing issue
30 Mar-25,Revenue,Service,Corp. clients,"(9,150)",Check,TBD,manual adj,Check sign
06/28/25,Services,Prof services,Implementation clients,"6,125",manual Entry,,posted,Check sign
02/16/26,COGS,Cloud hosting,AWS / Datadog,"(3,474)",Pos,,Posted,Vendor invoice late
2025-12-06,Revenue,Product sales,Corp. clients,"7,622",Check,Erik,,Ask owner
02-Oct-25,R&D,Cloud hosting,AWS / Datadog,797,cash,TBD,,
2025-09-07,Services,Prof services,Implementation clients,"3,120",manual Entry,TBD,needs mapping,One-off item
2025-01-15,Services,Prof services,Implementation clients,"5,276",ERP,Erik,manual adj,Vendor invoice late
07/12/26,COGS,Materials,Home Depot,"6,801",cash,M. Chen,Posted,
26-Feb-25,COGS,Cloud hosting,AWS / Datadog,"(7,554)",manual Entry,,needs mapping,Map to GL 6100
25-Jan-26,R&D,AI automation,n8n,"(3,369)",manual Entry,finance ops,manual adj,Check sign
02-Jun-25,Revenue,Service,Retail Customer,"(8,841)",ERP,Andres,posted,Timing issue
26-Dec-25,G&A,Office rent,Landlord,"(2,490)",ERP,Andres,late invoice,Map to GL 6100
12 May-25,Sales,Sales commission,Payroll,"5,814",Pos,M. Chen,needs mapping,Vendor invoice late
04-May-26,Mktg,Paid media,Google / LinkedIn,"(6,904)",manual Entry,Andres,posted,Map to GL 6100
03/05/25,R&D,Payroll - eng,Payroll,"8,052",ERP,Erik,accrual,Timing issue
26-Feb-25,Mktg,Customer appr.,Soccer Ticket,"6,389",ERP,TBD,,Check sign
16 Nov-25,Sales,CRM / RevOps tools,Salesforce / Outreach,658,Check,M. Chen,manual adj,Check sign
08-May-25,R&D,Cloud hosting,AWS / Datadog,"1,033",cash,TBD,manual adj,Timing issue
2025-06-24,Marketing,Google Ads,Google / LinkedIn,"1,281",manual Entry,TBD,,
02/20/25,R&D,AI automation,n8n,"(7,205)",cash,Alex - FP&A,late invoice,Vendor invoice late
26-Jun-26,R&D,AI automation,n8n,"7,545",Check,finance ops,manual adj,One-off item
14 Aug-25,Sales,CRM / RevOps tools,Salesforce / Outreach,"6,469",ERP,M. Chen,needs mapping,One-off item
07 Mar-25,COGS,Cloud hosting,AWS / Datadog,"6,714",Check,Alex - FP&A,posted,Map to GL 6100
2026-02-27,G&A,Office rent,Landlord,"7,040",Pos,finance ops,manual adj,Vendor invoice late
04/17/25,Marketing,Customer appr.,Gift hamper,198,Pos,M. Chen,,Vendor invoice late
25 Feb-25,Mktg,Events & webinars,Various,"2,695",manual Entry,M. Chen,Posted,One-off item
01/05/25,R&D,Payroll - eng,Payroll,"3,105",Pos,TBD,posted,Map to GL 6100
16-Jan-26,Sales,CRM / RevOps tools,Salesforce / Outreach,"(7,183)",manual Entry,Erik,posted,Timing issue
23-Feb-26,Revenue,Subscr. revenue,Retail Customer,544,manual Entry,TBD,posted,Map to GL 6100
09-Jul-25,COGS,Payroll - eng,Payroll,"(1,094)",ERP,Erik,accrual,Timing issue
2025-08-20,Sales,Sales commission,Payroll,"6,337",Check,Erik,needs mapping,Vendor invoice late
23-Mar-25,R&D,AI automation,n8n,"(1,149)",ERP,Erik,accrual,
05/25/25,G&A,Office rent,Landlord,"(4,592)",cash,Andres,manual adj,Vendor invoice late
05/26/25,G&A,Office rent,Landlord,"3,215",ERP,TBD,needs mapping,Ask owner
10 Jul-25,Revenue,Revenue,Retail Customer,"7,117",manual Entry,M. Chen,,Map to GL 6100
15-Apr-26,Marketing,Paid media,Google / LinkedIn,"2,770",manual Entry,M. Chen,,Vendor invoice late
2025-06-24,Services,Prof services,Implementation clients,"7,119",Pos,Erik,needs mapping,One-off item
2025-06-13,Sales,CRM / RevOps tools,Salesforce / Outreach,"8,121",ERP,Andres,Posted,Map to GL 6100
07/15/25,G&A,Legal fees,Buchalter,"5,826",Pos,Erik,late invoice,Vendor invoice late
2025-12-29,Services,Prof services,Implementation clients,"(9,829)",ERP,Alex - FP&A,manual adj,Ask owner
2026-06-11,Mktg,Customer appr.,Gift hamper,"6,389",Check,Erik,accrual,Map to GL 6100
2026-06-19,Sales,Sales commission,Payroll,"(7,866)",ERP,Andres,Posted,Check sign
24-Jul-25,R&D,Cloud hosting,AWS / Datadog,"6,640",Check,TBD,accrual,Timing issue
2026-03-05,Revenue,Revenue,Retail Customer,"(9,364)",cash,,accrual,Check sign
06/28/25,R&D,AI automation,n8n,"7,314",ERP,Andres,accrual,One-off item
2025-06-08,Services,Support tools,Zendesk / Gainsight,"6,069",manual Entry,TBD,Posted,Timing issue
2025-12-06,G&A,Office rent,Landlord,"6,058",ERP,Erik,Posted,Map to GL 6100
03 May-25,G&A,Office rent,Landlord,"3,156",ERP,finance ops,accrual,Ask owner
2026-06-08,G&A,Accounting fees,Brandon,"7,968",manual Entry,M. Chen,manual adj,Ask owner
01 Apr-26,Mktg,Paid media,Google / LinkedIn,"5,776",manual Entry,M. Chen,Posted,Vendor invoice late
06 Feb-25,Mktg,Events & webinars,Various,"4,811",manual Entry,M. Chen,,Vendor invoice late
05-May-25,Marketing,Paid media,Google / LinkedIn,"7,189",ERP,TBD,manual adj,One-off item
16 Nov-25,Marketing,Google Ads,Google / LinkedIn,"3,091",Check,TBD,posted,Timing issue
25-Dec-25,Sales,Payroll - sales,Payroll,"6,390",Pos,M. Chen,Posted,One-off item
18 Oct-25,R&D,Payroll - eng,Payroll,"(7,518)",manual Entry,Alex - FP&A,,
01/22/25,Revenue,Subscr. revenue,Retail Customer,"(4,280)",Pos,Andres,posted,Timing issue
12 May-25,Revenue,Subscr. revenue,Corp. clients,243,Pos,Erik,,
01/22/25,Services,Prof services,Implementation clients,"1,609",ERP,Alex - FP&A,manual adj,
16 Mar-25,R&D,AI automation,n8n,"5,579",cash,finance ops,,Map to GL 6100
30-May-25,COGS,Payroll - eng,Payroll,"5,006",manual Entry,Alex - FP&A,posted,Map to GL 6100
01 Apr-26,Revenue,Revenue,Retail Customer,"1,668",ERP,,,Ask owner
2026-01-20,Mktg,Events & webinars,Various,"6,975",manual Entry,M. Chen,,
05-May-25,Mktg,Customer appr.,Gift hamper,"1,079",cash,Alex - FP&A,accrual,Timing issue
2025-07-18,COGS,Payroll - eng,Payroll,"3,218",manual Entry,Erik,Posted,Vendor invoice late
05/26/25,Sales,CRM / RevOps tools,Salesforce / Outreach,"(8,525)",ERP,finance ops,needs mapping,One-off item
02-Oct-25,Marketing,Google Ads,Google / LinkedIn,707,ERP,Erik,late invoice,
26-Jun-26,Services,Prof services,Implementation clients,"(6,767)",Pos,,accrual,One-off item
21-Jun-26,R&D,AI automation,n8n,"(1,968)",Check,,manual adj,Map to GL 6100
2025-05-02,Services,Prof services,Implementation clients,"9,289",Pos,Andres,posted,Vendor invoice late
2025-11-30,R&D,Cloud hosting,AWS / Datadog,"8,410",Check,,Posted,Timing issue
2025-01-16,Sales,CRM / RevOps tools,Salesforce / Outreach,"(7,354)",manual Entry,finance ops,,Timing issue
28-Jul-25,Marketing,Customer appr.,Amazon gift c.,"7,412",Pos,M. Chen,Posted,One-off item
29-Jul-25,Services,Support tools,Zendesk / Gainsight,"9,613",cash,TBD,late invoice,One-off item
2026-01-20,Revenue,Service,Retail Customer,"8,222",Check,TBD,accrual,Vendor invoice late
16 Apr-26,G&A,Office rent,Landlord,"9,539",Pos,finance ops,posted,One-off item
06/23/25,G&A,Legal fees,Europa Law firm,"6,528",manual Entry,Alex - FP&A,posted,Timing issue
04-Jul-26,R&D,Payroll - eng,Payroll,"5,665",Check,Erik,late invoice,Ask owner
2025-01-23,COGS,Payroll - eng,Payroll,"3,925",Pos,M. Chen,Posted,Timing issue
24 Sep-25,Marketing,Google Ads,Google / LinkedIn,"7,061",Pos,Alex - FP&A,late invoice,Map to GL 6100
07-Mar-26,Sales,Sales commission,Payroll,"5,973",Check,M. Chen,late invoice,Map to GL 6100
03/05/25,COGS,Payroll - eng,Payroll,"(8,062)",manual Entry,Alex - FP&A,needs mapping,Check sign
05-May-25,COGS,Payroll - eng,Payroll,"2,249",Pos,Erik,Posted,Ask owner
15-Feb-25,Sales,CRM / RevOps tools,Salesforce / Outreach,200,manual Entry,Erik,Posted,Map to GL 6100
07-Mar-26,Marketing,Google Ads,Google / LinkedIn,"3,752",ERP,Alex - FP&A,posted,Ask owner
30-Jun-25,Revenue,Product sales,Retail Customer,"4,040",Pos,,needs mapping,
10 May-26,R&D,Cloud hosting,AWS / Datadog,"7,426",Pos,,,Map to GL 6100
2025-10-15,COGS,Materials,Walmart,"4,796",manual Entry,Andres,posted,Timing issue
2025-12-31,Mktg,Customer appr.,Soccer Ticket,"9,719",Check,,manual adj,
06/23/25,COGS,Payroll - eng,Payroll,"(6,280)",cash,Erik,late invoice,One-off item
07-Aug-25,Marketing,Events & webinars,Various,(94),Check,Andres,late invoice,Vendor invoice late
07/05/26,G&A,Accounting fees,Brandon,"8,275",cash,Andres,Posted,Check sign
10 Mar-26,Revenue,Service,Corp. clients,"4,083",ERP,TBD,,Map to GL 6100
2025-12-06,Marketing,Events & webinars,Various,"5,755",ERP,,Posted,
2025-01-04,Mktg,Events & webinars,Various,"5,767",cash,Alex - FP&A,late invoice,Map to GL 6100
01/19/26,Marketing,Paid media,Google / LinkedIn,"8,362",manual Entry,Andres,manual adj,Vendor invoice late
19 Apr-26,Sales,Sales commission,Payroll,"1,823",Pos,finance ops,late invoice,Ask owner
04-May-26,Services,Support tools,Zendesk / Gainsight,"1,304",Pos,Andres,Posted,
02-Aug-25,Sales,Payroll - sales,Payroll,"1,359",manual Entry,Erik,,Map to GL 6100
2025-12-31,Marketing,Events & webinars,Various,"(7,575)",manual Entry,,posted,Timing issue
2026-06-08,Revenue,Service,Corp. clients,"8,134",ERP,Alex - FP&A,,Timing issue
21-Sep-25,COGS,Cloud hosting,AWS / Datadog,"8,735",Check,finance ops,accrual,Map to GL 6100
30-Jun-25,Marketing,Customer appr.,Soccer Ticket,"6,451",Pos,,Posted,Timing issue
06 Jan-26,Services,Support tools,Zendesk / Gainsight,695,cash,Andres,manual adj,Map to GL 6100
06 Oct-25,Sales,Sales commission,Payroll,"7,948",manual Entry,M. Chen,posted,
05-Apr-26,R&D,Cloud hosting,AWS / Datadog,"4,703",manual Entry,finance ops,Posted,One-off item
03/31/26,G&A,Legal fees,Europa Law firm,"6,612",manual Entry,,late invoice,
15-Sep-25,COGS,Materials,Home Depot,"7,879",Pos,TBD,manual adj,
21 Dec-25,Mktg,Paid media,Google / LinkedIn,"5,050",cash,,Posted,
02-Jun-25,R&D,Payroll - eng,Payroll,"9,401",Pos,Alex - FP&A,needs mapping,
2026-07-02,Revenue,Subscr. revenue,Corp. clients,"(5,933)",ERP,finance ops,late invoice,One-off item
2025-12-20,COGS,Payroll - eng,Payroll,"4,886",ERP,finance ops,accrual,Ask owner
2026-03-06,COGS,Cloud hosting,AWS / Datadog,"(5,255)",ERP,Andres,accrual,Map to GL 6100
13-Sep-25,COGS,Cloud hosting,AWS / Datadog,"7,922",Check,Andres,,Check sign
21-Jun-26,Services,Support tools,Zendesk / Gainsight,"(8,987)",Check,,accrual,Vendor invoice late
2025-06-13,Mktg,Events & webinars,Various,"6,959",Check,M. Chen,,
2025-02-14,Mktg,Paid media,Google / LinkedIn,"1,011",manual Entry,Erik,needs mapping,One-off item
09/19/25,Services,Support tools,Zendesk / Gainsight,"8,117",cash,Alex - FP&A,posted,Check sign
18-Mar-26,Mktg,Events & webinars,Various,"8,397",cash,M. Chen,,Timing issue
02-Mar-25,COGS,Payroll - eng,Payroll,"5,840",Check,Erik,manual adj,Check sign
2025-02-04,Sales,Sales commission,Payroll,"4,438",Pos,Andres,late invoice,Timing issue
16 Apr-26,Revenue,Revenue,Retail Customer,"2,054",manual Entry,Alex - FP&A,late invoice,Ask owner
22 Oct-25,COGS,Cloud hosting,AWS / Datadog,"(8,866)",Check,Alex - FP&A,,Vendor invoice late
03/10/25,Marketing,Events & webinars,Various,923,Pos,,,Ask owner
10 Dec-25,COGS,Cloud hosting,AWS / Datadog,"6,686",manual Entry,Alex - FP&A,late invoice,Map to GL 6100
20 Mar-25,Revenue,Product sales,Corp. clients,"1,870",cash,finance ops,posted,Ask owner
2026-01-31,COGS,Materials,Home Depot,"7,759",cash,finance ops,Posted,Check sign
28 Jun-26,Revenue,Revenue,Retail Customer,"7,797",ERP,Andres,posted,Vendor invoice late
18 Jan-26,R&D,Cloud hosting,AWS / Datadog,"(5,846)",ERP,Erik,,Timing issue
06 Sep-25,Marketing,Paid media,Google / LinkedIn,"1,318",manual Entry,finance ops,needs mapping,Check sign
02/17/25,R&D,Cloud hosting,AWS / Datadog,"7,079",cash,TBD,needs mapping,Timing issue
2025-11-30,Mktg,Customer appr.,Gift hamper,"9,548",Check,Erik,accrual,Map to GL 6100
05/04/25,G&A,Accounting fees,Jason CPA,"9,261",manual Entry,Alex - FP&A,needs mapping,Vendor invoice late
22 Oct-25,Marketing,Events & webinars,Various,741,manual Entry,Erik,posted,Ask owner
04 Mar-25,COGS,Payroll - eng,Payroll,"2,265",Check,Alex - FP&A,late invoice,Map to GL 6100
2025-04-02,Mktg,Events & webinars,Various,"7,252",cash,Andres,posted,Ask owner
02/21/26,Services,Support tools,Zendesk / Gainsight,328,Pos,finance ops,accrual,Vendor invoice late
2025-01-04,G&A,Accounting fees,Brandon,"2,755",manual Entry,TBD,posted,Vendor invoice late
07-Mar-26,Services,Support tools,Zendesk / Gainsight,"7,642",ERP,Andres,needs mapping,Check sign
26-Jun-26,G&A,Office rent,Landlord,"(4,794)",Check,TBD,manual adj,
05/13/26,R&D,Cloud hosting,AWS / Datadog,"(9,952)",cash,TBD,late invoice,Vendor invoice late
21-Feb-25,R&D,Cloud hosting,AWS / Datadog,"1,257",ERP,Andres,late invoice,One-off item
01/02/25,Revenue,Product sales,Retail Customer,267,cash,,,Ask owner
2025-12-30,Mktg,Events & webinars,Various,"9,968",ERP,Andres,Posted,Check sign
2025-06-13,Sales,Sales commission,Payroll,"6,413",manual Entry,M. Chen,posted,Map to GL 6100
05-May-25,Mktg,Events & webinars,Various,"2,591",manual Entry,,posted,Timing issue
27-Jun-25,G&A,Accounting fees,Jason CPA,"(8,372)",manual Entry,M. Chen,Posted,Map to GL 6100
2025-09-01,COGS,Cloud hosting,AWS / Datadog,"3,056",ERP,Alex - FP&A,posted,Check sign
04/17/25,Services,Prof services,Implementation clients,"8,511",manual Entry,TBD,late invoice,
2025-12-04,Revenue,Product sales,Retail Customer,"7,345",Check,TBD,Posted,Map to GL 6100
05/21/25,R&D,Payroll - eng,Payroll,"6,890",ERP,,manual adj,Check sign
2025-05-16,Marketing,Customer appr.,Gift hamper,"5,192",cash,Andres,needs mapping,Check sign
05/29/25,G&A,Office rent,Landlord,"6,206",Check,finance ops,manual adj,Vendor invoice late
2025-11-18,Sales,Sales commission,Payroll,"2,423",Pos,M. Chen,,Timing issue
01/19/26,Mktg,Events & webinars,Various,"1,074",ERP,Andres,posted,Map to GL 6100
02-Mar-25,Marketing,Google Ads,Google / LinkedIn,"(5,097)",Pos,finance ops,accrual,Check sign
22-Apr-26,R&D,Cloud hosting,AWS / Datadog,"5,271",ERP,Erik,,Timing issue
2026-06-16,Services,Prof services,Implementation clients,"1,703",Check,Alex - FP&A,Posted,Timing issue
15-Feb-25,Mktg,Paid media,Google / LinkedIn,"9,342",Pos,,accrual,Check sign
2025-02-14,G&A,Office rent,Landlord,"8,857",manual Entry,Erik,posted,One-off item
06/04/26,Sales,Payroll - sales,Payroll,"9,131",ERP,Erik,Posted,Map to GL 6100
22-Apr-26,Sales,Payroll - sales,Payroll,"9,185",Check,Erik,late invoice,Check sign
13 Mar-25,Revenue,Subscr. revenue,Corp. clients,"2,385",ERP,M. Chen,manual adj,
05/26/25,Marketing,Google Ads,Google / LinkedIn,"(1,288)",cash,Alex - FP&A,,Vendor invoice late
23 Jun-26,R&D,Cloud hosting,AWS / Datadog,148,cash,,manual adj,Map to GL 6100
02-Aug-25,Revenue,Product sales,Corp. clients,"2,339",cash,Alex - FP&A,accrual,Ask owner
16-May-26,G&A,Office rent,Landlord,"1,502",cash,Alex - FP&A,late invoice,Map to GL 6100
02/01/26,Services,Support tools,Zendesk / Gainsight,"(7,104)",Check,finance ops,posted,Vendor invoice late
10 Dec-25,Mktg,Customer appr.,Amazon gift c.,"(9,625)",ERP,M. Chen,manual adj,Map to GL 6100
12/07/25,Sales,Sales commission,Payroll,"1,164",ERP,Alex - FP&A,posted,Timing issue
2025-06-13,Services,Support tools,Zendesk / Gainsight,"(2,768)",ERP,,Posted,Map to GL 6100
2026-02-14,Services,Support tools,Zendesk / Gainsight,"4,509",manual Entry,Andres,posted,Vendor invoice late
2025-05-13,G&A,Office rent,Landlord,"3,621",ERP,Erik,Posted,Ask owner
26 Feb-26,R&D,AI automation,n8n,"1,983",ERP,Erik,late invoice,
19 Feb-25,COGS,Payroll - eng,Payroll,"3,617",Check,TBD,,Timing issue
2025-05-02,Services,Support tools,Zendesk / Gainsight,"6,003",ERP,Erik,late invoice,Vendor invoice late
2025-08-19,Mktg,Events & webinars,Various,"7,239",ERP,,,Ask owner
04/17/25,COGS,Cloud hosting,AWS / Datadog,"8,673",Check,,late invoice,One-off item
06/28/25,G&A,Legal fees,Buchalter,28,manual Entry,TBD,,One-off item
2026-03-08,Revenue,Subscr. revenue,Retail Customer,"(6,971)",ERP,Erik,,
16-May-26,Mktg,Customer appr.,Gift hamper,"6,660",ERP,Erik,needs mapping,One-off item
05/22/26,G&A,Office rent,Landlord,"5,823",Check,Alex - FP&A,posted,Vendor invoice late
03-Mar-25,Revenue,Revenue,Corp. clients,"5,629",Check,Alex - FP&A,posted,Ask owner
2025-11-14,Revenue,Service,Corp. clients,"8,248",cash,Erik,Posted,
01/19/26,COGS,Cloud hosting,AWS / Datadog,"8,005",ERP,,posted,Map to GL 6100
27 May-25,Services,Support tools,Zendesk / Gainsight,"4,805",ERP,Alex - FP&A,manual adj,Check sign
2025-06-16,R&D,Cloud hosting,AWS / Datadog,"4,802",Check,Alex - FP&A,needs mapping,One-off item
2026-03-05,Marketing,Events & webinars,Various,424,Pos,,Posted,Ask owner
02/21/26,Mktg,Customer appr.,Amazon gift c.,"7,221",manual Entry,TBD,late invoice,Ask owner
02 Apr-26,Mktg,Customer appr.,Amazon gift c.,"2,197",Pos,Andres,Posted,One-off item
16 Mar-25,G&A,Accounting fees,Jason CPA,"(6,389)",manual Entry,,needs mapping,One-off item
27-Mar-26,R&D,AI automation,n8n,"5,600",ERP,M. Chen,Posted,Vendor invoice late
02 Jul-25,Sales,Payroll - sales,Payroll,"1,068",Pos,Alex - FP&A,Posted,Vendor invoice late
03-Mar-25,Mktg,Paid media,Google / LinkedIn,"(8,502)",Check,Erik,Posted,Ask owner
2025-10-15,Revenue,Service,Corp. clients,"6,420",Check,,Posted,Map to GL 6100
08/27/25,Services,Support tools,Zendesk / Gainsight,"5,849",manual Entry,M. Chen,accrual,One-off item
20 Jul-25,G&A,Accounting fees,Brandon,"(4,726)",ERP,M. Chen,posted,Timing issue
23-Feb-26,COGS,Materials,Johnsons Supply,"4,983",Check,Andres,posted,Vendor invoice late
09/30/25,Sales,Sales commission,Payroll,"7,293",ERP,TBD,Posted,Timing issue
07 Feb-26,Sales,Payroll - sales,Payroll,"9,037",cash,,Posted,
07/01/26,Mktg,Events & webinars,Various,"(1,725)",manual Entry,Andres,accrual,Timing issue
04 Apr-26,G&A,Office rent,Landlord,"1,098",Check,TBD,needs mapping,
25 Oct-25,Revenue,Revenue,Corp. clients,"2,005",cash,Alex - FP&A,,Timing issue
27 Oct-25,Sales,Payroll - sales,Payroll,"(8,525)",cash,finance ops,Posted,One-off item
04-Jul-26,Sales,CRM / RevOps tools,Salesforce / Outreach,"2,647",Check,M. Chen,accrual,Timing issue
22-Jul-25,Mktg,Customer appr.,Soccer Ticket,"1,845",Pos,Alex - FP&A,accrual,Vendor invoice late
03/31/26,Mktg,Events & webinars,Various,"7,017",ERP,Alex - FP&A,posted,Timing issue
09 Jun-26,Services,Prof services,Implementation clients,557,Check,Andres,Posted,One-off item
16 Apr-26,Revenue,Subscr. revenue,Retail Customer,"1,438",ERP,M. Chen,late invoice,
2025-08-16,Services,Support tools,Zendesk / Gainsight,"5,027",ERP,Erik,manual adj,Vendor invoice late
2025-12-20,Services,Support tools,Zendesk / Gainsight,"9,176",Pos,M. Chen,Posted,Vendor invoice late
01-Mar-25,Services,Support tools,Zendesk / Gainsight,142,Check,Erik,posted,One-off item
02/27/25,G&A,Accounting fees,Brandon,878,cash,,Posted,Vendor invoice late
29 Jun-26,Mktg,Customer appr.,Amazon gift c.,(611),Check,TBD,Posted,
2026-04-10,G&A,Accounting fees,Brandon,415,Pos,,late invoice,Timing issue
14 Aug-25,R&D,AI automation,n8n,"(7,070)",Check,M. Chen,posted,Vendor invoice late
07 Mar-25,Mktg,Paid media,Google / LinkedIn,"7,688",manual Entry,Erik,accrual,Ask owner
11-Feb-25,COGS,Materials,Home Depot,(157),manual Entry,TBD,manual adj,Ask owner
2025-10-26,R&D,AI automation,n8n,"7,335",cash,M. Chen,needs mapping,One-off item
2025-12-14,Sales,Payroll - sales,Payroll,"9,148",Pos,finance ops,late invoice,Timing issue
06/15/26,Revenue,Revenue,Corp. clients,"1,191",Pos,finance ops,Posted,Map to GL 6100
2026-04-18,Services,Prof services,Implementation clients,"3,810",ERP,finance ops,posted,Map to GL 6100
08-May-25,Revenue,Service,Corp. clients,"(8,362)",ERP,Erik,late invoice,Vendor invoice late
02/21/26,Revenue,Product sales,Corp. clients,"9,785",Check,Alex - FP&A,,Timing issue
2025-06-03,G&A,Legal fees,Europa Law firm,41,manual Entry,TBD,,Timing issue
16-Dec-25,Sales,Payroll - sales,Payroll,"4,566",cash,M. Chen,accrual,One-off item
01/19/26,COGS,Cloud hosting,AWS / Datadog,"8,612",Pos,Alex - FP&A,Posted,One-off item
2026-04-18,Marketing,Paid media,Google / LinkedIn,"2,847",manual Entry,Erik,,One-off item
26-Jun-26,Marketing,Events & webinars,Various,"2,145",ERP,TBD,Posted,Timing issue
27 Mar-25,R&D,Cloud hosting,AWS / Datadog,"4,176",Pos,finance ops,accrual,Map to GL 6100
26-Feb-25,Mktg,Paid media,Google / LinkedIn,"4,493",cash,,needs mapping,Vendor invoice late
09/05/25,G&A,Accounting fees,Brandon,"3,947",ERP,Alex - FP&A,late invoice,Timing issue
2025-01-15,Mktg,Customer appr.,Amazon gift c.,(130),Check,M. Chen,posted,Check sign
03/10/25,Marketing,Customer appr.,Soccer Ticket,"5,376",ERP,Andres,needs mapping,Vendor invoice late
16 Nov-25,R&D,Payroll - eng,Payroll,"1,564",manual Entry,finance ops,posted,Vendor invoice late
07/15/25,Revenue,Service,Retail Customer,"8,152",manual Entry,finance ops,,Timing issue
20 Oct-25,G&A,Legal fees,Buchalter,"7,951",Pos,finance ops,needs mapping,Check sign
20-Mar-26,Marketing,Events & webinars,Various,"8,881",ERP,,,Check sign
07 Jul-26,COGS,Cloud hosting,AWS / Datadog,"8,560",Pos,TBD,Posted,Check sign
08-May-25,Revenue,Revenue,Corp. clients,"7,122",Check,Andres,needs mapping,Ask owner
18 Jan-25,G&A,Accounting fees,Jason CPA,"3,556",ERP,,Posted,Map to GL 6100
07 Jul-25,R&D,Cloud hosting,AWS / Datadog,"3,511",manual Entry,Alex - FP&A,posted,Vendor invoice late
01/22/25,Services,Prof services,Implementation clients,"(1,365)",Check,M. Chen,posted,
29 Oct-25,G&A,Legal fees,Europa Law firm,"7,906",cash,,,Vendor invoice late
2025-11-27,Marketing,Google Ads,Google / LinkedIn,"4,820",Check,Andres,,Timing issue
2025-12-20,COGS,Payroll - eng,Payroll,"3,781",cash,Alex - FP&A,needs mapping,Check sign
25-May-26,R&D,Cloud hosting,AWS / Datadog,782,Pos,,late invoice,Map to GL 6100
29-Jul-25,Services,Support tools,Zendesk / Gainsight,68,manual Entry,M. Chen,Posted,Ask owner
27 Mar-25,Mktg,Customer appr.,Gift hamper,"3,864",ERP,M. Chen,,One-off item
25 Oct-25,Services,Support tools,Zendesk / Gainsight,"6,242",ERP,,,Check sign
2026-06-16,Services,Support tools,Zendesk / Gainsight,"8,434",cash,finance ops,late invoice,Map to GL 6100
17-Jan-25,Services,Prof services,Implementation clients,"9,340",cash,TBD,,Check sign
26-Dec-25,Marketing,Google Ads,Google / LinkedIn,"(7,655)",manual Entry,Erik,late invoice,Ask owner
25 Feb-26,Marketing,Customer appr.,Gift hamper,821,Check,Alex - FP&A,late invoice,Check sign
26 Feb-26,COGS,Cloud hosting,AWS / Datadog,"7,121",Check,finance ops,needs mapping,Map to GL 6100
12 Mar-26,Sales,Sales commission,Payroll,"9,378",ERP,Andres,needs mapping,Ask owner
02/21/26,Mktg,Paid media,Google / LinkedIn,"9,031",ERP,Andres,manual adj,Check sign
10/05/25,Sales,CRM / RevOps tools,Salesforce / Outreach,"4,534",manual Entry,Erik,late invoice,Vendor invoice late
09-Jul-25,R&D,Payroll - eng,Payroll,"4,318",Check,,Posted,
18 Jan-25,Revenue,Subscr. revenue,Corp. clients,"(5,578)",Check,Erik,Posted,Check sign
2025-08-20,Revenue,Revenue,Corp. clients,"4,649",Pos,Andres,manual adj,Map to GL 6100
05/13/26,Services,Support tools,Zendesk / Gainsight,"1,419",cash,,posted,One-off item
01/24/26,Services,Prof services,Implementation clients,"5,322",manual Entry,TBD,late invoice,Ask owner
2026-01-04,R&D,AI automation,n8n,"2,148",manual Entry,Erik,Posted,One-off item
29-Jul-25,Mktg,Events & webinars,Various,"3,432",manual Entry,Erik,posted,Ask owner
02-Aug-25,Mktg,Customer appr.,Amazon gift c.,"6,776",ERP,Alex - FP&A,needs mapping,Map to GL 6100
02/07/25,R&D,AI automation,n8n,"7,753",manual Entry,,needs mapping,Timing issue
03/22/25,Sales,Sales commission,Payroll,"7,164",Check,finance ops,,Map to GL 6100
2025-01-16,G&A,Accounting fees,Jason CPA,"9,217",ERP,,needs mapping,One-off item
23-Feb-26,G&A,Accounting fees,Jason CPA,"4,754",manual Entry,Andres,posted,Ask owner
2026-06-19,Services,Prof services,Implementation clients,"8,741",Pos,Andres,posted,Map to GL 6100
04 Feb-26,Sales,Sales commission,Payroll,"5,208",ERP,Erik,Posted,
28 Jun-26,COGS,Payroll - eng,Payroll,"7,095",manual Entry,TBD,manual adj,Map to GL 6100
03-Mar-25,Marketing,Events & webinars,Various,"7,329",manual Entry,finance ops,late invoice,One-off item
26 Jan-25,Marketing,Paid media,Google / LinkedIn,"(8,829)",Check,Andres,late invoice,Map to GL 6100
25 Feb-26,Services,Support tools,Zendesk / Gainsight,781,manual Entry,Alex - FP&A,late invoice,Vendor invoice late
11-Feb-25,Mktg,Events & webinars,Various,"(6,004)",cash,Alex - FP&A,accrual,Check sign
23-Mar-25,R&D,AI automation,n8n,86,Pos,Alex - FP&A,,
03 Sep-25,Sales,Payroll - sales,Payroll,"4,906",ERP,Andres,,Map to GL 6100
21-Sep-25,Sales,Payroll - sales,Payroll,"3,313",manual Entry,,,Vendor invoice late
2025-06-22,R&D,Payroll - eng,Payroll,705,Pos,Andres,posted,
2025-10-26,Mktg,Customer appr.,Amazon gift c.,"8,623",Pos,finance ops,manual adj,Map to GL 6100
18 Oct-25,Mktg,Customer appr.,Soccer Ticket,"4,668",Check,Andres,posted,Vendor invoice late
25-May-26,Mktg,Customer appr.,Gift hamper,"(5,070)",ERP,TBD,needs mapping,Check sign
28 Jun-26,R&D,Payroll - eng,Payroll,"6,153",ERP,Alex - FP&A,,Map to GL 6100
2025-05-20,Mktg,Events & webinars,Various,"6,879",cash,,Posted,Ask owner
07 Apr-26,COGS,Payroll - eng,Payroll,"(9,491)",Pos,finance ops,posted,Ask owner
18-Mar-26,Marketing,Paid media,Google / LinkedIn,"(9,090)",ERP,Erik,accrual,
2026-01-20,Sales,CRM / RevOps tools,Salesforce / Outreach,"(2,952)",Pos,finance ops,accrual,Check sign
2025-08-19,R&D,AI automation,n8n,"(5,540)",Pos,Alex - FP&A,manual adj,Ask owner
2025-06-14,G&A,Legal fees,Europa Law firm,"3,425",Pos,Alex - FP&A,manual adj,Ask owner
03 Jul-26,Revenue,Service,Corp. clients,"(4,482)",Check,Andres,manual adj,
2025-11-23,Mktg,Customer appr.,Gift hamper,441,Check,TBD,manual adj,Map to GL 6100
05/26/25,Sales,Sales commission,Payroll,"3,214",Check,finance ops,late invoice,Timing issue
29-Nov-25,Services,Support tools,Zendesk / Gainsight,"9,474",ERP,TBD,manual adj,One-off item
11/26/25,G&A,Office rent,Landlord,"7,982",ERP,Erik,posted,Vendor invoice late
05/21/25,Services,Support tools,Zendesk / Gainsight,"(7,340)",cash,Erik,needs mapping,Timing issue
06 Oct-25,COGS,Cloud hosting,AWS / Datadog,"(6,716)",cash,,accrual,Ask owner
24 Sep-25,COGS,Materials,Home Depot,"3,386",Pos,Erik,late invoice,
20 Jun-26,Marketing,Google Ads,Google / LinkedIn,"4,028",Pos,finance ops,Posted,Check sign
22 Jan-26,R&D,Payroll - eng,Payroll,273,Pos,finance ops,manual adj,Check sign
30-May-25,Mktg,Customer appr.,Amazon gift c.,"9,087",ERP,TBD,needs mapping,Timing issue
08/28/25,Services,Support tools,Zendesk / Gainsight,"5,601",ERP,TBD,Posted,Vendor invoice late
20-Mar-26,R&D,Payroll - eng,Payroll,"(3,995)",manual Entry,M. Chen,accrual,Map to GL 6100
02/27/25,Revenue,Subscr. revenue,Corp. clients,"4,207",Check,finance ops,manual adj,
02/21/26,R&D,Payroll - eng,Payroll,"6,637",cash,Alex - FP&A,manual adj,Map to GL 6100
03 Mar-26,Mktg,Customer appr.,Soccer Ticket,"3,918",manual Entry,Alex - FP&A,,Vendor invoice late
29 Oct-25,COGS,Cloud hosting,AWS / Datadog,"5,638",cash,finance ops,posted,Map to GL 6100
08-Sep-25,Marketing,Paid media,Google / LinkedIn,739,manual Entry,M. Chen,manual adj,Ask owner
18-Mar-26,Mktg,Customer appr.,Gift hamper,(338),Check,,Posted,Ask owner
2025-05-19,Services,Support tools,Zendesk / Gainsight,352,Check,Erik,manual adj,Check sign
24 Dec-25,Marketing,Events & webinars,Various,"9,742",Check,M. Chen,posted,Vendor invoice late
21 Dec-25,COGS,Payroll - eng,Payroll,"1,546",Check,TBD,late invoice,Timing issue
01/05/25,COGS,Cloud hosting,AWS / Datadog,"3,343",Pos,Andres,manual adj,Check sign
22 Apr-25,Mktg,Customer appr.,Soccer Ticket,"9,815",Pos,Alex - FP&A,Posted,One-off item
15 Jan-26,COGS,Payroll - eng,Payroll,"(1,209)",cash,,posted,Map to GL 6100
2026-03-11,COGS,Cloud hosting,AWS / Datadog,773,ERP,finance ops,needs mapping,Check sign
2025-04-21,Mktg,Customer appr.,Soccer Ticket,"2,577",cash,finance ops,Posted,Ask owner
2025-06-29,Marketing,Google Ads,Google / LinkedIn,"4,481",cash,,posted,
2025-05-19,Sales,CRM / RevOps tools,Salesforce / Outreach,"1,458",manual Entry,TBD,needs mapping,
31 May-26,Services,Prof services,Implementation clients,"3,177",manual Entry,TBD,Posted,Ask owner
2025-05-22,Services,Prof services,Implementation clients,"3,519",cash,Alex - FP&A,late invoice,Timing issue
2025-01-15,Mktg,Customer appr.,Gift hamper,"7,350",Check,finance ops,late invoice,Vendor invoice late
2025-07-06,Revenue,Revenue,Corp. clients,"(7,368)",Check,Erik,manual adj,Map to GL 6100
2025-01-16,COGS,Cloud hosting,AWS / Datadog,"5,362",Check,Andres,late invoice,Vendor invoice late
10 Nov-25,R&D,Payroll - eng,Payroll,"7,092",cash,M. Chen,manual adj,One-off item
2025-08-29,Revenue,Revenue,Retail Customer,"(3,767)",Pos,Andres,needs mapping,One-off item
08-May-25,Mktg,Events & webinars,Various,"(2,379)",Check,Alex - FP&A,late invoice,One-off item
07 Jul-26,COGS,Cloud hosting,AWS / Datadog,695,ERP,TBD,posted,Ask owner
2025-12-14,Revenue,Subscr. revenue,Corp. clients,"(3,927)",Pos,finance ops,posted,One-off item
2025-01-15,Services,Prof services,Implementation clients,"8,045",ERP,Andres,,Timing issue
10 Mar-26,R&D,Payroll - eng,Payroll,"9,874",cash,,accrual,Timing issue
05-May-26,Sales,Payroll - sales,Payroll,847,cash,Andres,,One-off item
2026-04-10,Marketing,Google Ads,Google / LinkedIn,"6,450",cash,Erik,,Vendor invoice late
2025-06-24,G&A,Office rent,Landlord,"7,682",ERP,TBD,needs mapping,Vendor invoice late
2025-02-04,Marketing,Customer appr.,Amazon gift c.,"2,089",manual Entry,M. Chen,late invoice,Timing issue
2025-12-29,R&D,Cloud hosting,AWS / Datadog,"3,113",Check,finance ops,posted,Check sign
2026-02-14,R&D,Cloud hosting,AWS / Datadog,"4,359",ERP,finance ops,needs mapping,Vendor invoice late
2025-06-03,Revenue,Service,Corp. clients,"(4,526)",cash,,Posted,Vendor invoice late
06 Oct-25,G&A,Legal fees,Europa Law firm,"1,441",cash,Andres,late invoice,
24-Feb-26,R&D,Payroll - eng,Payroll,"1,915",Pos,M. Chen,posted,Vendor invoice late
2026-03-06,COGS,Payroll - eng,Payroll,"(4,942)",Check,,,One-off item
2025-06-24,R&D,Payroll - eng,Payroll,"5,195",ERP,Alex - FP&A,accrual,
19 Mar-26,G&A,Accounting fees,Brandon,"4,357",Pos,Erik,manual adj,Check sign
25 Feb-26,Mktg,Customer appr.,Soccer Ticket,"(6,071)",Pos,M. Chen,,Ask owner
04/20/25,Revenue,Product sales,Retail Customer,"7,886",cash,Erik,late invoice,Map to GL 6100
12/13/25,Mktg,Events & webinars,Various,"(2,699)",cash,Andres,late invoice,Vendor invoice late
23-Sep-25,Sales,CRM / RevOps tools,Salesforce / Outreach,"4,541",ERP,Erik,accrual,Vendor invoice late
10/05/25,Sales,CRM / RevOps tools,Salesforce / Outreach,"7,144",Check,TBD,accrual,One-off item
12 May-25,COGS,Cloud hosting,AWS / Datadog,127,cash,Alex - FP&A,,Map to GL 6100
23 Jun-26,COGS,Materials,Electric house,"(7,850)",manual Entry,Erik,manual adj,Map to GL 6100
2025-11-18,R&D,Cloud hosting,AWS / Datadog,"4,014",Check,Andres,,Timing issue
05/04/25,Revenue,Subscr. revenue,Retail Customer,"7,014",manual Entry,finance ops,manual adj,Ask owner
2025-05-20,G&A,Office rent,Landlord,"2,933",cash,TBD,posted,Vendor invoice late
07 Feb-26,Marketing,Paid media,Google / LinkedIn,"6,262",Check,,posted,Timing issue
2025-05-13,Marketing,Customer appr.,Amazon gift c.,799,cash,Andres,Posted,Vendor invoice late
07 Feb-26,R&D,Payroll - eng,Payroll,"4,949",manual Entry,Andres,,Ask owner
29-Nov-25,COGS,Materials,Johnsons Supply,450,Check,M. Chen,posted,One-off item
2025-03-19,Services,Support tools,Zendesk / Gainsight,"9,110",cash,finance ops,,Timing issue
12/07/25,R&D,Payroll - eng,Payroll,"4,357",Check,Erik,,Ask owner
02/21/26,Sales,Payroll - sales,Payroll,"9,482",cash,,late invoice,Timing issue
07/12/26,G&A,Accounting fees,Brandon,"5,030",Pos,Alex - FP&A,late invoice,Check sign
2025-01-04,Revenue,Product sales,Retail Customer,"4,563",cash,Andres,late invoice,
2025-11-30,Sales,Payroll - sales,Payroll,"3,732",manual Entry,Alex - FP&A,accrual,
16-Jan-26,G&A,Legal fees,Buchalter,"5,570",Pos,TBD,accrual,Ask owner
21-Jul-25,G&A,Accounting fees,Jason CPA,"3,814",cash,,accrual,Ask owner
10 Dec-25,R&D,Cloud hosting,AWS / Datadog,"2,761",Pos,TBD,late invoice,Check sign
03/12/25,Sales,Sales commission,Payroll,"6,276",Pos,Andres,accrual,
06/28/25,R&D,AI automation,n8n,"9,023",cash,,posted,Ask owner
07/11/26,Services,Support tools,Zendesk / Gainsight,"(4,908)",Pos,,,
08 Jan-26,Revenue,Service,Corp. clients,"(8,213)",Check,Alex - FP&A,Posted,Check sign
24 Dec-25,G&A,Accounting fees,Brandon,419,manual Entry,finance ops,late invoice,Vendor invoice late
25 Oct-25,Revenue,Service,Retail Customer,"4,840",ERP,,manual adj,Ask owner
12-Apr-25,Revenue,Subscr. revenue,Corp. clients,"(4,496)",Check,,manual adj,Map to GL 6100
2025-02-02,G&A,Legal fees,Buchalter,"5,628",cash,Erik,,Map to GL 6100
17-Jan-25,Sales,Sales commission,Payroll,"7,100",ERP,M. Chen,posted,Map to GL 6100
10 Oct-25,Sales,Payroll - sales,Payroll,"5,613",cash,,,Ask owner
2025-06-03,G&A,Accounting fees,Jason CPA,"(7,011)",cash,Alex - FP&A,late invoice,
05-Feb-25,R&D,Cloud hosting,AWS / Datadog,"4,711",Pos,M. Chen,posted,Check sign
02/10/25,R&D,AI automation,n8n,"7,473",cash,M. Chen,posted,One-off item
2025-07-06,Sales,Payroll - sales,Payroll,"3,799",manual Entry,M. Chen,,Timing issue
27 May-25,Services,Prof services,Implementation clients,"1,557",Pos,Andres,,Ask owner
06/10/26,Mktg,Events & webinars,Various,"1,634",ERP,TBD,needs mapping,One-off item
2025-04-21,Services,Prof services,Implementation clients,"5,846",Check,finance ops,needs mapping,Vendor invoice late
2026-04-18,COGS,Cloud hosting,AWS / Datadog,"9,594",Pos,finance ops,late invoice,Check sign
03 Sep-25,Revenue,Subscr. revenue,Corp. clients,"6,575",Pos,finance ops,accrual,Vendor invoice late
04 Mar-25,Services,Prof services,Implementation clients,"4,340",ERP,Alex - FP&A,posted,Check sign
05/06/26,Mktg,Customer appr.,Gift hamper,"4,451",Check,,accrual,Timing issue
05/03/26,Mktg,Paid media,Google / LinkedIn,"7,244",manual Entry,TBD,accrual,Map to GL 6100
2026-05-21,R&D,Payroll - eng,Payroll,"8,506",Check,,Posted,Ask owner
2026-03-08,Revenue,Service,Retail Customer,"5,919",ERP,Alex - FP&A,late invoice,Timing issue
22-Apr-26,Mktg,Paid media,Google / LinkedIn,"3,760",Pos,TBD,accrual,Check sign
27 Mar-25,Services,Prof services,Implementation clients,(909),Check,Alex - FP&A,Posted,Timing issue
22 Oct-25,Revenue,Revenue,Corp. clients,"3,103",cash,TBD,manual adj,Ask owner
08 Jan-26,Mktg,Customer appr.,Gift hamper,"7,499",ERP,M. Chen,,
07 Apr-26,Marketing,Google Ads,Google / LinkedIn,"1,779",ERP,TBD,accrual,One-off item
08-Nov-25,Services,Support tools,Zendesk / Gainsight,"6,603",cash,M. Chen,Posted,
03/05/25,R&D,AI automation,n8n,974,ERP,Andres,Posted,One-off item
26-Feb-25,Marketing,Events & webinars,Various,"(2,195)",manual Entry,Erik,posted,
08/05/25,Revenue,Product sales,Retail Customer,"(4,737)",manual Entry,Alex - FP&A,Posted,Vendor invoice late
2025-11-19,Mktg,Paid media,Google / LinkedIn,"(1,024)",manual Entry,,Posted,Ask owner
24-Apr-25,Marketing,Paid media,Google / LinkedIn,"7,795",manual Entry,finance ops,posted,Check sign
25-Jun-26,R&D,Cloud hosting,AWS / Datadog,"(3,873)",Check,,late invoice,Map to GL 6100
2025-08-08,Mktg,Paid media,Google / LinkedIn,"6,579",Pos,Andres,needs mapping,Check sign
08-Dec-25,R&D,Cloud hosting,AWS / Datadog,"9,958",cash,TBD,posted,Ask owner
06-Jun-26,G&A,Legal fees,Buchalter,"5,959",Pos,Erik,late invoice,Vendor invoice late
07-Mar-26,Sales,CRM / RevOps tools,Salesforce / Outreach,"8,122",cash,,,Check sign
07/09/26,G&A,Legal fees,Buchalter,547,Pos,Alex - FP&A,needs mapping,Timing issue
11-Mar-25,COGS,Payroll - eng,Payroll,807,cash,Erik,accrual,Check sign
02 Apr-26,G&A,Legal fees,Europa Law firm,"5,965",manual Entry,M. Chen,needs mapping,Vendor invoice late
09/19/25,Mktg,Customer appr.,Amazon gift c.,"4,181",manual Entry,M. Chen,late invoice,
13 Jan-25,Sales,Payroll - sales,Payroll,"(9,357)",ERP,M. Chen,posted,One-off item
24 Apr-26,Marketing,Events & webinars,Various,"1,665",manual Entry,Erik,accrual,Vendor invoice late
2025-02-14,Marketing,Customer appr.,Soccer Ticket,(902),cash,,Posted,One-off item
01-Apr-25,Revenue,Revenue,Retail Customer,"(3,696)",Check,,Posted,
02-Oct-25,COGS,Cloud hosting,AWS / Datadog,"4,403",cash,TBD,manual adj,
20 Mar-25,Marketing,Customer appr.,Amazon gift c.,"7,847",cash,Erik,,Map to GL 6100
2025-07-06,Services,Support tools,Zendesk / Gainsight,"(2,159)",ERP,TBD,Posted,
2025-12-17,Mktg,Paid media,Google / LinkedIn,"3,830",cash,Andres,late invoice,Map to GL 6100
25-May-26,Revenue,Service,Corp. clients,"9,756",manual Entry,Erik,accrual,Vendor invoice late
19 Jun-25,Services,Prof services,Implementation clients,"5,905",manual Entry,Alex - FP&A,posted,Vendor invoice late
24-Feb-26,R&D,Payroll - eng,Payroll,"9,915",ERP,TBD,accrual,
04 Feb-26,Services,Support tools,Zendesk / Gainsight,"9,682",Pos,finance ops,needs mapping,
28 Jun-26,Services,Support tools,Zendesk / Gainsight,"9,288",manual Entry,finance ops,Posted,One-off item
24-Jul-25,Marketing,Paid media,Google / LinkedIn,"6,975",Check,M. Chen,needs mapping,Timing issue
2026-05-28,R&D,Cloud hosting,AWS / Datadog,"2,048",Check,Alex - FP&A,accrual,Timing issue
13 Mar-25,Revenue,Subscr. revenue,Retail Customer,"4,391",Check,TBD,late invoice,Timing issue
2026-05-28,G&A,Legal fees,Europa Law firm,"1,910",Pos,,Posted,Ask owner
04/27/25,Marketing,Google Ads,Google / LinkedIn,"1,832",ERP,Erik,manual adj,One-off item
2025-09-07,G&A,Office rent,Landlord,"8,417",Pos,,late invoice,Map to GL 6100
07 Mar-25,Services,Support tools,Zendesk / Gainsight,"4,710",Pos,Alex - FP&A,accrual,Ask owner
03-Jul-25,G&A,Accounting fees,Brandon,"5,453",Pos,finance ops,,
2025-02-02,Marketing,Customer appr.,Soccer Ticket,"1,585",manual Entry,TBD,posted,Vendor invoice late
29-Mar-26,G&A,Legal fees,Europa Law firm,"5,452",Pos,TBD,Posted,Check sign
26-Feb-25,Marketing,Google Ads,Google / LinkedIn,"(8,744)",manual Entry,Erik,posted,One-off item
08/28/25,Sales,Payroll - sales,Payroll,728,Check,M. Chen,posted,Check sign
2025-02-02,Services,Support tools,Zendesk / Gainsight,"(3,646)",Check,M. Chen,,Ask owner
09/30/25,Mktg,Events & webinars,Various,"7,885",Check,Andres,Posted,
27-Jan-25,Services,Prof services,Implementation clients,"9,628",cash,Alex - FP&A,accrual,Vendor invoice late
24 Sep-25,R&D,Payroll - eng,Payroll,"9,724",manual Entry,Andres,Posted,Check sign
05-May-25,Sales,CRM / RevOps tools,Salesforce / Outreach,"2,940",ERP,Alex - FP&A,needs mapping,Vendor invoice late
26 Feb-26,Mktg,Customer appr.,Amazon gift c.,"3,169",Pos,Andres,posted,
2025-08-08,G&A,Legal fees,Europa Law firm,"4,943",Pos,finance ops,manual adj,Vendor invoice late
03/10/25,Services,Prof services,Implementation clients,"(7,299)",ERP,M. Chen,manual adj,Vendor invoice late
10 May-26,COGS,Materials,Walmart,"6,153",cash,Alex - FP&A,posted,Check sign
2025-01-16,Revenue,Product sales,Retail Customer,"(9,355)",cash,finance ops,late invoice,Map to GL 6100
16 Nov-25,COGS,Payroll - eng,Payroll,"(9,660)",ERP,Andres,Posted,Vendor invoice late
01/02/25,G&A,Accounting fees,Brandon,"3,498",manual Entry,finance ops,late invoice,One-off item
09/30/25,Services,Support tools,Zendesk / Gainsight,"2,749",manual Entry,Andres,manual adj,Check sign
02-Oct-25,Marketing,Customer appr.,Amazon gift c.,"8,914",cash,M. Chen,,Vendor invoice late
30 Mar-25,G&A,Office rent,Landlord,"6,819",Check,Andres,late invoice,Check sign
09 Apr-26,Mktg,Paid media,Google / LinkedIn,"4,966",cash,,accrual,
23-Apr-26,Marketing,Google Ads,Google / LinkedIn,"2,276",cash,Andres,manual adj,
27 May-25,Marketing,Paid media,Google / LinkedIn,"(3,632)",manual Entry,finance ops,posted,One-off item
2025-10-26,Services,Prof services,Implementation clients,"(3,746)",Check,M. Chen,posted,Timing issue
29-Jul-25,Marketing,Paid media,Google / LinkedIn,"3,332",manual Entry,Alex - FP&A,,
30-May-25,Services,Prof services,Implementation clients,"6,706",cash,Erik,Posted,
02/23/25,Mktg,Paid media,Google / LinkedIn,"3,109",Pos,Alex - FP&A,posted,Map to GL 6100
12/23/25,R&D,AI automation,n8n,"9,237",ERP,,manual adj,Map to GL 6100
20 Jul-25,Revenue,Service,Corp. clients,"3,012",manual Entry,Andres,accrual,Check sign
02-Oct-25,G&A,Office rent,Landlord,120,Check,Alex - FP&A,,One-off item
29 Jun-26,Mktg,Events & webinars,Various,"3,662",manual Entry,finance ops,manual adj,Vendor invoice late
25 Oct-25,Services,Support tools,Zendesk / Gainsight,"1,475",ERP,,manual adj,Ask owner
03/22/25,R&D,Payroll - eng,Payroll,162,ERP,finance ops,needs mapping,Map to GL 6100
30 Mar-25,Mktg,Customer appr.,Amazon gift c.,"1,821",cash,Andres,,Timing issue
2025-02-02,Sales,CRM / RevOps tools,Salesforce / Outreach,"1,716",manual Entry,Andres,manual adj,One-off item
07 Jul-25,Revenue,Product sales,Retail Customer,"(2,079)",Check,M. Chen,posted,Timing issue
03/25/25,Mktg,Customer appr.,Amazon gift c.,"2,511",ERP,,,Map to GL 6100
2026-03-25,Mktg,Customer appr.,Amazon gift c.,"4,742",ERP,,manual adj,
17 May-25,G&A,Accounting fees,Brandon,"4,540",cash,Erik,posted,One-off item
2025-12-06,COGS,Materials,Johnsons Supply,"8,528",Pos,M. Chen,manual adj,
2026-03-21,Mktg,Customer appr.,Gift hamper,"1,853",ERP,TBD,,Vendor invoice late
22 Mar-26,Sales,Payroll - sales,Payroll,"3,981",cash,,posted,Vendor invoice late
30 May-26,Marketing,Google Ads,Google / LinkedIn,"2,397",manual Entry,Alex - FP&A,manual adj,One-off item
19 Jun-25,Mktg,Paid media,Google / LinkedIn,507,cash,Erik,,Check sign
2026-02-14,Services,Support tools,Zendesk / Gainsight,"3,468",ERP,Alex - FP&A,,Check sign
02-Mar-25,R&D,Payroll - eng,Payroll,"8,567",cash,Alex - FP&A,,Timing issue
25-Dec-25,G&A,Office rent,Landlord,"(9,495)",cash,Alex - FP&A,posted,Timing issue
2025-08-08,COGS,Materials,Home Depot,"8,070",Pos,finance ops,late invoice,Timing issue
2025-05-16,Services,Support tools,Zendesk / Gainsight,"6,489",cash,Andres,posted,Check sign
2025-05-19,G&A,Office rent,Landlord,"7,143",cash,Alex - FP&A,Posted,Timing issue
25-Dec-25,Sales,Sales commission,Payroll,"6,371",manual Entry,,manual adj,Check sign
01/05/25,G&A,Accounting fees,Brandon,"(9,554)",ERP,M. Chen,posted,Timing issue
03-Jul-25,G&A,Office rent,Landlord,"4,189",Pos,finance ops,,Map to GL 6100
06/13/26,Marketing,Events & webinars,Various,"5,967",ERP,Andres,Posted,Ask owner
05/29/25,G&A,Legal fees,Buchalter,"4,875",cash,finance ops,needs mapping,Timing issue
04/27/25,COGS,Cloud hosting,AWS / Datadog,777,manual Entry,Erik,,Map to GL 6100
2026-05-01,Marketing,Paid media,Google / LinkedIn,"1,911",manual Entry,M. Chen,Posted,Check sign
03 Apr-26,COGS,Payroll - eng,Payroll,"7,645",ERP,TBD,posted,Check sign
18-Jun-26,Revenue,Product sales,Corp. clients,"5,602",manual Entry,Andres,Posted,Vendor invoice late
2025-07-13,Sales,Sales commission,Payroll,"1,992",Check,Erik,manual adj,Map to GL 6100
2025-01-23,COGS,Cloud hosting,AWS / Datadog,"6,969",Pos,Andres,accrual,Vendor invoice late
17 May-25,Marketing,Events & webinars,Various,"2,944",Pos,TBD,,Vendor invoice late
23-Feb-26,R&D,Cloud hosting,AWS / Datadog,"(7,144)",manual Entry,Alex - FP&A,,Timing issue
03-Jul-25,Services,Prof services,Implementation clients,"2,700",Pos,Alex - FP&A,manual adj,Timing issue
05/13/26,Revenue,Service,Retail Customer,"8,572",Check,Alex - FP&A,,One-off item
2026-06-11,R&D,Payroll - eng,Payroll,"9,167",Check,finance ops,manual adj,Vendor invoice late
08/27/25,R&D,Cloud hosting,AWS / Datadog,"1,089",ERP,TBD,Posted,Vendor invoice late
02 Mar-26,COGS,Cloud hosting,AWS / Datadog,"5,545",Pos,finance ops,,Check sign
04 Jul-25,COGS,Cloud hosting,AWS / Datadog,"5,102",manual Entry,Alex - FP&A,manual adj,
07 Mar-25,Revenue,Service,Corp. clients,"3,350",Pos,finance ops,needs mapping,
29-Nov-25,Revenue,Revenue,Corp. clients,"4,431",cash,,needs mapping,
07/15/25,Sales,Payroll - sales,Payroll,"8,921",Pos,,accrual,Vendor invoice late
22-Apr-26,Mktg,Customer appr.,Amazon gift c.,"8,109",Pos,,accrual,Timing issue
11 May-25,Revenue,Service,Retail Customer,"6,052",ERP,,manual adj,One-off item
2025-11-19,Sales,Payroll - sales,Payroll,"1,980",Pos,,posted,Check sign
09/05/25,Marketing,Customer appr.,Soccer Ticket,"1,888",cash,Alex - FP&A,,Ask owner
18 Oct-25,Services,Prof services,Implementation clients,"1,509",ERP,M. Chen,needs mapping,Timing issue
07/12/26,COGS,Materials,Walmart,"8,322",manual Entry,Erik,,Vendor invoice late
10 Oct-25,Services,Prof services,Implementation clients,"3,472",manual Entry,,posted,Vendor invoice late
2025-01-15,COGS,Materials,Johnsons Supply,"9,940",cash,Andres,needs mapping,Map to GL 6100
08/30/25,Services,Prof services,Implementation clients,"3,268",ERP,TBD,Posted,One-off item
2025-04-10,Mktg,Customer appr.,Gift hamper,"3,071",cash,M. Chen,manual adj,Timing issue
16 Mar-25,COGS,Materials,Home Depot,762,Check,Andres,late invoice,Vendor invoice late
2026-06-16,Revenue,Revenue,Corp. clients,248,Check,Andres,accrual,Map to GL 6100
11/26/25,G&A,Office rent,Landlord,"5,838",manual Entry,Andres,needs mapping,
2026-03-06,Mktg,Events & webinars,Various,"4,706",Pos,Andres,Posted,One-off item
25 Oct-25,G&A,Accounting fees,Brandon,"2,154",cash,Andres,posted,Check sign
03 Feb-25,Revenue,Service,Corp. clients,951,cash,Alex - FP&A,late invoice,Map to GL 6100
2025-09-07,Marketing,Events & webinars,Various,"(7,967)",Pos,M. Chen,manual adj,One-off item
03 Feb-25,Marketing,Paid media,Google / LinkedIn,"4,897",cash,M. Chen,,Timing issue
16 Nov-25,Marketing,Customer appr.,Gift hamper,"6,941",cash,Andres,accrual,One-off item
05/28/25,Revenue,Revenue,Corp. clients,"(5,181)",Pos,Erik,accrual,Ask owner
03-Dec-25,R&D,AI automation,n8n,(578),Check,Alex - FP&A,late invoice,Vendor invoice late
2026-04-10,G&A,Accounting fees,Brandon,"(8,507)",cash,Alex - FP&A,Posted,Timing issue
27-Jan-25,Marketing,Customer appr.,Soccer Ticket,"2,012",ERP,TBD,accrual,Vendor invoice late
09 Apr-26,Sales,CRM / RevOps tools,Salesforce / Outreach,"4,581",ERP,Erik,posted,
2026-05-01,COGS,Payroll - eng,Payroll,(356),manual Entry,M. Chen,needs mapping,
03 Mar-26,R&D,Payroll - eng,Payroll,"8,572",ERP,M. Chen,posted,Map to GL 6100
18 Jan-26,COGS,Payroll - eng,Payroll,"2,693",Pos,M. Chen,accrual,Timing issue
21 Dec-25,COGS,Cloud hosting,AWS / Datadog,"1,196",ERP,Erik,,Timing issue
06/23/25,R&D,Cloud hosting,AWS / Datadog,"5,485",Pos,,manual adj,
11/12/25,COGS,Payroll - eng,Payroll,"6,952",manual Entry,M. Chen,needs mapping,One-off item
07 Oct-25,G&A,Accounting fees,Jason CPA,"5,335",cash,Andres,Posted,One-off item
05/21/25,COGS,Materials,Home Depot,"3,829",cash,,late invoice,Check sign
10 Jan-25,G&A,Legal fees,Europa Law firm,252,ERP,,manual adj,Map to GL 6100
10 Dec-25,COGS,Cloud hosting,AWS / Datadog,"(1,132)",Check,,accrual,Timing issue
2025-09-07,Mktg,Events & webinars,Various,"3,087",ERP,,accrual,Check sign
12 Mar-26,Sales,Sales commission,Payroll,"1,312",cash,Andres,needs mapping,Vendor invoice late
14 Aug-25,Mktg,Customer appr.,Soccer Ticket,"8,902",manual Entry,Alex - FP&A,,Vendor invoice late
07/05/26,Mktg,Events & webinars,Various,"4,731",Check,Erik,posted,Check sign
04-Jul-26,G&A,Accounting fees,Jason CPA,"7,854",cash,M. Chen,,Ask owner
09 Apr-26,COGS,Cloud hosting,AWS / Datadog,"7,938",Check,M. Chen,,Map to GL 6100
13-Sep-25,R&D,Cloud hosting,AWS / Datadog,"(5,548)",ERP,Andres,Posted,Timing issue
04-Oct-25,G&A,Office rent,Landlord,"(8,858)",manual Entry,Andres,manual adj,Ask owner
11-Mar-25,Revenue,Product sales,Retail Customer,"8,511",cash,finance ops,,Check sign
2025-02-09,COGS,Cloud hosting,AWS / Datadog,"1,476",Pos,TBD,late invoice,Timing issue
12-Apr-25,Sales,Payroll - sales,Payroll,"3,530",cash,Alex - FP&A,needs mapping,Check sign
05/08/26,Revenue,Service,Corp. clients,"9,340",Pos,TBD,Posted,Timing issue
2025-12-09,R&D,Payroll - eng,Payroll,"7,468",manual Entry,finance ops,Posted,Vendor invoice late
2025-11-07,Revenue,Service,Retail Customer,"1,789",cash,M. Chen,needs mapping,Timing issue
2025-05-22,Services,Support tools,Zendesk / Gainsight,691,Check,TBD,needs mapping,Map to GL 6100
01/24/26,Marketing,Events & webinars,Various,"2,704",Check,finance ops,needs mapping,Ask owner
28-Jul-25,Revenue,Revenue,Retail Customer,"3,262",ERP,Alex - FP&A,late invoice,Ask owner
24 Jan-25,G&A,Office rent,Landlord,"(4,264)",manual Entry,TBD,needs mapping,One-off item
2025-07-19,R&D,Payroll - eng,Payroll,"9,409",Check,Erik,needs mapping,Vendor invoice late
04/25/26,R&D,Cloud hosting,AWS / Datadog,"8,629",Check,,accrual,One-off item
02/16/26,Revenue,Service,Corp. clients,"5,580",Pos,Andres,late invoice,Map to GL 6100
12 May-25,COGS,Cloud hosting,AWS / Datadog,"4,002",Check,TBD,accrual,Check sign
2025-06-14,Sales,Payroll - sales,Payroll,"4,437",manual Entry,Alex - FP&A,needs mapping,One-off item
02 Jul-25,Services,Prof services,Implementation clients,"5,390",ERP,Andres,accrual,Timing issue
09/10/25,COGS,Payroll - eng,Payroll,"6,010",Check,M. Chen,late invoice,
13 Aug-25,R&D,Payroll - eng,Payroll,"2,285",cash,,posted,One-off item
31-Aug-25,Revenue,Product sales,Corp. clients,"1,251",ERP,Andres,posted,Check sign
10/11/25,Mktg,Paid media,Google / LinkedIn,"9,787",Check,Erik,posted,
06/01/25,G&A,Legal fees,Europa Law firm,"1,171",ERP,Andres,,Vendor invoice late
2025-04-02,Marketing,Paid media,Google / LinkedIn,"(4,510)",Check,TBD,late invoice,Ask owner
03/30/26,G&A,Office rent,Landlord,"1,181",Check,,needs mapping,Vendor invoice late
07/11/26,Revenue,Product sales,Retail Customer,"9,763",Check,Andres,posted,
06-Jun-26,G&A,Office rent,Landlord,"3,320",Pos,Alex - FP&A,posted,Vendor invoice late
12/13/25,R&D,Payroll - eng,Payroll,756,cash,,accrual,Timing issue
2025-07-19,COGS,Materials,Johnsons Supply,"2,556",manual Entry,TBD,accrual,One-off item
2025-08-16,R&D,Payroll - eng,Payroll,"4,655",Check,Andres,posted,Map to GL 6100
21 Dec-25,Services,Prof services,Implementation clients,"7,841",cash,,needs mapping,Ask owner
02-Aug-25,Revenue,Service,Retail Customer,"1,399",ERP,Andres,manual adj,Ask owner
18-Mar-26,Sales,Payroll - sales,Payroll,"7,363",cash,,manual adj,
02-Jun-25,Sales,Payroll - sales,Payroll,"2,703",cash,M. Chen,manual adj,One-off item
31-Mar-25,Services,Prof services,Implementation clients,"7,710",ERP,Alex - FP&A,manual adj,One-off item
26 Sep-25,Sales,Sales commission,Payroll,"1,589",ERP,Andres,manual adj,Vendor invoice late
08-May-25,R&D,AI automation,n8n,"8,611",ERP,Alex - FP&A,late invoice,Check sign
24 Sep-25,R&D,Payroll - eng,Payroll,"2,168",ERP,finance ops,,Timing issue
09/05/25,Marketing,Google Ads,Google / LinkedIn,"(2,150)",Pos,TBD,Posted,Check sign
03/25/25,Sales,Payroll - sales,Payroll,551,cash,finance ops,needs mapping,One-off item
05/21/25,R&D,Cloud hosting,AWS / Datadog,"(4,657)",Pos,Erik,,Map to GL 6100
2025-08-16,Services,Support tools,Zendesk / Gainsight,"3,956",cash,,,Check sign
05/14/25,Marketing,Paid media,Google / LinkedIn,"6,103",Check,TBD,posted,Vendor invoice late
03 Feb-25,Services,Prof services,Implementation clients,"2,180",manual Entry,Andres,manual adj,
01-May-25,COGS,Materials,Johnsons Supply,"1,637",cash,M. Chen,,Vendor invoice late
08-May-25,COGS,Cloud hosting,AWS / Datadog,"(7,288)",ERP,Alex - FP&A,needs mapping,Timing issue
31-Aug-25,G&A,Office rent,Landlord,"9,321",Check,Alex - FP&A,accrual,Ask owner
12 Mar-26,R&D,AI automation,n8n,"7,636",Check,finance ops,Posted,
02/16/26,Sales,Payroll - sales,Payroll,"8,534",manual Entry,Andres,needs mapping,Ask owner
03 Jan-26,Services,Prof services,Implementation clients,"1,530",Check,M. Chen,,Check sign
01 Dec-25,Marketing,Paid media,Google / LinkedIn,"2,116",Pos,Erik,,Vendor invoice late
04/20/25,R&D,Cloud hosting,AWS / Datadog,"5,489",ERP,finance ops,late invoice,Check sign
03/30/26,Revenue,Product sales,Corp. clients,"2,744",manual Entry,M. Chen,posted,Ask owner
19 Feb-25,G&A,Legal fees,Europa Law firm,"9,073",Pos,Erik,needs mapping,Check sign
25-Jan-26,Marketing,Customer appr.,Gift hamper,"4,626",manual Entry,Andres,,One-off item
18 Jan-25,Sales,CRM / RevOps tools,Salesforce / Outreach,883,Check,M. Chen,needs mapping,
12 Jan-25,Revenue,Revenue,Retail Customer,"(9,366)",manual Entry,Erik,posted,One-off item
03/25/25,Mktg,Paid media,Google / LinkedIn,"7,625",ERP,Andres,accrual,Vendor invoice late
2025-07-26,R&D,Cloud hosting,AWS / Datadog,"9,086",ERP,M. Chen,Posted,Ask owner
08-Sep-25,R&D,AI automation,n8n,"5,393",ERP,Andres,posted,Vendor invoice late
24 Apr-26,Sales,CRM / RevOps tools,Salesforce / Outreach,"(5,517)",cash,M. Chen,late invoice,Check sign
11-Jan-26,COGS,Cloud hosting,AWS / Datadog,210,Check,Andres,accrual,One-off item
10 Nov-25,COGS,Cloud hosting,AWS / Datadog,"6,524",Pos,Erik,manual adj,
23-Sep-25,COGS,Payroll - eng,Payroll,"5,441",Check,Erik,posted,Vendor invoice late
05-Jun-25,Marketing,Events & webinars,Various,"6,924",cash,,,Map to GL 6100
04 Mar-25,COGS,Materials,Walmart,"1,027",Pos,,needs mapping,
02-Mar-25,Marketing,Customer appr.,Soccer Ticket,"5,016",manual Entry,TBD,,Timing issue
02-Oct-25,Revenue,Product sales,Corp. clients,"(2,565)",Pos,Alex - FP&A,late invoice,One-off item
12 May-25,COGS,Materials,Johnsons Supply,"6,606",ERP,finance ops,accrual,Vendor invoice late
26 Sep-25,Mktg,Paid media,Google / LinkedIn,"(3,860)",manual Entry,M. Chen,late invoice,Timing issue
04-May-26,Sales,Sales commission,Payroll,"6,820",cash,TBD,accrual,Ask owner
2025-03-19,Revenue,Service,Retail Customer,"7,592",Pos,Andres,needs mapping,Check sign
25-Jun-26,Services,Prof services,Implementation clients,"1,734",cash,,manual adj,Vendor invoice late
2025-01-23,Revenue,Product sales,Retail Customer,"8,842",Check,TBD,late invoice,Map to GL 6100
18 Oct-25,G&A,Accounting fees,Jason CPA,"3,751",Check,Andres,accrual,Check sign
2025-09-16,COGS,Materials,Johnsons Supply,"7,827",cash,,late invoice,Timing issue
11/11/25,G&A,Accounting fees,Jason CPA,"4,333",ERP,,needs mapping,Timing issue
01/22/25,Marketing,Events & webinars,Various,"6,182",ERP,,posted,Vendor invoice late
2025-06-29,Marketing,Google Ads,Google / LinkedIn,"9,243",ERP,Andres,posted,Timing issue
11/11/25,Marketing,Paid media,Google / LinkedIn,"2,268",Pos,Andres,posted,Vendor invoice late
2026-01-17,Sales,Payroll - sales,Payroll,"8,093",manual Entry,Andres,Posted,Map to GL 6100
2025-04-08,Services,Prof services,Implementation clients,749,Check,Alex - FP&A,needs mapping,Map to GL 6100
12/02/25,G&A,Accounting fees,Brandon,"3,985",Check,Andres,Posted,
30 May-26,Mktg,Paid media,Google / LinkedIn,"6,358",Check,Andres,late invoice,
28-Mar-25,Mktg,Paid media,Google / LinkedIn,(912),ERP,M. Chen,posted,Map to GL 6100
13 Aug-25,Marketing,Google Ads,Google / LinkedIn,"9,260",Pos,Alex - FP&A,late invoice,Map to GL 6100
2025-10-15,Marketing,Events & webinars,Various,"8,423",Check,,manual adj,One-off item
24 Jan-25,COGS,Payroll - eng,Payroll,"2,347",Check,Erik,accrual,One-off item
2025-11-18,Marketing,Customer appr.,Amazon gift c.,"3,155",Check,Alex - FP&A,Posted,Timing issue
04 Jul-25,COGS,Materials,Walmart,"5,040",manual Entry,finance ops,needs mapping,Vendor invoice late
27-Mar-26,Services,Prof services,Implementation clients,"(5,490)",manual Entry,M. Chen,manual adj,
06/10/26,Revenue,Subscr. revenue,Retail Customer,"8,217",manual Entry,M. Chen,,
2025-09-01,R&D,Cloud hosting,AWS / Datadog,"9,664",cash,,needs mapping,One-off item
04/25/26,COGS,Payroll - eng,Payroll,"1,349",manual Entry,Erik,manual adj,
22 Oct-25,Marketing,Events & webinars,Various,"(8,896)",cash,,accrual,Ask owner
09/05/25,Mktg,Customer appr.,Gift hamper,"(3,325)",ERP,Andres,Posted,Vendor invoice late
2026-05-21,Sales,Sales commission,Payroll,"6,574",Pos,finance ops,manual adj,
08-Nov-25,Revenue,Product sales,Corp. clients,"4,581",manual Entry,M. Chen,posted,Timing issue
01-May-25,Services,Support tools,Zendesk / Gainsight,"9,973",cash,finance ops,accrual,Vendor invoice late
2026-02-14,Services,Support tools,Zendesk / Gainsight,"9,523",Pos,M. Chen,late invoice,
2025-07-13,G&A,Legal fees,Buchalter,"7,425",ERP,,posted,One-off item
11-Sep-25,Services,Prof services,Implementation clients,"6,619",Check,Alex - FP&A,Posted,Check sign
07 Jul-25,Revenue,Revenue,Corp. clients,"1,008",cash,TBD,accrual,One-off item
19 Feb-25,Services,Support tools,Zendesk / Gainsight,"9,947",cash,TBD,needs mapping,
02-Aug-25,Sales,CRM / RevOps tools,Salesforce / Outreach,"(8,929)",Pos,M. Chen,needs mapping,
09/30/25,Mktg,Customer appr.,Gift hamper,894,Pos,Alex - FP&A,accrual,
2025-06-08,G&A,Legal fees,Europa Law firm,"6,241",Pos,finance ops,accrual,
10/17/25,Mktg,Customer appr.,Amazon gift c.,"9,798",manual Entry,TBD,accrual,Ask owner
06/13/26,Services,Support tools,Zendesk / Gainsight,"2,167",manual Entry,Erik,manual adj,
24-Jul-25,Services,Prof services,Implementation clients,"3,642",cash,finance ops,late invoice,
07/05/26,G&A,Office rent,Landlord,"4,926",manual Entry,finance ops,accrual,Timing issue
2025-11-30,R&D,Cloud hosting,AWS / Datadog,"1,521",Check,Alex - FP&A,,
2025-11-14,Sales,Payroll - sales,Payroll,"1,120",ERP,finance ops,manual adj,Ask owner
2025-03-19,G&A,Legal fees,Europa Law firm,"7,696",Check,,late invoice,
2026-03-21,Marketing,Paid media,Google / LinkedIn,"2,152",cash,Erik,needs mapping,Map to GL 6100
04 Apr-26,G&A,Accounting fees,Brandon,"8,333",ERP,Andres,manual adj,Ask owner
03 May-25,Revenue,Service,Retail Customer,"7,249",Pos,Andres,accrual,
2026-01-09,Revenue,Revenue,Retail Customer,218,Check,,accrual,Vendor invoice late
07/05/26,Sales,Sales commission,Payroll,"8,609",manual Entry,Alex - FP&A,manual adj,Map to GL 6100
2025-12-29,R&D,Cloud hosting,AWS / Datadog,"6,762",Pos,finance ops,Posted,
29 Oct-25,Services,Support tools,Zendesk / Gainsight,"6,868",manual Entry,Andres,needs mapping,Vendor invoice late
23-Mar-26,Services,Prof services,Implementation clients,"5,797",Pos,Andres,Posted,Ask owner
03/12/25,Mktg,Events & webinars,Various,"8,965",cash,M. Chen,needs mapping,Check sign
12 Mar-26,Mktg,Paid media,Google / LinkedIn,"(5,309)",ERP,,late invoice,Timing issue
01/27/26,G&A,Accounting fees,Brandon,134,Pos,finance ops,,
07/05/26,COGS,Payroll - eng,Payroll,"1,153",cash,Erik,manual adj,Check sign
24 Apr-26,COGS,Materials,Walmart,"7,964",cash,finance ops,accrual,Vendor invoice late
18 Oct-25,COGS,Cloud hosting,AWS / Datadog,"7,119",manual Entry,M. Chen,late invoice,Ask owner
05/29/26,Services,Support tools,Zendesk / Gainsight,"2,238",cash,M. Chen,late invoice,Map to GL 6100
2025-12-31,Revenue,Subscr. revenue,Corp. clients,"7,260",Pos,,late invoice,Vendor invoice late
06-Jun-26,Sales,Sales commission,Payroll,(527),ERP,finance ops,,Map to GL 6100
01/02/26,Mktg,Paid media,Google / LinkedIn,"2,882",ERP,Alex - FP&A,late invoice,Vendor invoice late
08-Dec-25,R&D,AI automation,n8n,169,Check,Andres,manual adj,One-off item
01/02/26,Marketing,Paid media,Google / LinkedIn,"5,441",Pos,finance ops,,Check sign
18 Aug-25,Revenue,Revenue,Retail Customer,"2,152",manual Entry,,,Ask owner
2025-03-19,G&A,Accounting fees,Brandon,"5,886",Pos,Andres,late invoice,Map to GL 6100
01-Apr-25,Mktg,Customer appr.,Gift hamper,"6,435",manual Entry,Andres,manual adj,Vendor invoice late
2025-07-06,G&A,Accounting fees,Brandon,"(8,942)",Check,finance ops,,Check sign
02 Jul-25,Mktg,Paid media,Google / LinkedIn,"(8,640)",ERP,Erik,Posted,
04 Sep-25,COGS,Cloud hosting,AWS / Datadog,504,Check,Alex - FP&A,manual adj,Ask owner
12/02/25,R&D,Cloud hosting,AWS / Datadog,876,Check,M. Chen,needs mapping,Timing issue
28 Jun-26,R&D,Cloud hosting,AWS / Datadog,"(8,223)",manual Entry,,posted,One-off item
04 Feb-26,Mktg,Customer appr.,Amazon gift c.,"1,448",Pos,,posted,
10 Dec-25,G&A,Legal fees,Europa Law firm,"4,168",Check,Erik,needs mapping,
05/06/26,Revenue,Revenue,Retail Customer,"8,418",ERP,Erik,posted,One-off item
07/11/26,Revenue,Subscr. revenue,Retail Customer,(845),ERP,M. Chen,,One-off item
07 Apr-26,Revenue,Subscr. revenue,Corp. clients,"8,956",ERP,Erik,posted,One-off item
26-Feb-25,Revenue,Product sales,Retail Customer,"4,749",Check,Alex - FP&A,Posted,Ask owner
21-Jul-25,COGS,Materials,Johnsons Supply,"6,007",Pos,Andres,late invoice,Vendor invoice late
2025-11-14,G&A,Office rent,Landlord,"7,766",ERP,Andres,Posted,
04/17/25,Marketing,Customer appr.,Gift hamper,451,manual Entry,finance ops,late invoice,Map to GL 6100
16-May-26,Mktg,Events & webinars,Various,"6,296",Check,,posted,Vendor invoice late
2026-07-02,Mktg,Customer appr.,Gift hamper,"8,101",cash,Alex - FP&A,Posted,Vendor invoice late
14-Oct-25,Marketing,Paid media,Google / LinkedIn,"3,731",Check,M. Chen,posted,One-off item
2025-12-09,Services,Prof services,Implementation clients,"9,296",Check,finance ops,posted,Vendor invoice late
12/07/25,G&A,Legal fees,Europa Law firm,86,ERP,M. Chen,posted,Ask owner
02-Oct-25,COGS,Payroll - eng,Payroll,325,Check,Alex - FP&A,manual adj,
17 May-25,Revenue,Subscr. revenue,Corp. clients,"5,147",cash,finance ops,,One-off item
16 Apr-26,COGS,Cloud hosting,AWS / Datadog,"6,936",manual Entry,Erik,late invoice,Map to GL 6100
24 Apr-26,Mktg,Customer appr.,Gift hamper,"3,498",ERP,Andres,late invoice,Ask owner
13 Mar-25,Services,Prof services,Implementation clients,"1,865",manual Entry,finance ops,Posted,
22-Apr-26,Sales,CRM / RevOps tools,Salesforce / Outreach,"5,284",Pos,TBD,manual adj,Check sign
09 Nov-25,Services,Support tools,Zendesk / Gainsight,"2,542",Pos,,posted,Ask owner
08 Jan-26,R&D,Payroll - eng,Payroll,"8,708",ERP,TBD,accrual,Map to GL 6100
2025-11-07,G&A,Accounting fees,Jason CPA,"8,598",Check,M. Chen,,Check sign
23-Mar-26,Sales,Sales commission,Payroll,"7,713",Check,M. Chen,Posted,One-off item
01 Dec-25,Services,Prof services,Implementation clients,"4,466",Check,M. Chen,manual adj,Ask owner
21-Apr-26,Revenue,Revenue,Corp. clients,"3,548",ERP,Alex - FP&A,Posted,Map to GL 6100
10/11/25,COGS,Payroll - eng,Payroll,"7,512",manual Entry,,late invoice,Timing issue
28-Mar-25,Marketing,Paid media,Google / LinkedIn,"3,671",Check,TBD,Posted,Map to GL 6100
2025-08-23,G&A,Office rent,Landlord,"3,115",Check,Andres,,Ask owner
10 Mar-26,Sales,CRM / RevOps tools,Salesforce / Outreach,"3,656",Check,M. Chen,,One-off item
2025-02-14,Marketing,Paid media,Google / LinkedIn,"6,272",cash,M. Chen,late invoice,Timing issue
25-May-26,COGS,Materials,Electric house,"(10,000)",Pos,Andres,posted,Timing issue
05/28/25,COGS,Cloud hosting,AWS / Datadog,"4,107",ERP,Andres,late invoice,Timing issue
18 Aug-25,Revenue,Revenue,Corp. clients,781,Pos,Erik,posted,Timing issue
03-Jul-25,Sales,CRM / RevOps tools,Salesforce / Outreach,"(9,827)",Check,Alex - FP&A,late invoice,Check sign
15-Sep-25,Marketing,Paid media,Google / LinkedIn,53,manual Entry,Erik,Posted,Timing issue
12/13/25,Sales,CRM / RevOps tools,Salesforce / Outreach,"8,286",cash,Erik,late invoice,
24-Apr-25,G&A,Legal fees,Buchalter,209,Check,Andres,posted,Ask owner
12-Apr-25,Services,Prof services,Implementation clients,"7,231",Pos,Alex - FP&A,late invoice,
2026-04-18,Revenue,Subscr. revenue,Retail Customer,"3,590",Pos,Andres,manual adj,Map to GL 6100
15 Jan-26,COGS,Cloud hosting,AWS / Datadog,"8,937",cash,M. Chen,posted,Vendor invoice late
01-Apr-25,R&D,AI automation,n8n,"5,581",Pos,finance ops,,Timing issue
16-May-26,R&D,Cloud hosting,AWS / Datadog,760,ERP,finance ops,Posted,Timing issue
07 Jul-25,Marketing,Customer appr.,Amazon gift c.,"8,359",manual Entry,TBD,manual adj,
2025-12-20,Revenue,Product sales,Corp. clients,"9,608",cash,Alex - FP&A,,Ask owner
04/03/25,Sales,CRM / RevOps tools,Salesforce / Outreach,666,Pos,TBD,manual adj,Ask owner
2025-10-08,R&D,AI automation,n8n,"4,008",ERP,Erik,accrual,Ask owner
08/30/25,Marketing,Customer appr.,Gift hamper,"2,733",ERP,Andres,posted,Timing issue
2026-01-04,G&A,Office rent,Landlord,"(8,179)",ERP,TBD,posted,Ask owner
03/30/26,G&A,Legal fees,Europa Law firm,"6,565",Check,,,
2025-04-02,Services,Support tools,Zendesk / Gainsight,"9,434",Check,Erik,late invoice,One-off item
07/12/26,Revenue,Revenue,Retail Customer,"6,910",Pos,Alex - FP&A,needs mapping,Vendor invoice late
21-Jun-26,Services,Support tools,Zendesk / Gainsight,"8,913",manual Entry,finance ops,accrual,Timing issue
18 Oct-25,G&A,Accounting fees,Brandon,"1,822",manual Entry,Erik,needs mapping,Ask owner
05/29/25,COGS,Materials,Home Depot,"3,622",manual Entry,M. Chen,needs mapping,Vendor invoice late
12-Apr-25,R&D,Cloud hosting,AWS / Datadog,"2,446",cash,M. Chen,accrual,One-off item
02/12/25,Services,Support tools,Zendesk / Gainsight,"6,883",Check,Erik,posted,Ask owner
2026-02-14,R&D,AI automation,n8n,"5,945",Check,,accrual,Timing issue
02 Apr-26,G&A,Office rent,Landlord,"9,855",ERP,finance ops,Posted,Check sign
17 May-25,Sales,Sales commission,Payroll,"6,913",cash,,accrual,Timing issue
26-Feb-25,Services,Support tools,Zendesk / Gainsight,"3,877",cash,,manual adj,
20 Feb-26,R&D,Payroll - eng,Payroll,383,Check,finance ops,,Ask owner
30-Jun-25,Revenue,Revenue,Corp. clients,(49),Check,M. Chen,manual adj,Map to GL 6100
02 Mar-26,Marketing,Events & webinars,Various,485,manual Entry,,manual adj,Check sign
05/03/26,G&A,Legal fees,Europa Law firm,"2,143",Pos,Andres,Posted,One-off item
03/25/25,Revenue,Product sales,Corp. clients,928,Check,finance ops,needs mapping,
09/05/25,Mktg,Events & webinars,Various,"3,582",ERP,finance ops,late invoice,One-off item
2025-11-14,Sales,CRM / RevOps tools,Salesforce / Outreach,"2,773",Check,Andres,needs mapping,Timing issue
11-Sep-25,G&A,Accounting fees,Jason CPA,"5,293",Check,M. Chen,accrual,Check sign
02-Mar-25,Mktg,Events & webinars,Various,"1,574",Pos,M. Chen,accrual,Check sign
01/26/26,G&A,Legal fees,Buchalter,"(1,342)",Pos,finance ops,late invoice,Vendor invoice late
03-Dec-25,Marketing,Customer appr.,Soccer Ticket,"(8,074)",ERP,TBD,late invoice,Vendor invoice late
2025-07-13,Mktg,Events & webinars,Various,"3,943",ERP,Erik,posted,Vendor invoice late
20 Jun-26,COGS,Cloud hosting,AWS / Datadog,"8,048",ERP,TBD,Posted,Map to GL 6100
25 Feb-25,Mktg,Paid media,Google / LinkedIn,"2,354",Pos,Alex - FP&A,needs mapping,Check sign
02-Aug-25,R&D,AI automation,n8n,"9,319",cash,TBD,manual adj,
23 Jun-26,COGS,Cloud hosting,AWS / Datadog,"7,169",manual Entry,finance ops,,One-off item
23-Feb-26,Sales,Payroll - sales,Payroll,"1,124",ERP,Erik,needs mapping,Check sign
02-Oct-25,COGS,Materials,Johnsons Supply,"1,113",cash,Alex - FP&A,,Ask owner
2026-03-25,G&A,Office rent,Landlord,"9,154",cash,finance ops,manual adj,
2025-06-16,Marketing,Google Ads,Google / LinkedIn,"4,552",cash,,needs mapping,One-off item
07 Jul-26,COGS,Cloud hosting,AWS / Datadog,"1,547",Pos,finance ops,,
07/12/26,Mktg,Customer appr.,Amazon gift c.,"9,416",cash,Alex - FP&A,,Vendor invoice late
09/30/25,Marketing,Google Ads,Google / LinkedIn,925,ERP,finance ops,late invoice,
13-Sep-25,Services,Support tools,Zendesk / Gainsight,"1,566",Pos,Erik,manual adj,Ask owner
2025-05-19,Revenue,Subscr. revenue,Retail Customer,"1,164",Pos,Alex - FP&A,posted,Vendor invoice late
25-Jan-26,Revenue,Revenue,Corp. clients,"7,986",ERP,M. Chen,posted,Timing issue
04/17/25,R&D,AI automation,n8n,"2,662",cash,finance ops,posted,One-off item
29-Jan-26,G&A,Legal fees,Buchalter,"(9,900)",Check,Erik,late invoice,Vendor invoice late
2026-01-31,Mktg,Customer appr.,Soccer Ticket,"1,147",manual Entry,,accrual,Map to GL 6100
2026-01-31,G&A,Office rent,Landlord,"8,230",manual Entry,Alex - FP&A,Posted,
02/15/26,Mktg,Paid media,Google / LinkedIn,"3,687",Pos,Alex - FP&A,needs mapping,Timing issue
11 May-25,Sales,CRM / RevOps tools,Salesforce / Outreach,"6,178",Check,,Posted,One-off item
06 Feb-25,Sales,CRM / RevOps tools,Salesforce / Outreach,"9,458",Pos,Alex - FP&A,Posted,Vendor invoice late
2025-07-26,Marketing,Customer appr.,Amazon gift c.,"(7,179)",cash,Alex - FP&A,needs mapping,Ask owner
2025-02-09,Revenue,Subscr. revenue,Corp. clients,"7,899",Check,M. Chen,manual adj,Map to GL 6100
2025-11-23,Revenue,Service,Retail Customer,605,Pos,,needs mapping,One-off item
03/22/25,Services,Support tools,Zendesk / Gainsight,"6,160",ERP,TBD,needs mapping,One-off item
01/31/25,R&D,Payroll - eng,Payroll,"2,394",ERP,Alex - FP&A,accrual,Timing issue
29-Mar-26,Services,Prof services,Implementation clients,"6,765",Check,TBD,,Timing issue
05-Jun-25,COGS,Materials,Home Depot,"(2,956)",Check,Alex - FP&A,late invoice,Vendor invoice late
17 Sep-25,Mktg,Customer appr.,Gift hamper,"8,770",ERP,finance ops,needs mapping,Map to GL 6100
20 Feb-26,Marketing,Customer appr.,Gift hamper,"6,187",Pos,M. Chen,,Map to GL 6100
26-Jun-26,Sales,Payroll - sales,Payroll,"7,165",manual Entry,TBD,manual adj,Timing issue
05/21/25,Revenue,Subscr. revenue,Retail Customer,"7,181",Check,Andres,manual adj,Vendor invoice late
22-Apr-26,COGS,Materials,Home Depot,"6,487",ERP,Erik,late invoice,Check sign
2025-07-26,Revenue,Service,Corp. clients,172,cash,,manual adj,Ask owner
2025-07-12,Sales,Sales commission,Payroll,"(7,969)",Pos,finance ops,late invoice,Ask owner
02-Oct-25,Mktg,Customer appr.,Gift hamper,"9,702",Check,Andres,late invoice,Timing issue
2025-02-04,Revenue,Revenue,Corp. clients,"8,788",Check,Erik,Posted,One-off item
20 Jun-26,Services,Prof services,Implementation clients,"6,390",manual Entry,Andres,manual adj,Check sign
30 May-26,COGS,Cloud hosting,AWS / Datadog,"6,289",Pos,M. Chen,late invoice,
21-Apr-26,R&D,Cloud hosting,AWS / Datadog,"8,536",Pos,,needs mapping,Check sign
06-Jun-26,Revenue,Product sales,Corp. clients,"6,407",Check,Andres,,Vendor invoice late
2025-12-20,Marketing,Events & webinars,Various,"3,928",Pos,M. Chen,manual adj,One-off item
06/11/25,Marketing,Paid media,Google / LinkedIn,"6,703",Pos,Erik,posted,Map to GL 6100
10/05/25,Revenue,Service,Retail Customer,"4,598",cash,finance ops,needs mapping,Timing issue
2025-05-02,R&D,Payroll - eng,Payroll,"8,003",ERP,M. Chen,accrual,Timing issue
25 Oct-25,Services,Prof services,Implementation clients,"7,004",ERP,,needs mapping,Vendor invoice late
05/13/26,Sales,Payroll - sales,Payroll,"4,070",cash,finance ops,posted,Ask owner
05-Feb-25,Sales,Sales commission,Payroll,"(6,225)",Check,Erik,late invoice,Timing issue
10 May-26,G&A,Accounting fees,Jason CPA,"(2,980)",manual Entry,Alex - FP&A,late invoice,Map to GL 6100
03/29/25,Services,Prof services,Implementation clients,"9,757",manual Entry,TBD,needs mapping,Vendor invoice late
29-Jan-26,Mktg,Events & webinars,Various,"(6,441)",Check,Alex - FP&A,late invoice,
14 Jun-26,R&D,Cloud hosting,AWS / Datadog,"3,730",ERP,,manual adj,One-off item
2025-04-08,Revenue,Subscr. revenue,Corp. clients,"4,600",cash,,,Map to GL 6100
2025-12-20,Services,Support tools,Zendesk / Gainsight,"1,827",Check,M. Chen,posted,Timing issue
2026-01-09,R&D,Payroll - eng,Payroll,"(3,929)",ERP,TBD,posted,
03 Jul-26,Services,Support tools,Zendesk / Gainsight,"3,782",ERP,TBD,Posted,Map to GL 6100
13 Mar-25,Mktg,Customer appr.,Amazon gift c.,"3,649",Check,TBD,Posted,Timing issue
2026-02-14,Marketing,Events & webinars,Various,"2,998",manual Entry,Andres,posted,One-off item
17 Sep-25,Services,Support tools,Zendesk / Gainsight,"8,591",ERP,TBD,late invoice,Vendor invoice late
01-Apr-25,Sales,CRM / RevOps tools,Salesforce / Outreach,"2,721",cash,Alex - FP&A,,
14 Jun-26,Mktg,Paid media,Google / LinkedIn,"9,363",manual Entry,Erik,Posted,Timing issue
19 Apr-26,Marketing,Google Ads,Google / LinkedIn,"9,762",ERP,TBD,posted,One-off item
03/05/25,Services,Prof services,Implementation clients,"(4,154)",manual Entry,,,Vendor invoice late
2026-06-16,Services,Prof services,Implementation clients,"3,399",manual Entry,Andres,Posted,Vendor invoice late
2025-11-14,Sales,Payroll - sales,Payroll,"5,386",Pos,TBD,manual adj,Timing issue
05/29/25,G&A,Legal fees,Buchalter,"2,465",cash,Andres,late invoice,One-off item
10 Feb-26,COGS,Payroll - eng,Payroll,22,cash,Erik,late invoice,Check sign
08/30/25,COGS,Cloud hosting,AWS / Datadog,"9,785",Check,finance ops,,Vendor invoice late
13-Sep-25,COGS,Payroll - eng,Payroll,"3,692",cash,Erik,manual adj,
02/27/25,COGS,Materials,Electric house,"4,849",ERP,,,Vendor invoice late
08 Jan-26,Services,Support tools,Zendesk / Gainsight,"8,534",Pos,Andres,Posted,One-off item
05-May-26,G&A,Office rent,Landlord,"8,427",Check,Andres,manual adj,Vendor invoice late
21-Feb-25,Services,Prof services,Implementation clients,"3,870",Check,M. Chen,posted,Timing issue
02/21/26,Sales,Sales commission,Payroll,"(6,583)",Pos,Alex - FP&A,late invoice,Ask owner
03-Mar-25,COGS,Cloud hosting,AWS / Datadog,"3,245",Check,TBD,manual adj,One-off item
2025-02-14,Services,Support tools,Zendesk / Gainsight,"7,816",manual Entry,finance ops,,
31 May-26,Mktg,Events & webinars,Various,"2,094",Pos,M. Chen,Posted,Ask owner
03 Jan-26,Sales,CRM / RevOps tools,Salesforce / Outreach,"7,560",ERP,,late invoice,Ask owner
01 Apr-26,Revenue,Service,Retail Customer,"(3,037)",Pos,finance ops,,Vendor invoice late
12/23/25,Sales,CRM / RevOps tools,Salesforce / Outreach,"5,781",Pos,TBD,late invoice,Ask owner
06/28/25,Sales,CRM / RevOps tools,Salesforce / Outreach,"1,396",Check,Erik,needs mapping,Vendor invoice late
04/20/25,COGS,Materials,Walmart,"8,068",ERP,Erik,needs mapping,One-off item
11-Feb-25,Revenue,Revenue,Retail Customer,"6,643",manual Entry,Erik,,Timing issue
06/28/25,Revenue,Product sales,Retail Customer,397,ERP,M. Chen,needs mapping,Timing issue
15 Jan-26,Marketing,Google Ads,Google / LinkedIn,"2,304",ERP,Alex - FP&A,,Map to GL 6100
09 Jun-26,COGS,Payroll - eng,Payroll,"(1,411)",cash,Alex - FP&A,needs mapping,Ask owner
06/01/26,COGS,Payroll - eng,Payroll,"3,259",Check,Erik,,Check sign
04 Jul-25,Marketing,Customer appr.,Soccer Ticket,"8,652",Pos,M. Chen,posted,Check sign
2026-03-05,COGS,Materials,Home Depot,"(6,487)",ERP,,Posted,
05-Apr-26,Mktg,Paid media,Google / LinkedIn,"7,502",cash,finance ops,posted,Vendor invoice late
26-Feb-25,R&D,Cloud hosting,AWS / Datadog,"1,338",manual Entry,M. Chen,posted,Map to GL 6100
11/11/25,G&A,Accounting fees,Jason CPA,"8,035",Check,Erik,Posted,Ask owner
2025-06-03,Mktg,Events & webinars,Various,"9,931",manual Entry,Erik,,Vendor invoice late
06 Sep-25,Mktg,Events & webinars,Various,"4,465",Pos,Alex - FP&A,Posted,Check sign
2025-04-10,Services,Support tools,Zendesk / Gainsight,"9,039",ERP,Erik,,
17-Feb-26,Services,Prof services,Implementation clients,"4,734",Check,Erik,accrual,
2025-12-14,G&A,Office rent,Landlord,895,manual Entry,Erik,needs mapping,Timing issue
25-May-26,COGS,Materials,Walmart,"9,038",manual Entry,Alex - FP&A,manual adj,Map to GL 6100
11-Feb-25,Revenue,Revenue,Retail Customer,"2,124",ERP,Andres,late invoice,Ask owner
2026-05-01,Services,Prof services,Implementation clients,"9,263",ERP,finance ops,posted,Map to GL 6100
2025-08-29,G&A,Office rent,Landlord,"3,326",cash,M. Chen,Posted,Map to GL 6100
2025-06-08,G&A,Office rent,Landlord,"1,161",Pos,TBD,late invoice,Map to GL 6100
05/26/25,Services,Support tools,Zendesk / Gainsight,"3,664",Pos,finance ops,Posted,Ask owner
17 Mar-25,COGS,Cloud hosting,AWS / Datadog,"3,559",cash,Erik,accrual,Vendor invoice late
28-Jul-25,Sales,Sales commission,Payroll,"(9,180)",cash,finance ops,Posted,Vendor invoice late
02/01/26,Sales,Sales commission,Payroll,"1,126",cash,TBD,,
03 Sep-25,Mktg,Customer appr.,Gift hamper,"(8,692)",ERP,,accrual,Ask owner
15-Apr-25,Marketing,Customer appr.,Amazon gift c.,"(1,925)",Pos,,accrual,Ask owner
31-Mar-25,Revenue,Revenue,Corp. clients,"(2,926)",Check,,Posted,Timing issue
06/01/25,Revenue,Service,Retail Customer,"1,617",manual Entry,Alex - FP&A,late invoice,Timing issue
2025-11-27,Marketing,Paid media,Google / LinkedIn,"7,445",cash,Andres,late invoice,Vendor invoice late
2025-05-16,G&A,Office rent,Landlord,(794),cash,finance ops,posted,Ask owner
21-Jun-26,R&D,AI automation,n8n,"4,121",Check,finance ops,needs mapping,
12 Jan-25,G&A,Legal fees,Europa Law firm,"3,170",cash,finance ops,accrual,Vendor invoice late
2026-04-18,Marketing,Events & webinars,Various,"(1,793)",Check,TBD,posted,Map to GL 6100
10/11/25,Mktg,Paid media,Google / LinkedIn,"2,141",cash,M. Chen,,Map to GL 6100
05/26/25,Sales,Sales commission,Payroll,"6,740",ERP,M. Chen,needs mapping,Map to GL 6100
03 Apr-26,Sales,CRM / RevOps tools,Salesforce / Outreach,"1,164",ERP,TBD,accrual,Ask owner
31-Mar-25,Sales,CRM / RevOps tools,Salesforce / Outreach,"3,664",ERP,Andres,needs mapping,Ask owner
30 May-26,Sales,Payroll - sales,Payroll,"3,883",Check,TBD,Posted,Map to GL 6100
12/23/25,R&D,Payroll - eng,Payroll,"6,013",manual Entry,finance ops,late invoice,Vendor invoice late
04 Sep-25,Sales,Sales commission,Payroll,"8,871",ERP,M. Chen,Posted,Check sign
06/15/26,Mktg,Paid media,Google / LinkedIn,"1,799",Pos,,,Timing issue
23-Mar-25,G&A,Legal fees,Buchalter,"7,248",cash,Alex - FP&A,manual adj,Map to GL 6100
02 Mar-26,Services,Prof services,Implementation clients,"3,945",ERP,,,
01/24/26,R&D,Payroll - eng,Payroll,"5,781",Pos,Alex - FP&A,accrual,Ask owner
06/26/25,Marketing,Paid media,Google / LinkedIn,"9,982",manual Entry,TBD,manual adj,Map to GL 6100
23-Mar-25,Revenue,Revenue,Corp. clients,"4,654",Check,Alex - FP&A,manual adj,
17-Jan-25,Services,Support tools,Zendesk / Gainsight,"8,874",cash,Andres,needs mapping,Map to GL 6100
27 May-25,R&D,Payroll - eng,Payroll,987,ERP,M. Chen,Posted,Check sign
2025-10-26,COGS,Materials,Electric house,"(2,905)",cash,TBD,late invoice,
22 Apr-25,Services,Prof services,Implementation clients,"1,475",Check,Alex - FP&A,late invoice,Ask owner
05-Feb-25,Services,Support tools,Zendesk / Gainsight,"6,193",ERP,M. Chen,manual adj,Map to GL 6100
07-Mar-26,R&D,Cloud hosting,AWS / Datadog,"6,484",manual Entry,Alex - FP&A,posted,
21-Jul-25,Services,Support tools,Zendesk / Gainsight,"8,298",Pos,M. Chen,,Check sign
05/13/26,Mktg,Customer appr.,Amazon gift c.,"3,006",manual Entry,Andres,Posted,
25-May-26,Mktg,Events & webinars,Various,"3,116",Check,M. Chen,needs mapping,Ask owner
2025-05-19,Services,Prof services,Implementation clients,"1,186",manual Entry,Alex - FP&A,accrual,
30-May-25,R&D,Payroll - eng,Payroll,597,Pos,Erik,accrual,Timing issue
2025-10-01,Mktg,Customer appr.,Gift hamper,"8,625",manual Entry,Andres,needs mapping,Map to GL 6100
05/13/26,Mktg,Events & webinars,Various,"3,148",Check,finance ops,manual adj,Timing issue
2025-01-23,Services,Support tools,Zendesk / Gainsight,511,ERP,,posted,Check sign
24-Apr-25,Services,Support tools,Zendesk / Gainsight,"5,223",Pos,M. Chen,manual adj,
05/08/26,R&D,Payroll - eng,Payroll,"8,018",Pos,Erik,,Timing issue
08/28/25,Revenue,Service,Corp. clients,"2,361",ERP,,needs mapping,Vendor invoice late
27-Jan-25,Sales,CRM / RevOps tools,Salesforce / Outreach,590,cash,,manual adj,
24 Apr-26,Sales,Sales commission,Payroll,"8,058",Check,M. Chen,manual adj,One-off item
05/26/25,G&A,Accounting fees,Jason CPA,"(5,325)",Check,Erik,manual adj,Ask owner
2026-02-27,Marketing,Events & webinars,Various,"3,498",ERP,finance ops,,Check sign
03/31/26,Revenue,Subscr. revenue,Retail Customer,"8,052",cash,TBD,late invoice,Timing issue
18 May-26,Marketing,Customer appr.,Gift hamper,"(5,865)",manual Entry,,manual adj,Ask owner
2025-07-26,R&D,Cloud hosting,AWS / Datadog,"(8,579)",Check,TBD,manual adj,Timing issue
12/13/25,G&A,Legal fees,Buchalter,"9,351",Pos,Erik,needs mapping,Map to GL 6100
02 Mar-26,G&A,Legal fees,Europa Law firm,"(1,556)",Pos,Andres,posted,Check sign
03/29/25,Revenue,Subscr. revenue,Corp. clients,"(2,141)",Check,TBD,manual adj,Map to GL 6100
10 Mar-26,G&A,Office rent,Landlord,"2,029",Pos,Andres,needs mapping,
10/17/25,Mktg,Paid media,Google / LinkedIn,"(1,246)",Check,Andres,posted,Ask owner
2025-05-22,COGS,Payroll - eng,Payroll,"2,053",manual Entry,finance ops,Posted,One-off item
2025-10-26,Services,Support tools,Zendesk / Gainsight,"(5,065)",Check,M. Chen,needs mapping,Vendor invoice late
07/01/26,G&A,Legal fees,Buchalter,"3,910",Pos,Erik,needs mapping,Vendor invoice late
2026-05-28,Services,Support tools,Zendesk / Gainsight,"2,809",Check,Alex - FP&A,late invoice,Map to GL 6100
04 Sep-25,COGS,Materials,Johnsons Supply,"6,927",cash,Alex - FP&A,Posted,Map to GL 6100
09 Nov-25,G&A,Accounting fees,Jason CPA,(167),manual Entry,Erik,posted,One-off item
25-Dec-25,COGS,Materials,Walmart,"4,417",ERP,Alex - FP&A,late invoice,One-off item
2025-10-15,Revenue,Product sales,Corp. clients,"(9,569)",cash,M. Chen,posted,Timing issue
04/17/25,G&A,Office rent,Landlord,"1,090",ERP,TBD,,Check sign
25-Dec-25,COGS,Payroll - eng,Payroll,"7,654",Check,Andres,accrual,
22 Mar-26,R&D,AI automation,n8n,(25),cash,Andres,accrual,One-off item
06/15/26,G&A,Office rent,Landlord,"4,209",Check,Andres,manual adj,
27-Jun-25,Mktg,Events & webinars,Various,962,manual Entry,finance ops,manual adj,Map to GL 6100
08-Dec-25,R&D,Payroll - eng,Payroll,"(4,405)",ERP,Erik,manual adj,Vendor invoice late
27-Jun-25,Services,Support tools,Zendesk / Gainsight,"2,508",ERP,Andres,posted,Map to GL 6100
13 Jan-25,Services,Support tools,Zendesk / Gainsight,"4,632",manual Entry,,,Timing issue
04/03/25,Marketing,Paid media,Google / LinkedIn,514,ERP,M. Chen,posted,One-off item
17 Sep-25,Sales,Payroll - sales,Payroll,"8,158",ERP,TBD,,Timing issue
07 Jul-25,Services,Prof services,Implementation clients,"9,663",manual Entry,Erik,Posted,Map to GL 6100
01/02/25,Mktg,Paid media,Google / LinkedIn,"2,253",ERP,finance ops,needs mapping,Map to GL 6100
03/12/25,Revenue,Revenue,Retail Customer,"8,171",cash,Alex - FP&A,posted,Vendor invoice late
02-Oct-25,Revenue,Service,Retail Customer,646,ERP,M. Chen,accrual,Vendor invoice late
08-Nov-25,Marketing,Customer appr.,Soccer Ticket,22,cash,Andres,,Check sign
16 Mar-25,Sales,Sales commission,Payroll,"5,261",ERP,TBD,manual adj,Check sign
09/12/25,Sales,Payroll - sales,Payroll,923,manual Entry,Andres,accrual,
2025-05-13,COGS,Payroll - eng,Payroll,"3,378",Pos,,accrual,Timing issue
06/26/25,Sales,Sales commission,Payroll,"8,111",ERP,Alex - FP&A,posted,One-off item
01-May-25,Marketing,Customer appr.,Amazon gift c.,909,manual Entry,Alex - FP&A,manual adj,
2025-05-22,R&D,AI automation,n8n,(504),cash,M. Chen,Posted,Vendor invoice late
2025-07-19,Mktg,Events & webinars,Various,"5,772",Check,finance ops,late invoice,Timing issue
06 Feb-25,Mktg,Customer appr.,Soccer Ticket,"2,003",ERP,TBD,posted,Timing issue
02-Mar-25,R&D,Cloud hosting,AWS / Datadog,"4,042",Pos,Andres,posted,One-off item
02/01/26,G&A,Legal fees,Buchalter,"6,391",Check,M. Chen,posted,Map to GL 6100
03/22/25,Sales,Payroll - sales,Payroll,"(8,580)",Check,finance ops,late invoice,Map to GL 6100
05-Feb-25,Marketing,Customer appr.,Soccer Ticket,"9,206",Pos,Andres,accrual,Vendor invoice late
2025-08-20,Marketing,Google Ads,Google / LinkedIn,"7,044",cash,,late invoice,Timing issue
07/11/26,G&A,Office rent,Landlord,"9,760",cash,finance ops,late invoice,Map to GL 6100
15-Mar-26,Marketing,Customer appr.,Gift hamper,"(2,862)",manual Entry,,Posted,Map to GL 6100
30-May-25,Marketing,Google Ads,Google / LinkedIn,"(5,037)",cash,Alex - FP&A,Posted,
2026-04-29,Mktg,Events & webinars,Various,"2,113",ERP,Alex - FP&A,needs mapping,Vendor invoice late
11/11/25,Services,Support tools,Zendesk / Gainsight,"5,781",Check,Erik,Posted,One-off item
11-Sep-25,G&A,Legal fees,Buchalter,"7,328",cash,,accrual,Timing issue
2025-01-23,R&D,Payroll - eng,Payroll,885,ERP,Alex - FP&A,,Map to GL 6100
2025-09-01,Sales,Payroll - sales,Payroll,"4,851",cash,Alex - FP&A,late invoice,Timing issue
2025-12-20,Revenue,Product sales,Corp. clients,142,Pos,Andres,,One-off item
2025-06-16,Sales,Payroll - sales,Payroll,"5,156",ERP,Alex - FP&A,accrual,
12 May-25,G&A,Office rent,Landlord,(36),Pos,Erik,accrual,Vendor invoice late
2025-12-17,G&A,Accounting fees,Brandon,"3,034",cash,Erik,Posted,Vendor invoice late
10/11/25,Sales,Payroll - sales,Payroll,"5,013",manual Entry,finance ops,accrual,Vendor invoice late
29-Mar-26,R&D,Cloud hosting,AWS / Datadog,"9,055",cash,finance ops,accrual,Check sign
01/31/25,COGS,Cloud hosting,AWS / Datadog,195,cash,Andres,late invoice,Timing issue
24 Jan-25,R&D,Cloud hosting,AWS / Datadog,576,manual Entry,M. Chen,late invoice,Timing issue
2026-01-04,Mktg,Events & webinars,Various,"1,956",ERP,finance ops,,Ask owner
27 May-25,G&A,Accounting fees,Brandon,"1,767",ERP,M. Chen,manual adj,
08/30/25,Revenue,Product sales,Corp. clients,"(5,158)",manual Entry,Erik,needs mapping,One-off item
13 Jan-25,G&A,Legal fees,Buchalter,"9,946",ERP,,needs mapping,Vendor invoice late
2026-03-25,Mktg,Customer appr.,Soccer Ticket,"9,237",Check,TBD,manual adj,Check sign
11-Mar-25,COGS,Payroll - eng,Payroll,"1,554",Pos,finance ops,Posted,
02 Apr-26,COGS,Materials,Home Depot,"1,633",cash,finance ops,accrual,One-off item
26 Sep-25,COGS,Cloud hosting,AWS / Datadog,"4,199",cash,Erik,posted,One-off item
26-Dec-25,Marketing,Google Ads,Google / LinkedIn,394,ERP,M. Chen,manual adj,Check sign
15 Jan-26,Marketing,Paid media,Google / LinkedIn,"2,755",cash,Erik,Posted,
2025-11-18,Services,Prof services,Implementation clients,"1,840",manual Entry,,manual adj,Vendor invoice late
05-Feb-25,COGS,Materials,Walmart,"4,522",cash,M. Chen,Posted,One-off item
06/01/26,Mktg,Events & webinars,Various,"2,936",cash,finance ops,,Ask owner
06/23/25,G&A,Legal fees,Buchalter,438,ERP,Alex - FP&A,posted,Vendor invoice late
04 Mar-25,Marketing,Events & webinars,Various,"9,585",manual Entry,finance ops,accrual,Check sign
04 Apr-26,Services,Prof services,Implementation clients,"7,314",cash,TBD,posted,Check sign
20 Jun-26,Marketing,Events & webinars,Various,"(1,910)",Pos,finance ops,accrual,Timing issue
07/01/26,COGS,Payroll - eng,Payroll,"2,960",Pos,,posted,Vendor invoice late
01 Apr-26,Services,Support tools,Zendesk / Gainsight,"1,965",Check,Andres,late invoice,Map to GL 6100
2026-03-11,COGS,Materials,Walmart,"7,333",Check,TBD,Posted,Check sign
2026-01-17,R&D,Cloud hosting,AWS / Datadog,854,Check,finance ops,manual adj,Check sign
2026-06-17,G&A,Legal fees,Europa Law firm,"4,545",Check,M. Chen,accrual,Check sign
19-Apr-25,COGS,Payroll - eng,Payroll,"9,365",Pos,TBD,accrual,Check sign
2026-01-31,Sales,CRM / RevOps tools,Salesforce / Outreach,"5,572",Pos,,manual adj,One-off item
09-Sep-25,R&D,AI automation,n8n,"7,448",Pos,,Posted,Map to GL 6100
2025-04-02,Mktg,Paid media,Google / LinkedIn,"5,817",ERP,Erik,posted,Map to GL 6100
01-May-25,Revenue,Service,Corp. clients,"(1,953)",Check,Erik,needs mapping,
05/29/25,G&A,Accounting fees,Jason CPA,"(5,981)",Pos,Alex - FP&A,late invoice,Ask owner
24-Jul-25,R&D,Payroll - eng,Payroll,"8,030",Check,TBD,posted,
09/12/25,Marketing,Events & webinars,Various,"(2,986)",cash,,Posted,Ask owner
05/28/25,G&A,Office rent,Landlord,"2,071",Pos,TBD,needs mapping,Ask owner
16-May-26,R&D,AI automation,n8n,"5,044",cash,Erik,,Check sign
2025-05-20,R&D,Payroll - eng,Payroll,"6,819",Pos,Alex - FP&A,late invoice,Map to GL 6100
05/29/26,R&D,AI automation,n8n,124,ERP,Andres,posted,One-off item
05/25/25,Services,Prof services,Implementation clients,"7,189",Check,Erik,manual adj,Map to GL 6100
06/11/25,Sales,Payroll - sales,Payroll,"9,378",cash,Alex - FP&A,late invoice,Vendor invoice late
07 Feb-26,Mktg,Customer appr.,Gift hamper,"2,932",ERP,TBD,Posted,One-off item
07/01/26,Marketing,Events & webinars,Various,"3,666",Pos,Erik,manual adj,Timing issue
2025-12-30,Services,Support tools,Zendesk / Gainsight,"5,011",ERP,Alex - FP&A,posted,Ask owner
05-Feb-25,COGS,Materials,Walmart,"5,285",cash,,late invoice,Check sign
12/23/25,Services,Prof services,Implementation clients,"1,082",Pos,Erik,posted,One-off item
2026-05-07,R&D,Cloud hosting,AWS / Datadog,"3,369",ERP,finance ops,manual adj,Check sign
2025-09-07,Marketing,Customer appr.,Amazon gift c.,"6,212",cash,TBD,accrual,Timing issue
01/19/26,Marketing,Paid media,Google / LinkedIn,"8,648",cash,Alex - FP&A,manual adj,Vendor invoice late
02/27/25,Marketing,Google Ads,Google / LinkedIn,"5,765",manual Entry,finance ops,manual adj,
09 Jun-26,Revenue,Subscr. revenue,Retail Customer,"(1,528)",ERP,Alex - FP&A,Posted,Map to GL 6100
12-Apr-25,Sales,Payroll - sales,Payroll,(640),Pos,,posted,Map to GL 6100
06 Oct-25,R&D,AI automation,n8n,"(8,951)",ERP,Andres,,One-off item
24 Sep-25,Marketing,Events & webinars,Various,"2,574",Pos,Alex - FP&A,Posted,Map to GL 6100
03-Jul-25,G&A,Office rent,Landlord,"2,276",Check,finance ops,needs mapping,One-off item
24 Jan-25,Services,Support tools,Zendesk / Gainsight,"9,426",cash,Erik,Posted,Ask owner
25 Feb-26,Revenue,Subscr. revenue,Retail Customer,"1,021",ERP,TBD,manual adj,Vendor invoice late
27-Jan-25,R&D,Payroll - eng,Payroll,"5,630",cash,finance ops,manual adj,Ask owner
03/10/25,R&D,Payroll - eng,Payroll,32,manual Entry,Alex - FP&A,late invoice,Check sign
01/31/25,Mktg,Customer appr.,Amazon gift c.,"5,705",manual Entry,Andres,Posted,Timing issue
2026-07-02,Sales,Sales commission,Payroll,"7,392",ERP,M. Chen,accrual,Timing issue
20 Oct-25,G&A,Legal fees,Europa Law firm,"1,065",Pos,Erik,late invoice,One-off item
2026-01-04,G&A,Office rent,Landlord,"4,367",Pos,Erik,needs mapping,
10 Jan-25,G&A,Office rent,Landlord,"7,461",cash,TBD,accrual,Map to GL 6100
10/31/25,Marketing,Customer appr.,Gift hamper,"6,452",Check,M. Chen,posted,Map to GL 6100
2025-08-20,Sales,CRM / RevOps tools,Salesforce / Outreach,"4,392",cash,TBD,Posted,Timing issue
27 Oct-25,COGS,Payroll - eng,Payroll,"7,384",cash,Erik,late invoice,
2025-12-14,Revenue,Subscr. revenue,Retail Customer,"9,959",Check,TBD,manual adj,
2026-02-27,R&D,Payroll - eng,Payroll,"1,485",Check,finance ops,accrual,Map to GL 6100
18 Jan-26,G&A,Legal fees,Buchalter,"8,892",ERP,finance ops,,
2026-01-04,G&A,Office rent,Landlord,"3,204",manual Entry,Erik,needs mapping,Map to GL 6100
07/09/26,R&D,Payroll - eng,Payroll,"3,701",ERP,Andres,late invoice,Map to GL 6100
09/05/25,Services,Prof services,Implementation clients,"8,973",manual Entry,M. Chen,posted,Vendor invoice late
05/21/25,Marketing,Customer appr.,Soccer Ticket,614,Pos,Erik,manual adj,
22 Apr-25,Revenue,Service,Corp. clients,"2,020",Pos,Alex - FP&A,posted,Check sign
04-May-26,Revenue,Subscr. revenue,Corp. clients,"2,077",ERP,Andres,late invoice,Vendor invoice late
2025-02-09,Services,Prof services,Implementation clients,"6,060",Check,M. Chen,needs mapping,Ask owner
24-Apr-25,Services,Support tools,Zendesk / Gainsight,"7,364",cash,finance ops,accrual,One-off item
08/28/25,Marketing,Customer appr.,Gift hamper,"5,523",manual Entry,,posted,
12/23/25,COGS,Payroll - eng,Payroll,"5,089",Check,TBD,Posted,Vendor invoice late
2025-12-30,G&A,Legal fees,Buchalter,"(3,522)",manual Entry,Alex - FP&A,late invoice,Map to GL 6100
21 Dec-25,Revenue,Revenue,Corp. clients,"5,201",Check,TBD,needs mapping,Check sign
2026-02-14,Mktg,Customer appr.,Soccer Ticket,525,Check,,,One-off item
31-Mar-25,R&D,AI automation,n8n,"(1,121)",Pos,TBD,needs mapping,Check sign
22-Apr-26,Sales,Sales commission,Payroll,177,cash,,manual adj,
2025-06-18,Marketing,Paid media,Google / LinkedIn,"1,889",Check,Erik,posted,One-off item
09-Sep-25,Sales,Payroll - sales,Payroll,"8,692",manual Entry,TBD,needs mapping,Map to GL 6100
23-Apr-26,G&A,Accounting fees,Brandon,"3,983",cash,Andres,late invoice,Check sign
15-Apr-25,Sales,Payroll - sales,Payroll,456,Pos,Alex - FP&A,late invoice,
17 May-25,Services,Support tools,Zendesk / Gainsight,"(8,518)",cash,,late invoice,Timing issue
2025-02-04,COGS,Cloud hosting,AWS / Datadog,"7,818",Check,finance ops,Posted,One-off item
03 Jan-26,Revenue,Subscr. revenue,Retail Customer,626,manual Entry,Andres,accrual,Timing issue
01/02/26,Revenue,Product sales,Retail Customer,"(7,515)",Pos,TBD,accrual,
10 May-26,R&D,AI automation,n8n,"1,027",ERP,M. Chen,late invoice,Map to GL 6100
04/17/25,G&A,Accounting fees,Jason CPA,"6,602",manual Entry,,Posted,Check sign
06/01/26,Services,Prof services,Implementation clients,217,manual Entry,Erik,manual adj,One-off item
06 Jan-26,COGS,Payroll - eng,Payroll,"6,902",manual Entry,,late invoice,Check sign
2025-01-04,Revenue,Revenue,Corp. clients,"7,765",manual Entry,Alex - FP&A,manual adj,Map to GL 6100
04/20/25,COGS,Payroll - eng,Payroll,"3,714",cash,M. Chen,,Check sign
10 Oct-25,Revenue,Subscr. revenue,Retail Customer,"(3,428)",manual Entry,,Posted,Timing issue
2025-04-08,G&A,Office rent,Landlord,"8,133",manual Entry,M. Chen,posted,
27-Jan-25,R&D,AI automation,n8n,"2,726",cash,,posted,Check sign
04/05/25,Marketing,Customer appr.,Soccer Ticket,"1,568",ERP,Andres,needs mapping,Map to GL 6100
2025-04-10,Sales,CRM / RevOps tools,Salesforce / Outreach,"9,552",manual Entry,M. Chen,manual adj,Vendor invoice late
29-Jul-25,Marketing,Customer appr.,Gift hamper,"8,053",cash,Alex - FP&A,,Vendor invoice late
30-Jun-25,COGS,Payroll - eng,Payroll,"(8,948)",cash,,posted,
04/05/25,Sales,Payroll - sales,Payroll,"6,706",Check,Erik,needs mapping,Check sign
27-Jun-25,G&A,Legal fees,Europa Law firm,"4,709",manual Entry,TBD,accrual,Check sign
01/27/26,Services,Support tools,Zendesk / Gainsight,"8,112",cash,M. Chen,late invoice,Map to GL 6100
2026-01-17,Marketing,Paid media,Google / LinkedIn,"(8,878)",ERP,TBD,accrual,Vendor invoice late
07/01/26,Services,Support tools,Zendesk / Gainsight,"5,933",Pos,Alex - FP&A,needs mapping,Check sign
2025-06-29,Mktg,Events & webinars,Various,980,manual Entry,TBD,,Ask owner
16 Apr-26,Sales,CRM / RevOps tools,Salesforce / Outreach,(75),Check,Erik,accrual,Vendor invoice late
03-Jul-25,COGS,Cloud hosting,AWS / Datadog,"4,619",Pos,Andres,needs mapping,Map to GL 6100
20 Feb-26,Marketing,Events & webinars,Various,"(2,739)",Pos,Alex - FP&A,needs mapping,Check sign
06 Feb-25,Revenue,Revenue,Retail Customer,"1,901",cash,,,
04/05/25,COGS,Materials,Electric house,"7,862",ERP,TBD,posted,Check sign
07/11/26,R&D,Cloud hosting,AWS / Datadog,"(9,010)",manual Entry,Alex - FP&A,late invoice,Check sign
27-Mar-26,Services,Support tools,Zendesk / Gainsight,"6,416",ERP,Alex - FP&A,posted,Ask owner
06 Jan-26,R&D,Payroll - eng,Payroll,"(1,603)",ERP,TBD,needs mapping,Ask owner
05/25/25,Sales,CRM / RevOps tools,Salesforce / Outreach,"9,358",Check,,accrual,Vendor invoice late
05/28/25,Marketing,Google Ads,Google / LinkedIn,"(4,621)",Pos,Alex - FP&A,accrual,Timing issue
29-Nov-25,Marketing,Google Ads,Google / LinkedIn,60,Check,M. Chen,accrual,Check sign
23-Mar-26,R&D,AI automation,n8n,"8,416",Check,Alex - FP&A,Posted,Vendor invoice late
29 Jun-26,Sales,Payroll - sales,Payroll,(243),manual Entry,Erik,late invoice,Check sign
26 Feb-26,Sales,CRM / RevOps tools,Salesforce / Outreach,"2,200",Check,TBD,Posted,Timing issue
23-Mar-26,Sales,Payroll - sales,Payroll,"2,485",manual Entry,Andres,Posted,Timing issue
16-May-26,COGS,Cloud hosting,AWS / Datadog,"2,774",ERP,finance ops,,Vendor invoice late
22 Oct-25,Marketing,Google Ads,Google / LinkedIn,"5,812",ERP,finance ops,Posted,Vendor invoice late
02 Apr-26,COGS,Cloud hosting,AWS / Datadog,"1,059",Check,,late invoice,
2025-11-30,Sales,Sales commission,Payroll,"2,601",cash,Erik,,Map to GL 6100
04-May-26,G&A,Office rent,Landlord,"7,410",Pos,Erik,accrual,Ask owner
2025-10-26,R&D,Cloud hosting,AWS / Datadog,"5,342",Pos,TBD,accrual,Map to GL 6100
21-Feb-25,Marketing,Customer appr.,Gift hamper,"7,783",ERP,Andres,,Timing issue
09/30/25,Revenue,Product sales,Retail Customer,"1,886",cash,Erik,needs mapping,Vendor invoice late
2025-05-20,G&A,Accounting fees,Brandon,"8,229",manual Entry,Alex - FP&A,manual adj,Timing issue
06/28/25,Sales,Sales commission,Payroll,"(4,080)",manual Entry,,late invoice,Map to GL 6100
2025-11-27,R&D,AI automation,n8n,"5,571",cash,Erik,late invoice,Ask owner
2026-04-18,COGS,Materials,Electric house,812,cash,TBD,manual adj,One-off item
17-Feb-26,G&A,Accounting fees,Jason CPA,"7,965",Pos,Andres,needs mapping,Map to GL 6100
2025-11-27,G&A,Accounting fees,Jason CPA,"6,795",cash,finance ops,posted,Ask owner
31 May-26,G&A,Legal fees,Buchalter,"4,111",ERP,TBD,manual adj,Ask owner
04/03/25,Mktg,Paid media,Google / LinkedIn,"3,209",cash,,Posted,Timing issue
16 Nov-25,Mktg,Events & webinars,Various,"3,092",manual Entry,M. Chen,posted,Ask owner
2025-06-14,Mktg,Paid media,Google / LinkedIn,"8,109",ERP,finance ops,accrual,Timing issue
09/19/25,Sales,Payroll - sales,Payroll,"2,414",manual Entry,TBD,accrual,Ask owner
2025-08-08,Mktg,Customer appr.,Soccer Ticket,"7,358",manual Entry,Erik,,Check sign
26-Dec-25,Mktg,Events & webinars,Various,"1,002",Pos,Alex - FP&A,manual adj,
01/26/26,Revenue,Product sales,Corp. clients,"6,837",Pos,,Posted,Map to GL 6100
19 Feb-25,Mktg,Customer appr.,Amazon gift c.,"4,986",Check,TBD,Posted,One-off item
12/07/25,G&A,Office rent,Landlord,"5,389",cash,Erik,accrual,Map to GL 6100
05/04/25,R&D,Cloud hosting,AWS / Datadog,"7,345",manual Entry,Erik,late invoice,Check sign
03/31/26,Marketing,Paid media,Google / LinkedIn,"8,888",cash,Andres,,Check sign
09/12/25,G&A,Office rent,Landlord,"(2,757)",Check,Andres,accrual,Check sign
2025-10-08,Revenue,Subscr. revenue,Retail Customer,"1,728",ERP,finance ops,needs mapping,Timing issue
27 May-25,R&D,AI automation,n8n,"7,619",ERP,Andres,late invoice,Map to GL 6100
18-Jun-26,Revenue,Service,Corp. clients,777,cash,,Posted,Vendor invoice late
17-Jan-25,R&D,Payroll - eng,Payroll,698,Check,,Posted,Ask owner
13 Nov-25,R&D,Payroll - eng,Payroll,"(4,358)",ERP,,late invoice,
16 Nov-25,Mktg,Events & webinars,Various,"(1,565)",cash,finance ops,posted,
07/01/26,COGS,Materials,Johnsons Supply,"4,201",ERP,M. Chen,,Vendor invoice late
28 Jun-26,COGS,Materials,Home Depot,"2,381",ERP,,late invoice,
06/01/26,Services,Support tools,Zendesk / Gainsight,"6,647",Check,M. Chen,,
02/10/25,Revenue,Service,Corp. clients,"9,681",Pos,finance ops,late invoice,Vendor invoice late
15-Apr-25,Revenue,Product sales,Retail Customer,"7,423",cash,M. Chen,,Timing issue
05-May-26,Revenue,Service,Retail Customer,"7,863",Pos,Alex - FP&A,posted,Map to GL 6100
03/31/26,Mktg,Events & webinars,Various,"2,523",manual Entry,Alex - FP&A,Posted,Vendor invoice late
05-May-25,G&A,Accounting fees,Brandon,"2,265",Check,Andres,manual adj,Map to GL 6100
24-Apr-25,COGS,Payroll - eng,Payroll,"9,265",ERP,Alex - FP&A,accrual,Timing issue
16-Jan-26,Mktg,Customer appr.,Soccer Ticket,"1,139",manual Entry,Erik,late invoice,Ask owner
17 May-25,R&D,Cloud hosting,AWS / Datadog,"(2,059)",cash,Andres,posted,Map to GL 6100
28-Jul-25,Marketing,Customer appr.,Soccer Ticket,251,cash,Alex - FP&A,Posted,Check sign
01 Dec-25,Marketing,Customer appr.,Soccer Ticket,"4,514",Pos,finance ops,posted,
05-May-26,Marketing,Events & webinars,Various,"7,542",ERP,Alex - FP&A,Posted,Timing issue
21 Dec-25,G&A,Legal fees,Europa Law firm,"6,764",ERP,TBD,late invoice,One-off item
02 Apr-26,R&D,AI automation,n8n,"8,269",manual Entry,Alex - FP&A,late invoice,Timing issue
2026-01-31,Sales,Payroll - sales,Payroll,"(2,304)",ERP,Andres,,Check sign
01/26/26,Marketing,Paid media,Google / LinkedIn,"(3,084)",manual Entry,Alex - FP&A,manual adj,Timing issue
2025-12-09,Services,Prof services,Implementation clients,"4,157",Check,Andres,needs mapping,Map to GL 6100
04/03/25,Marketing,Google Ads,Google / LinkedIn,"7,690",manual Entry,finance ops,Posted,Check sign
11-Jan-26,Marketing,Events & webinars,Various,"5,508",manual Entry,Alex - FP&A,accrual,Map to GL 6100
02/20/25,Marketing,Events & webinars,Various,"4,760",manual Entry,,posted,Vendor invoice late
2025-12-04,COGS,Cloud hosting,AWS / Datadog,"9,492",Pos,,late invoice,Ask owner
29-Jan-26,R&D,Cloud hosting,AWS / Datadog,"3,825",cash,TBD,Posted,One-off item
21 Dec-25,G&A,Office rent,Landlord,"6,266",ERP,,Posted,One-off item
06 Feb-25,Revenue,Product sales,Corp. clients,"5,573",Pos,Erik,posted,One-off item
2026-04-10,G&A,Accounting fees,Brandon,"1,410",ERP,,needs mapping,Vendor invoice late
2026-06-08,Mktg,Paid media,Google / LinkedIn,"5,775",manual Entry,,accrual,One-off item
05/03/26,Services,Support tools,Zendesk / Gainsight,"2,555",ERP,TBD,late invoice,Check sign
17-Jan-25,Revenue,Revenue,Corp. clients,"8,890",ERP,Erik,,One-off item
2026-01-17,Services,Support tools,Zendesk / Gainsight,"9,894",cash,finance ops,,Timing issue
29 Jun-26,G&A,Office rent,Landlord,"7,953",cash,finance ops,,One-off item
06/04/26,R&D,AI automation,n8n,"1,992",manual Entry,finance ops,needs mapping,Timing issue
16 Nov-25,COGS,Materials,Johnsons Supply,"(2,498)",ERP,M. Chen,manual adj,Timing issue
14-Oct-25,Sales,CRM / RevOps tools,Salesforce / Outreach,"(9,148)",Check,Alex - FP&A,,Map to GL 6100
25 Feb-25,Marketing,Google Ads,Google / LinkedIn,"6,329",Pos,finance ops,late invoice,Check sign
15-Mar-26,Services,Support tools,Zendesk / Gainsight,"1,901",Check,TBD,posted,Vendor invoice late
25 Oct-25,Mktg,Customer appr.,Soccer Ticket,794,manual Entry,M. Chen,accrual,One-off item
2026-05-28,R&D,AI automation,n8n,"6,975",Check,Andres,accrual,Check sign
09/10/25,Marketing,Google Ads,Google / LinkedIn,"5,485",ERP,finance ops,accrual,Ask owner
03-Jul-25,COGS,Materials,Walmart,"4,094",cash,TBD,accrual,Ask owner
27-Jun-25,Sales,Sales commission,Payroll,129,Pos,M. Chen,posted,One-off item
06/13/26,Mktg,Customer appr.,Amazon gift c.,"2,165",ERP,Andres,Posted,Timing issue
2025-01-14,Mktg,Paid media,Google / LinkedIn,"1,987",Check,Alex - FP&A,manual adj,One-off item
21-Sep-25,Revenue,Product sales,Corp. clients,"(1,513)",manual Entry,Alex - FP&A,posted,Ask owner
31-Aug-25,Marketing,Paid media,Google / LinkedIn,"6,066",ERP,Alex - FP&A,posted,One-off item
29-Mar-26,Mktg,Customer appr.,Amazon gift c.,266,Check,,needs mapping,Timing issue
2025-12-09,Marketing,Google Ads,Google / LinkedIn,"8,919",Check,TBD,accrual,
03-Dec-25,Mktg,Customer appr.,Gift hamper,"4,859",ERP,,manual adj,One-off item
08-Sep-25,COGS,Payroll - eng,Payroll,"(8,676)",ERP,Andres,late invoice,Map to GL 6100
2025-05-13,Services,Support tools,Zendesk / Gainsight,"1,241",manual Entry,Andres,,
01 Apr-26,Revenue,Service,Retail Customer,"(6,142)",Check,Erik,,Vendor invoice late
08/30/25,G&A,Office rent,Landlord,"9,252",manual Entry,Alex - FP&A,late invoice,Map to GL 6100
18 Jan-25,R&D,AI automation,n8n,"1,809",ERP,,needs mapping,
02/15/26,G&A,Legal fees,Buchalter,"(5,374)",ERP,finance ops,needs mapping,Ask owner
28-Mar-25,Marketing,Events & webinars,Various,"1,071",Check,Alex - FP&A,,Timing issue
16 Mar-25,R&D,Cloud hosting,AWS / Datadog,"1,557",manual Entry,Alex - FP&A,manual adj,Map to GL 6100
02/12/25,G&A,Accounting fees,Jason CPA,"(2,191)",manual Entry,Andres,,Timing issue
07/01/26,Marketing,Paid media,Google / LinkedIn,"9,589",Pos,finance ops,,One-off item
2025-07-12,Marketing,Paid media,Google / LinkedIn,476,ERP,Erik,late invoice,One-off item
14 Jun-26,Revenue,Product sales,Corp. clients,"(8,560)",ERP,M. Chen,manual adj,Check sign
2026-05-01,Marketing,Events & webinars,Various,"1,960",ERP,M. Chen,needs mapping,Ask owner
2025-11-30,G&A,Legal fees,Buchalter,"7,077",Check,Alex - FP&A,late invoice,
2026-04-18,Revenue,Product sales,Retail Customer,"7,981",ERP,Andres,Posted,Timing issue
2025-12-04,Revenue,Product sales,Corp. clients,"5,954",manual Entry,Erik,Posted,Timing issue
03 Sep-25,Sales,CRM / RevOps tools,Salesforce / Outreach,"7,112",ERP,TBD,posted,
03/05/25,G&A,Accounting fees,Brandon,"7,953",manual Entry,Alex - FP&A,accrual,
2025-08-20,COGS,Materials,Electric house,"(4,385)",cash,M. Chen,accrual,Vendor invoice late
02-Oct-25,R&D,Payroll - eng,Payroll,"9,806",manual Entry,,late invoice,Vendor invoice late
10 May-26,Revenue,Subscr. revenue,Corp. clients,"(3,348)",ERP,TBD,Posted,
15-Apr-26,Marketing,Paid media,Google / LinkedIn,"5,004",cash,Andres,late invoice,
11-Sep-25,Revenue,Revenue,Retail Customer,"(6,413)",ERP,,manual adj,One-off item
07 Apr-26,Mktg,Paid media,Google / LinkedIn,"7,182",manual Entry,finance ops,,Map to GL 6100
10 Jan-25,Mktg,Paid media,Google / LinkedIn,"1,988",Check,TBD,manual adj,One-off item
2025-02-04,R&D,Payroll - eng,Payroll,"1,591",cash,Andres,needs mapping,Vendor invoice late
29 Oct-25,Sales,CRM / RevOps tools,Salesforce / Outreach,"(6,443)",cash,M. Chen,,Timing issue
04/17/25,G&A,Office rent,Landlord,"4,518",Check,M. Chen,manual adj,Map to GL 6100
17-Feb-26,R&D,Payroll - eng,Payroll,"7,703",Pos,TBD,needs mapping,One-off item
2025-02-04,Sales,Sales commission,Payroll,"(6,672)",ERP,finance ops,manual adj,Ask owner
22 Jan-26,Marketing,Customer appr.,Amazon gift c.,"(5,473)",Check,finance ops,Posted,Vendor invoice late
16 Mar-25,COGS,Payroll - eng,Payroll,"6,963",Pos,,needs mapping,Check sign
15 Jan-26,Revenue,Product sales,Corp. clients,"9,186",ERP,Andres,,Check sign
15-Apr-25,Revenue,Subscr. revenue,Corp. clients,"6,702",Check,M. Chen,manual adj,Timing issue
05/29/26,Services,Support tools,Zendesk / Gainsight,"1,094",manual Entry,Andres,accrual,Map to GL 6100
03/12/25,Revenue,Product sales,Retail Customer,"(8,878)",cash,Erik,posted,Check sign
02-Oct-25,Revenue,Subscr. revenue,Corp. clients,"9,908",Check,M. Chen,late invoice,Ask owner
05/03/26,Mktg,Events & webinars,Various,"2,985",Check,TBD,needs mapping,
22 Oct-25,Sales,CRM / RevOps tools,Salesforce / Outreach,"5,429",manual Entry,Andres,Posted,Check sign
2026-01-09,G&A,Office rent,Landlord,"(2,849)",cash,Erik,Posted,Check sign
04/25/26,Services,Prof services,Implementation clients,"8,493",ERP,TBD,manual adj,Timing issue
02/10/25,Sales,CRM / RevOps tools,Salesforce / Outreach,920,ERP,,manual adj,Check sign
23-Feb-26,Services,Prof services,Implementation clients,"1,695",ERP,Erik,manual adj,Check sign
18-Jun-26,Services,Prof services,Implementation clients,"9,829",Check,TBD,Posted,Map to GL 6100
12 Mar-26,Services,Prof services,Implementation clients,"(9,627)",ERP,Erik,accrual,Check sign
06 Jan-26,Revenue,Service,Corp. clients,"3,840",ERP,TBD,Posted,Check sign
2026-06-19,G&A,Office rent,Landlord,"9,904",manual Entry,,,Map to GL 6100
15 Jan-26,Mktg,Customer appr.,Soccer Ticket,"5,089",Pos,finance ops,Posted,One-off item
20-Mar-26,Sales,CRM / RevOps tools,Salesforce / Outreach,"(5,385)",Check,Andres,late invoice,Check sign
07/05/26,Sales,CRM / RevOps tools,Salesforce / Outreach,"3,193",manual Entry,Andres,late invoice,One-off item
31-Aug-25,COGS,Payroll - eng,Payroll,791,ERP,Andres,late invoice,Map to GL 6100
2025-04-02,Sales,Payroll - sales,Payroll,"3,347",ERP,Alex - FP&A,needs mapping,Vendor invoice late
2025-12-30,Sales,Sales commission,Payroll,"(4,270)",Pos,Erik,manual adj,One-off item
04 Mar-25,Marketing,Google Ads,Google / LinkedIn,"6,071",cash,Andres,,One-off item
12/02/25,Marketing,Customer appr.,Gift hamper,"5,330",ERP,M. Chen,posted,Check sign
03 Mar-26,Mktg,Paid media,Google / LinkedIn,"9,651",ERP,finance ops,,Vendor invoice late
16 Apr-26,Marketing,Paid media,Google / LinkedIn,"6,773",manual Entry,Alex - FP&A,manual adj,Map to GL 6100
2025-07-26,Marketing,Google Ads,Google / LinkedIn,"7,094",ERP,Andres,needs mapping,One-off item
13 Aug-25,Marketing,Paid media,Google / LinkedIn,"(3,804)",ERP,,manual adj,Ask owner
05/06/26,R&D,AI automation,n8n,"1,761",Check,M. Chen,needs mapping,One-off item
2026-06-17,R&D,Cloud hosting,AWS / Datadog,"5,949",manual Entry,Andres,posted,Vendor invoice late
20 Mar-25,Mktg,Customer appr.,Soccer Ticket,"7,382",Check,Erik,,One-off item
14 Jun-26,Services,Support tools,Zendesk / Gainsight,"9,337",cash,,needs mapping,
04/20/25,Mktg,Paid media,Google / LinkedIn,"7,028",manual Entry,Alex - FP&A,manual adj,Vendor invoice late
2025-05-20,Services,Support tools,Zendesk / Gainsight,"(3,203)",cash,Alex - FP&A,posted,Vendor invoice late
07 Jul-25,Services,Support tools,Zendesk / Gainsight,"6,973",ERP,finance ops,,Check sign
17-Feb-26,Mktg,Events & webinars,Various,"2,529",cash,Andres,manual adj,Timing issue
25-Jan-26,Mktg,Customer appr.,Gift hamper,"1,803",cash,TBD,Posted,Timing issue
2026-01-09,Revenue,Revenue,Corp. clients,661,Pos,M. Chen,posted,Vendor invoice late
02 Jul-25,Marketing,Events & webinars,Various,"2,122",Check,M. Chen,accrual,Timing issue
15-Apr-26,Mktg,Customer appr.,Soccer Ticket,"9,497",manual Entry,finance ops,Posted,Timing issue
26-Jun-26,Revenue,Revenue,Corp. clients,"5,745",ERP,Erik,needs mapping,Check sign
05/26/25,Mktg,Customer appr.,Soccer Ticket,"1,062",cash,TBD,manual adj,Vendor invoice late
2025-06-29,Sales,CRM / RevOps tools,Salesforce / Outreach,"9,033",Pos,Erik,late invoice,
26-Feb-25,COGS,Payroll - eng,Payroll,"2,479",ERP,Andres,Posted,One-off item
2025-04-21,Marketing,Events & webinars,Various,"6,698",manual Entry,TBD,accrual,Timing issue
07-Aug-25,Marketing,Paid media,Google / LinkedIn,"5,035",Check,Alex - FP&A,Posted,Vendor invoice late
17 May-25,Services,Prof services,Implementation clients,(693),Check,Alex - FP&A,manual adj,Vendor invoice late
16-May-26,Services,Support tools,Zendesk / Gainsight,"6,852",cash,M. Chen,posted,One-off item
22 Oct-25,Sales,Sales commission,Payroll,"8,041",cash,Alex - FP&A,manual adj,Vendor invoice late
04 Mar-25,Mktg,Events & webinars,Various,"2,433",manual Entry,Alex - FP&A,posted,Ask owner
19 Apr-26,COGS,Payroll - eng,Payroll,494,Pos,TBD,manual adj,Check sign
06/15/26,COGS,Cloud hosting,AWS / Datadog,"2,375",Pos,Erik,manual adj,Timing issue
11-Mar-25,Revenue,Service,Retail Customer,"6,300",ERP,,manual adj,Vendor invoice late
31-Mar-25,G&A,Accounting fees,Jason CPA,"(9,613)",manual Entry,Andres,needs mapping,Check sign
02-Mar-25,Sales,Payroll - sales,Payroll,"6,657",ERP,TBD,Posted,Ask owner
10 May-26,Mktg,Events & webinars,Various,"2,949",manual Entry,Andres,posted,Vendor invoice late
06/01/26,Marketing,Events & webinars,Various,602,Check,Alex - FP&A,accrual,Check sign
03-Mar-25,Marketing,Events & webinars,Various,"2,793",Check,TBD,posted,Map to GL 6100
05-May-25,Mktg,Events & webinars,Various,"3,475",manual Entry,M. Chen,accrual,Vendor invoice late
16-May-26,Mktg,Paid media,Google / LinkedIn,"8,346",ERP,Erik,needs mapping,Map to GL 6100
01 Jan-26,Marketing,Customer appr.,Soccer Ticket,"5,052",cash,finance ops,accrual,Check sign
25 Feb-26,COGS,Materials,Johnsons Supply,"4,616",Pos,,posted,One-off item
07-Mar-26,Services,Prof services,Implementation clients,"5,903",manual Entry,,accrual,Check sign
25-Apr-25,Mktg,Paid media,Google / LinkedIn,"7,302",manual Entry,Alex - FP&A,needs mapping,Vendor invoice late
2026-04-18,Services,Prof services,Implementation clients,"9,749",Check,TBD,manual adj,Vendor invoice late
24-Feb-26,Revenue,Subscr. revenue,Corp. clients,411,ERP,M. Chen,manual adj,One-off item
22-Apr-26,Mktg,Paid media,Google / LinkedIn,"5,026",cash,Andres,posted,Vendor invoice late
2025-02-09,COGS,Cloud hosting,AWS / Datadog,"6,702",cash,Erik,posted,Timing issue
2026-04-29,Mktg,Customer appr.,Amazon gift c.,"(7,982)",Pos,Andres,late invoice,Ask owner
2025-06-14,Revenue,Service,Retail Customer,332,cash,Alex - FP&A,Posted,Map to GL 6100
18 May-26,R&D,Cloud hosting,AWS / Datadog,"(7,939)",Pos,finance ops,,Timing issue
27 May-25,Marketing,Google Ads,Google / LinkedIn,"(2,091)",Pos,finance ops,manual adj,
2025-08-23,COGS,Materials,Johnsons Supply,"6,448",Check,finance ops,posted,Vendor invoice late
03 Apr-26,Marketing,Paid media,Google / LinkedIn,(66),Pos,TBD,posted,Check sign
11/26/25,R&D,Cloud hosting,AWS / Datadog,701,cash,Erik,late invoice,Ask owner
03 Jan-26,Services,Support tools,Zendesk / Gainsight,290,manual Entry,,needs mapping,
21 Dec-25,COGS,Materials,Johnsons Supply,"3,693",ERP,TBD,needs mapping,Vendor invoice late
2025-12-20,R&D,Payroll - eng,Payroll,"5,659",ERP,Alex - FP&A,Posted,One-off item
16 Apr-26,Revenue,Service,Retail Customer,"7,664",Check,M. Chen,Posted,Ask owner
07-Aug-25,G&A,Office rent,Landlord,"(1,811)",Pos,Erik,late invoice,Map to GL 6100
2025-11-07,R&D,Payroll - eng,Payroll,"3,780",manual Entry,Alex - FP&A,late invoice,Check sign
01/27/26,R&D,Payroll - eng,Payroll,"2,193",Pos,,posted,Map to GL 6100
2025-12-06,R&D,Cloud hosting,AWS / Datadog,"(4,075)",manual Entry,Alex - FP&A,Posted,Timing issue
06/28/25,Revenue,Service,Retail Customer,"4,499",ERP,Alex - FP&A,manual adj,One-off item
2026-01-09,COGS,Materials,Home Depot,"1,815",manual Entry,Andres,accrual,Map to GL 6100
02-Aug-25,Revenue,Service,Retail Customer,"(2,294)",Check,Andres,needs mapping,One-off item
08/27/25,R&D,Payroll - eng,Payroll,"6,270",cash,M. Chen,accrual,Map to GL 6100
08-Nov-25,G&A,Accounting fees,Jason CPA,"5,111",Pos,M. Chen,posted,Vendor invoice late
03/21/25,R&D,Cloud hosting,AWS / Datadog,"(8,467)",cash,finance ops,needs mapping,Timing issue
11-Mar-25,COGS,Cloud hosting,AWS / Datadog,"(6,515)",ERP,Andres,,One-off item
26 Jan-25,Marketing,Paid media,Google / LinkedIn,"5,142",Pos,finance ops,posted,Map to GL 6100
15-Sep-25,Mktg,Paid media,Google / LinkedIn,"7,447",ERP,Andres,manual adj,Ask owner
12 May-25,R&D,AI automation,n8n,"(9,385)",Pos,,manual adj,Ask owner
15-Feb-25,Mktg,Events & webinars,Various,"8,001",Pos,Andres,accrual,Vendor invoice late
28-Mar-25,Revenue,Subscr. revenue,Corp. clients,"9,736",Check,Erik,Posted,One-off item
09 Apr-26,COGS,Cloud hosting,AWS / Datadog,"6,935",Pos,M. Chen,needs mapping,Map to GL 6100
05/15/25,Revenue,Subscr. revenue,Retail Customer,"8,197",cash,M. Chen,late invoice,
2025-01-23,R&D,Payroll - eng,Payroll,"5,954",manual Entry,finance ops,manual adj,One-off item
27 Mar-25,R&D,Cloud hosting,AWS / Datadog,"3,079",Pos,Erik,posted,One-off item
26-Jun-26,Sales,Sales commission,Payroll,"6,259",ERP,Erik,Posted,Check sign
2026-06-11,Services,Support tools,Zendesk / Gainsight,"4,566",ERP,TBD,needs mapping,Timing issue
29 Oct-25,Mktg,Paid media,Google / LinkedIn,"10,000",ERP,,late invoice,Ask owner
24 Jan-25,Sales,Payroll - sales,Payroll,"3,331",manual Entry,finance ops,accrual,One-off item
24 Sep-25,R&D,Payroll - eng,Payroll,"8,040",Check,,accrual,Map to GL 6100
06/01/25,Sales,Payroll - sales,Payroll,"3,116",manual Entry,finance ops,needs mapping,
05-May-25,G&A,Office rent,Landlord,"(4,719)",manual Entry,finance ops,posted,Timing issue
02 Mar-26,R&D,Payroll - eng,Payroll,"7,681",Pos,finance ops,manual adj,Vendor invoice late
11-Jan-26,Revenue,Product sales,Corp. clients,47,Check,Andres,manual adj,Ask owner
09-Mar-25,Revenue,Revenue,Retail Customer,"4,551",ERP,M. Chen,Posted,Check sign
2025-07-19,Services,Prof services,Implementation clients,"9,269",Check,finance ops,accrual,Timing issue
11 May-25,Revenue,Subscr. revenue,Corp. clients,"8,705",ERP,,needs mapping,Map to GL 6100
25-Jun-26,R&D,Payroll - eng,Payroll,"9,904",Check,M. Chen,posted,
2026-02-27,Sales,Sales commission,Payroll,"(1,140)",Pos,Alex - FP&A,needs mapping,One-off item
10/17/25,COGS,Materials,Home Depot,567,Check,Andres,late invoice,Vendor invoice late
19-Apr-25,Mktg,Events & webinars,Various,"6,058",manual Entry,Alex - FP&A,accrual,Vendor invoice late
02 Jul-25,R&D,Payroll - eng,Payroll,"7,132",cash,Andres,Posted,Vendor invoice late
16-Jan-26,Services,Support tools,Zendesk / Gainsight,"(7,170)",cash,Erik,Posted,Timing issue
17 Mar-25,Revenue,Revenue,Corp. clients,"5,345",Pos,Alex - FP&A,accrual,Vendor invoice late
2026-04-18,G&A,Accounting fees,Jason CPA,"2,272",Check,M. Chen,needs mapping,Vendor invoice late
09 Nov-25,G&A,Office rent,Landlord,"7,603",manual Entry,Andres,Posted,Timing issue
09 Nov-25,Mktg,Events & webinars,Various,"(9,469)",manual Entry,Andres,needs mapping,One-off item
01/26/26,Mktg,Paid media,Google / LinkedIn,339,Pos,,needs mapping,
2025-04-08,Services,Support tools,Zendesk / Gainsight,"2,227",Check,Andres,,Vendor invoice late
23 Jun-26,G&A,Office rent,Landlord,"3,886",cash,,Posted,
13 Mar-25,COGS,Payroll - eng,Payroll,"5,331",manual Entry,Erik,late invoice,One-off item
2026-03-06,Revenue,Service,Retail Customer,"8,123",Pos,TBD,accrual,
2025-10-26,Sales,CRM / RevOps tools,Salesforce / Outreach,"2,590",cash,Alex - FP&A,accrual,Ask owner
2025-11-19,Revenue,Revenue,Retail Customer,"4,296",ERP,Andres,posted,
2025-06-04,Services,Prof services,Implementation clients,"(4,546)",manual Entry,Andres,needs mapping,Ask owner
07/09/26,G&A,Accounting fees,Brandon,"6,991",ERP,M. Chen,manual adj,Vendor invoice late
2026-02-14,Services,Support tools,Zendesk / Gainsight,"8,564",Check,,late invoice,Timing issue
11-Feb-25,Mktg,Events & webinars,Various,"5,668",cash,Erik,posted,Check sign
2026-03-06,Services,Prof services,Implementation clients,278,Pos,Erik,needs mapping,Map to GL 6100
2025-04-02,Services,Prof services,Implementation clients,"4,945",cash,,late invoice,Map to GL 6100
06 Jan-26,COGS,Cloud hosting,AWS / Datadog,"7,907",manual Entry,Andres,Posted,Ask owner
05/28/25,G&A,Legal fees,Europa Law firm,"4,808",ERP,Erik,manual adj,One-off item
02-Aug-25,Services,Support tools,Zendesk / Gainsight,"4,102",manual Entry,Erik,,
07/12/26,COGS,Materials,Home Depot,"6,833",ERP,TBD,Posted,Check sign
11 Dec-25,Revenue,Subscr. revenue,Corp. clients,"6,655",Pos,finance ops,late invoice,Check sign
12 Mar-26,Services,Support tools,Zendesk / Gainsight,"8,880",ERP,Andres,late invoice,One-off item
26 Feb-26,Sales,CRM / RevOps tools,Salesforce / Outreach,"5,955",manual Entry,Alex - FP&A,posted,One-off item
03-Dec-25,Services,Support tools,Zendesk / Gainsight,"(1,013)",ERP,finance ops,needs mapping,Map to GL 6100
17 Mar-25,R&D,AI automation,n8n,"3,207",Pos,TBD,posted,One-off item
07 Jul-26,Marketing,Events & webinars,Various,"4,874",Check,Erik,late invoice,One-off item
08/05/25,Mktg,Events & webinars,Various,"7,028",Check,,late invoice,Timing issue
31 May-26,Services,Prof services,Implementation clients,"2,663",manual Entry,,,One-off item
2025-08-20,Sales,CRM / RevOps tools,Salesforce / Outreach,619,Pos,M. Chen,manual adj,
09 Apr-26,Sales,Payroll - sales,Payroll,"2,059",ERP,,,Timing issue
23-Mar-25,Mktg,Customer appr.,Amazon gift c.,"5,686",manual Entry,TBD,needs mapping,Vendor invoice late
10 Feb-26,G&A,Accounting fees,Brandon,"3,241",Check,Erik,Posted,Map to GL 6100
05/29/26,Revenue,Product sales,Corp. clients,"7,590",cash,Alex - FP&A,,Check sign
2025-01-04,Services,Support tools,Zendesk / Gainsight,"5,207",manual Entry,TBD,posted,Ask owner
03/25/25,Sales,Sales commission,Payroll,"8,747",cash,,,
05/29/25,Marketing,Events & webinars,Various,"4,205",cash,finance ops,,Check sign
2026-03-11,Mktg,Paid media,Google / LinkedIn,"3,028",Pos,M. Chen,accrual,Vendor invoice late
03 Feb-25,Sales,CRM / RevOps tools,Salesforce / Outreach,"(5,682)",ERP,M. Chen,Posted,Check sign
2026-01-20,Revenue,Revenue,Retail Customer,"(8,523)",Check,Erik,manual adj,Timing issue
08-Dec-25,Services,Support tools,Zendesk / Gainsight,"4,211",Check,Erik,posted,Ask owner
30-Jun-25,Services,Support tools,Zendesk / Gainsight,633,Pos,,late invoice,Ask owner
01 Dec-25,G&A,Office rent,Landlord,"9,744",Pos,Alex - FP&A,late invoice,Check sign
2025-02-09,Mktg,Events & webinars,Various,"2,290",ERP,M. Chen,accrual,Check sign
2025-09-01,R&D,Cloud hosting,AWS / Datadog,"8,184",Pos,Andres,posted,Timing issue
02/20/25,COGS,Payroll - eng,Payroll,"9,880",ERP,Erik,posted,Check sign
25-Apr-25,Marketing,Paid media,Google / LinkedIn,"9,803",Check,M. Chen,Posted,Timing issue
02/20/25,COGS,Payroll - eng,Payroll,"6,610",Pos,TBD,needs mapping,
22 Oct-25,Mktg,Events & webinars,Various,"3,378",cash,Andres,,Timing issue
03 Sep-25,COGS,Cloud hosting,AWS / Datadog,"1,978",manual Entry,M. Chen,needs mapping,One-off item
27-Jan-25,Marketing,Paid media,Google / LinkedIn,"1,672",Check,Alex - FP&A,accrual,Map to GL 6100
09 Jun-26,Sales,Sales commission,Payroll,"4,786",cash,M. Chen,,
2025-04-21,COGS,Materials,Electric house,"(3,124)",Pos,TBD,manual adj,Ask owner
25-Dec-25,COGS,Cloud hosting,AWS / Datadog,"2,515",ERP,Alex - FP&A,Posted,Vendor invoice late
2025-09-14,Revenue,Service,Corp. clients,"(7,967)",cash,,accrual,Check sign
2025-10-01,Sales,CRM / RevOps tools,Salesforce / Outreach,"8,591",Pos,finance ops,needs mapping,Vendor invoice late
29-Mar-26,Marketing,Google Ads,Google / LinkedIn,169,manual Entry,Alex - FP&A,needs mapping,One-off item
26-Feb-25,COGS,Cloud hosting,AWS / Datadog,"9,548",cash,Andres,manual adj,Vendor invoice late
2025-02-04,Mktg,Customer appr.,Gift hamper,"1,533",manual Entry,finance ops,,One-off item
14-Oct-25,Services,Support tools,Zendesk / Gainsight,"(9,190)",cash,Erik,late invoice,One-off item
10 Jul-25,Marketing,Paid media,Google / LinkedIn,"3,756",ERP,TBD,accrual,Timing issue
02-Jun-25,Mktg,Paid media,Google / LinkedIn,"6,983",Pos,Alex - FP&A,needs mapping,Timing issue
2026-01-17,Marketing,Paid media,Google / LinkedIn,"9,121",Pos,TBD,,Map to GL 6100
09/19/25,Marketing,Paid media,Google / LinkedIn,"7,635",Pos,Erik,manual adj,One-off item
2025-10-26,COGS,Payroll - eng,Payroll,"9,809",manual Entry,finance ops,posted,Vendor invoice late
04 Sep-25,R&D,Payroll - eng,Payroll,"7,952",Pos,,,Ask owner
06/01/26,Marketing,Events & webinars,Various,"9,542",cash,Andres,manual adj,Check sign
08-Dec-25,COGS,Payroll - eng,Payroll,"2,911",Pos,M. Chen,Posted,Ask owner
12 May-25,Sales,CRM / RevOps tools,Salesforce / Outreach,"4,826",Pos,,Posted,Check sign
22-Jul-25,Mktg,Paid media,Google / LinkedIn,437,Pos,M. Chen,late invoice,One-off item
11-Jan-26,R&D,Cloud hosting,AWS / Datadog,"7,179",cash,M. Chen,,Check sign
2026-05-21,Mktg,Paid media,Google / LinkedIn,552,cash,finance ops,Posted,Timing issue
23-Feb-26,COGS,Materials,Home Depot,"7,554",manual Entry,M. Chen,needs mapping,Ask owner
29-Nov-25,Revenue,Product sales,Retail Customer,"2,524",Check,finance ops,accrual,One-off item
24-Jul-25,COGS,Payroll - eng,Payroll,"(9,572)",Check,Andres,needs mapping,Check sign
07 Jul-26,Mktg,Paid media,Google / LinkedIn,"9,437",cash,Alex - FP&A,needs mapping,Ask owner
21-Apr-26,R&D,AI automation,n8n,"(1,451)",manual Entry,TBD,late invoice,Vendor invoice late
19-Apr-25,Services,Support tools,Zendesk / Gainsight,"3,550",Pos,Alex - FP&A,,Timing issue
19 Feb-25,G&A,Accounting fees,Jason CPA,"(4,225)",Pos,Andres,late invoice,Check sign
04 Jul-25,Mktg,Customer appr.,Soccer Ticket,"1,597",Pos,Erik,posted,Check sign
12 May-25,COGS,Materials,Home Depot,"2,245",cash,Alex - FP&A,accrual,
02-Oct-25,Marketing,Google Ads,Google / LinkedIn,"8,090",manual Entry,,Posted,
2025-06-08,Marketing,Customer appr.,Gift hamper,"9,282",ERP,TBD,,Timing issue
04 Apr-26,G&A,Office rent,Landlord,521,Pos,Andres,accrual,Map to GL 6100
24-Jul-25,G&A,Accounting fees,Brandon,"1,684",Check,finance ops,manual adj,Check sign
01-May-25,Services,Support tools,Zendesk / Gainsight,"1,623",Pos,Andres,accrual,Timing issue
2025-11-30,Services,Prof services,Implementation clients,"8,259",cash,Erik,Posted,Vendor invoice late
13 Nov-25,G&A,Legal fees,Europa Law firm,"7,111",ERP,Andres,late invoice,
2025-05-13,Mktg,Paid media,Google / LinkedIn,"2,571",manual Entry,Andres,late invoice,
27-Jun-25,Marketing,Events & webinars,Various,"2,205",manual Entry,M. Chen,accrual,Check sign
12 Jan-25,R&D,Cloud hosting,AWS / Datadog,"2,022",Check,M. Chen,late invoice,Vendor invoice late
2026-01-20,Sales,Payroll - sales,Payroll,"4,408",cash,Alex - FP&A,,Check sign
04 Apr-26,R&D,Payroll - eng,Payroll,"4,805",ERP,TBD,posted,Ask owner
04-Jul-26,Sales,CRM / RevOps tools,Salesforce / Outreach,"3,434",manual Entry,Erik,accrual,Timing issue
10 Feb-26,G&A,Legal fees,Europa Law firm,"8,991",manual Entry,Andres,,Vendor invoice late
2025-11-30,COGS,Payroll - eng,Payroll,"8,689",Check,,Posted,Vendor invoice late
25 Feb-25,Revenue,Subscr. revenue,Retail Customer,"(4,708)",Pos,M. Chen,accrual,Map to GL 6100
23 Jun-26,Mktg,Paid media,Google / LinkedIn,"8,807",ERP,TBD,manual adj,Timing issue
11/26/25,Mktg,Events & webinars,Various,"4,814",Check,finance ops,manual adj,
01/27/26,Sales,Payroll - sales,Payroll,876,Pos,,needs mapping,Check sign
2025-07-13,Sales,Payroll - sales,Payroll,"5,251",Check,TBD,late invoice,Map to GL 6100
22 Mar-26,Services,Prof services,Implementation clients,"2,718",Check,M. Chen,manual adj,Ask owner
2025-07-13,R&D,AI automation,n8n,"7,820",manual Entry,finance ops,accrual,Check sign
11-Feb-25,Marketing,Events & webinars,Various,"9,647",manual Entry,Andres,Posted,
21-Jul-25,G&A,Office rent,Landlord,"9,347",ERP,TBD,accrual,Ask owner
2025-06-08,R&D,AI automation,n8n,"(7,167)",cash,finance ops,Posted,Timing issue
25-May-26,Revenue,Revenue,Retail Customer,"2,679",cash,TBD,accrual,Ask owner
10 Feb-26,Revenue,Service,Retail Customer,"(5,855)",Pos,finance ops,manual adj,
03-Mar-25,COGS,Materials,Electric house,"1,423",ERP,Andres,needs mapping,Map to GL 6100
04/20/25,Marketing,Paid media,Google / LinkedIn,"(7,734)",Pos,finance ops,accrual,Map to GL 6100
06 Jan-26,Services,Support tools,Zendesk / Gainsight,"2,091",manual Entry,M. Chen,posted,Vendor invoice late
2025-08-08,G&A,Legal fees,Europa Law firm,"3,854",Check,Andres,late invoice,One-off item
22-Apr-26,Sales,Payroll - sales,Payroll,"1,218",manual Entry,M. Chen,needs mapping,
06/28/25,Sales,Payroll - sales,Payroll,"2,404",manual Entry,Alex - FP&A,needs mapping,Vendor invoice late
2025-12-17,Marketing,Customer appr.,Gift hamper,"8,275",ERP,TBD,needs mapping,Timing issue
25-Dec-25,COGS,Materials,Johnsons Supply,"7,805",Check,Erik,needs mapping,Ask owner
07/11/26,Mktg,Events & webinars,Various,"9,893",ERP,Andres,Posted,One-off item
02/21/26,G&A,Legal fees,Europa Law firm,"2,719",ERP,Andres,,Vendor invoice late
2025-04-08,Mktg,Events & webinars,Various,"3,347",Check,finance ops,needs mapping,Ask owner
14 Aug-25,Revenue,Revenue,Corp. clients,"2,551",manual Entry,finance ops,,Vendor invoice late
27 May-25,Sales,Sales commission,Payroll,"1,474",ERP,Erik,Posted,One-off item
2025-10-01,Mktg,Events & webinars,Various,"1,089",manual Entry,TBD,needs mapping,Vendor invoice late
29-Jan-26,Marketing,Paid media,Google / LinkedIn,"(4,675)",Pos,Erik,needs mapping,Map to GL 6100
06/04/26,R&D,Payroll - eng,Payroll,"7,984",ERP,finance ops,Posted,Ask owner
31 May-26,R&D,AI automation,n8n,"(5,491)",manual Entry,Alex - FP&A,manual adj,Vendor invoice late
02-Oct-25,Services,Support tools,Zendesk / Gainsight,"3,487",Pos,M. Chen,,
17 Mar-25,Revenue,Product sales,Retail Customer,"(4,072)",cash,M. Chen,late invoice,Ask owner
05/29/26,Revenue,Subscr. revenue,Retail Customer,"1,828",Check,M. Chen,,
29 Jun-26,Sales,Payroll - sales,Payroll,"7,722",Pos,M. Chen,needs mapping,Ask owner
12 Jan-25,Revenue,Service,Corp. clients,"5,079",Pos,,late invoice,One-off item
26-Jun-26,G&A,Accounting fees,Jason CPA,"3,755",cash,Alex - FP&A,needs mapping,Map to GL 6100
2025-02-04,Sales,Sales commission,Payroll,"4,041",Check,,manual adj,Map to GL 6100
2025-12-04,G&A,Office rent,Landlord,304,ERP,finance ops,,Map to GL 6100
04/05/25,COGS,Cloud hosting,AWS / Datadog,"7,484",manual Entry,Andres,posted,
03-Mar-25,Sales,Payroll - sales,Payroll,"3,023",ERP,Alex - FP&A,Posted,One-off item
2025-07-26,R&D,AI automation,n8n,(654),ERP,Andres,accrual,Timing issue
2025-09-14,Mktg,Customer appr.,Soccer Ticket,"2,294",manual Entry,Andres,,Ask owner
04 Apr-26,R&D,Cloud hosting,AWS / Datadog,"3,811",cash,,late invoice,One-off item
21-Apr-26,Revenue,Service,Retail Customer,"9,846",manual Entry,M. Chen,manual adj,Map to GL 6100
2025-06-22,Marketing,Customer appr.,Gift hamper,"4,956",ERP,,accrual,Timing issue
27-Jan-25,Services,Prof services,Implementation clients,"(3,232)",Pos,finance ops,late invoice,One-off item
11/06/25,G&A,Legal fees,Buchalter,"4,704",Check,finance ops,posted,Timing issue
31 May-26,Marketing,Paid media,Google / LinkedIn,"1,303",ERP,M. Chen,needs mapping,Ask owner
07/11/26,Sales,Sales commission,Payroll,"3,497",manual Entry,Alex - FP&A,manual adj,
2025-12-30,Marketing,Events & webinars,Various,"(3,498)",Check,Andres,Posted,Map to GL 6100
18 Jan-26,Sales,Payroll - sales,Payroll,"9,929",Check,M. Chen,needs mapping,Check sign
30 Mar-25,R&D,Payroll - eng,Payroll,"(7,646)",Check,Erik,manual adj,Vendor invoice late
2025-08-19,Sales,CRM / RevOps tools,Salesforce / Outreach,"6,179",cash,M. Chen,posted,
22 Apr-25,Mktg,Customer appr.,Amazon gift c.,"(5,249)",Pos,Erik,,Map to GL 6100
2026-03-08,Revenue,Product sales,Retail Customer,"6,147",cash,Andres,Posted,
31 May-26,G&A,Office rent,Landlord,"(5,587)",manual Entry,,manual adj,Ask owner
08-May-25,Marketing,Events & webinars,Various,"(6,495)",manual Entry,Alex - FP&A,accrual,Check sign
2025-10-01,Sales,CRM / RevOps tools,Salesforce / Outreach,"9,855",Check,Alex - FP&A,manual adj,Map to GL 6100
09/05/25,Mktg,Paid media,Google / LinkedIn,252,Check,M. Chen,accrual,
12/07/25,Sales,CRM / RevOps tools,Salesforce / Outreach,"7,078",Check,,accrual,Vendor invoice late
2026-03-08,Revenue,Revenue,Retail Customer,"4,159",cash,Erik,accrual,Timing issue
03 Sep-25,COGS,Payroll - eng,Payroll,"4,225",ERP,Alex - FP&A,posted,Map to GL 6100
2025-09-01,R&D,Payroll - eng,Payroll,"3,946",ERP,finance ops,Posted,
22 Mar-26,Marketing,Paid media,Google / LinkedIn,"5,198",Pos,Alex - FP&A,late invoice,
03 Jul-26,Mktg,Events & webinars,Various,"6,074",Check,Andres,needs mapping,Vendor invoice late
05/04/25,Services,Prof services,Implementation clients,246,Pos,,accrual,Map to GL 6100
11-Feb-25,G&A,Legal fees,Europa Law firm,(424),manual Entry,Andres,accrual,Timing issue
20-Mar-26,Mktg,Events & webinars,Various,"2,705",Pos,TBD,needs mapping,One-off item
18 Aug-25,COGS,Materials,Walmart,"7,415",Pos,finance ops,needs mapping,Timing issue
09/12/25,Services,Prof services,Implementation clients,"8,792",ERP,Andres,manual adj,Check sign
28-Jul-25,R&D,AI automation,n8n,795,cash,,Posted,One-off item
2026-04-18,Sales,Payroll - sales,Payroll,"(8,606)",cash,,late invoice,Map to GL 6100
2025-12-17,Mktg,Customer appr.,Amazon gift c.,"9,909",Pos,Andres,Posted,Vendor invoice late
11/26/25,Sales,Payroll - sales,Payroll,"8,592",cash,Alex - FP&A,manual adj,
07 Apr-26,Services,Support tools,Zendesk / Gainsight,"5,081",manual Entry,Andres,accrual,Vendor invoice late
11 Dec-25,G&A,Legal fees,Buchalter,"2,178",cash,,,Map to GL 6100
2025-09-07,Mktg,Paid media,Google / LinkedIn,"6,725",cash,TBD,needs mapping,Check sign
22-Apr-26,Services,Support tools,Zendesk / Gainsight,"8,059",manual Entry,TBD,accrual,One-off item
05-Jun-25,Services,Support tools,Zendesk / Gainsight,"9,452",cash,TBD,late invoice,Vendor invoice late
21-Jun-26,R&D,Cloud hosting,AWS / Datadog,445,Check,,manual adj,Vendor invoice late
10 Nov-25,Sales,Sales commission,Payroll,"7,980",manual Entry,finance ops,Posted,Ask owner
04-May-26,Revenue,Subscr. revenue,Corp. clients,"2,132",ERP,M. Chen,manual adj,
09 Nov-25,R&D,Payroll - eng,Payroll,"(4,109)",Pos,finance ops,needs mapping,Check sign
29-Mar-26,COGS,Cloud hosting,AWS / Datadog,"6,480",ERP,Erik,Posted,Vendor invoice late
02 Apr-26,G&A,Legal fees,Europa Law firm,"(1,710)",cash,finance ops,posted,
31-May-25,Mktg,Paid media,Google / LinkedIn,"(8,267)",ERP,finance ops,manual adj,Timing issue
10/05/25,Marketing,Events & webinars,Various,"7,202",Pos,Erik,manual adj,Check sign
05/22/26,R&D,AI automation,n8n,"6,666",Pos,finance ops,accrual,One-off item
2025-06-24,Sales,CRM / RevOps tools,Salesforce / Outreach,"8,117",manual Entry,TBD,manual adj,One-off item
31-Aug-25,Revenue,Subscr. revenue,Corp. clients,"2,495",Pos,Alex - FP&A,posted,One-off item
21-Sep-25,COGS,Materials,Walmart,"2,986",Pos,finance ops,manual adj,Vendor invoice late
2025-05-02,G&A,Accounting fees,Jason CPA,892,Pos,Erik,,One-off item
29-Nov-25,COGS,Cloud hosting,AWS / Datadog,"6,383",Check,finance ops,late invoice,
05/15/25,COGS,Materials,Home Depot,"8,340",cash,M. Chen,needs mapping,
2026-04-18,Mktg,Customer appr.,Soccer Ticket,"4,486",manual Entry,Andres,accrual,Vendor invoice late
15-Apr-25,Services,Prof services,Implementation clients,"(2,443)",ERP,finance ops,posted,Ask owner
16-Dec-25,R&D,AI automation,n8n,"(5,170)",manual Entry,Alex - FP&A,Posted,Vendor invoice late
03 Jul-26,R&D,Payroll - eng,Payroll,"2,496",Check,Erik,posted,Map to GL 6100
01/26/26,COGS,Payroll - eng,Payroll,"(3,317)",Check,Erik,late invoice,Check sign
07/12/26,G&A,Accounting fees,Jason CPA,"1,288",manual Entry,Andres,,
03/22/25,Revenue,Revenue,Corp. clients,"(5,145)",Check,M. Chen,Posted,Ask owner
09-Sep-25,COGS,Payroll - eng,Payroll,"2,657",cash,Erik,needs mapping,One-off item
2025-12-04,Revenue,Subscr. revenue,Retail Customer,"1,879",Pos,TBD,needs mapping,Ask owner
09-Mar-25,Services,Prof services,Implementation clients,481,cash,finance ops,,One-off item
04/17/25,G&A,Office rent,Landlord,"3,396",ERP,Andres,manual adj,One-off item
02-Mar-25,Services,Support tools,Zendesk / Gainsight,"4,861",Pos,Erik,posted,
01 Apr-26,Sales,CRM / RevOps tools,Salesforce / Outreach,"4,379",cash,TBD,manual adj,Map to GL 6100
01 Apr-26,Marketing,Google Ads,Google / LinkedIn,"3,322",manual Entry,Erik,needs mapping,
2025-06-22,Mktg,Customer appr.,Gift hamper,"(7,810)",manual Entry,Alex - FP&A,,Timing issue
16 Nov-25,COGS,Payroll - eng,Payroll,"8,915",ERP,Andres,,One-off item
11 May-25,R&D,Payroll - eng,Payroll,"6,300",Check,Andres,manual adj,Ask owner
07/11/26,COGS,Materials,Johnsons Supply,"(3,568)",manual Entry,Andres,,Vendor invoice late
01 Apr-26,Marketing,Paid media,Google / LinkedIn,"8,139",Check,finance ops,posted,Vendor invoice late
05/14/25,R&D,Cloud hosting,AWS / Datadog,"5,873",Pos,Andres,Posted,Vendor invoice late
12/13/25,R&D,Payroll - eng,Payroll,"(2,984)",Pos,,late invoice,Map to GL 6100
05/25/25,R&D,Payroll - eng,Payroll,"2,556",manual Entry,M. Chen,manual adj,One-off item
07-Mar-26,Revenue,Revenue,Corp. clients,"(6,684)",ERP,,Posted,One-off item
02/21/26,Marketing,Google Ads,Google / LinkedIn,"2,808",Check,,late invoice,Map to GL 6100
2025-04-10,Sales,Payroll - sales,Payroll,"4,207",Pos,,manual adj,One-off item
2025-12-14,Services,Support tools,Zendesk / Gainsight,"(2,159)",cash,finance ops,manual adj,Timing issue
2025-08-20,Marketing,Paid media,Google / LinkedIn,"(9,720)",manual Entry,TBD,late invoice,Map to GL 6100
2025-06-18,Marketing,Paid media,Google / LinkedIn,"9,018",manual Entry,Alex - FP&A,accrual,Timing issue
08/28/25,R&D,AI automation,n8n,"5,357",manual Entry,finance ops,Posted,Check sign
2025-04-08,R&D,Payroll - eng,Payroll,"7,758",manual Entry,Alex - FP&A,,Check sign
01/26/26,COGS,Materials,Walmart,"2,079",ERP,Andres,manual adj,
06 Jan-26,G&A,Accounting fees,Brandon,"(2,674)",ERP,TBD,accrual,Timing issue
06/26/25,Services,Support tools,Zendesk / Gainsight,"(7,219)",ERP,Erik,late invoice,One-off item
21 Dec-25,Sales,Payroll - sales,Payroll,15,manual Entry,Alex - FP&A,late invoice,One-off item
01 Jan-26,COGS,Materials,Johnsons Supply,"(6,065)",cash,M. Chen,,Ask owner
2025-11-07,Marketing,Google Ads,Google / LinkedIn,"(5,582)",Check,finance ops,manual adj,Vendor invoice late
03 Jan-26,Revenue,Revenue,Retail Customer,"(9,868)",Pos,Erik,late invoice,
2025-12-06,COGS,Materials,Home Depot,(610),Pos,TBD,accrual,Ask owner
03 Apr-26,Marketing,Paid media,Google / LinkedIn,"(7,543)",ERP,,manual adj,Check sign
04/27/25,COGS,Materials,Home Depot,"2,140",ERP,finance ops,posted,Map to GL 6100
15-Sep-25,Sales,CRM / RevOps tools,Salesforce / Outreach,"3,061",Check,,late invoice,Timing issue
2025-06-03,Marketing,Events & webinars,Various,(790),ERP,Erik,posted,Vendor invoice late
18 Jan-25,Sales,CRM / RevOps tools,Salesforce / Outreach,"6,988",cash,Erik,late invoice,Ask owner
09-Mar-25,Sales,Sales commission,Payroll,754,cash,finance ops,needs mapping,Vendor invoice late
20 Mar-25,R&D,AI automation,n8n,(281),cash,Andres,accrual,Ask owner
2025-12-30,COGS,Materials,Electric house,"(4,630)",manual Entry,M. Chen,posted,Check sign
01 Dec-25,COGS,Materials,Home Depot,99,Check,Alex - FP&A,Posted,One-off item
30-Jun-25,Revenue,Product sales,Corp. clients,410,cash,finance ops,needs mapping,One-off item
01/02/25,COGS,Payroll - eng,Payroll,"1,164",Check,finance ops,accrual,Timing issue
2025-08-20,Services,Support tools,Zendesk / Gainsight,"9,638",Check,Erik,manual adj,Ask owner
2026-01-04,COGS,Materials,Home Depot,556,ERP,TBD,late invoice,
29 Jun-26,Services,Prof services,Implementation clients,278,manual Entry,Andres,late invoice,
26 Feb-26,Sales,CRM / RevOps tools,Salesforce / Outreach,986,manual Entry,Alex - FP&A,manual adj,Timing issue
05/15/25,Mktg,Paid media,Google / LinkedIn,"1,450",cash,finance ops,needs mapping,One-off item
05/13/26,Services,Support tools,Zendesk / Gainsight,"1,325",ERP,finance ops,accrual,Timing issue
13 Mar-25,G&A,Accounting fees,Brandon,"6,765",Pos,finance ops,needs mapping,Check sign
12/07/25,G&A,Legal fees,Buchalter,"3,741",ERP,finance ops,manual adj,Vendor invoice late
16 Apr-26,G&A,Accounting fees,Brandon,"5,272",cash,Andres,needs mapping,Check sign
2026-06-08,Services,Prof services,Implementation clients,"6,321",Check,Andres,accrual,Check sign
2025-08-16,Revenue,Revenue,Retail Customer,"5,632",manual Entry,Alex - FP&A,manual adj,Timing issue
12 Jan-25,Revenue,Product sales,Corp. clients,"5,442",ERP,Andres,accrual,One-off item
26-Dec-25,Marketing,Google Ads,Google / LinkedIn,"6,845",Check,Andres,posted,Map to GL 6100
06/23/25,G&A,Legal fees,Buchalter,927,Check,M. Chen,posted,Map to GL 6100
11-Feb-25,Mktg,Customer appr.,Soccer Ticket,"9,820",ERP,,accrual,Map to GL 6100
12 May-25,Mktg,Customer appr.,Amazon gift c.,"3,329",cash,M. Chen,Posted,Vendor invoice late
2025-07-19,Sales,Sales commission,Payroll,"5,115",cash,Andres,,Timing issue
18 Jan-26,Marketing,Customer appr.,Gift hamper,"(3,370)",manual Entry,,needs mapping,Timing issue
24-Feb-26,Mktg,Paid media,Google / LinkedIn,"9,927",cash,Alex - FP&A,Posted,Ask owner
12/13/25,Mktg,Events & webinars,Various,"6,914",Pos,Andres,manual adj,Map to GL 6100
02-Jun-25,Sales,Payroll - sales,Payroll,"9,591",Check,,late invoice,Vendor invoice late
17 Sep-25,G&A,Accounting fees,Brandon,"6,981",ERP,Erik,needs mapping,One-off item
03/31/26,COGS,Payroll - eng,Payroll,"2,530",Pos,TBD,late invoice,
19 Feb-25,R&D,AI automation,n8n,"(6,175)",cash,Erik,,Timing issue
05-Feb-25,Marketing,Events & webinars,Various,"3,785",Check,M. Chen,posted,Ask owner
08-Nov-25,COGS,Payroll - eng,Payroll,"3,670",Pos,,posted,One-off item
2025-06-22,R&D,AI automation,n8n,"7,867",ERP,TBD,manual adj,One-off item
2026-05-07,COGS,Cloud hosting,AWS / Datadog,"9,141",Check,finance ops,manual adj,Vendor invoice late
2026-03-05,Marketing,Paid media,Google / LinkedIn,"3,780",cash,,late invoice,Vendor invoice late
02/12/25,Mktg,Events & webinars,Various,"(5,673)",manual Entry,Erik,Posted,Map to GL 6100
2025-03-19,Services,Prof services,Implementation clients,"2,320",Pos,M. Chen,,Vendor invoice late
07 Feb-26,R&D,AI automation,n8n,"6,702",cash,,manual adj,Timing issue
2025-11-18,COGS,Cloud hosting,AWS / Datadog,"2,496",cash,TBD,late invoice,Timing issue
2025-11-19,Revenue,Revenue,Corp. clients,"7,012",cash,M. Chen,,Check sign
2025-01-14,Sales,Payroll - sales,Payroll,"7,541",Check,Erik,,Timing issue
2026-05-01,Marketing,Google Ads,Google / LinkedIn,"3,727",cash,TBD,manual adj,Ask owner
23-Mar-25,Sales,CRM / RevOps tools,Salesforce / Outreach,"6,939",manual Entry,TBD,late invoice,Vendor invoice late
26 Sep-25,G&A,Office rent,Landlord,"4,216",manual Entry,,,Check sign
06/26/25,Services,Prof services,Implementation clients,"4,896",ERP,Erik,accrual,Check sign
2025-12-31,Mktg,Paid media,Google / LinkedIn,"1,231",manual Entry,finance ops,posted,Ask owner
01/05/26,Revenue,Product sales,Retail Customer,"9,722",Check,TBD,Posted,
24 Dec-25,Services,Prof services,Implementation clients,"4,365",Check,Alex - FP&A,posted,Timing issue
04-Jul-26,Marketing,Events & webinars,Various,"7,313",Check,Andres,Posted,
08 Jan-26,R&D,Cloud hosting,AWS / Datadog,"3,581",Check,M. Chen,Posted,Ask owner
11/06/25,R&D,Payroll - eng,Payroll,"9,140",Pos,,needs mapping,
22 Apr-25,Mktg,Events & webinars,Various,"2,723",Check,Alex - FP&A,Posted,One-off item
11-Sep-25,Revenue,Revenue,Retail Customer,"(2,679)",ERP,,,One-off item
09 Nov-25,Marketing,Google Ads,Google / LinkedIn,"(1,966)",Pos,M. Chen,accrual,Map to GL 6100
10 Oct-25,Revenue,Product sales,Retail Customer,"7,127",ERP,,late invoice,Ask owner
13 Jan-25,Revenue,Subscr. revenue,Corp. clients,"9,933",ERP,finance ops,posted,Vendor invoice late
23-Mar-25,Revenue,Subscr. revenue,Corp. clients,"4,501",Pos,,manual adj,Check sign
07 Jul-26,COGS,Cloud hosting,AWS / Datadog,330,cash,finance ops,accrual,Timing issue
2025-04-10,Marketing,Events & webinars,Various,"(5,617)",cash,finance ops,manual adj,Check sign
02/07/25,Marketing,Google Ads,Google / LinkedIn,"3,888",cash,M. Chen,late invoice,Map to GL 6100
2025-09-16,Marketing,Google Ads,Google / LinkedIn,"2,811",Pos,Erik,late invoice,Vendor invoice late
05/29/26,Mktg,Paid media,Google / LinkedIn,"(7,152)",Pos,Alex - FP&A,,Vendor invoice late
19 Jun-25,R&D,Payroll - eng,Payroll,"4,683",ERP,Erik,accrual,Timing issue
2026-06-08,Mktg,Paid media,Google / LinkedIn,"9,032",cash,finance ops,manual adj,Map to GL 6100
19 Mar-26,Revenue,Subscr. revenue,Corp. clients,"5,192",manual Entry,M. Chen,accrual,Vendor invoice late
10 Jul-25,Sales,Sales commission,Payroll,"(7,756)",ERP,finance ops,posted,Check sign
07-Mar-26,Mktg,Events & webinars,Various,"2,556",Check,M. Chen,,Timing issue
2025-09-16,G&A,Office rent,Landlord,"7,814",Pos,TBD,,
05/22/26,Services,Support tools,Zendesk / Gainsight,"5,612",ERP,TBD,Posted,Vendor invoice late
17-Feb-26,Services,Prof services,Implementation clients,"1,036",cash,TBD,accrual,One-off item
14-Oct-25,Revenue,Product sales,Corp. clients,"5,661",ERP,M. Chen,,One-off item
07 Jul-26,Mktg,Customer appr.,Soccer Ticket,"7,401",manual Entry,,posted,Timing issue
03/05/25,R&D,AI automation,n8n,"(7,144)",cash,Alex - FP&A,late invoice,One-off item
2025-06-08,Sales,Payroll - sales,Payroll,514,Pos,Andres,accrual,Timing issue
27-Jan-25,G&A,Accounting fees,Brandon,"(7,860)",ERP,,Posted,Check sign
03 Feb-25,Mktg,Customer appr.,Amazon gift c.,"2,309",Pos,Erik,manual adj,Vendor invoice late
2025-08-19,G&A,Office rent,Landlord,"8,611",ERP,TBD,Posted,Timing issue
17 Mar-25,Mktg,Events & webinars,Various,"(1,886)",ERP,Andres,,Check sign
2025-08-23,Mktg,Events & webinars,Various,"(5,442)",Check,,Posted,Map to GL 6100
19 Jun-25,R&D,Cloud hosting,AWS / Datadog,"3,835",manual Entry,TBD,,Map to GL 6100
2025-06-13,COGS,Cloud hosting,AWS / Datadog,"6,583",Check,TBD,,Timing issue
22-Apr-26,R&D,Cloud hosting,AWS / Datadog,569,cash,M. Chen,manual adj,Check sign
03 Jan-26,Mktg,Events & webinars,Various,"4,275",manual Entry,Alex - FP&A,needs mapping,Ask owner
20-Mar-26,Services,Support tools,Zendesk / Gainsight,"(5,042)",Check,finance ops,accrual,Vendor invoice late
31 May-26,Services,Prof services,Implementation clients,"(3,381)",manual Entry,Erik,accrual,Check sign
06-Jun-26,Mktg,Events & webinars,Various,"6,702",cash,Andres,posted,Check sign
18-Mar-26,Services,Support tools,Zendesk / Gainsight,"4,045",cash,M. Chen,late invoice,Vendor invoice late
10 Feb-26,Services,Support tools,Zendesk / Gainsight,"1,387",Check,,needs mapping,Timing issue
16-Jan-26,Sales,Payroll - sales,Payroll,"3,859",manual Entry,,manual adj,One-off item
31-Mar-25,Mktg,Paid media,Google / LinkedIn,"(3,896)",Pos,finance ops,manual adj,
2025-10-26,R&D,Cloud hosting,AWS / Datadog,"(4,824)",ERP,Erik,posted,One-off item
11-Jan-26,Revenue,Product sales,Retail Customer,"1,377",ERP,TBD,manual adj,Check sign
06/04/26,COGS,Materials,Walmart,"(9,099)",Pos,Alex - FP&A,accrual,Map to GL 6100
2025-05-22,Sales,Sales commission,Payroll,"(2,131)",manual Entry,Andres,late invoice,
10/05/25,Sales,Sales commission,Payroll,"8,883",manual Entry,Andres,Posted,Vendor invoice late
27 Mar-25,COGS,Cloud hosting,AWS / Datadog,"(7,425)",Check,M. Chen,accrual,Ask owner
2026-03-11,Mktg,Paid media,Google / LinkedIn,"1,365",ERP,Andres,manual adj,Vendor invoice late
04-May-26,Marketing,Google Ads,Google / LinkedIn,"3,670",manual Entry,TBD,needs mapping,
04 Mar-25,Mktg,Paid media,Google / LinkedIn,"9,892",manual Entry,Andres,needs mapping,
06 Sep-25,G&A,Office rent,Landlord,"(6,361)",ERP,M. Chen,needs mapping,Ask owner
20-Mar-26,Services,Support tools,Zendesk / Gainsight,"(7,849)",Pos,Alex - FP&A,accrual,Check sign
30-Jul-25,Services,Prof services,Implementation clients,"6,121",ERP,M. Chen,needs mapping,Vendor invoice late
01/19/26,Revenue,Product sales,Corp. clients,"1,553",Check,Andres,needs mapping,Ask owner
2025-05-02,COGS,Materials,Home Depot,"7,046",cash,finance ops,,Timing issue
19 Feb-25,R&D,Cloud hosting,AWS / Datadog,"4,407",manual Entry,Andres,posted,Vendor invoice late
23-Apr-26,Mktg,Events & webinars,Various,"4,699",manual Entry,M. Chen,accrual,Timing issue
29 Oct-25,G&A,Office rent,Landlord,"(8,290)",Check,TBD,,One-off item
10 May-26,Services,Support tools,Zendesk / Gainsight,"1,433",ERP,Erik,posted,One-off item
20 Feb-26,Sales,Sales commission,Payroll,"4,271",Check,TBD,needs mapping,Check sign
2025-08-29,COGS,Cloud hosting,AWS / Datadog,"5,578",ERP,,,Map to GL 6100
21-Sep-25,Marketing,Paid media,Google / LinkedIn,"8,255",Check,M. Chen,accrual,One-off item
20 Jul-25,Mktg,Events & webinars,Various,123,manual Entry,Erik,accrual,Ask owner
13 Mar-25,Marketing,Google Ads,Google / LinkedIn,"6,073",Check,Andres,,Check sign
05/13/26,Services,Support tools,Zendesk / Gainsight,"9,684",manual Entry,Alex - FP&A,late invoice,One-off item
2025-10-15,Revenue,Subscr. revenue,Retail Customer,"9,268",ERP,M. Chen,Posted,Check sign
23-Mar-26,Services,Prof services,Implementation clients,"(8,618)",Check,Erik,accrual,
31-May-25,Marketing,Paid media,Google / LinkedIn,"9,345",Pos,,posted,Timing issue
05/03/26,Sales,Sales commission,Payroll,"3,945",ERP,Alex - FP&A,accrual,Check sign
2025-11-23,Services,Prof services,Implementation clients,"5,148",ERP,TBD,Posted,
29 Oct-25,Services,Prof services,Implementation clients,"(2,337)",Check,TBD,posted,Check sign
25-Jan-26,G&A,Accounting fees,Brandon,"5,392",Pos,M. Chen,manual adj,Timing issue
04/05/25,G&A,Accounting fees,Brandon,"2,986",Check,TBD,manual adj,One-off item
11-Mar-25,G&A,Office rent,Landlord,"(2,419)",Check,Alex - FP&A,needs mapping,Check sign
05/26/25,R&D,AI automation,n8n,"2,238",cash,Alex - FP&A,needs mapping,
15-Apr-25,G&A,Accounting fees,Jason CPA,"(8,841)",ERP,Andres,posted,
09-Jul-25,Marketing,Paid media,Google / LinkedIn,"(6,355)",Check,TBD,posted,
2026-01-20,G&A,Accounting fees,Brandon,"7,649",Check,Andres,accrual,One-off item
02/20/25,Marketing,Events & webinars,Various,"7,054",ERP,,Posted,Map to GL 6100
27-Mar-26,R&D,Cloud hosting,AWS / Datadog,"6,060",Check,Erik,needs mapping,One-off item
2025-07-12,R&D,Payroll - eng,Payroll,"8,513",ERP,TBD,late invoice,Timing issue
23-Mar-25,G&A,Accounting fees,Brandon,"(5,960)",manual Entry,,accrual,One-off item
17 Sep-25,Marketing,Customer appr.,Amazon gift c.,"3,693",Check,TBD,,
11/12/25,G&A,Legal fees,Buchalter,"(4,324)",Pos,TBD,accrual,One-off item
2026-03-05,R&D,Cloud hosting,AWS / Datadog,750,cash,,manual adj,Vendor invoice late
01/31/25,Sales,Payroll - sales,Payroll,"1,988",Check,Alex - FP&A,Posted,Timing issue
23-Feb-26,COGS,Payroll - eng,Payroll,"5,226",ERP,,,Vendor invoice late
28-Jul-25,Services,Prof services,Implementation clients,"7,624",Pos,Andres,needs mapping,
01 Dec-25,Revenue,Service,Retail Customer,"8,394",Check,TBD,manual adj,One-off item
17 May-25,Mktg,Customer appr.,Gift hamper,382,manual Entry,TBD,accrual,Map to GL 6100
03/25/25,COGS,Payroll - eng,Payroll,"(6,005)",Check,Alex - FP&A,manual adj,
30 Mar-25,Services,Support tools,Zendesk / Gainsight,"8,230",ERP,Alex - FP&A,accrual,Timing issue
10 Nov-25,COGS,Materials,Johnsons Supply,"9,596",Check,Erik,Posted,Ask owner
2026-01-31,Marketing,Events & webinars,Various,"1,925",manual Entry,Andres,late invoice,Timing issue
04/25/26,Sales,Payroll - sales,Payroll,"1,074",Check,M. Chen,needs mapping,One-off item
29-Jul-25,Services,Support tools,Zendesk / Gainsight,"(3,941)",manual Entry,Alex - FP&A,,One-off item
2025-05-20,G&A,Accounting fees,Brandon,"8,341",cash,Erik,Posted,Vendor invoice late
21-Feb-25,G&A,Legal fees,Buchalter,"(7,318)",manual Entry,,posted,Timing issue
2026-07-02,R&D,Payroll - eng,Payroll,831,manual Entry,M. Chen,Posted,Timing issue
18 Jan-26,Mktg,Paid media,Google / LinkedIn,"(4,745)",ERP,TBD,posted,
08/05/25,Sales,CRM / RevOps tools,Salesforce / Outreach,"5,217",manual Entry,finance ops,posted,One-off item
2025-10-08,COGS,Cloud hosting,AWS / Datadog,"7,212",ERP,Alex - FP&A,manual adj,One-off item
10 Jan-25,COGS,Cloud hosting,AWS / Datadog,"8,910",ERP,Andres,needs mapping,Ask owner
01 Apr-26,COGS,Materials,Electric house,"6,743",ERP,finance ops,Posted,One-off item
2025-09-16,G&A,Office rent,Landlord,"6,807",Check,Andres,accrual,Map to GL 6100
03/29/25,COGS,Payroll - eng,Payroll,"9,931",Pos,finance ops,manual adj,One-off item
16 Nov-25,R&D,Payroll - eng,Payroll,"7,355",cash,finance ops,,
2025-02-02,Marketing,Events & webinars,Various,"9,725",manual Entry,finance ops,manual adj,Timing issue
17 May-25,Sales,Sales commission,Payroll,"1,559",Pos,M. Chen,needs mapping,Map to GL 6100
08/05/25,G&A,Office rent,Landlord,"8,880",ERP,Andres,late invoice,Timing issue
06-Jun-26,Revenue,Revenue,Retail Customer,"4,531",Pos,Alex - FP&A,late invoice,Ask owner
07/01/26,R&D,Cloud hosting,AWS / Datadog,"3,966",cash,Alex - FP&A,late invoice,
10/17/25,Mktg,Paid media,Google / LinkedIn,"5,434",ERP,Erik,needs mapping,One-off item
12 Jan-25,Services,Support tools,Zendesk / Gainsight,"1,804",cash,Andres,needs mapping,Map to GL 6100
07/05/26,Sales,Payroll - sales,Payroll,"(5,960)",manual Entry,,needs mapping,One-off item
10/11/25,COGS,Materials,Electric house,"3,386",ERP,Erik,manual adj,Ask owner
04/25/26,Revenue,Product sales,Corp. clients,"2,582",ERP,finance ops,posted,Ask owner
07 Apr-26,Mktg,Customer appr.,Soccer Ticket,"1,138",cash,Alex - FP&A,Posted,One-off item
10/05/25,Services,Support tools,Zendesk / Gainsight,"4,873",Check,finance ops,needs mapping,Vendor invoice late
31-Aug-25,Sales,Payroll - sales,Payroll,"7,595",cash,TBD,late invoice,Timing issue
2026-02-14,Services,Prof services,Implementation clients,749,Pos,M. Chen,late invoice,Timing issue
18 Oct-25,G&A,Office rent,Landlord,"1,390",manual Entry,Erik,manual adj,Map to GL 6100
2025-07-18,Mktg,Events & webinars,Various,"(4,498)",ERP,Alex - FP&A,needs mapping,Timing issue
01/19/25,Sales,CRM / RevOps tools,Salesforce / Outreach,"4,262",manual Entry,finance ops,posted,Check sign
23 Jun-26,Revenue,Product sales,Retail Customer,"3,455",manual Entry,Alex - FP&A,posted,One-off item
2026-04-18,Mktg,Paid media,Google / LinkedIn,"5,867",Check,M. Chen,late invoice,Map to GL 6100
05/29/26,Sales,Payroll - sales,Payroll,"8,038",Check,Erik,needs mapping,Timing issue
2025-01-14,Mktg,Events & webinars,Various,"9,920",manual Entry,,posted,Check sign
10/31/25,Revenue,Product sales,Retail Customer,"8,583",Pos,Andres,accrual,Ask owner
14-Oct-25,G&A,Office rent,Landlord,"(2,098)",manual Entry,M. Chen,late invoice,Check sign
2025-08-16,Services,Prof services,Implementation clients,"(1,952)",ERP,Alex - FP&A,Posted,Timing issue
18 May-26,Sales,Payroll - sales,Payroll,"9,284",Pos,M. Chen,accrual,Ask owner
25-Apr-25,Services,Support tools,Zendesk / Gainsight,"8,135",cash,TBD,accrual,Timing issue
2025-08-08,Sales,Payroll - sales,Payroll,"2,967",ERP,Erik,accrual,
2025-07-12,Mktg,Customer appr.,Gift hamper,"(6,231)",manual Entry,Erik,needs mapping,Vendor invoice late
2026-04-10,G&A,Office rent,Landlord,"6,892",Pos,finance ops,needs mapping,Ask owner
2026-05-01,Marketing,Customer appr.,Gift hamper,"3,255",ERP,M. Chen,needs mapping,Timing issue
05/25/25,Revenue,Revenue,Corp. clients,"2,243",Pos,TBD,,
2025-11-23,Marketing,Google Ads,Google / LinkedIn,"6,527",manual Entry,finance ops,late invoice,One-off item
15-Apr-25,Sales,Payroll - sales,Payroll,"7,337",manual Entry,M. Chen,manual adj,Map to GL 6100
2025-04-02,Sales,Payroll - sales,Payroll,"(6,678)",Check,,manual adj,Ask owner
2025-05-13,COGS,Materials,Home Depot,10,cash,finance ops,manual adj,Check sign
10 Dec-25,COGS,Cloud hosting,AWS / Datadog,"6,609",ERP,Andres,posted,Ask owner
11/26/25,Services,Support tools,Zendesk / Gainsight,"6,209",cash,Erik,Posted,Map to GL 6100
01/26/26,Marketing,Google Ads,Google / LinkedIn,"3,024",Pos,Andres,,Check sign
07 Feb-26,R&D,Payroll - eng,Payroll,"2,055",cash,TBD,needs mapping,Map to GL 6100
14 Aug-25,Revenue,Subscr. revenue,Corp. clients,"1,393",Check,Andres,,Vendor invoice late
05/25/25,Marketing,Events & webinars,Various,"4,216",Pos,Andres,late invoice,Ask owner
03/22/25,Sales,Sales commission,Payroll,"6,423",Check,Erik,Posted,Check sign
07/09/26,Revenue,Subscr. revenue,Corp. clients,867,Check,Erik,accrual,One-off item
2025-01-15,COGS,Materials,Electric house,"3,276",cash,M. Chen,Posted,Timing issue
2026-06-17,Revenue,Subscr. revenue,Retail Customer,976,Check,,,Map to GL 6100
2025-05-13,COGS,Materials,Johnsons Supply,"8,467",manual Entry,M. Chen,manual adj,Map to GL 6100
2025-12-09,COGS,Payroll - eng,Payroll,(830),cash,Alex - FP&A,needs mapping,Timing issue
2025-07-06,Revenue,Subscr. revenue,Retail Customer,"2,369",cash,finance ops,Posted,Vendor invoice late
24 Apr-26,COGS,Payroll - eng,Payroll,"(3,810)",Pos,TBD,needs mapping,Ask owner
2025-02-02,Services,Support tools,Zendesk / Gainsight,"9,459",cash,finance ops,posted,Timing issue
2026-01-31,Revenue,Revenue,Corp. clients,"6,433",cash,Andres,posted,One-off item
19-Apr-25,Marketing,Events & webinars,Various,"6,443",manual Entry,finance ops,accrual,Map to GL 6100
07-Mar-26,Revenue,Revenue,Corp. clients,"3,812",manual Entry,TBD,Posted,
04-Jul-26,Marketing,Paid media,Google / LinkedIn,652,manual Entry,M. Chen,Posted,
02/16/26,Revenue,Product sales,Corp. clients,"3,518",Check,Erik,late invoice,One-off item
26 Feb-26,COGS,Payroll - eng,Payroll,"4,455",ERP,Erik,,Vendor invoice late
11/11/25,Mktg,Events & webinars,Various,"3,771",manual Entry,TBD,Posted,One-off item
01/31/25,COGS,Materials,Electric house,"7,585",ERP,Andres,late invoice,Check sign
2025-11-27,Services,Prof services,Implementation clients,"6,757",cash,,accrual,
20 Oct-25,Sales,Payroll - sales,Payroll,"(8,125)",Check,,accrual,Timing issue
26 Feb-26,Mktg,Customer appr.,Amazon gift c.,"(3,582)",Check,Erik,accrual,Map to GL 6100
11-Mar-25,Marketing,Google Ads,Google / LinkedIn,"2,918",manual Entry,finance ops,manual adj,Vendor invoice late
10 Dec-25,Marketing,Customer appr.,Amazon gift c.,181,cash,Alex - FP&A,accrual,One-off item
13 Aug-25,Revenue,Product sales,Corp. clients,"7,835",Check,Erik,needs mapping,Ask owner
2025-04-08,Mktg,Customer appr.,Gift hamper,"2,567",manual Entry,,posted,Timing issue
2025-06-16,Services,Prof services,Implementation clients,"2,012",Check,finance ops,late invoice,Ask owner
27 Oct-25,Sales,Payroll - sales,Payroll,"3,071",Pos,TBD,posted,Ask owner
13 Mar-25,Mktg,Events & webinars,Various,"4,466",manual Entry,Erik,needs mapping,Ask owner
03 Feb-25,Services,Prof services,Implementation clients,"2,722",Check,M. Chen,late invoice,One-off item
06/01/25,Sales,Payroll - sales,Payroll,41,Pos,Alex - FP&A,,Ask owner
27-Jun-25,Mktg,Events & webinars,Various,"7,630",Check,finance ops,posted,Map to GL 6100
24 Sep-25,Marketing,Google Ads,Google / LinkedIn,"(6,688)",cash,finance ops,accrual,Vendor invoice late
2025-11-23,Sales,CRM / RevOps tools,Salesforce / Outreach,"4,209",Check,TBD,,Vendor invoice late
2025-04-08,R&D,Cloud hosting,AWS / Datadog,"9,683",Pos,Erik,Posted,Vendor invoice late
03 May-25,Revenue,Service,Corp. clients,"1,220",manual Entry,TBD,late invoice,Map to GL 6100
2025-01-04,COGS,Cloud hosting,AWS / Datadog,"7,689",Check,Erik,Posted,Check sign
01 Apr-26,Mktg,Customer appr.,Amazon gift c.,"(1,416)",manual Entry,Erik,manual adj,
12-Apr-25,Sales,CRM / RevOps tools,Salesforce / Outreach,"2,919",Pos,finance ops,late invoice,
01 Apr-26,Revenue,Service,Retail Customer,"2,739",manual Entry,Andres,needs mapping,Map to GL 6100
30 Mar-25,Services,Prof services,Implementation clients,"6,878",Pos,M. Chen,accrual,Timing issue
2026-03-25,Marketing,Events & webinars,Various,"1,664",cash,Erik,accrual,One-off item
03/05/25,Sales,Payroll - sales,Payroll,"9,603",Pos,Alex - FP&A,late invoice,Vendor invoice late
2025-09-16,Sales,CRM / RevOps tools,Salesforce / Outreach,"6,671",Pos,M. Chen,,
10 Jan-25,Revenue,Service,Corp. clients,"(6,312)",manual Entry,TBD,late invoice,One-off item
07-Aug-25,G&A,Office rent,Landlord,"5,116",cash,Erik,,One-off item
04 Mar-25,R&D,Payroll - eng,Payroll,"6,005",Pos,TBD,late invoice,One-off item
02 Mar-26,Marketing,Customer appr.,Amazon gift c.,"(8,587)",cash,,needs mapping,Ask owner
2025-01-14,G&A,Office rent,Landlord,"(8,742)",manual Entry,Erik,posted,Timing issue
2025-12-06,Mktg,Customer appr.,Soccer Ticket,"3,050",Pos,finance ops,manual adj,Ask owner
25-Apr-25,R&D,Cloud hosting,AWS / Datadog,"6,624",manual Entry,,,Vendor invoice late
2025-06-03,Services,Support tools,Zendesk / Gainsight,"4,852",cash,Alex - FP&A,accrual,Ask owner
11-Sep-25,Revenue,Revenue,Corp. clients,"1,469",cash,Alex - FP&A,late invoice,Timing issue
05/04/25,Marketing,Paid media,Google / LinkedIn,"6,181",manual Entry,Erik,accrual,Ask owner
05/15/25,Sales,CRM / RevOps tools,Salesforce / Outreach,"3,962",manual Entry,Erik,,Vendor invoice late
03/30/26,R&D,Payroll - eng,Payroll,(385),ERP,Erik,,Check sign
05/28/25,Services,Support tools,Zendesk / Gainsight,"2,699",manual Entry,Erik,Posted,One-off item
2026-06-08,R&D,AI automation,n8n,"8,042",Pos,Alex - FP&A,manual adj,Check sign
08-May-25,Services,Support tools,Zendesk / Gainsight,"6,332",Pos,Andres,,
29 Jun-26,R&D,AI automation,n8n,"9,658",manual Entry,Andres,accrual,Map to GL 6100
06/01/26,Marketing,Events & webinars,Various,305,Pos,Erik,accrual,Check sign
12-Apr-25,COGS,Cloud hosting,AWS / Datadog,"3,478",manual Entry,Andres,,Vendor invoice late
02/10/25,Revenue,Subscr. revenue,Retail Customer,"2,606",Pos,,,Vendor invoice late
03/05/25,Services,Prof services,Implementation clients,"(9,214)",cash,finance ops,needs mapping,Ask owner
10/31/25,Sales,CRM / RevOps tools,Salesforce / Outreach,"4,654",Check,,needs mapping,Timing issue
27 Mar-25,Services,Support tools,Zendesk / Gainsight,"1,504",ERP,M. Chen,late invoice,Timing issue
16 Apr-26,G&A,Accounting fees,Jason CPA,"8,640",manual Entry,Erik,posted,
26 Sep-25,R&D,Cloud hosting,AWS / Datadog,50,cash,Alex - FP&A,posted,
02/10/25,Mktg,Paid media,Google / LinkedIn,279,ERP,Erik,manual adj,Vendor invoice late
15-Apr-26,G&A,Accounting fees,Brandon,"(5,773)",Pos,finance ops,,Ask owner
12/23/25,R&D,Cloud hosting,AWS / Datadog,"4,792",cash,,needs mapping,Vendor invoice late
05/04/25,Revenue,Subscr. revenue,Corp. clients,"2,544",Check,TBD,Posted,Vendor invoice late
2025-10-15,Marketing,Customer appr.,Gift hamper,"4,795",ERP,finance ops,manual adj,Ask owner
20 Mar-25,R&D,Payroll - eng,Payroll,"(6,994)",Check,M. Chen,late invoice,Check sign
07 Mar-25,R&D,AI automation,n8n,"(9,915)",manual Entry,Erik,late invoice,One-off item
2025-01-23,Marketing,Google Ads,Google / LinkedIn,206,ERP,Andres,late invoice,Vendor invoice late
09/19/25,Mktg,Events & webinars,Various,"(5,016)",Check,Erik,late invoice,Vendor invoice late
07/11/26,Services,Prof services,Implementation clients,"7,046",Check,,late invoice,One-off item
09/12/25,Services,Support tools,Zendesk / Gainsight,"2,283",cash,,needs mapping,Timing issue
2026-04-18,COGS,Cloud hosting,AWS / Datadog,"7,705",Pos,M. Chen,needs mapping,Vendor invoice late
05/29/25,G&A,Legal fees,Buchalter,174,Check,M. Chen,late invoice,Timing issue
24 Dec-25,Revenue,Subscr. revenue,Retail Customer,"(8,284)",Pos,,manual adj,
17 May-25,Marketing,Customer appr.,Amazon gift c.,"8,059",cash,Alex - FP&A,needs mapping,Map to GL 6100
04 Feb-26,COGS,Cloud hosting,AWS / Datadog,"2,036",Check,M. Chen,manual adj,Map to GL 6100
16 Nov-25,Marketing,Events & webinars,Various,"1,739",Check,Erik,needs mapping,Vendor invoice late
07-Mar-26,R&D,AI automation,n8n,"4,284",Pos,Alex - FP&A,posted,Vendor invoice late
22 Oct-25,R&D,AI automation,n8n,"4,921",Pos,,accrual,
2026-06-19,Services,Support tools,Zendesk / Gainsight,"9,043",ERP,M. Chen,Posted,Check sign
12/13/25,COGS,Cloud hosting,AWS / Datadog,"8,644",ERP,M. Chen,accrual,Map to GL 6100
16 Nov-25,G&A,Accounting fees,Jason CPA,"7,031",cash,TBD,late invoice,One-off item
01/05/25,R&D,AI automation,n8n,"8,293",ERP,,late invoice,
01/24/26,Revenue,Service,Retail Customer,662,Pos,TBD,late invoice,Timing issue
2025-06-04,G&A,Legal fees,Europa Law firm,"(1,289)",cash,TBD,manual adj,Check sign
09-Jul-25,Mktg,Customer appr.,Gift hamper,"(5,144)",Pos,Alex - FP&A,needs mapping,
06/10/26,G&A,Legal fees,Europa Law firm,431,manual Entry,finance ops,posted,Ask owner
22-Apr-26,COGS,Payroll - eng,Payroll,"1,334",Check,finance ops,needs mapping,Timing issue
03/12/25,R&D,AI automation,n8n,"9,997",ERP,TBD,posted,Timing issue
20 Oct-25,Marketing,Google Ads,Google / LinkedIn,138,Pos,,late invoice,Timing issue
06/01/26,R&D,Payroll - eng,Payroll,"5,453",ERP,Erik,posted,Ask owner
2025-02-14,Marketing,Customer appr.,Soccer Ticket,"(9,773)",Pos,Erik,posted,
27-Jan-25,Mktg,Events & webinars,Various,"7,297",ERP,finance ops,manual adj,Ask owner
10 Mar-26,Mktg,Customer appr.,Amazon gift c.,906,Check,M. Chen,needs mapping,Check sign
28 Jun-26,Services,Prof services,Implementation clients,"1,061",Check,,late invoice,Timing issue
01/31/25,Revenue,Subscr. revenue,Corp. clients,"6,220",Pos,finance ops,manual adj,Map to GL 6100
08-Nov-25,Sales,Payroll - sales,Payroll,"1,040",Check,Erik,needs mapping,Vendor invoice late
02/16/26,R&D,AI automation,n8n,"3,692",Pos,Erik,posted,
04-Oct-25,Mktg,Customer appr.,Soccer Ticket,"8,226",Pos,TBD,,Ask owner
02/01/26,R&D,Payroll - eng,Payroll,"7,243",manual Entry,finance ops,late invoice,Vendor invoice late
30-Jul-25,Mktg,Events & webinars,Various,"3,051",Check,Erik,needs mapping,
28 Jun-26,Marketing,Customer appr.,Soccer Ticket,143,manual Entry,finance ops,,One-off item
25-May-26,Services,Prof services,Implementation clients,"(2,966)",cash,,accrual,One-off item
06 Sep-25,Sales,Sales commission,Payroll,"(2,911)",manual Entry,,accrual,One-off item
01-Mar-25,R&D,Payroll - eng,Payroll,"5,124",ERP,,late invoice,Timing issue
2025-07-26,R&D,AI automation,n8n,"3,892",Check,Alex - FP&A,posted,Check sign
2026-06-16,G&A,Legal fees,Buchalter,"7,437",ERP,M. Chen,,
2025-01-23,Marketing,Google Ads,Google / LinkedIn,"(6,795)",manual Entry,Erik,late invoice,Ask owner
06/26/25,R&D,Cloud hosting,AWS / Datadog,"5,803",cash,finance ops,Posted,Vendor invoice late
2025-05-19,COGS,Payroll - eng,Payroll,"7,065",Check,TBD,accrual,Vendor invoice late
2025-01-23,R&D,Payroll - eng,Payroll,290,cash,Erik,late invoice,Timing issue
05/03/26,Marketing,Paid media,Google / LinkedIn,(130),ERP,Andres,Posted,Check sign
05/25/25,COGS,Materials,Walmart,"6,031",ERP,Erik,manual adj,Vendor invoice late
03-Dec-25,COGS,Cloud hosting,AWS / Datadog,"4,112",Pos,M. Chen,late invoice,Ask owner
2025-12-18,G&A,Legal fees,Europa Law firm,"7,326",Pos,Erik,Posted,
2025-12-30,Sales,CRM / RevOps tools,Salesforce / Outreach,"(2,248)",Pos,Erik,,One-off item
11/12/25,Mktg,Events & webinars,Various,"9,967",cash,,manual adj,One-off item
14 Aug-25,Mktg,Events & webinars,Various,"5,608",cash,,accrual,
02/20/25,Services,Support tools,Zendesk / Gainsight,"8,590",manual Entry,Erik,,One-off item
2025-02-09,Marketing,Customer appr.,Soccer Ticket,"(7,403)",cash,TBD,Posted,Check sign
2025-06-08,R&D,Cloud hosting,AWS / Datadog,"1,687",Check,Erik,late invoice,Map to GL 6100
2026-03-08,COGS,Cloud hosting,AWS / Datadog,"(1,235)",Pos,TBD,posted,Map to GL 6100
2025-05-02,G&A,Office rent,Landlord,"4,662",Pos,Andres,,Check sign
24 Apr-26,G&A,Office rent,Landlord,"3,410",Check,M. Chen,needs mapping,Vendor invoice late
03 Feb-25,Revenue,Product sales,Corp. clients,"5,863",cash,M. Chen,,Map to GL 6100
01 Apr-26,Marketing,Events & webinars,Various,"(2,815)",cash,Erik,,Check sign
15-Feb-25,Revenue,Revenue,Retail Customer,"8,671",Check,,needs mapping,Check sign
23-Mar-26,Sales,Sales commission,Payroll,"4,342",Pos,,Posted,One-off item
2025-09-16,G&A,Accounting fees,Brandon,"2,224",manual Entry,Andres,,Timing issue
07/05/26,Revenue,Revenue,Corp. clients,"2,532",manual Entry,Andres,,Timing issue
2025-08-20,Revenue,Product sales,Corp. clients,"6,011",ERP,Andres,accrual,
01/05/25,Revenue,Revenue,Corp. clients,"7,365",cash,M. Chen,posted,Check sign
02/17/25,COGS,Payroll - eng,Payroll,"8,847",Pos,,accrual,Check sign
17 May-25,G&A,Accounting fees,Jason CPA,"4,295",Pos,TBD,manual adj,Check sign
05/15/25,Mktg,Customer appr.,Amazon gift c.,727,manual Entry,Erik,late invoice,Timing issue
02-Aug-25,COGS,Payroll - eng,Payroll,"5,451",ERP,TBD,accrual,Map to GL 6100
2025-04-02,Revenue,Revenue,Corp. clients,"3,241",Check,Alex - FP&A,needs mapping,Check sign
09-Mar-25,Revenue,Revenue,Corp. clients,"(1,041)",Pos,Andres,manual adj,One-off item
03 May-25,Marketing,Events & webinars,Various,"(9,097)",cash,,needs mapping,Map to GL 6100
2025-12-04,Sales,CRM / RevOps tools,Salesforce / Outreach,"3,305",manual Entry,TBD,Posted,One-off item
2026-07-02,COGS,Materials,Electric house,"8,090",cash,Andres,late invoice,One-off item
2026-06-19,Mktg,Paid media,Google / LinkedIn,"8,361",Pos,Alex - FP&A,needs mapping,Map to GL 6100
2025-10-08,COGS,Payroll - eng,Payroll,"6,589",manual Entry,Erik,posted,Map to GL 6100
2026-03-21,COGS,Cloud hosting,AWS / Datadog,"7,481",Check,M. Chen,accrual,
08 Jan-26,R&D,AI automation,n8n,"(6,481)",cash,M. Chen,manual adj,Map to GL 6100
2025-01-15,Marketing,Events & webinars,Various,"7,502",cash,Alex - FP&A,,Ask owner
31-May-25,Services,Support tools,Zendesk / Gainsight,"6,780",ERP,Andres,posted,
11-Jan-26,G&A,Office rent,Landlord,"4,758",Check,finance ops,posted,Vendor invoice late
2025-01-23,R&D,AI automation,n8n,"6,011",Check,M. Chen,,Check sign
08/27/25,G&A,Accounting fees,Jason CPA,"2,677",Pos,finance ops,,
13-Sep-25,Mktg,Events & webinars,Various,"(3,903)",ERP,Andres,posted,Map to GL 6100
01/19/26,Revenue,Service,Corp. clients,"5,451",Check,TBD,accrual,Map to GL 6100
04/05/25,Mktg,Paid media,Google / LinkedIn,"2,851",Pos,TBD,accrual,Ask owner
12/07/25,G&A,Legal fees,Europa Law firm,"6,083",Pos,finance ops,posted,
2025-09-14,COGS,Cloud hosting,AWS / Datadog,"3,210",Pos,Andres,Posted,Map to GL 6100
2025-04-08,R&D,Payroll - eng,Payroll,"(9,749)",manual Entry,finance ops,,One-off item
05-Feb-25,Revenue,Service,Corp. clients,"9,811",Check,,,Map to GL 6100
26 Sep-25,Sales,Sales commission,Payroll,"(9,059)",Check,M. Chen,Posted,One-off item
09-Sep-25,Services,Prof services,Implementation clients,"6,337",cash,finance ops,Posted,
05/29/25,R&D,Payroll - eng,Payroll,"5,924",cash,Erik,accrual,Vendor invoice late
21-Feb-25,Sales,CRM / RevOps tools,Salesforce / Outreach,751,ERP,Erik,Posted,One-off item
2025-01-14,COGS,Cloud hosting,AWS / Datadog,"1,957",manual Entry,TBD,manual adj,Check sign
2025-01-14,Revenue,Subscr. revenue,Corp. clients,"3,154",Check,M. Chen,manual adj,Vendor invoice late
27-Mar-26,COGS,Materials,Johnsons Supply,"(3,470)",Check,TBD,manual adj,Ask owner
05/06/26,Mktg,Events & webinars,Various,"6,347",cash,,manual adj,One-off item
22-Jul-25,Revenue,Revenue,Corp. clients,"9,128",Pos,TBD,,Timing issue
23-Mar-26,R&D,AI automation,n8n,"8,995",Check,finance ops,needs mapping,Vendor invoice late
12 Mar-26,Sales,Sales commission,Payroll,"3,427",Pos,,,Ask owner
2026-03-11,COGS,Materials,Home Depot,"(2,734)",ERP,Erik,accrual,Ask owner
2026-05-01,G&A,Accounting fees,Brandon,"3,663",ERP,Alex - FP&A,late invoice,Timing issue
10/31/25,G&A,Accounting fees,Brandon,"8,425",Pos,M. Chen,needs mapping,Map to GL 6100
2025-02-02,G&A,Office rent,Landlord,"(6,868)",ERP,,accrual,
05-Jun-25,R&D,Payroll - eng,Payroll,"5,621",Check,,manual adj,Map to GL 6100
10/17/25,R&D,AI automation,n8n,"(2,260)",Check,TBD,manual adj,One-off item
2025-11-30,COGS,Materials,Johnsons Supply,"8,756",ERP,,manual adj,One-off item
2025-11-14,COGS,Materials,Electric house,"(1,199)",Check,Alex - FP&A,accrual,Timing issue
2025-01-16,R&D,AI automation,n8n,"1,729",ERP,finance ops,Posted,Ask owner
2025-07-18,G&A,Office rent,Landlord,"8,679",Check,Andres,manual adj,Vendor invoice late
10/05/25,Services,Prof services,Implementation clients,"(5,182)",cash,,,Check sign
2026-01-31,R&D,Payroll - eng,Payroll,"1,073",cash,,needs mapping,Timing issue
04/27/25,Sales,CRM / RevOps tools,Salesforce / Outreach,"4,624",cash,M. Chen,late invoice,Map to GL 6100
2025-01-15,R&D,AI automation,n8n,"8,569",manual Entry,M. Chen,posted,Timing issue
18 Jan-25,Mktg,Paid media,Google / LinkedIn,165,Check,M. Chen,needs mapping,Timing issue
2025-11-18,Services,Prof services,Implementation clients,"6,088",Pos,TBD,accrual,One-off item
12 Mar-26,Revenue,Service,Retail Customer,"1,931",Check,,late invoice,Check sign
14 Jun-26,Mktg,Paid media,Google / LinkedIn,"1,748",manual Entry,TBD,late invoice,Map to GL 6100
2025-01-16,Mktg,Customer appr.,Amazon gift c.,"5,176",Pos,Erik,accrual,Timing issue
18-Jun-26,Mktg,Events & webinars,Various,"(3,851)",manual Entry,Erik,needs mapping,Vendor invoice late
05/29/26,COGS,Materials,Home Depot,"5,660",cash,Erik,manual adj,Map to GL 6100
06 Jan-26,Mktg,Events & webinars,Various,"4,331",ERP,,accrual,Check sign
25-May-26,Services,Support tools,Zendesk / Gainsight,"9,887",cash,,,
2025-04-02,G&A,Office rent,Landlord,"7,346",Check,,accrual,Map to GL 6100
03/12/25,G&A,Office rent,Landlord,"3,353",Pos,M. Chen,late invoice,Map to GL 6100
2026-04-18,Mktg,Events & webinars,Various,"4,686",Check,finance ops,needs mapping,
27-Jun-25,Marketing,Customer appr.,Gift hamper,"6,095",Check,Erik,accrual,Timing issue
09 Nov-25,COGS,Payroll - eng,Payroll,857,ERP,TBD,manual adj,Ask owner
16-Jan-26,Sales,Payroll - sales,Payroll,"9,574",Check,,late invoice,
10 Feb-26,Marketing,Customer appr.,Gift hamper,"(8,292)",manual Entry,Alex - FP&A,posted,One-off item
03/25/25,R&D,AI automation,n8n,"5,105",ERP,,Posted,Timing issue
2025-12-17,COGS,Cloud hosting,AWS / Datadog,"1,874",ERP,TBD,Posted,Timing issue
18 Oct-25,Sales,Payroll - sales,Payroll,"4,487",Check,TBD,manual adj,Check sign
2026-06-16,Mktg,Customer appr.,Amazon gift c.,"2,791",cash,TBD,,Check sign
12 May-25,Revenue,Service,Corp. clients,"3,110",manual Entry,,manual adj,Timing issue
03/10/25,G&A,Legal fees,Buchalter,"7,373",manual Entry,Andres,needs mapping,One-off item
21 Dec-25,Services,Support tools,Zendesk / Gainsight,"3,308",Pos,finance ops,manual adj,Map to GL 6100
2026-04-29,Sales,Payroll - sales,Payroll,"(9,378)",cash,M. Chen,,
2026-04-18,Sales,Payroll - sales,Payroll,56,ERP,Andres,,Check sign
27-Jun-25,Services,Prof services,Implementation clients,"4,999",Check,M. Chen,,Map to GL 6100
22-Apr-26,Sales,Sales commission,Payroll,"1,511",Check,finance ops,needs mapping,
11/11/25,Marketing,Google Ads,Google / LinkedIn,"3,299",ERP,Erik,manual adj,Map to GL 6100
29-Nov-25,Mktg,Paid media,Google / LinkedIn,"9,688",ERP,TBD,posted,Vendor invoice late
2026-06-08,Revenue,Revenue,Corp. clients,"5,508",Pos,M. Chen,needs mapping,Vendor invoice late
05/08/26,COGS,Cloud hosting,AWS / Datadog,"4,457",Check,finance ops,accrual,One-off item
01-Mar-25,Marketing,Google Ads,Google / LinkedIn,"8,437",ERP,Andres,Posted,Check sign
26-Jun-26,R&D,Cloud hosting,AWS / Datadog,"2,617",Pos,Andres,,Ask owner
02-Oct-25,COGS,Materials,Johnsons Supply,"9,609",cash,Andres,needs mapping,Map to GL 6100
06/10/26,COGS,Cloud hosting,AWS / Datadog,"6,514",cash,finance ops,,Check sign
19-Apr-25,Marketing,Paid media,Google / LinkedIn,"4,052",Pos,Alex - FP&A,posted,Vendor invoice late
2026-04-10,Marketing,Google Ads,Google / LinkedIn,"6,329",cash,,Posted,
02 Mar-26,G&A,Accounting fees,Jason CPA,"8,511",manual Entry,finance ops,needs mapping,
2025-05-20,Marketing,Customer appr.,Gift hamper,"4,453",ERP,finance ops,accrual,Ask owner
2026-05-28,Services,Support tools,Zendesk / Gainsight,"8,690",Pos,,,Check sign
2026-05-28,COGS,Materials,Home Depot,"7,673",cash,finance ops,needs mapping,Vendor invoice late
11/11/25,G&A,Accounting fees,Jason CPA,"7,968",manual Entry,Andres,needs mapping,Timing issue
2025-05-16,Revenue,Product sales,Retail Customer,"6,731",Pos,Erik,Posted,Map to GL 6100
30-Jul-25,Marketing,Paid media,Google / LinkedIn,"(3,202)",Pos,M. Chen,accrual,Map to GL 6100
14 Jun-26,Sales,CRM / RevOps tools,Salesforce / Outreach,"5,080",cash,,late invoice,Check sign
04/17/25,Marketing,Events & webinars,Various,"2,794",Pos,Alex - FP&A,,
01/02/25,Marketing,Events & webinars,Various,(702),Pos,,,Vendor invoice late
01/19/26,Sales,Payroll - sales,Payroll,"(8,229)",cash,Erik,posted,One-off item
03/22/25,Sales,Payroll - sales,Payroll,"4,400",cash,finance ops,,Ask owner
01/05/26,Mktg,Customer appr.,Gift hamper,"5,991",ERP,finance ops,manual adj,Vendor invoice late
20 Feb-26,Mktg,Events & webinars,Various,"3,585",manual Entry,TBD,,Check sign
06/01/26,Sales,CRM / RevOps tools,Salesforce / Outreach,"1,790",Check,TBD,,Ask owner
24 Dec-25,Mktg,Customer appr.,Amazon gift c.,"9,003",Pos,finance ops,,Check sign
24-Feb-26,Mktg,Customer appr.,Gift hamper,"(4,401)",Check,TBD,posted,
2026-03-11,Sales,CRM / RevOps tools,Salesforce / Outreach,"3,138",ERP,Erik,Posted,Ask owner
02/21/26,Services,Support tools,Zendesk / Gainsight,"7,491",manual Entry,TBD,late invoice,
01/05/26,Sales,Sales commission,Payroll,"2,948",Check,Alex - FP&A,late invoice,Map to GL 6100
06/26/25,COGS,Payroll - eng,Payroll,"8,033",ERP,TBD,Posted,Vendor invoice late
06/11/25,Services,Prof services,Implementation clients,"5,322",manual Entry,TBD,Posted,Map to GL 6100
19 Feb-25,Marketing,Events & webinars,Various,"2,078",manual Entry,M. Chen,accrual,Map to GL 6100
2026-05-01,COGS,Materials,Walmart,"1,255",Check,Alex - FP&A,Posted,
19-Apr-25,Revenue,Revenue,Corp. clients,"9,384",manual Entry,Alex - FP&A,needs mapping,Timing issue
21-Jul-25,COGS,Materials,Home Depot,"(1,001)",Pos,Erik,,One-off item
03 Mar-26,Revenue,Service,Retail Customer,"1,816",ERP,finance ops,,Ask owner
07/09/26,Sales,Sales commission,Payroll,"9,441",Pos,Andres,needs mapping,Ask owner
03 Jul-26,Sales,Sales commission,Payroll,"6,694",ERP,Andres,late invoice,Vendor invoice late
17 May-25,R&D,Cloud hosting,AWS / Datadog,"6,978",manual Entry,finance ops,late invoice,Check sign
12 Mar-26,Sales,CRM / RevOps tools,Salesforce / Outreach,"7,920",manual Entry,Erik,manual adj,One-off item
2025-12-04,G&A,Office rent,Landlord,"7,661",manual Entry,Alex - FP&A,needs mapping,
01/05/26,Marketing,Google Ads,Google / LinkedIn,"4,260",Pos,Alex - FP&A,posted,Ask owner
03 May-25,G&A,Legal fees,Buchalter,"(8,414)",Pos,M. Chen,needs mapping,
09/10/25,COGS,Materials,Walmart,"(7,128)",manual Entry,M. Chen,,Ask owner
2025-06-08,G&A,Legal fees,Europa Law firm,"4,075",Check,TBD,Posted,Vendor invoice late
14 Jun-26,Revenue,Revenue,Retail Customer,"(9,280)",Check,,needs mapping,One-off item
03 Sep-25,Revenue,Revenue,Corp. clients,"(5,552)",ERP,TBD,needs mapping,Map to GL 6100
14 Jun-26,Revenue,Product sales,Corp. clients,"1,506",ERP,,late invoice,Vendor invoice late
2026-05-07,Marketing,Events & webinars,Various,"2,375",Check,TBD,accrual,Map to GL 6100
2025-10-15,Sales,Payroll - sales,Payroll,"6,781",ERP,Alex - FP&A,accrual,Map to GL 6100
25 Feb-25,G&A,Accounting fees,Brandon,"8,934",Check,M. Chen,,
2026-02-14,Mktg,Customer appr.,Soccer Ticket,"(7,003)",Check,Alex - FP&A,posted,Ask owner
05-May-26,Mktg,Events & webinars,Various,"9,160",Check,finance ops,,
05-May-25,COGS,Cloud hosting,AWS / Datadog,"5,698",cash,finance ops,needs mapping,Ask owner
06/23/25,Sales,Sales commission,Payroll,"(4,640)",Pos,Erik,needs mapping,Check sign
2026-02-14,R&D,AI automation,n8n,"(1,954)",Pos,Andres,late invoice,Ask owner
2025-06-08,Mktg,Paid media,Google / LinkedIn,"(4,670)",ERP,M. Chen,manual adj,Ask owner
20-Mar-26,COGS,Payroll - eng,Payroll,"(8,555)",cash,Alex - FP&A,late invoice,Check sign
06 Sep-25,Mktg,Customer appr.,Amazon gift c.,"3,929",Pos,Erik,,Vendor invoice late
23-Apr-26,COGS,Cloud hosting,AWS / Datadog,(576),cash,Alex - FP&A,,Vendor invoice late
24-Apr-25,Mktg,Paid media,Google / LinkedIn,"9,094",ERP,,late invoice,Ask owner
07 Jul-26,Services,Prof services,Implementation clients,"2,349",cash,M. Chen,,One-off item
2025-06-18,Services,Prof services,Implementation clients,"1,400",Pos,M. Chen,Posted,Map to GL 6100
01-May-25,Services,Prof services,Implementation clients,"(3,342)",manual Entry,Erik,posted,Check sign
12-Apr-25,Revenue,Subscr. revenue,Retail Customer,"1,970",Pos,,manual adj,Vendor invoice late
24 Apr-26,Services,Prof services,Implementation clients,"3,371",cash,Alex - FP&A,Posted,Check sign
08-Nov-25,Marketing,Customer appr.,Gift hamper,694,Check,TBD,manual adj,Ask owner
23-Mar-26,Sales,Payroll - sales,Payroll,"7,872",Pos,M. Chen,posted,
06/04/26,R&D,AI automation,n8n,"1,942",cash,finance ops,Posted,Map to GL 6100
19 Feb-25,Services,Prof services,Implementation clients,"6,934",Check,,accrual,Map to GL 6100
2025-03-19,R&D,AI automation,n8n,"9,540",Pos,Alex - FP&A,Posted,Timing issue
09 Nov-25,Marketing,Events & webinars,Various,437,cash,Andres,accrual,Map to GL 6100
06/15/26,Marketing,Events & webinars,Various,"9,062",ERP,TBD,accrual,One-off item
2026-03-06,Services,Support tools,Zendesk / Gainsight,"5,592",Check,Erik,late invoice,Timing issue
06/26/25,Sales,CRM / RevOps tools,Salesforce / Outreach,"9,160",manual Entry,M. Chen,manual adj,Map to GL 6100
02/16/26,Mktg,Events & webinars,Various,355,Pos,finance ops,accrual,Timing issue
26 Sep-25,COGS,Cloud hosting,AWS / Datadog,"3,144",ERP,,posted,Timing issue
2026-06-19,COGS,Cloud hosting,AWS / Datadog,"2,815",Check,Alex - FP&A,manual adj,Ask owner
2025-11-14,Mktg,Customer appr.,Soccer Ticket,"8,303",cash,,manual adj,Vendor invoice late
07-Mar-26,COGS,Cloud hosting,AWS / Datadog,"3,413",ERP,Erik,needs mapping,Check sign
16 Mar-25,R&D,Cloud hosting,AWS / Datadog,"3,506",Check,Andres,accrual,Map to GL 6100
03/30/26,COGS,Materials,Johnsons Supply,"(1,943)",Pos,TBD,,
05/04/25,COGS,Cloud hosting,AWS / Datadog,"9,912",manual Entry,M. Chen,needs mapping,Vendor invoice late
20 Mar-25,Marketing,Paid media,Google / LinkedIn,"2,750",Check,Erik,accrual,One-off item
04-Jul-26,R&D,AI automation,n8n,"2,596",cash,M. Chen,posted,One-off item
29-Mar-26,COGS,Cloud hosting,AWS / Datadog,"2,072",ERP,Alex - FP&A,late invoice,One-off item
03 May-25,COGS,Cloud hosting,AWS / Datadog,"(2,362)",cash,finance ops,late invoice,Vendor invoice late
2025-04-08,Marketing,Google Ads,Google / LinkedIn,"4,297",Check,,accrual,Vendor invoice late
01/05/26,Revenue,Service,Corp. clients,"(5,989)",Check,M. Chen,accrual,
27-Mar-26,G&A,Legal fees,Europa Law firm,"3,399",cash,Erik,posted,Timing issue
2025-04-02,Marketing,Google Ads,Google / LinkedIn,"6,588",manual Entry,Andres,accrual,Vendor invoice late
23-Apr-26,Services,Support tools,Zendesk / Gainsight,"4,726",Check,Andres,needs mapping,
02/07/25,Marketing,Paid media,Google / LinkedIn,"(4,085)",manual Entry,Alex - FP&A,late invoice,Timing issue
24 Dec-25,Sales,CRM / RevOps tools,Salesforce / Outreach,"1,152",Pos,finance ops,needs mapping,Check sign
12 May-25,Mktg,Events & webinars,Various,"3,626",ERP,Andres,late invoice,Check sign
09-Jul-25,Services,Support tools,Zendesk / Gainsight,"9,494",manual Entry,,late invoice,
01/22/25,G&A,Accounting fees,Brandon,"(5,049)",Pos,,posted,Map to GL 6100
07/15/25,Mktg,Paid media,Google / LinkedIn,"9,549",Check,TBD,,Map to GL 6100
13 Nov-25,Services,Prof services,Implementation clients,"3,907",manual Entry,,accrual,Vendor invoice late
04 Feb-26,G&A,Legal fees,Europa Law firm,"1,772",Check,Erik,needs mapping,One-off item
25-Jan-26,COGS,Cloud hosting,AWS / Datadog,"(7,170)",cash,TBD,Posted,
10/11/25,G&A,Office rent,Landlord,"9,923",Check,,,Vendor invoice late
04/27/25,R&D,Cloud hosting,AWS / Datadog,"1,106",ERP,Andres,late invoice,Map to GL 6100
04/05/25,Mktg,Customer appr.,Gift hamper,"(3,677)",Check,TBD,needs mapping,
2025-09-01,COGS,Payroll - eng,Payroll,"3,418",manual Entry,TBD,Posted,Vendor invoice late
03 Apr-26,G&A,Legal fees,Buchalter,"2,355",ERP,Erik,,Map to GL 6100
10 Jan-25,G&A,Legal fees,Buchalter,"3,931",cash,M. Chen,Posted,Ask owner
06 Sep-25,G&A,Accounting fees,Brandon,"8,468",ERP,Alex - FP&A,,Map to GL 6100
09-Mar-25,R&D,Cloud hosting,AWS / Datadog,29,cash,,Posted,One-off item
25-Jan-26,Mktg,Customer appr.,Gift hamper,"4,923",manual Entry,M. Chen,Posted,Timing issue
06/10/26,R&D,AI automation,n8n,"1,595",manual Entry,M. Chen,Posted,
25-Apr-25,Mktg,Events & webinars,Various,"8,508",Pos,M. Chen,posted,One-off item
22 Jan-26,Revenue,Subscr. revenue,Corp. clients,"7,813",manual Entry,finance ops,accrual,
21-Jul-25,Revenue,Subscr. revenue,Retail Customer,395,Check,,posted,Ask owner
13 Mar-25,Services,Support tools,Zendesk / Gainsight,"7,289",Pos,Erik,late invoice,One-off item
22 Jan-26,Sales,Payroll - sales,Payroll,"2,606",cash,finance ops,accrual,One-off item
2025-06-16,Mktg,Paid media,Google / LinkedIn,"6,179",Check,finance ops,Posted,Ask owner
2025-11-23,G&A,Accounting fees,Brandon,"7,698",Check,Erik,needs mapping,One-off item
2025-01-04,Sales,CRM / RevOps tools,Salesforce / Outreach,"7,092",Check,Alex - FP&A,needs mapping,Check sign
06 Feb-25,Sales,CRM / RevOps tools,Salesforce / Outreach,"9,916",ERP,finance ops,accrual,
04 Jul-25,R&D,Payroll - eng,Payroll,"9,319",cash,,accrual,Map to GL 6100
08-Dec-25,COGS,Cloud hosting,AWS / Datadog,(81),Pos,M. Chen,posted,Ask owner
24-Jul-25,Services,Prof services,Implementation clients,"(9,531)",cash,Andres,Posted,Vendor invoice late
2026-03-11,Revenue,Revenue,Corp. clients,(724),Pos,,,Check sign
06/01/25,G&A,Office rent,Landlord,"7,684",Check,TBD,Posted,Map to GL 6100
23-Apr-26,COGS,Payroll - eng,Payroll,"7,905",cash,TBD,needs mapping,Ask owner
02/10/25,Revenue,Service,Corp. clients,"6,047",ERP,M. Chen,late invoice,Map to GL 6100
2025-11-07,Services,Support tools,Zendesk / Gainsight,"7,266",ERP,Andres,,Timing issue
24-Jul-25,Services,Support tools,Zendesk / Gainsight,"3,929",Check,,needs mapping,Timing issue
18-Mar-26,COGS,Materials,Home Depot,756,Pos,finance ops,,Check sign
06/28/25,Marketing,Customer appr.,Gift hamper,"(9,570)",Check,Erik,manual adj,
02/15/26,Revenue,Subscr. revenue,Corp. clients,"2,444",Check,TBD,posted,Map to GL 6100
09/12/25,G&A,Accounting fees,Jason CPA,"2,124",manual Entry,Andres,late invoice,Map to GL 6100
10 Jul-25,Services,Support tools,Zendesk / Gainsight,"4,099",manual Entry,Andres,accrual,Vendor invoice late
2026-06-08,R&D,Payroll - eng,Payroll,"3,609",ERP,Andres,accrual,One-off item
2025-07-19,COGS,Cloud hosting,AWS / Datadog,"7,136",Pos,Alex - FP&A,posted,Timing issue
2025-06-24,Services,Support tools,Zendesk / Gainsight,631,Pos,,late invoice,One-off item
12/07/25,Revenue,Service,Corp. clients,"(6,857)",Pos,Alex - FP&A,,
13 Jan-25,COGS,Payroll - eng,Payroll,"4,419",ERP,TBD,Posted,Check sign
02/12/25,Sales,CRM / RevOps tools,Salesforce / Outreach,(695),Pos,M. Chen,accrual,Ask owner
22 Apr-25,Marketing,Paid media,Google / LinkedIn,"2,565",Pos,,manual adj,Map to GL 6100
07 Jul-26,Services,Support tools,Zendesk / Gainsight,"9,406",manual Entry,,posted,
02/20/25,Sales,CRM / RevOps tools,Salesforce / Outreach,"4,100",Pos,Andres,needs mapping,Vendor invoice late
19-Apr-25,Revenue,Revenue,Retail Customer,"7,294",manual Entry,M. Chen,accrual,One-off item
23-Feb-26,Services,Prof services,Implementation clients,"8,757",Pos,Erik,accrual,Timing issue
2026-05-21,Mktg,Customer appr.,Amazon gift c.,"1,447",Pos,TBD,needs mapping,
20 Jul-25,Services,Support tools,Zendesk / Gainsight,"8,943",Check,Alex - FP&A,,One-off item
03/22/25,Mktg,Paid media,Google / LinkedIn,"(6,430)",manual Entry,TBD,needs mapping,
20 Jul-25,G&A,Office rent,Landlord,"6,334",cash,Erik,needs mapping,Vendor invoice late
04/20/25,G&A,Office rent,Landlord,"4,454",manual Entry,finance ops,Posted,Vendor invoice late
2026-07-02,Marketing,Events & webinars,Various,761,Pos,M. Chen,accrual,Vendor invoice late
07 Apr-26,Sales,Sales commission,Payroll,"1,174",ERP,Alex - FP&A,accrual,One-off item
08-May-25,Sales,Sales commission,Payroll,"(4,074)",Check,Alex - FP&A,,Vendor invoice late
02/27/25,Revenue,Revenue,Retail Customer,"8,649",ERP,Andres,posted,
05/29/26,COGS,Cloud hosting,AWS / Datadog,"2,577",ERP,Erik,posted,
25-May-26,G&A,Legal fees,Europa Law firm,"5,490",manual Entry,Erik,Posted,Vendor invoice late
23-Mar-26,R&D,Payroll - eng,Payroll,"1,512",ERP,,,Timing issue
2026-06-08,Mktg,Events & webinars,Various,"6,050",ERP,M. Chen,needs mapping,Vendor invoice late
04 Apr-26,COGS,Cloud hosting,AWS / Datadog,"5,689",cash,finance ops,Posted,Check sign
2026-03-05,COGS,Materials,Walmart,"3,869",cash,M. Chen,posted,Vendor invoice late
05/26/25,Sales,Sales commission,Payroll,"4,438",cash,Alex - FP&A,,
17 May-25,G&A,Office rent,Landlord,"6,340",Pos,Alex - FP&A,,Map to GL 6100
07/01/26,Revenue,Service,Corp. clients,"5,544",cash,Alex - FP&A,Posted,Map to GL 6100
2025-02-02,Revenue,Product sales,Retail Customer,"1,112",cash,M. Chen,accrual,One-off item
18 Jan-25,Mktg,Events & webinars,Various,"3,676",manual Entry,,accrual,Vendor invoice late
2025-06-22,Services,Prof services,Implementation clients,"(7,504)",Pos,Alex - FP&A,needs mapping,Ask owner
01/19/25,Services,Support tools,Zendesk / Gainsight,"4,364",ERP,TBD,Posted,Check sign
01/02/25,Mktg,Customer appr.,Gift hamper,558,manual Entry,,,Map to GL 6100
07 Jul-26,R&D,Cloud hosting,AWS / Datadog,"6,358",Check,finance ops,late invoice,
08/05/25,COGS,Payroll - eng,Payroll,"9,674",ERP,M. Chen,manual adj,Ask owner
24 Apr-26,Revenue,Service,Retail Customer,"8,586",ERP,Alex - FP&A,late invoice,Check sign
2025-06-03,COGS,Payroll - eng,Payroll,"1,814",ERP,,posted,Check sign
21-Feb-25,Revenue,Service,Retail Customer,"2,042",manual Entry,TBD,accrual,One-off item
06 Feb-25,Marketing,Google Ads,Google / LinkedIn,"4,757",Check,finance ops,accrual,Check sign
29 Oct-25,R&D,Payroll - eng,Payroll,"(8,252)",cash,TBD,accrual,
23-Mar-26,Services,Support tools,Zendesk / Gainsight,"5,682",Check,Andres,manual adj,Vendor invoice late
02/07/25,Services,Support tools,Zendesk / Gainsight,"(8,726)",Check,,posted,
11/12/25,Services,Support tools,Zendesk / Gainsight,"6,726",Pos,,posted,Map to GL 6100
05/28/25,R&D,Cloud hosting,AWS / Datadog,"7,614",ERP,Alex - FP&A,needs mapping,Vendor invoice late
29-Mar-26,Services,Prof services,Implementation clients,"8,002",Pos,M. Chen,needs mapping,Vendor invoice late
09/19/25,Marketing,Events & webinars,Various,"1,756",Pos,M. Chen,posted,
04/20/25,Marketing,Customer appr.,Amazon gift c.,"3,620",cash,Alex - FP&A,posted,
03/05/25,Services,Prof services,Implementation clients,"2,554",manual Entry,TBD,Posted,
03 Sep-25,COGS,Materials,Home Depot,"1,464",cash,finance ops,needs mapping,Map to GL 6100
06/11/25,COGS,Cloud hosting,AWS / Datadog,"(1,714)",cash,Alex - FP&A,,Map to GL 6100
29 Jun-26,R&D,Payroll - eng,Payroll,"8,592",ERP,TBD,,Ask owner
2025-05-22,Revenue,Product sales,Corp. clients,"(9,361)",ERP,Erik,needs mapping,Timing issue
2025-04-10,G&A,Accounting fees,Brandon,"4,665",ERP,M. Chen,manual adj,One-off item
2026-04-10,Mktg,Paid media,Google / LinkedIn,"3,585",ERP,Andres,manual adj,Map to GL 6100
31-May-25,R&D,Cloud hosting,AWS / Datadog,"5,663",manual Entry,TBD,late invoice,Timing issue
2025-12-30,Mktg,Paid media,Google / LinkedIn,"4,444",cash,TBD,late invoice,Check sign
15-Apr-26,Services,Prof services,Implementation clients,"4,885",Check,Andres,,
29-Mar-26,COGS,Materials,Johnsons Supply,"1,626",cash,M. Chen,,Map to GL 6100
01/02/25,G&A,Office rent,Landlord,"1,593",manual Entry,TBD,needs mapping,One-off item
07/11/26,G&A,Accounting fees,Jason CPA,"7,094",ERP,,needs mapping,Map to GL 6100
22-Apr-26,Revenue,Product sales,Corp. clients,"4,811",Check,Erik,needs mapping,One-off item
05/15/25,Sales,Sales commission,Payroll,(503),manual Entry,Alex - FP&A,manual adj,Timing issue
29-Jan-26,Mktg,Events & webinars,Various,"7,095",ERP,Erik,manual adj,Ask owner
2026-01-04,Revenue,Revenue,Retail Customer,"1,994",ERP,TBD,,Map to GL 6100
2025-06-24,Services,Support tools,Zendesk / Gainsight,133,cash,finance ops,manual adj,
21 Dec-25,G&A,Accounting fees,Jason CPA,"6,040",manual Entry,Andres,accrual,Check sign
02/20/25,R&D,AI automation,n8n,"9,838",cash,TBD,needs mapping,One-off item
2025-03-19,COGS,Materials,Johnsons Supply,"3,303",cash,Erik,,Ask owner
27 Mar-25,Services,Prof services,Implementation clients,"(4,604)",manual Entry,Alex - FP&A,posted,Vendor invoice late
30-Jul-25,Services,Support tools,Zendesk / Gainsight,"1,475",Check,,manual adj,Timing issue
2025-02-04,Sales,CRM / RevOps tools,Salesforce / Outreach,"9,666",cash,M. Chen,late invoice,Check sign
01/31/25,R&D,Cloud hosting,AWS / Datadog,"8,642",cash,M. Chen,late invoice,Timing issue
10 Nov-25,COGS,Payroll - eng,Payroll,520,ERP,Alex - FP&A,manual adj,Map to GL 6100
23-Feb-26,G&A,Office rent,Landlord,696,cash,Erik,manual adj,
2026-03-05,Sales,CRM / RevOps tools,Salesforce / Outreach,"4,211",Check,Alex - FP&A,posted,One-off item
2025-11-18,G&A,Legal fees,Buchalter,(425),ERP,Andres,late invoice,Map to GL 6100
2025-12-30,R&D,AI automation,n8n,"9,443",ERP,Andres,,Timing issue
06/10/26,COGS,Cloud hosting,AWS / Datadog,"9,775",Pos,TBD,,One-off item
2025-09-16,COGS,Payroll - eng,Payroll,"(3,391)",manual Entry,Alex - FP&A,,Vendor invoice late
30 May-26,COGS,Payroll - eng,Payroll,"6,042",ERP,Erik,,Map to GL 6100
08-Nov-25,COGS,Payroll - eng,Payroll,"6,556",ERP,Erik,,Timing issue
02-Mar-25,G&A,Legal fees,Europa Law firm,"(9,716)",ERP,M. Chen,accrual,Vendor invoice late
22 Mar-26,R&D,Payroll - eng,Payroll,"2,321",ERP,finance ops,manual adj,Check sign
03/31/26,Services,Support tools,Zendesk / Gainsight,"(9,358)",cash,M. Chen,manual adj,Check sign
11-Mar-25,Sales,CRM / RevOps tools,Salesforce / Outreach,"(7,053)",ERP,TBD,late invoice,Check sign
24 Sep-25,Services,Support tools,Zendesk / Gainsight,"8,932",ERP,,needs mapping,Vendor invoice late
08/28/25,Sales,CRM / RevOps tools,Salesforce / Outreach,"7,662",ERP,M. Chen,manual adj,Check sign
17-Feb-26,COGS,Cloud hosting,AWS / Datadog,"6,775",Pos,finance ops,,Check sign
07 Jul-25,COGS,Materials,Johnsons Supply,799,Pos,Erik,manual adj,Check sign
05/26/25,Sales,Payroll - sales,Payroll,"4,198",manual Entry,Erik,posted,
05/14/25,Marketing,Events & webinars,Various,"1,362",ERP,finance ops,posted,One-off item
02 Apr-26,Services,Prof services,Implementation clients,"(2,317)",manual Entry,M. Chen,needs mapping,Check sign
05/22/26,Revenue,Product sales,Corp. clients,"2,955",Pos,Erik,late invoice,Check sign
2026-03-05,Revenue,Service,Retail Customer,"2,455",Check,M. Chen,accrual,Timing issue
06/01/25,Sales,CRM / RevOps tools,Salesforce / Outreach,"(4,683)",ERP,Alex - FP&A,posted,Ask owner
06/01/25,COGS,Materials,Electric house,"8,403",ERP,Alex - FP&A,posted,Map to GL 6100
10/05/25,G&A,Legal fees,Buchalter,"5,976",Pos,TBD,needs mapping,Check sign
13 Mar-25,Marketing,Paid media,Google / LinkedIn,"9,439",Pos,Andres,late invoice,
27-Jun-25,R&D,Cloud hosting,AWS / Datadog,"4,727",manual Entry,Andres,,Vendor invoice late
19 Jun-25,Sales,Sales commission,Payroll,"6,654",Pos,Erik,late invoice,Timing issue
2025-10-15,Mktg,Paid media,Google / LinkedIn,"6,795",Pos,,Posted,Ask owner
2026-06-08,COGS,Materials,Johnsons Supply,"1,704",Check,Andres,posted,Vendor invoice late
2025-11-27,Marketing,Paid media,Google / LinkedIn,"5,974",manual Entry,Andres,late invoice,Timing issue
10 Feb-26,Services,Prof services,Implementation clients,"7,836",Pos,Alex - FP&A,manual adj,Check sign
2025-12-20,G&A,Legal fees,Europa Law firm,"1,793",manual Entry,,manual adj,Ask owner
24 Dec-25,Services,Prof services,Implementation clients,"1,311",ERP,Erik,posted,Map to GL 6100
12/13/25,Marketing,Paid media,Google / LinkedIn,"9,747",manual Entry,TBD,posted,Map to GL 6100
2026-07-02,Revenue,Service,Corp. clients,"8,919",manual Entry,M. Chen,,Timing issue
04/20/25,G&A,Accounting fees,Jason CPA,"(3,498)",Check,M. Chen,Posted,Vendor invoice late
09-Sep-25,G&A,Office rent,Landlord,"4,354",Check,M. Chen,manual adj,
2026-05-01,Services,Support tools,Zendesk / Gainsight,"8,069",manual Entry,,needs mapping,Vendor invoice late
2025-09-14,COGS,Materials,Walmart,"(4,424)",manual Entry,,accrual,
21-Apr-26,Services,Support tools,Zendesk / Gainsight,"1,777",Pos,M. Chen,accrual,Ask owner
18 Aug-25,R&D,Cloud hosting,AWS / Datadog,"1,373",manual Entry,TBD,late invoice,One-off item
05/15/25,Marketing,Events & webinars,Various,"(3,634)",cash,Andres,late invoice,One-off item
13-Sep-25,Revenue,Service,Corp. clients,"6,355",cash,finance ops,accrual,
2026-05-01,Services,Prof services,Implementation clients,"5,996",ERP,Alex - FP&A,accrual,
22-Jul-25,G&A,Legal fees,Europa Law firm,"5,193",Check,,posted,Timing issue
07-Aug-25,Marketing,Customer appr.,Soccer Ticket,"3,745",cash,Alex - FP&A,manual adj,Ask owner
21-Jun-26,G&A,Legal fees,Buchalter,738,Pos,TBD,,One-off item
2025-12-30,Services,Support tools,Zendesk / Gainsight,"1,304",cash,Andres,needs mapping,Check sign
11/06/25,Mktg,Paid media,Google / LinkedIn,"2,382",cash,M. Chen,Posted,Map to GL 6100
19 Apr-26,Sales,Payroll - sales,Payroll,"(1,227)",Check,Erik,,Map to GL 6100
15-Mar-26,Marketing,Paid media,Google / LinkedIn,"6,875",Check,finance ops,manual adj,Ask owner
2026-01-17,Marketing,Google Ads,Google / LinkedIn,"1,105",ERP,,needs mapping,Timing issue
30-May-25,COGS,Materials,Walmart,"7,932",ERP,TBD,accrual,One-off item
2026-03-11,COGS,Payroll - eng,Payroll,"7,383",Pos,,accrual,Timing issue
2025-04-08,Marketing,Paid media,Google / LinkedIn,"1,773",cash,TBD,posted,Ask owner
12/13/25,Sales,Sales commission,Payroll,"(7,714)",Check,Alex - FP&A,posted,Check sign
2025-08-20,Services,Prof services,Implementation clients,"3,522",Check,TBD,needs mapping,Ask owner
09/05/25,Mktg,Paid media,Google / LinkedIn,"(6,533)",Check,Alex - FP&A,,Timing issue
17 Sep-25,Marketing,Events & webinars,Various,"9,495",ERP,TBD,late invoice,One-off item
06 Sep-25,Revenue,Revenue,Retail Customer,"(6,723)",ERP,Erik,,
10/31/25,COGS,Cloud hosting,AWS / Datadog,"8,086",manual Entry,Andres,accrual,Vendor invoice late
22 Jan-26,Mktg,Events & webinars,Various,"3,640",Pos,Alex - FP&A,late invoice,One-off item
01/27/26,G&A,Office rent,Landlord,327,Check,Alex - FP&A,,One-off item
06/04/26,Mktg,Paid media,Google / LinkedIn,"8,782",Check,,,
2025-12-18,Services,Support tools,Zendesk / Gainsight,"(2,130)",manual Entry,M. Chen,Posted,Ask owner
05/29/25,R&D,Cloud hosting,AWS / Datadog,"5,871",ERP,M. Chen,,
01/31/25,R&D,Cloud hosting,AWS / Datadog,177,cash,,,Ask owner
17 Sep-25,Mktg,Paid media,Google / LinkedIn,"(8,250)",cash,,posted,Vendor invoice late
02-Aug-25,Services,Prof services,Implementation clients,"2,979",cash,M. Chen,accrual,Vendor invoice late
2026-06-19,COGS,Payroll - eng,Payroll,"2,345",cash,finance ops,Posted,Check sign
01-Apr-25,Marketing,Events & webinars,Various,"1,586",ERP,finance ops,,Check sign
25-May-26,G&A,Legal fees,Buchalter,"2,659",cash,Andres,posted,Timing issue
01-Mar-25,Sales,Sales commission,Payroll,"3,127",cash,Erik,manual adj,Timing issue
07/12/26,Services,Prof services,Implementation clients,"6,593",manual Entry,,late invoice,One-off item
2025-06-22,Services,Prof services,Implementation clients,"8,619",ERP,M. Chen,posted,One-off item
07 Feb-26,Services,Support tools,Zendesk / Gainsight,"9,745",cash,Alex - FP&A,needs mapping,Map to GL 6100
15-Apr-25,Sales,CRM / RevOps tools,Salesforce / Outreach,"7,239",ERP,,,Check sign
03 Feb-25,Mktg,Customer appr.,Soccer Ticket,"6,476",Pos,Erik,needs mapping,Timing issue
28-Mar-25,R&D,AI automation,n8n,"3,023",Check,Andres,accrual,Ask owner
27 May-25,R&D,Payroll - eng,Payroll,"5,787",manual Entry,M. Chen,accrual,One-off item
03/10/25,Mktg,Events & webinars,Various,"8,815",manual Entry,finance ops,needs mapping,Map to GL 6100
16-Dec-25,R&D,AI automation,n8n,(958),cash,M. Chen,accrual,Map to GL 6100
2026-03-21,Revenue,Subscr. revenue,Retail Customer,"7,513",Check,finance ops,,Check sign
06-Jun-26,G&A,Accounting fees,Jason CPA,"1,083",manual Entry,Andres,,
25-May-26,R&D,AI automation,n8n,"7,496",Pos,Alex - FP&A,posted,Timing issue
01/05/25,R&D,Payroll - eng,Payroll,579,ERP,TBD,,
02-Mar-25,R&D,Cloud hosting,AWS / Datadog,"7,102",cash,TBD,,One-off item
09 Nov-25,Revenue,Product sales,Retail Customer,"3,875",ERP,Erik,posted,Timing issue
2025-05-20,R&D,Payroll - eng,Payroll,"9,139",Check,M. Chen,manual adj,Vendor invoice late
2025-10-15,Mktg,Events & webinars,Various,"8,817",Check,,needs mapping,One-off item
13 Aug-25,Marketing,Events & webinars,Various,"7,361",Check,TBD,,Ask owner
25 Feb-26,Services,Prof services,Implementation clients,"5,089",Pos,TBD,manual adj,Timing issue
11 May-25,Mktg,Customer appr.,Soccer Ticket,"6,028",manual Entry,M. Chen,late invoice,
2025-01-23,COGS,Cloud hosting,AWS / Datadog,"6,038",cash,,late invoice,One-off item
2025-06-08,R&D,AI automation,n8n,"2,818",cash,TBD,accrual,Vendor invoice late
2025-01-14,R&D,Cloud hosting,AWS / Datadog,"2,882",Pos,Andres,needs mapping,Map to GL 6100
07-Mar-26,Revenue,Service,Corp. clients,"3,051",ERP,finance ops,Posted,Vendor invoice late
07/01/26,G&A,Accounting fees,Brandon,"8,782",Pos,Andres,Posted,Map to GL 6100
02/20/25,R&D,AI automation,n8n,"9,775",manual Entry,TBD,Posted,Ask owner
2025-07-12,Marketing,Customer appr.,Gift hamper,"(8,975)",Check,Erik,late invoice,Vendor invoice late
18 May-26,R&D,AI automation,n8n,"2,778",cash,Andres,late invoice,One-off item
17 May-25,Sales,Sales commission,Payroll,"8,325",ERP,,accrual,Map to GL 6100
24 Jan-25,G&A,Accounting fees,Jason CPA,"8,727",cash,M. Chen,manual adj,Timing issue
05-May-25,COGS,Materials,Johnsons Supply,"1,803",cash,TBD,Posted,
18-Jun-26,Mktg,Events & webinars,Various,"7,941",cash,finance ops,,
08 Jan-26,R&D,Cloud hosting,AWS / Datadog,"8,600",ERP,Erik,manual adj,Map to GL 6100
06/15/26,COGS,Payroll - eng,Payroll,"(8,655)",ERP,Alex - FP&A,,
31-Mar-25,Marketing,Paid media,Google / LinkedIn,490,manual Entry,TBD,accrual,Map to GL 6100
2025-12-14,Marketing,Google Ads,Google / LinkedIn,"9,649",cash,M. Chen,manual adj,Vendor invoice late
20 Feb-26,Marketing,Google Ads,Google / LinkedIn,"(1,253)",Check,Andres,needs mapping,Map to GL 6100
29-Jan-26,G&A,Legal fees,Buchalter,"9,534",ERP,Alex - FP&A,manual adj,
2025-05-13,Revenue,Product sales,Retail Customer,"7,008",ERP,finance ops,late invoice,Vendor invoice late
06/11/25,R&D,Payroll - eng,Payroll,"5,573",Pos,TBD,manual adj,
08-Dec-25,COGS,Cloud hosting,AWS / Datadog,"8,961",cash,M. Chen,late invoice,Ask owner
2026-06-17,Revenue,Product sales,Retail Customer,646,ERP,M. Chen,Posted,Ask owner
2025-04-02,Revenue,Product sales,Retail Customer,"2,179",Check,Erik,manual adj,Map to GL 6100
2025-04-10,R&D,Cloud hosting,AWS / Datadog,"2,521",Check,Alex - FP&A,manual adj,Vendor invoice late
08-Nov-25,R&D,AI automation,n8n,"5,855",manual Entry,Alex - FP&A,manual adj,One-off item
15 Jan-26,Marketing,Paid media,Google / LinkedIn,"2,500",Check,TBD,needs mapping,One-off item
01/19/25,Mktg,Events & webinars,Various,"5,257",cash,,needs mapping,One-off item
11/06/25,Services,Prof services,Implementation clients,"(5,271)",manual Entry,Erik,,Vendor invoice late
01-Apr-25,G&A,Accounting fees,Brandon,"3,085",Check,finance ops,late invoice,Check sign
01-May-25,R&D,Payroll - eng,Payroll,"5,397",manual Entry,TBD,needs mapping,Timing issue
03/22/25,Services,Prof services,Implementation clients,"7,545",ERP,M. Chen,late invoice,Check sign
05/04/25,Revenue,Revenue,Retail Customer,857,ERP,Andres,,Check sign
2025-11-19,R&D,Payroll - eng,Payroll,"7,751",Pos,M. Chen,,One-off item
05-Feb-25,Mktg,Events & webinars,Various,"(9,759)",Check,Erik,posted,One-off item
2025-01-23,COGS,Payroll - eng,Payroll,"5,450",Check,Erik,late invoice,One-off item
2025-07-19,Mktg,Events & webinars,Various,"6,413",manual Entry,Alex - FP&A,late invoice,Ask owner
12/23/25,Services,Prof services,Implementation clients,"9,964",cash,M. Chen,posted,
10 Dec-25,COGS,Payroll - eng,Payroll,"6,100",manual Entry,,,
05/06/26,Revenue,Revenue,Corp. clients,783,ERP,,manual adj,Ask owner
05/03/26,COGS,Payroll - eng,Payroll,"(7,002)",Pos,,posted,Vendor invoice late
21 Dec-25,R&D,Cloud hosting,AWS / Datadog,"7,393",manual Entry,Alex - FP&A,needs mapping,Vendor invoice late
2026-03-25,G&A,Office rent,Landlord,"5,595",ERP,TBD,,One-off item
02 Jul-25,R&D,Cloud hosting,AWS / Datadog,"7,015",Check,M. Chen,late invoice,Vendor invoice late
26-Feb-25,Marketing,Events & webinars,Various,"1,325",cash,Alex - FP&A,Posted,Map to GL 6100
2025-05-22,G&A,Legal fees,Europa Law firm,"5,073",Check,finance ops,needs mapping,Timing issue
30-May-25,G&A,Legal fees,Buchalter,"4,847",cash,,accrual,
24-Apr-25,Mktg,Events & webinars,Various,"(7,796)",Check,finance ops,,
02 Jul-25,COGS,Materials,Home Depot,"7,895",Check,TBD,posted,Vendor invoice late
16-Jan-26,Services,Prof services,Implementation clients,"8,505",cash,Andres,,
2025-08-23,Marketing,Google Ads,Google / LinkedIn,"5,324",manual Entry,,needs mapping,Timing issue
04 Jul-25,Sales,Sales commission,Payroll,"3,563",Pos,Alex - FP&A,manual adj,Map to GL 6100
2025-06-18,R&D,Payroll - eng,Payroll,"5,801",Pos,TBD,Posted,Vendor invoice late
22 Oct-25,Sales,Sales commission,Payroll,"2,359",manual Entry,Andres,accrual,Vendor invoice late
09 Apr-26,Marketing,Google Ads,Google / LinkedIn,"5,423",cash,TBD,late invoice,One-off item
2025-12-09,Marketing,Paid media,Google / LinkedIn,"4,322",ERP,finance ops,late invoice,Timing issue
02 Mar-26,Sales,CRM / RevOps tools,Salesforce / Outreach,"4,253",ERP,finance ops,late invoice,Map to GL 6100
30 May-26,G&A,Office rent,Landlord,"7,362",manual Entry,Erik,manual adj,Ask owner
11-Feb-25,Marketing,Google Ads,Google / LinkedIn,"1,816",Pos,,accrual,Timing issue
02-Oct-25,Mktg,Events & webinars,Various,"7,698",ERP,M. Chen,accrual,Ask owner
29-Jul-25,Marketing,Events & webinars,Various,254,ERP,TBD,accrual,Vendor invoice late
2025-01-04,Marketing,Events & webinars,Various,"6,059",Check,M. Chen,,Map to GL 6100
03 Apr-26,Sales,Payroll - sales,Payroll,281,Check,Erik,posted,
05/03/26,Services,Support tools,Zendesk / Gainsight,430,ERP,Erik,posted,Ask owner
18 Aug-25,G&A,Legal fees,Europa Law firm,"7,391",Pos,TBD,manual adj,Check sign
10 Jan-25,Mktg,Customer appr.,Soccer Ticket,"(3,887)",Pos,Andres,posted,Timing issue
05/15/25,Revenue,Subscr. revenue,Retail Customer,"7,192",Pos,Alex - FP&A,needs mapping,One-off item
2025-05-02,G&A,Accounting fees,Jason CPA,"5,046",Check,TBD,posted,One-off item
2025-06-08,Services,Prof services,Implementation clients,(309),Check,M. Chen,late invoice,Ask owner
10/17/25,Mktg,Paid media,Google / LinkedIn,"6,843",manual Entry,Erik,manual adj,One-off item
13 Jan-25,COGS,Cloud hosting,AWS / Datadog,(874),Pos,Andres,needs mapping,Vendor invoice late
21-Jun-26,G&A,Legal fees,Europa Law firm,"9,566",Check,M. Chen,Posted,Check sign
18-Mar-26,Marketing,Paid media,Google / LinkedIn,"8,873",Check,finance ops,needs mapping,One-off item
2026-02-14,Mktg,Paid media,Google / LinkedIn,"4,216",Check,finance ops,late invoice,One-off item
22 Apr-25,Marketing,Events & webinars,Various,"9,964",Check,Erik,accrual,Ask owner
01/27/26,Revenue,Subscr. revenue,Corp. clients,"3,882",manual Entry,Andres,needs mapping,Check sign
10 Jan-25,Services,Prof services,Implementation clients,"7,424",Pos,,posted,Ask owner
08/30/25,Revenue,Subscr. revenue,Corp. clients,"4,283",cash,Erik,needs mapping,Check sign
20-Mar-26,Services,Support tools,Zendesk / Gainsight,"7,742",ERP,Erik,accrual,Check sign
01/02/26,Revenue,Product sales,Corp. clients,"6,902",manual Entry,,needs mapping,
2025-01-14,Sales,Sales commission,Payroll,"7,227",cash,Erik,late invoice,Ask owner
24-Feb-26,Services,Prof services,Implementation clients,"3,306",cash,M. Chen,late invoice,Check sign
26 Jan-25,Mktg,Customer appr.,Gift hamper,"8,760",Pos,Alex - FP&A,needs mapping,Check sign
13-Sep-25,COGS,Materials,Johnsons Supply,"8,569",manual Entry,,manual adj,Vendor invoice late
2025-05-19,Services,Support tools,Zendesk / Gainsight,998,Check,Andres,accrual,Check sign
06/01/26,Mktg,Events & webinars,Various,"2,594",manual Entry,M. Chen,accrual,Check sign
10/11/25,Revenue,Product sales,Corp. clients,"4,940",ERP,,needs mapping,
2025-05-20,Revenue,Service,Corp. clients,"7,548",Check,TBD,late invoice,Ask owner
27 May-25,Sales,Payroll - sales,Payroll,"9,638",Pos,finance ops,accrual,
19 Apr-26,Mktg,Paid media,Google / LinkedIn,"(1,449)",Pos,finance ops,manual adj,Check sign
10/31/25,G&A,Accounting fees,Brandon,"3,298",ERP,,Posted,Map to GL 6100
07 Jul-25,R&D,Cloud hosting,AWS / Datadog,"1,327",ERP,Erik,posted,Timing issue
30-Jul-25,R&D,Payroll - eng,Payroll,"1,049",ERP,Alex - FP&A,needs mapping,Map to GL 6100
2025-12-31,Marketing,Google Ads,Google / LinkedIn,"4,619",Check,M. Chen,manual adj,Map to GL 6100
05/22/26,R&D,AI automation,n8n,"(1,246)",manual Entry,Andres,needs mapping,Check sign
26 Sep-25,R&D,AI automation,n8n,"2,848",Check,,needs mapping,Vendor invoice late
07 Feb-26,Revenue,Subscr. revenue,Retail Customer,"4,080",manual Entry,Andres,needs mapping,
04 Jul-25,Marketing,Google Ads,Google / LinkedIn,"9,630",cash,finance ops,needs mapping,Map to GL 6100
15-Apr-25,Revenue,Subscr. revenue,Corp. clients,44,manual Entry,finance ops,accrual,Vendor invoice late
07-Aug-25,Marketing,Customer appr.,Amazon gift c.,"(5,537)",Pos,,needs mapping,
2025-09-01,R&D,Payroll - eng,Payroll,"6,680",manual Entry,Andres,manual adj,One-off item
2026-04-29,Revenue,Subscr. revenue,Corp. clients,"2,314",Check,,,Vendor invoice late
15-Sep-25,Sales,Sales commission,Payroll,"(3,759)",manual Entry,Erik,needs mapping,Map to GL 6100
09 Jun-26,R&D,Cloud hosting,AWS / Datadog,"8,668",manual Entry,Alex - FP&A,accrual,Check sign
08-Dec-25,Marketing,Events & webinars,Various,"8,369",manual Entry,,manual adj,
08/28/25,R&D,Payroll - eng,Payroll,647,cash,finance ops,manual adj,Vendor invoice late
07/09/26,COGS,Cloud hosting,AWS / Datadog,"(3,418)",Pos,Alex - FP&A,Posted,One-off item
2025-11-07,Sales,CRM / RevOps tools,Salesforce / Outreach,"9,926",cash,Andres,late invoice,Timing issue
15-Feb-25,Sales,Payroll - sales,Payroll,(360),Pos,TBD,needs mapping,Timing issue
08-May-25,COGS,Payroll - eng,Payroll,202,ERP,TBD,manual adj,Ask owner
15-Apr-26,Revenue,Revenue,Retail Customer,"7,018",ERP,Andres,posted,One-off item
2025-11-14,Services,Prof services,Implementation clients,"(8,479)",manual Entry,TBD,,
2026-01-20,R&D,AI automation,n8n,"7,357",Check,TBD,posted,One-off item
2025-07-06,R&D,Cloud hosting,AWS / Datadog,"4,527",Check,TBD,manual adj,Check sign
13 Mar-25,Marketing,Paid media,Google / LinkedIn,"(8,691)",ERP,M. Chen,needs mapping,Map to GL 6100
2026-05-28,R&D,Cloud hosting,AWS / Datadog,"9,500",Pos,M. Chen,manual adj,One-off item
04-Jul-26,Services,Prof services,Implementation clients,"8,362",Check,Andres,needs mapping,Timing issue
2025-12-04,COGS,Materials,Walmart,899,ERP,Andres,needs mapping,Check sign
2025-08-23,Services,Support tools,Zendesk / Gainsight,"1,159",ERP,,manual adj,Vendor invoice late
24-Jul-25,Mktg,Customer appr.,Amazon gift c.,"4,457",Pos,M. Chen,Posted,Map to GL 6100
25-May-26,COGS,Payroll - eng,Payroll,"8,516",Pos,TBD,Posted,Map to GL 6100
28 Jun-26,Mktg,Events & webinars,Various,"(2,297)",Pos,Erik,posted,Ask owner
29-Jan-26,R&D,AI automation,n8n,"5,822",cash,TBD,manual adj,
01/05/26,Marketing,Events & webinars,Various,"2,825",manual Entry,M. Chen,Posted,Map to GL 6100
13 Aug-25,Sales,Sales commission,Payroll,371,ERP,Alex - FP&A,Posted,Map to GL 6100
10 Dec-25,Revenue,Product sales,Corp. clients,"(2,015)",Check,,needs mapping,
01/19/25,Marketing,Google Ads,Google / LinkedIn,"6,170",Pos,,posted,One-off item
2026-07-02,Mktg,Events & webinars,Various,"7,542",Pos,Alex - FP&A,posted,Ask owner
2025-06-24,R&D,Payroll - eng,Payroll,"(5,306)",Pos,Andres,late invoice,
2025-01-04,Revenue,Service,Retail Customer,"4,255",cash,Alex - FP&A,Posted,Timing issue
02-Aug-25,R&D,AI automation,n8n,"7,634",ERP,Erik,accrual,
06-Jun-26,Mktg,Paid media,Google / LinkedIn,"9,057",ERP,Erik,Posted,Check sign
2026-01-04,Services,Prof services,Implementation clients,"(6,699)",Pos,TBD,,Check sign
29 Oct-25,Revenue,Service,Corp. clients,"4,214",ERP,,posted,Timing issue
05/15/25,G&A,Accounting fees,Jason CPA,"4,853",cash,M. Chen,,Vendor invoice late
2025-06-03,Services,Support tools,Zendesk / Gainsight,"(7,777)",ERP,Alex - FP&A,accrual,One-off item
25 Oct-25,R&D,AI automation,n8n,"(3,598)",manual Entry,TBD,Posted,
11/12/25,COGS,Materials,Electric house,"5,416",cash,M. Chen,late invoice,Timing issue
17 May-25,COGS,Cloud hosting,AWS / Datadog,"7,076",Pos,Andres,late invoice,Check sign
22 Mar-26,COGS,Cloud hosting,AWS / Datadog,"1,198",Check,Alex - FP&A,manual adj,Check sign
2025-11-27,Services,Prof services,Implementation clients,"7,006",ERP,,accrual,Timing issue
07 Oct-25,R&D,Payroll - eng,Payroll,"5,623",Pos,,Posted,Vendor invoice late
30-Jul-25,Marketing,Customer appr.,Soccer Ticket,"5,399",cash,,,Vendor invoice late
2025-06-08,Marketing,Events & webinars,Various,"(6,479)",Check,Erik,accrual,Timing issue
2025-09-07,Sales,Sales commission,Payroll,"3,956",Check,finance ops,,Timing issue
2025-01-23,Revenue,Revenue,Retail Customer,"5,660",cash,Alex - FP&A,accrual,Map to GL 6100
24-Jul-25,G&A,Accounting fees,Jason CPA,"4,827",ERP,finance ops,late invoice,Ask owner
05/21/25,Sales,Payroll - sales,Payroll,"(8,260)",Pos,M. Chen,,One-off item
22-Apr-26,G&A,Accounting fees,Jason CPA,"5,367",Check,Andres,manual adj,Ask owner
10/31/25,R&D,AI automation,n8n,"1,618",ERP,,late invoice,Timing issue
25 Feb-25,Mktg,Paid media,Google / LinkedIn,"(3,388)",cash,finance ops,accrual,One-off item
2025-11-18,Mktg,Paid media,Google / LinkedIn,"7,655",cash,finance ops,late invoice,
02 Mar-26,Mktg,Customer appr.,Amazon gift c.,"4,428",Check,,accrual,Vendor invoice late
2026-05-01,R&D,AI automation,n8n,"8,616",Check,,Posted,Ask owner
2025-07-19,R&D,AI automation,n8n,"1,695",Check,Erik,late invoice,Check sign
19 Apr-26,R&D,Cloud hosting,AWS / Datadog,"5,741",Pos,Erik,manual adj,Ask owner
18-Jun-26,Services,Support tools,Zendesk / Gainsight,"1,844",Check,,posted,Timing issue
03/12/25,Mktg,Events & webinars,Various,"2,613",Check,TBD,late invoice,Ask owner
05/15/25,R&D,Payroll - eng,Payroll,"8,144",ERP,Alex - FP&A,,Check sign
27 May-25,Sales,Payroll - sales,Payroll,595,Pos,Erik,needs mapping,
05/25/25,G&A,Accounting fees,Brandon,"3,117",manual Entry,Andres,posted,Vendor invoice late
09 Nov-25,R&D,Payroll - eng,Payroll,"(3,051)",Check,Alex - FP&A,Posted,Timing issue
2025-12-14,Services,Support tools,Zendesk / Gainsight,"7,082",Check,,posted,One-off item
2025-04-02,Revenue,Subscr. revenue,Corp. clients,"9,069",ERP,M. Chen,posted,Check sign
27 Mar-25,Sales,Payroll - sales,Payroll,"4,302",Pos,Andres,needs mapping,
22 Oct-25,Mktg,Paid media,Google / LinkedIn,"5,498",manual Entry,Andres,late invoice,Timing issue
21 Dec-25,Mktg,Customer appr.,Soccer Ticket,"7,031",cash,Andres,late invoice,
08/28/25,Sales,CRM / RevOps tools,Salesforce / Outreach,"7,311",Check,Erik,posted,One-off item
2025-02-09,Marketing,Events & webinars,Various,"7,026",ERP,Alex - FP&A,manual adj,Map to GL 6100
24 Sep-25,Revenue,Product sales,Retail Customer,"5,477",Check,TBD,needs mapping,Ask owner
02/15/26,Mktg,Paid media,Google / LinkedIn,"(4,527)",manual Entry,Erik,late invoice,Check sign
04-Jul-26,Mktg,Paid media,Google / LinkedIn,"2,612",cash,TBD,accrual,Timing issue
2025-12-31,Revenue,Subscr. revenue,Corp. clients,"6,570",ERP,M. Chen,late invoice,Vendor invoice late
07/01/26,Services,Prof services,Implementation clients,"8,044",cash,TBD,Posted,
2025-09-14,Sales,Sales commission,Payroll,"3,789",cash,Andres,,
02/12/25,Services,Support tools,Zendesk / Gainsight,"2,620",Check,M. Chen,posted,Map to GL 6100
19 Mar-26,Mktg,Paid media,Google / LinkedIn,"7,233",Pos,,,Vendor invoice late
05/06/26,Sales,Payroll - sales,Payroll,"(9,494)",ERP,Alex - FP&A,Posted,Timing issue
2026-05-21,Marketing,Customer appr.,Soccer Ticket,"9,768",cash,finance ops,needs mapping,Vendor invoice late
21-Sep-25,COGS,Materials,Walmart,(53),ERP,Erik,,Vendor invoice late
05/22/26,G&A,Legal fees,Buchalter,"(1,547)",Pos,TBD,,One-off item
05-Jun-25,Marketing,Google Ads,Google / LinkedIn,"(4,772)",ERP,finance ops,posted,Timing issue
2025-10-08,Revenue,Service,Retail Customer,"(8,619)",ERP,Erik,needs mapping,Vendor invoice late
24 Dec-25,G&A,Office rent,Landlord,"3,365",Check,Alex - FP&A,posted,
02-Mar-25,Marketing,Events & webinars,Various,"5,425",ERP,Alex - FP&A,late invoice,One-off item
11/11/25,Revenue,Revenue,Retail Customer,"1,869",cash,Erik,,
12/23/25,Mktg,Paid media,Google / LinkedIn,"1,626",manual Entry,finance ops,posted,Vendor invoice late
2025-05-13,Mktg,Customer appr.,Amazon gift c.,"2,470",Check,finance ops,posted,Vendor invoice late
06/23/25,R&D,Cloud hosting,AWS / Datadog,"8,158",Check,,accrual,One-off item
19 Mar-26,COGS,Materials,Walmart,"8,044",ERP,Alex - FP&A,,Timing issue
02/27/25,Services,Support tools,Zendesk / Gainsight,"4,369",cash,Alex - FP&A,late invoice,
02/17/25,R&D,Cloud hosting,AWS / Datadog,"4,439",manual Entry,Andres,needs mapping,Timing issue
11/06/25,Mktg,Paid media,Google / LinkedIn,"7,592",cash,M. Chen,posted,Vendor invoice late
20 Mar-25,Marketing,Paid media,Google / LinkedIn,"5,321",manual Entry,Andres,posted,Timing issue
2026-06-17,Revenue,Service,Corp. clients,"3,164",ERP,Alex - FP&A,accrual,
22-Apr-26,Services,Support tools,Zendesk / Gainsight,32,Pos,Alex - FP&A,needs mapping,Ask owner
13-Sep-25,Mktg,Paid media,Google / LinkedIn,"(7,627)",ERP,TBD,manual adj,Vendor invoice late
04 Jul-25,Marketing,Customer appr.,Gift hamper,"7,071",Pos,TBD,needs mapping,Timing issue
03-Mar-25,Revenue,Product sales,Retail Customer,"5,934",Pos,Andres,late invoice,Timing issue
2025-11-30,Services,Support tools,Zendesk / Gainsight,"5,542",manual Entry,Alex - FP&A,accrual,Vendor invoice late
05/29/25,COGS,Payroll - eng,Payroll,"(6,235)",ERP,Alex - FP&A,late invoice,Ask owner
04/20/25,Marketing,Customer appr.,Gift hamper,"3,763",Pos,TBD,late invoice,Vendor invoice late
05/21/25,Marketing,Events & webinars,Various,"1,455",cash,finance ops,accrual,Check sign
22-Jul-25,R&D,AI automation,n8n,"(1,167)",cash,Alex - FP&A,,
19 Jun-25,COGS,Materials,Electric house,"5,932",Check,Erik,manual adj,Check sign
2025-12-20,Marketing,Paid media,Google / LinkedIn,"8,190",cash,Andres,late invoice,One-off item
05-May-26,Marketing,Events & webinars,Various,"9,746",Check,finance ops,late invoice,Ask owner
23-Mar-26,G&A,Accounting fees,Jason CPA,"6,942",manual Entry,Alex - FP&A,manual adj,One-off item
2026-06-19,Sales,Sales commission,Payroll,"2,072",Check,Andres,needs mapping,Ask owner
2025-12-14,R&D,Payroll - eng,Payroll,"4,385",ERP,M. Chen,posted,Timing issue
2025-06-16,Marketing,Paid media,Google / LinkedIn,"1,399",manual Entry,M. Chen,Posted,Vendor invoice late
06 Feb-25,Marketing,Events & webinars,Various,"2,081",manual Entry,TBD,late invoice,Timing issue
2025-06-29,G&A,Accounting fees,Jason CPA,"8,225",ERP,TBD,Posted,One-off item
06-Jun-26,Services,Support tools,Zendesk / Gainsight,"1,283",Check,finance ops,needs mapping,Vendor invoice late
2025-09-01,Revenue,Product sales,Retail Customer,"8,176",manual Entry,finance ops,late invoice,Check sign
01/19/26,Services,Prof services,Implementation clients,"5,762",manual Entry,finance ops,posted,One-off item
07 Mar-25,Mktg,Paid media,Google / LinkedIn,"9,207",Check,finance ops,Posted,Ask owner
2025-10-08,Services,Prof services,Implementation clients,"3,432",Pos,,late invoice,
2025-06-18,R&D,Cloud hosting,AWS / Datadog,"5,506",Pos,TBD,,Map to GL 6100
2025-12-30,Revenue,Revenue,Corp. clients,"6,278",manual Entry,Andres,late invoice,Check sign
07/09/26,Marketing,Google Ads,Google / LinkedIn,"(8,123)",Check,finance ops,posted,Vendor invoice late
2025-12-04,Sales,Sales commission,Payroll,"(4,508)",manual Entry,,needs mapping,One-off item
28-Mar-25,Mktg,Customer appr.,Amazon gift c.,"8,717",cash,M. Chen,posted,Check sign
31-May-25,Sales,Sales commission,Payroll,"9,578",ERP,Andres,accrual,Timing issue
15-Sep-25,R&D,Cloud hosting,AWS / Datadog,"(8,959)",ERP,TBD,,
13 Nov-25,Mktg,Paid media,Google / LinkedIn,"9,643",Pos,finance ops,manual adj,Ask owner
17 May-25,COGS,Payroll - eng,Payroll,"6,294",ERP,Alex - FP&A,needs mapping,Ask owner
03 Feb-25,Services,Support tools,Zendesk / Gainsight,"5,814",ERP,Alex - FP&A,manual adj,One-off item
03-Dec-25,Mktg,Events & webinars,Various,"(2,740)",Check,,needs mapping,Check sign
2025-10-01,Revenue,Service,Corp. clients,"8,383",manual Entry,M. Chen,manual adj,Check sign
02/12/25,Sales,Payroll - sales,Payroll,"5,798",manual Entry,Andres,manual adj,Ask owner
2025-05-13,R&D,Payroll - eng,Payroll,"9,471",manual Entry,finance ops,manual adj,Map to GL 6100
06/15/26,G&A,Legal fees,Europa Law firm,"(9,313)",ERP,,accrual,Timing issue
05/03/26,Revenue,Revenue,Retail Customer,"4,467",Check,Andres,posted,Check sign
19 Mar-26,R&D,Payroll - eng,Payroll,"(4,319)",cash,Andres,late invoice,
14 Aug-25,Revenue,Subscr. revenue,Retail Customer,"(2,118)",Check,Andres,Posted,Timing issue
2025-02-14,Services,Support tools,Zendesk / Gainsight,"2,402",cash,Erik,,Ask owner
2025-09-01,Revenue,Revenue,Retail Customer,"(4,322)",cash,finance ops,late invoice,Map to GL 6100
30-Jun-25,Revenue,Service,Retail Customer,"6,831",Check,Alex - FP&A,manual adj,One-off item
05/28/25,R&D,Payroll - eng,Payroll,"8,896",manual Entry,M. Chen,posted,Check sign
23-Mar-25,R&D,Cloud hosting,AWS / Datadog,"7,647",ERP,Andres,needs mapping,One-off item
16-May-26,Marketing,Google Ads,Google / LinkedIn,787,Pos,Erik,,One-off item
09 Nov-25,COGS,Cloud hosting,AWS / Datadog,"(8,063)",ERP,Andres,late invoice,Vendor invoice late
03/29/25,Services,Support tools,Zendesk / Gainsight,"1,314",manual Entry,,Posted,Check sign
2025-07-12,Sales,Payroll - sales,Payroll,"1,939",Check,finance ops,late invoice,Timing issue
19 Mar-26,G&A,Office rent,Landlord,"7,742",cash,Erik,needs mapping,One-off item
10 Dec-25,G&A,Accounting fees,Brandon,"6,088",cash,finance ops,posted,Vendor invoice late
11-Sep-25,Revenue,Subscr. revenue,Corp. clients,"2,949",ERP,,needs mapping,Timing issue
12 Mar-26,Marketing,Paid media,Google / LinkedIn,"(1,978)",Pos,M. Chen,manual adj,One-off item
02/01/26,Mktg,Paid media,Google / LinkedIn,"1,106",ERP,TBD,needs mapping,Timing issue
2025-07-19,G&A,Accounting fees,Brandon,"(5,068)",ERP,TBD,,
2025-12-20,Mktg,Events & webinars,Various,"9,598",Pos,,manual adj,Map to GL 6100
10 Mar-26,Mktg,Customer appr.,Amazon gift c.,"(1,151)",manual Entry,,posted,Timing issue
11/12/25,Revenue,Product sales,Corp. clients,"(5,264)",cash,Andres,posted,Check sign
07 Apr-26,R&D,Cloud hosting,AWS / Datadog,"3,091",Check,finance ops,,Check sign
29-Jul-25,Marketing,Customer appr.,Gift hamper,"1,231",manual Entry,Erik,posted,One-off item
30-May-25,COGS,Cloud hosting,AWS / Datadog,"3,012",ERP,Alex - FP&A,,Check sign
09-Jul-25,Marketing,Paid media,Google / LinkedIn,"1,961",Pos,Alex - FP&A,accrual,Vendor invoice late
24-Jul-25,Services,Support tools,Zendesk / Gainsight,"8,585",Check,M. Chen,accrual,
03/25/25,COGS,Materials,Electric house,"2,931",manual Entry,,late invoice,One-off item
07/09/26,Mktg,Customer appr.,Amazon gift c.,"6,201",Check,Alex - FP&A,late invoice,
2026-04-10,COGS,Payroll - eng,Payroll,"4,197",manual Entry,Erik,Posted,One-off item
2025-12-20,COGS,Payroll - eng,Payroll,"1,592",ERP,Alex - FP&A,posted,Map to GL 6100
2025-09-01,Mktg,Customer appr.,Amazon gift c.,"9,055",manual Entry,Erik,Posted,Timing issue
22-Jul-25,COGS,Cloud hosting,AWS / Datadog,"(1,825)",manual Entry,,posted,
31-Mar-25,G&A,Legal fees,Buchalter,"2,288",ERP,TBD,Posted,One-off item
01/22/25,Revenue,Product sales,Corp. clients,"5,379",Pos,TBD,,
06/15/26,Sales,Payroll - sales,Payroll,"3,526",Check,M. Chen,,Timing issue
14 Aug-25,Revenue,Product sales,Corp. clients,683,manual Entry,Andres,manual adj,Map to GL 6100
01-Apr-25,Marketing,Google Ads,Google / LinkedIn,"7,533",ERP,TBD,needs mapping,Timing issue
09 Nov-25,Mktg,Customer appr.,Soccer Ticket,"4,851",Check,M. Chen,Posted,Vendor invoice late
19 Jun-25,G&A,Office rent,Landlord,"2,462",Pos,TBD,late invoice,Timing issue
2026-03-11,Services,Prof services,Implementation clients,"3,639",ERP,,,
26 Sep-25,G&A,Office rent,Landlord,"9,911",cash,finance ops,,Ask owner
10/05/25,Revenue,Service,Corp. clients,"8,682",cash,,,Timing issue
03-Mar-25,Mktg,Events & webinars,Various,"1,086",manual Entry,finance ops,accrual,Check sign
2025-11-07,R&D,Payroll - eng,Payroll,"1,673",cash,TBD,accrual,Ask owner
2025-12-29,R&D,Payroll - eng,Payroll,"4,020",Pos,finance ops,accrual,Vendor invoice late
2025-01-16,Sales,CRM / RevOps tools,Salesforce / Outreach,599,Check,M. Chen,manual adj,Map to GL 6100
2025-11-07,R&D,AI automation,n8n,"(7,576)",ERP,TBD,,Map to GL 6100
09/12/25,Mktg,Customer appr.,Amazon gift c.,62,Pos,Andres,,
10 Jan-25,Mktg,Events & webinars,Various,"(8,473)",cash,,,Map to GL 6100
27 Mar-25,G&A,Accounting fees,Brandon,"6,162",ERP,,needs mapping,Check sign
2025-06-14,COGS,Payroll - eng,Payroll,"9,155",manual Entry,Alex - FP&A,needs mapping,Timing issue
16-Jan-26,Sales,Payroll - sales,Payroll,"5,398",cash,Erik,Posted,Check sign
06/15/26,R&D,Cloud hosting,AWS / Datadog,"7,869",cash,M. Chen,posted,Map to GL 6100
04-May-26,Revenue,Service,Retail Customer,"7,491",cash,Andres,manual adj,Vendor invoice late
2025-06-22,COGS,Payroll - eng,Payroll,"8,612",Pos,Erik,late invoice,
07 Apr-26,Sales,Sales commission,Payroll,"9,230",cash,finance ops,Posted,Check sign
21-Jul-25,Sales,Sales commission,Payroll,"9,855",cash,,posted,One-off item
2025-12-09,Marketing,Paid media,Google / LinkedIn,"7,555",Check,,needs mapping,Map to GL 6100
2025-10-08,R&D,Payroll - eng,Payroll,"9,629",manual Entry,Alex - FP&A,Posted,Timing issue
03-Jul-25,G&A,Accounting fees,Brandon,"(3,917)",cash,M. Chen,Posted,Check sign
03/05/25,G&A,Legal fees,Europa Law firm,"1,893",Pos,,posted,Timing issue
16 Nov-25,R&D,Payroll - eng,Payroll,"8,675",manual Entry,M. Chen,,Vendor invoice late
30-Jun-25,Services,Prof services,Implementation clients,285,manual Entry,TBD,Posted,Vendor invoice late
04-Oct-25,Marketing,Customer appr.,Gift hamper,"3,959",ERP,finance ops,manual adj,Check sign
29-Nov-25,Mktg,Customer appr.,Amazon gift c.,"1,011",manual Entry,TBD,Posted,Map to GL 6100
03-Mar-25,Mktg,Paid media,Google / LinkedIn,"5,521",Pos,Erik,late invoice,One-off item
12/23/25,Sales,Payroll - sales,Payroll,"6,688",Check,,,Vendor invoice late
02 Mar-26,R&D,Cloud hosting,AWS / Datadog,"6,977",ERP,Andres,late invoice,Vendor invoice late
09-Jul-25,Services,Prof services,Implementation clients,"6,698",manual Entry,finance ops,manual adj,Ask owner
25-Dec-25,Sales,Payroll - sales,Payroll,"8,701",Check,M. Chen,manual adj,Check sign
01/19/25,Services,Prof services,Implementation clients,"1,415",manual Entry,Andres,,Vendor invoice late
12 Jan-25,Marketing,Paid media,Google / LinkedIn,"2,498",Check,finance ops,needs mapping,Map to GL 6100
20 Jun-26,R&D,Payroll - eng,Payroll,"2,908",Pos,M. Chen,posted,Check sign
31-Aug-25,Revenue,Product sales,Corp. clients,"(4,622)",manual Entry,finance ops,Posted,Map to GL 6100
01/19/25,Mktg,Customer appr.,Amazon gift c.,"6,119",cash,Alex - FP&A,posted,Vendor invoice late
19-Apr-25,G&A,Office rent,Landlord,(144),Pos,Erik,,Timing issue
2025-02-04,Revenue,Subscr. revenue,Retail Customer,"8,452",manual Entry,TBD,manual adj,Ask owner
28 Jun-26,G&A,Legal fees,Europa Law firm,"8,414",ERP,Alex - FP&A,accrual,One-off item
02/15/26,R&D,Payroll - eng,Payroll,"(3,941)",Check,Andres,manual adj,Map to GL 6100
2025-02-02,R&D,Cloud hosting,AWS / Datadog,"3,971",cash,M. Chen,manual adj,Ask owner
10 May-26,COGS,Cloud hosting,AWS / Datadog,"6,041",cash,,manual adj,One-off item
02/15/26,Mktg,Customer appr.,Soccer Ticket,"7,951",Pos,Alex - FP&A,manual adj,
18 Oct-25,G&A,Legal fees,Buchalter,"(4,219)",manual Entry,,late invoice,
09-Mar-25,Services,Prof services,Implementation clients,"2,531",Pos,Alex - FP&A,,Vendor invoice late
2026-05-21,G&A,Accounting fees,Brandon,"6,701",Check,M. Chen,needs mapping,
19 Apr-26,Services,Support tools,Zendesk / Gainsight,"(9,638)",Pos,TBD,late invoice,
17 May-25,G&A,Accounting fees,Jason CPA,"3,542",ERP,Alex - FP&A,manual adj,Check sign
2025-06-03,COGS,Materials,Walmart,"4,087",cash,TBD,needs mapping,Map to GL 6100
14 Jun-26,R&D,AI automation,n8n,"9,594",ERP,Andres,accrual,Map to GL 6100
05/22/26,G&A,Office rent,Landlord,"9,514",cash,M. Chen,,
12/02/25,Revenue,Service,Retail Customer,"8,398",ERP,TBD,manual adj,Ask owner
2025-02-09,R&D,Cloud hosting,AWS / Datadog,"6,487",manual Entry,M. Chen,manual adj,Map to GL 6100
22-Apr-26,Mktg,Events & webinars,Various,"3,884",Check,M. Chen,late invoice,Ask owner
25 Feb-26,Revenue,Subscr. revenue,Retail Customer,"1,987",cash,Andres,needs mapping,Vendor invoice late
2025-07-13,Sales,Sales commission,Payroll,"9,726",cash,Alex - FP&A,accrual,Check sign
17 May-25,Mktg,Paid media,Google / LinkedIn,"9,823",manual Entry,finance ops,,
2025-08-16,R&D,Cloud hosting,AWS / Datadog,"5,371",cash,finance ops,needs mapping,Timing issue
2025-04-08,Services,Support tools,Zendesk / Gainsight,"1,012",Pos,finance ops,manual adj,Check sign
10/05/25,Marketing,Events & webinars,Various,"2,102",Pos,M. Chen,late invoice,
2025-12-29,Sales,Payroll - sales,Payroll,"(1,476)",ERP,TBD,posted,One-off item
22-Apr-26,Marketing,Customer appr.,Soccer Ticket,"7,025",Pos,M. Chen,posted,Map to GL 6100
06/13/26,Services,Support tools,Zendesk / Gainsight,"9,318",Pos,,late invoice,Timing issue
05-Apr-26,Sales,Payroll - sales,Payroll,"9,817",Pos,M. Chen,Posted,Check sign
22 Jan-26,Mktg,Customer appr.,Gift hamper,"8,268",Pos,Andres,Posted,Ask owner
08 Jan-26,Mktg,Events & webinars,Various,"5,346",ERP,M. Chen,posted,One-off item
19 Jun-25,Sales,Sales commission,Payroll,"8,642",manual Entry,Alex - FP&A,manual adj,One-off item
2025-06-22,Services,Prof services,Implementation clients,"7,270",ERP,,late invoice,Timing issue
08-May-25,R&D,AI automation,n8n,"4,485",manual Entry,finance ops,accrual,
10/11/25,Marketing,Paid media,Google / LinkedIn,"4,324",Check,Erik,accrual,Ask owner
06/01/25,COGS,Payroll - eng,Payroll,"9,696",cash,Alex - FP&A,,Vendor invoice late
29-Mar-26,COGS,Payroll - eng,Payroll,"3,248",Check,Andres,,Vendor invoice late
05-May-25,R&D,Cloud hosting,AWS / Datadog,"4,755",manual Entry,Erik,needs mapping,Timing issue
10 May-26,Marketing,Events & webinars,Various,"1,551",manual Entry,Erik,Posted,One-off item
08-Nov-25,Revenue,Service,Retail Customer,"1,332",Check,finance ops,,One-off item
11 May-25,Marketing,Customer appr.,Amazon gift c.,"(6,765)",Pos,Erik,needs mapping,Ask owner
13-Sep-25,G&A,Office rent,Landlord,"(9,059)",Pos,TBD,,Ask owner
25-Jun-26,Services,Support tools,Zendesk / Gainsight,"4,455",manual Entry,Alex - FP&A,accrual,Check sign
25-Apr-25,R&D,AI automation,n8n,"1,807",Pos,,needs mapping,
03-Jul-25,R&D,Payroll - eng,Payroll,"3,639",Pos,M. Chen,needs mapping,Ask owner
20 Jul-25,Sales,Sales commission,Payroll,"4,381",Pos,,,Vendor invoice late
25 Feb-25,Marketing,Google Ads,Google / LinkedIn,"(2,878)",Check,finance ops,needs mapping,Timing issue
15-Mar-26,COGS,Payroll - eng,Payroll,"(4,246)",cash,finance ops,Posted,Vendor invoice late
20 Jun-26,G&A,Legal fees,Europa Law firm,"6,615",cash,TBD,manual adj,
07 Feb-26,Mktg,Events & webinars,Various,"8,502",cash,Erik,accrual,Vendor invoice late
22-Jul-25,R&D,Cloud hosting,AWS / Datadog,"5,180",Check,Andres,needs mapping,Timing issue
24 Dec-25,Marketing,Events & webinars,Various,"8,235",Check,Erik,late invoice,
18-Mar-26,R&D,Payroll - eng,Payroll,"6,312",cash,Andres,needs mapping,
2025-09-14,R&D,AI automation,n8n,"(4,412)",Pos,finance ops,late invoice,One-off item
29-Jul-25,COGS,Payroll - eng,Payroll,"8,391",Pos,,Posted,Ask owner
2025-08-16,Services,Support tools,Zendesk / Gainsight,"2,377",Check,Erik,posted,Ask owner
31-Aug-25,Marketing,Paid media,Google / LinkedIn,"5,961",manual Entry,finance ops,late invoice,Check sign
03/22/25,Marketing,Paid media,Google / LinkedIn,"8,898",manual Entry,M. Chen,manual adj,Timing issue
2026-06-19,Services,Prof services,Implementation clients,"7,855",ERP,finance ops,manual adj,Timing issue
27 May-25,Mktg,Events & webinars,Various,"(2,488)",Pos,,posted,Check sign
21-Jul-25,G&A,Accounting fees,Jason CPA,"6,043",ERP,TBD,posted,Vendor invoice late
08-May-25,Marketing,Events & webinars,Various,"1,428",Pos,Andres,Posted,Check sign
05/14/25,Revenue,Product sales,Corp. clients,"7,201",cash,TBD,manual adj,Timing issue
2025-05-13,COGS,Payroll - eng,Payroll,"5,607",Check,M. Chen,posted,Ask owner
25-Apr-25,Revenue,Subscr. revenue,Retail Customer,"1,223",Pos,finance ops,needs mapping,Check sign
2025-01-04,R&D,AI automation,n8n,"5,340",ERP,Erik,late invoice,Vendor invoice late
09/05/25,Services,Prof services,Implementation clients,"9,223",manual Entry,Alex - FP&A,posted,One-off item
2025-06-03,R&D,AI automation,n8n,"5,084",manual Entry,finance ops,accrual,One-off item
16 Mar-25,Sales,Payroll - sales,Payroll,409,Check,finance ops,needs mapping,Vendor invoice late
18 Aug-25,COGS,Cloud hosting,AWS / Datadog,(843),manual Entry,Erik,Posted,Timing issue
25 Oct-25,G&A,Legal fees,Buchalter,"1,354",manual Entry,,accrual,One-off item
01/05/26,Revenue,Product sales,Retail Customer,"8,742",ERP,Alex - FP&A,needs mapping,
11/11/25,Revenue,Product sales,Corp. clients,"4,932",ERP,Alex - FP&A,,Ask owner
04/17/25,Revenue,Revenue,Corp. clients,"(4,361)",ERP,finance ops,needs mapping,Map to GL 6100
26-Dec-25,Revenue,Service,Retail Customer,"(9,104)",ERP,finance ops,posted,One-off item
09/05/25,COGS,Payroll - eng,Payroll,"6,584",ERP,,accrual,
2025-06-29,Revenue,Revenue,Retail Customer,"7,414",manual Entry,Erik,,Vendor invoice late
18 May-26,G&A,Legal fees,Europa Law firm,"1,037",Pos,finance ops,posted,Ask owner
04/17/25,Sales,CRM / RevOps tools,Salesforce / Outreach,"(2,146)",ERP,Alex - FP&A,accrual,One-off item
29-Mar-26,Sales,CRM / RevOps tools,Salesforce / Outreach,"(3,570)",Check,,late invoice,Map to GL 6100
04/05/25,Mktg,Customer appr.,Soccer Ticket,"(9,524)",cash,Andres,posted,
2026-01-09,Services,Prof services,Implementation clients,"9,331",cash,Erik,needs mapping,Check sign
01/19/25,Revenue,Subscr. revenue,Retail Customer,"2,589",ERP,,manual adj,Ask owner
15-Sep-25,Sales,Sales commission,Payroll,"6,206",ERP,M. Chen,accrual,One-off item
12-Apr-25,Revenue,Revenue,Retail Customer,"4,647",cash,TBD,,Timing issue
02/16/26,G&A,Accounting fees,Brandon,"9,649",Check,,needs mapping,Vendor invoice late
2025-02-04,G&A,Legal fees,Buchalter,"4,737",Check,Alex - FP&A,late invoice,Vendor invoice late
2026-01-09,COGS,Payroll - eng,Payroll,(988),ERP,Erik,needs mapping,Vendor invoice late
08/27/25,R&D,Cloud hosting,AWS / Datadog,"2,957",cash,Alex - FP&A,posted,One-off item
04-Oct-25,Marketing,Google Ads,Google / LinkedIn,"1,770",manual Entry,finance ops,late invoice,Map to GL 6100
2025-11-14,Mktg,Paid media,Google / LinkedIn,"7,444",Pos,,posted,Timing issue
2025-05-22,COGS,Payroll - eng,Payroll,"(7,162)",Pos,Andres,,Check sign
2026-04-29,Marketing,Customer appr.,Amazon gift c.,"1,280",manual Entry,Erik,,Check sign
03/10/25,G&A,Legal fees,Buchalter,"7,312",manual Entry,Alex - FP&A,needs mapping,Check sign
2025-10-01,Mktg,Events & webinars,Various,"(5,622)",manual Entry,,posted,One-off item
22-Apr-26,R&D,AI automation,n8n,"7,884",manual Entry,Andres,,Timing issue
27 Oct-25,COGS,Payroll - eng,Payroll,"9,167",Pos,,late invoice,Ask owner
2025-08-08,Services,Prof services,Implementation clients,"9,477",manual Entry,Erik,accrual,Check sign
2025-01-15,G&A,Office rent,Landlord,"1,339",Check,M. Chen,Posted,Ask owner
2025-07-06,Mktg,Customer appr.,Soccer Ticket,"3,163",ERP,Andres,late invoice,Ask owner
2025-10-08,G&A,Legal fees,Europa Law firm,8,Check,M. Chen,Posted,One-off item
05/06/26,Mktg,Events & webinars,Various,821,manual Entry,TBD,needs mapping,Vendor invoice late
05/29/25,G&A,Office rent,Landlord,"3,056",Check,Erik,accrual,One-off item
02-Oct-25,Marketing,Customer appr.,Amazon gift c.,"7,164",ERP,M. Chen,accrual,One-off item
15-Mar-26,G&A,Legal fees,Buchalter,"7,913",Pos,Andres,late invoice,Ask owner
07 Oct-25,G&A,Accounting fees,Jason CPA,"7,244",ERP,,accrual,Vendor invoice late
02-Oct-25,Services,Prof services,Implementation clients,"(8,188)",Pos,M. Chen,posted,Check sign
21 Dec-25,Services,Support tools,Zendesk / Gainsight,"(5,544)",Pos,Alex - FP&A,needs mapping,
2026-03-06,Marketing,Events & webinars,Various,"9,772",cash,finance ops,needs mapping,Timing issue
18 Jan-26,R&D,AI automation,n8n,"7,480",cash,TBD,late invoice,Timing issue
27 Mar-25,Mktg,Customer appr.,Gift hamper,"3,443",Pos,,,Check sign
01 Apr-26,Mktg,Customer appr.,Gift hamper,478,Check,finance ops,needs mapping,Map to GL 6100
02 Mar-26,Mktg,Paid media,Google / LinkedIn,"2,853",ERP,finance ops,needs mapping,
05/25/25,Revenue,Revenue,Corp. clients,"5,583",manual Entry,TBD,accrual,Timing issue
2026-02-14,Mktg,Paid media,Google / LinkedIn,(518),Pos,,Posted,One-off item
07 Feb-26,Services,Prof services,Implementation clients,"1,610",ERP,finance ops,manual adj,Check sign
05-Feb-25,Marketing,Paid media,Google / LinkedIn,"6,699",Pos,TBD,needs mapping,
22 Oct-25,G&A,Office rent,Landlord,384,cash,Erik,,
08/30/25,Revenue,Subscr. revenue,Retail Customer,"7,031",manual Entry,,,Ask owner
09 Jun-26,Revenue,Subscr. revenue,Corp. clients,"6,235",manual Entry,TBD,,Vendor invoice late
04/27/25,G&A,Accounting fees,Jason CPA,"(8,571)",Check,M. Chen,needs mapping,Map to GL 6100
09-Mar-25,Mktg,Customer appr.,Soccer Ticket,"5,277",ERP,finance ops,late invoice,Timing issue
2025-06-04,R&D,Cloud hosting,AWS / Datadog,"9,392",ERP,M. Chen,late invoice,Check sign
2026-01-20,Mktg,Events & webinars,Various,"9,409",ERP,Andres,late invoice,
26 Sep-25,G&A,Accounting fees,Brandon,211,ERP,M. Chen,posted,One-off item
12/07/25,Mktg,Paid media,Google / LinkedIn,"2,882",manual Entry,TBD,accrual,Map to GL 6100
02-Jun-25,R&D,Cloud hosting,AWS / Datadog,"6,339",Pos,M. Chen,,Vendor invoice late
2025-08-20,COGS,Materials,Johnsons Supply,"7,747",manual Entry,,manual adj,One-off item
09-Jul-25,Marketing,Paid media,Google / LinkedIn,"(4,944)",ERP,Erik,Posted,Check sign
03 Jan-26,Mktg,Paid media,Google / LinkedIn,"1,867",ERP,,accrual,One-off item
2025-06-03,Mktg,Customer appr.,Gift hamper,"7,506",Pos,TBD,needs mapping,Ask owner
2025-12-04,COGS,Materials,Home Depot,"5,276",ERP,finance ops,,Check sign
06 Sep-25,R&D,AI automation,n8n,904,Check,Andres,accrual,Map to GL 6100
2025-08-08,Mktg,Events & webinars,Various,"5,484",cash,Erik,manual adj,Map to GL 6100
29-Mar-26,Services,Support tools,Zendesk / Gainsight,"1,425",ERP,Erik,manual adj,
16-Dec-25,G&A,Legal fees,Buchalter,"5,445",manual Entry,,posted,Ask owner
01-Apr-25,Marketing,Paid media,Google / LinkedIn,"3,982",ERP,Erik,,Check sign
2025-06-03,R&D,AI automation,n8n,"1,355",Check,Andres,late invoice,Check sign
05/29/25,Services,Support tools,Zendesk / Gainsight,"8,633",Pos,M. Chen,needs mapping,Check sign
29-Nov-25,COGS,Materials,Electric house,"9,467",Pos,Erik,,
02/15/26,COGS,Cloud hosting,AWS / Datadog,"(4,601)",Check,Erik,posted,Map to GL 6100
2025-11-30,Marketing,Google Ads,Google / LinkedIn,"2,686",Check,Andres,posted,Check sign
2026-03-08,G&A,Legal fees,Buchalter,"1,526",ERP,Alex - FP&A,,
2025-06-16,Marketing,Paid media,Google / LinkedIn,"(3,770)",ERP,TBD,late invoice,Timing issue
01 Apr-26,R&D,Cloud hosting,AWS / Datadog,"5,726",Check,,late invoice,
2025-11-30,Mktg,Paid media,Google / LinkedIn,"6,298",Pos,TBD,late invoice,Map to GL 6100
07 Feb-26,Mktg,Events & webinars,Various,"(4,244)",manual Entry,TBD,Posted,Timing issue
22 Apr-25,Mktg,Events & webinars,Various,"(4,905)",manual Entry,finance ops,,Map to GL 6100
03/12/25,Sales,CRM / RevOps tools,Salesforce / Outreach,"6,575",manual Entry,Andres,accrual,One-off item
2025-12-06,Marketing,Customer appr.,Soccer Ticket,"(9,413)",manual Entry,,accrual,
01/05/25,Services,Support tools,Zendesk / Gainsight,"2,847",ERP,Alex - FP&A,Posted,Map to GL 6100
02 Mar-26,Services,Support tools,Zendesk / Gainsight,"(1,800)",ERP,Alex - FP&A,,Timing issue
23 Jun-26,Sales,Payroll - sales,Payroll,591,Check,M. Chen,posted,Map to GL 6100
21-Jun-26,Revenue,Product sales,Corp. clients,"6,632",cash,TBD,late invoice,Ask owner
03 May-25,COGS,Payroll - eng,Payroll,"(2,170)",manual Entry,M. Chen,accrual,Check sign
02/12/25,Sales,CRM / RevOps tools,Salesforce / Outreach,"2,032",Pos,Andres,manual adj,Vendor invoice late
10 Dec-25,R&D,Payroll - eng,Payroll,"5,066",ERP,,accrual,One-off item
10 Jul-25,G&A,Accounting fees,Jason CPA,"(6,758)",manual Entry,Erik,,One-off item
07-Mar-26,Services,Prof services,Implementation clients,"4,560",cash,Andres,manual adj,
25-May-26,Marketing,Paid media,Google / LinkedIn,"7,141",Check,,late invoice,Timing issue
2025-05-02,Mktg,Paid media,Google / LinkedIn,"(7,213)",manual Entry,Andres,accrual,Vendor invoice late
10 Oct-25,Marketing,Google Ads,Google / LinkedIn,"5,351",Check,,,Ask owner
29-Jan-26,Mktg,Paid media,Google / LinkedIn,"7,315",manual Entry,M. Chen,accrual,Map to GL 6100
2025-10-01,Sales,Payroll - sales,Payroll,"8,939",manual Entry,Andres,Posted,Check sign
03 Sep-25,R&D,Payroll - eng,Payroll,460,ERP,finance ops,posted,Vendor invoice late
10/11/25,Marketing,Events & webinars,Various,"3,510",ERP,finance ops,needs mapping,Check sign
2026-07-02,Services,Support tools,Zendesk / Gainsight,"2,827",cash,finance ops,late invoice,One-off item
18 Jan-25,Revenue,Service,Retail Customer,"3,576",ERP,M. Chen,late invoice,Check sign
26 Jan-25,Revenue,Subscr. revenue,Retail Customer,"7,326",manual Entry,Andres,late invoice,
26 Jan-25,Revenue,Revenue,Corp. clients,"8,689",ERP,TBD,,
14-Oct-25,Marketing,Customer appr.,Gift hamper,"3,173",Pos,finance ops,manual adj,Timing issue
03 Jan-26,Services,Prof services,Implementation clients,"5,651",Check,Erik,late invoice,One-off item
13 Nov-25,Services,Prof services,Implementation clients,"7,971",manual Entry,Andres,late invoice,Ask owner
17 May-25,Sales,Sales commission,Payroll,"4,023",cash,M. Chen,,Vendor invoice late
03-Jul-25,Services,Support tools,Zendesk / Gainsight,"(1,457)",cash,TBD,posted,Ask owner
27 Oct-25,Mktg,Events & webinars,Various,"4,723",manual Entry,Alex - FP&A,accrual,Timing issue
26 Jan-25,COGS,Materials,Walmart,"6,396",ERP,Erik,needs mapping,Timing issue
01 Jan-26,COGS,Materials,Electric house,"8,377",Check,finance ops,manual adj,Timing issue
02 Apr-26,Sales,Sales commission,Payroll,"9,889",Check,finance ops,late invoice,Map to GL 6100
11/26/25,G&A,Office rent,Landlord,"1,806",Check,Alex - FP&A,needs mapping,Map to GL 6100
03 Feb-25,Revenue,Product sales,Retail Customer,"9,235",Pos,TBD,accrual,Ask owner
12/07/25,Marketing,Google Ads,Google / LinkedIn,"6,849",Check,Alex - FP&A,posted,Ask owner
25-May-26,Sales,Sales commission,Payroll,"1,402",Pos,M. Chen,manual adj,Check sign
20 Oct-25,Sales,CRM / RevOps tools,Salesforce / Outreach,"(2,245)",ERP,finance ops,late invoice,Map to GL 6100
03-Jul-25,Revenue,Subscr. revenue,Corp. clients,"(9,295)",Check,,accrual,One-off item
04-Oct-25,Marketing,Customer appr.,Amazon gift c.,725,Check,,needs mapping,Vendor invoice late
03 Jul-26,COGS,Cloud hosting,AWS / Datadog,"6,796",Check,Erik,,Vendor invoice late
2025-06-24,COGS,Materials,Johnsons Supply,"7,024",manual Entry,TBD,late invoice,Vendor invoice late
26-Dec-25,R&D,Cloud hosting,AWS / Datadog,"9,117",Check,M. Chen,manual adj,One-off item
2025-08-23,Sales,Payroll - sales,Payroll,"(3,167)",manual Entry,Alex - FP&A,Posted,Check sign
09 Nov-25,COGS,Cloud hosting,AWS / Datadog,"(5,529)",manual Entry,Alex - FP&A,needs mapping,Ask owner
29-Jul-25,Sales,Sales commission,Payroll,"(1,065)",manual Entry,,late invoice,Ask owner
2026-03-05,Sales,CRM / RevOps tools,Salesforce / Outreach,"6,280",Check,Andres,,Check sign
05-May-25,Services,Support tools,Zendesk / Gainsight,"4,297",Pos,Alex - FP&A,manual adj,Ask owner
10/31/25,Sales,CRM / RevOps tools,Salesforce / Outreach,"7,571",Check,Erik,,One-off item
15-Mar-26,COGS,Cloud hosting,AWS / Datadog,"3,147",cash,,,Ask owner
2026-01-17,Revenue,Service,Corp. clients,"9,315",ERP,Erik,manual adj,Check sign
16 Mar-25,Marketing,Google Ads,Google / LinkedIn,37,cash,Andres,needs mapping,Check sign
09/12/25,Marketing,Events & webinars,Various,"8,713",Pos,M. Chen,late invoice,Map to GL 6100
29-Jul-25,G&A,Legal fees,Buchalter,"3,768",cash,Andres,manual adj,One-off item
2025-06-14,Mktg,Paid media,Google / LinkedIn,"6,217",ERP,Erik,needs mapping,Check sign
2026-01-09,Mktg,Customer appr.,Soccer Ticket,"5,835",cash,Erik,late invoice,Ask owner
09-Sep-25,Revenue,Service,Corp. clients,"5,222",cash,Alex - FP&A,manual adj,Vendor invoice late
18-Jun-26,R&D,AI automation,n8n,"6,449",Pos,,needs mapping,
01/02/25,Revenue,Product sales,Corp. clients,(952),Pos,Andres,needs mapping,
26-Jun-26,Marketing,Events & webinars,Various,87,Pos,finance ops,late invoice,Vendor invoice late
22-Jul-25,Revenue,Service,Retail Customer,"4,529",cash,,manual adj,One-off item
2025-12-17,Mktg,Paid media,Google / LinkedIn,"4,658",Pos,finance ops,late invoice,Timing issue
08-Dec-25,Services,Prof services,Implementation clients,533,Check,Andres,needs mapping,Ask owner
14 Jun-26,Mktg,Events & webinars,Various,"7,416",ERP,finance ops,needs mapping,Map to GL 6100
21-Jun-26,Sales,CRM / RevOps tools,Salesforce / Outreach,493,manual Entry,TBD,needs mapping,Ask owner
04-May-26,Marketing,Events & webinars,Various,"7,897",Check,Alex - FP&A,late invoice,Map to GL 6100
09/30/25,COGS,Cloud hosting,AWS / Datadog,"6,054",Pos,Erik,,Check sign
2025-12-09,Services,Prof services,Implementation clients,"(2,446)",Check,Alex - FP&A,manual adj,Ask owner
2025-11-23,COGS,Materials,Walmart,"4,567",ERP,finance ops,accrual,Ask owner
03 Mar-26,Sales,Payroll - sales,Payroll,"8,615",Check,M. Chen,manual adj,Ask owner
05/03/26,Marketing,Google Ads,Google / LinkedIn,"(7,622)",Pos,TBD,posted,Check sign
2025-11-14,Mktg,Events & webinars,Various,"1,349",Pos,,posted,Ask owner
03/31/26,Mktg,Customer appr.,Amazon gift c.,125,ERP,TBD,Posted,Timing issue
04/25/26,Sales,CRM / RevOps tools,Salesforce / Outreach,"7,950",cash,Alex - FP&A,late invoice,Map to GL 6100
02-Oct-25,COGS,Materials,Electric house,"9,370",manual Entry,Erik,Posted,Map to GL 6100
06/10/26,R&D,Cloud hosting,AWS / Datadog,"5,649",manual Entry,Erik,needs mapping,Map to GL 6100
11/06/25,Marketing,Paid media,Google / LinkedIn,"3,672",cash,Andres,needs mapping,One-off item
05/08/26,Marketing,Paid media,Google / LinkedIn,"4,502",Pos,,posted,Check sign
15 Jan-26,COGS,Materials,Electric house,"9,128",Pos,finance ops,accrual,Ask owner
29-Nov-25,Sales,Sales commission,Payroll,"2,372",ERP,,,Timing issue
06/10/26,G&A,Accounting fees,Brandon,"6,837",Pos,Alex - FP&A,late invoice,Vendor invoice late
04 Feb-26,G&A,Legal fees,Buchalter,"7,846",Pos,finance ops,accrual,One-off item
2025-05-19,Revenue,Subscr. revenue,Retail Customer,"9,967",Pos,TBD,needs mapping,Vendor invoice late
27 Oct-25,R&D,Cloud hosting,AWS / Datadog,"1,944",cash,M. Chen,manual adj,Timing issue
28-Jul-25,Mktg,Customer appr.,Amazon gift c.,(536),ERP,Andres,late invoice,Check sign
07/11/26,Services,Prof services,Implementation clients,"3,501",Pos,,accrual,
20 Oct-25,Revenue,Revenue,Retail Customer,"4,324",Pos,Andres,late invoice,One-off item
2025-06-16,Services,Prof services,Implementation clients,"(7,018)",manual Entry,Andres,late invoice,Vendor invoice late
18 May-26,Marketing,Events & webinars,Various,"2,242",cash,M. Chen,,Timing issue
04 Sep-25,Marketing,Paid media,Google / LinkedIn,"5,502",Check,M. Chen,Posted,Map to GL 6100
12/02/25,Sales,Sales commission,Payroll,"4,532",cash,Andres,accrual,Map to GL 6100
10/31/25,Marketing,Customer appr.,Gift hamper,"4,095",Check,TBD,,
01/27/26,Services,Prof services,Implementation clients,"7,109",Check,Alex - FP&A,manual adj,Ask owner
25-Apr-25,Services,Prof services,Implementation clients,306,Check,TBD,Posted,One-off item
02/20/25,Revenue,Service,Corp. clients,"1,276",ERP,,needs mapping,Map to GL 6100
01 Dec-25,Revenue,Subscr. revenue,Corp. clients,"8,254",Pos,Andres,accrual,Vendor invoice late
09/05/25,Services,Support tools,Zendesk / Gainsight,"5,281",Check,Erik,manual adj,Check sign
17-Feb-26,Sales,CRM / RevOps tools,Salesforce / Outreach,"7,084",Pos,M. Chen,Posted,Map to GL 6100
11-Sep-25,Revenue,Subscr. revenue,Retail Customer,"(2,803)",ERP,Alex - FP&A,,Timing issue
08-Sep-25,G&A,Legal fees,Buchalter,"3,278",cash,TBD,manual adj,One-off item
05-Jun-25,Mktg,Customer appr.,Soccer Ticket,"2,871",manual Entry,M. Chen,late invoice,One-off item
14 Aug-25,Marketing,Google Ads,Google / LinkedIn,432,Pos,finance ops,needs mapping,Vendor invoice late
15-Mar-26,Marketing,Paid media,Google / LinkedIn,"8,660",Pos,,late invoice,Timing issue
04 Apr-26,R&D,AI automation,n8n,338,Pos,TBD,,
09 Apr-26,Sales,CRM / RevOps tools,Salesforce / Outreach,"7,161",Check,M. Chen,manual adj,Map to GL 6100
02/15/26,Marketing,Events & webinars,Various,"3,440",cash,TBD,posted,Map to GL 6100
30 Mar-25,Sales,Payroll - sales,Payroll,"2,918",Pos,Andres,accrual,One-off item
2025-11-14,COGS,Cloud hosting,AWS / Datadog,"6,065",cash,Andres,needs mapping,Ask owner
06/11/25,G&A,Legal fees,Buchalter,"9,079",Check,,accrual,One-off item
02/07/25,Services,Prof services,Implementation clients,"7,067",cash,Erik,manual adj,Map to GL 6100
27 Oct-25,G&A,Office rent,Landlord,"4,620",Pos,finance ops,posted,Timing issue
2025-04-02,Marketing,Google Ads,Google / LinkedIn,"(7,514)",cash,Alex - FP&A,posted,One-off item
2025-01-15,Marketing,Customer appr.,Soccer Ticket,"2,509",Check,Andres,needs mapping,Vendor invoice late
22 Jan-26,Revenue,Product sales,Retail Customer,"4,636",cash,Erik,Posted,Map to GL 6100
2025-11-19,Mktg,Events & webinars,Various,"8,528",Check,Andres,needs mapping,Ask owner
13 Jan-25,Services,Prof services,Implementation clients,"(2,386)",manual Entry,Andres,manual adj,Map to GL 6100
10 Nov-25,Revenue,Product sales,Retail Customer,"1,150",cash,Alex - FP&A,late invoice,Check sign
05-Jun-25,Mktg,Customer appr.,Amazon gift c.,962,Pos,TBD,needs mapping,One-off item
15-Apr-26,COGS,Materials,Johnsons Supply,"9,346",cash,TBD,accrual,Map to GL 6100
12/02/25,R&D,Cloud hosting,AWS / Datadog,310,ERP,TBD,manual adj,One-off item
05-May-25,Services,Support tools,Zendesk / Gainsight,"4,984",Check,finance ops,Posted,
05/13/26,Sales,CRM / RevOps tools,Salesforce / Outreach,"4,216",Pos,M. Chen,needs mapping,
24 Dec-25,Mktg,Paid media,Google / LinkedIn,"1,864",Check,Erik,accrual,Map to GL 6100
07/01/26,Services,Support tools,Zendesk / Gainsight,"5,023",Check,,manual adj,One-off item
25-May-26,Mktg,Customer appr.,Soccer Ticket,"9,999",Check,finance ops,Posted,
2025-10-26,Services,Support tools,Zendesk / Gainsight,"9,828",cash,Andres,manual adj,Check sign
21-Apr-26,R&D,Cloud hosting,AWS / Datadog,"8,503",Check,Andres,manual adj,Timing issue
2026-03-05,COGS,Payroll - eng,Payroll,"2,556",manual Entry,Erik,accrual,Vendor invoice late
16 Apr-26,Revenue,Subscr. revenue,Retail Customer,511,cash,Erik,Posted,One-off item
30-Jul-25,Mktg,Events & webinars,Various,"7,182",Check,Alex - FP&A,late invoice,Check sign
11-Jan-26,R&D,AI automation,n8n,"9,492",Check,finance ops,late invoice,Check sign
16-Jan-26,Marketing,Customer appr.,Soccer Ticket,"7,649",ERP,M. Chen,posted,Ask owner
25-Apr-25,Marketing,Google Ads,Google / LinkedIn,"3,860",ERP,finance ops,needs mapping,Check sign
06/26/25,G&A,Legal fees,Europa Law firm,"8,344",ERP,finance ops,,Map to GL 6100
2026-01-04,Sales,CRM / RevOps tools,Salesforce / Outreach,"4,524",ERP,TBD,Posted,One-off item
2025-01-14,COGS,Materials,Home Depot,"7,171",manual Entry,Alex - FP&A,manual adj,Timing issue
07/11/26,Sales,Sales commission,Payroll,"(7,473)",Pos,Alex - FP&A,accrual,Ask owner
2025-12-06,Revenue,Service,Retail Customer,(387),manual Entry,Alex - FP&A,posted,Ask owner
24 Dec-25,G&A,Legal fees,Buchalter,"(6,907)",Pos,TBD,accrual,Timing issue
17 Mar-25,G&A,Accounting fees,Jason CPA,"5,773",Check,Alex - FP&A,accrual,Timing issue
09/19/25,Revenue,Subscr. revenue,Retail Customer,"3,887",Pos,Erik,manual adj,
24 Sep-25,G&A,Legal fees,Buchalter,"3,192",Check,Alex - FP&A,posted,Vendor invoice late
2025-05-19,R&D,Payroll - eng,Payroll,(291),Pos,M. Chen,posted,Ask owner
02-Mar-25,R&D,Cloud hosting,AWS / Datadog,"9,189",Pos,Erik,,
2026-05-21,Mktg,Events & webinars,Various,451,cash,TBD,needs mapping,
17-Feb-26,COGS,Cloud hosting,AWS / Datadog,"1,122",cash,M. Chen,posted,One-off item
03 Sep-25,Revenue,Subscr. revenue,Corp. clients,"7,531",cash,,manual adj,One-off item
19 Jun-25,COGS,Cloud hosting,AWS / Datadog,608,manual Entry,TBD,,Ask owner
2026-04-18,Sales,Payroll - sales,Payroll,772,manual Entry,TBD,accrual,Ask owner
2025-02-04,R&D,AI automation,n8n,"(7,048)",Check,TBD,accrual,Timing issue
11 May-25,Mktg,Events & webinars,Various,"9,894",Check,finance ops,Posted,One-off item
07 Oct-25,Services,Support tools,Zendesk / Gainsight,"6,849",manual Entry,TBD,accrual,
04/05/25,COGS,Payroll - eng,Payroll,"1,301",Check,,late invoice,Timing issue
05/28/25,R&D,Cloud hosting,AWS / Datadog,"7,128",Check,finance ops,posted,One-off item
07 Mar-25,Services,Prof services,Implementation clients,"4,627",Pos,M. Chen,Posted,Map to GL 6100
02/27/25,Sales,Payroll - sales,Payroll,"9,377",Check,finance ops,accrual,Check sign
02/12/25,COGS,Payroll - eng,Payroll,"7,392",ERP,Andres,manual adj,
04/25/26,Services,Prof services,Implementation clients,"5,215",cash,finance ops,posted,One-off item
21-Feb-25,Marketing,Google Ads,Google / LinkedIn,"2,962",manual Entry,TBD,Posted,Vendor invoice late
21 Dec-25,Services,Support tools,Zendesk / Gainsight,"9,798",cash,TBD,,Check sign
11/26/25,Revenue,Service,Retail Customer,"8,830",cash,TBD,,Map to GL 6100
03/29/25,Mktg,Events & webinars,Various,"6,799",cash,Erik,posted,One-off item
01/22/25,COGS,Cloud hosting,AWS / Datadog,"5,481",Pos,,accrual,One-off item
12/13/25,Revenue,Revenue,Corp. clients,"4,969",manual Entry,Erik,needs mapping,
2026-07-02,R&D,Cloud hosting,AWS / Datadog,"2,607",cash,,,Check sign
06-Jun-26,G&A,Legal fees,Buchalter,"6,509",manual Entry,Erik,manual adj,Check sign
10 Feb-26,Services,Support tools,Zendesk / Gainsight,"7,715",Check,,late invoice,Vendor invoice late
2026-03-08,G&A,Legal fees,Europa Law firm,"8,958",manual Entry,Erik,manual adj,
01/05/26,Revenue,Subscr. revenue,Retail Customer,"(7,112)",cash,Erik,late invoice,One-off item
05/26/25,Sales,Payroll - sales,Payroll,"(4,759)",Check,TBD,accrual,Ask owner
01-Apr-25,Services,Support tools,Zendesk / Gainsight,"(4,025)",ERP,TBD,accrual,One-off item
2026-05-07,Marketing,Events & webinars,Various,398,ERP,Andres,late invoice,Vendor invoice late
18 Jan-25,Services,Prof services,Implementation clients,"7,189",Check,M. Chen,,Check sign
06/26/25,R&D,Cloud hosting,AWS / Datadog,"8,488",Check,M. Chen,posted,
07/15/25,Sales,Payroll - sales,Payroll,416,cash,M. Chen,late invoice,Map to GL 6100
10 Oct-25,Mktg,Paid media,Google / LinkedIn,"(7,007)",manual Entry,finance ops,manual adj,Check sign
16-May-26,Revenue,Product sales,Retail Customer,343,Check,,Posted,Map to GL 6100
02/27/25,R&D,Payroll - eng,Payroll,"3,220",cash,Alex - FP&A,,Vendor invoice late
01/19/25,Marketing,Customer appr.,Amazon gift c.,"6,101",Check,Alex - FP&A,Posted,One-off item
2026-01-17,Sales,CRM / RevOps tools,Salesforce / Outreach,375,cash,Erik,late invoice,One-off item
06 Sep-25,R&D,AI automation,n8n,"5,467",ERP,M. Chen,manual adj,Timing issue
07 Jul-25,Sales,Payroll - sales,Payroll,"2,770",cash,Alex - FP&A,manual adj,Vendor invoice late
25 Oct-25,COGS,Payroll - eng,Payroll,"2,284",Check,Alex - FP&A,,
15-Apr-26,Services,Prof services,Implementation clients,"8,931",ERP,M. Chen,Posted,One-off item
06/15/26,COGS,Cloud hosting,AWS / Datadog,"4,179",Pos,finance ops,posted,Timing issue
2025-07-26,R&D,Payroll - eng,Payroll,"(8,241)",cash,TBD,posted,Map to GL 6100
25 Oct-25,Marketing,Events & webinars,Various,"6,555",ERP,M. Chen,posted,One-off item
19-Apr-25,Sales,Sales commission,Payroll,"5,044",Check,Erik,accrual,Map to GL 6100
31-May-25,Sales,Payroll - sales,Payroll,"4,378",Check,Andres,needs mapping,Timing issue
2025-05-19,Services,Prof services,Implementation clients,303,Pos,TBD,posted,One-off item
2026-01-31,COGS,Cloud hosting,AWS / Datadog,"5,020",Pos,TBD,posted,Ask owner
04 Jul-25,R&D,Payroll - eng,Payroll,"5,640",ERP,finance ops,Posted,Ask owner
17 Sep-25,Services,Support tools,Zendesk / Gainsight,"(8,435)",ERP,M. Chen,Posted,
2025-12-06,Services,Support tools,Zendesk / Gainsight,"7,187",ERP,Alex - FP&A,,Map to GL 6100
05/21/25,Mktg,Customer appr.,Gift hamper,"1,926",cash,M. Chen,needs mapping,Map to GL 6100
10 May-26,Marketing,Google Ads,Google / LinkedIn,"8,519",Pos,M. Chen,needs mapping,One-off item
06/10/26,Sales,Sales commission,Payroll,"5,254",Check,TBD,posted,Check sign
25-May-26,Services,Support tools,Zendesk / Gainsight,"1,535",cash,finance ops,late invoice,Check sign
09/30/25,COGS,Payroll - eng,Payroll,"8,926",cash,M. Chen,accrual,Ask owner
07 Feb-26,Marketing,Google Ads,Google / LinkedIn,"7,532",ERP,Alex - FP&A,posted,Check sign
11-Feb-25,R&D,Cloud hosting,AWS / Datadog,"2,962",cash,Erik,accrual,Timing issue
10 Feb-26,Mktg,Customer appr.,Amazon gift c.,"(5,542)",cash,Erik,accrual,One-off item
11-Feb-25,Revenue,Service,Retail Customer,"8,552",Check,TBD,Posted,One-off item
11-Jan-26,Revenue,Service,Retail Customer,"8,630",ERP,TBD,late invoice,Map to GL 6100
05/29/25,Sales,CRM / RevOps tools,Salesforce / Outreach,"4,942",cash,M. Chen,,Check sign
03 Jan-26,Sales,Sales commission,Payroll,"8,409",ERP,Erik,late invoice,One-off item
2025-12-31,Marketing,Customer appr.,Amazon gift c.,500,cash,M. Chen,late invoice,Vendor invoice late
01 Apr-26,Revenue,Revenue,Retail Customer,"7,689",Pos,finance ops,accrual,Check sign
31-Mar-25,Services,Prof services,Implementation clients,"9,888",Check,,Posted,Ask owner
06 Oct-25,COGS,Cloud hosting,AWS / Datadog,"(4,531)",Check,TBD,Posted,Check sign
07 Oct-25,Services,Support tools,Zendesk / Gainsight,"9,011",Pos,finance ops,late invoice,One-off item
07/11/26,Mktg,Paid media,Google / LinkedIn,"4,289",ERP,Erik,manual adj,Timing issue
31-Mar-25,G&A,Accounting fees,Brandon,"(8,268)",Check,finance ops,manual adj,Map to GL 6100
2025-09-07,Revenue,Product sales,Corp. clients,"(9,350)",cash,Erik,Posted,One-off item
25-Apr-25,Services,Support tools,Zendesk / Gainsight,"6,260",Pos,Alex - FP&A,late invoice,Map to GL 6100
2025-06-14,Services,Prof services,Implementation clients,"5,583",cash,Erik,late invoice,
2025-07-19,Revenue,Subscr. revenue,Retail Customer,"9,036",Pos,Erik,needs mapping,
19-Apr-25,G&A,Legal fees,Buchalter,"4,159",manual Entry,finance ops,posted,
25-Dec-25,COGS,Materials,Electric house,"2,163",manual Entry,Andres,Posted,Map to GL 6100
29 Oct-25,Marketing,Paid media,Google / LinkedIn,"5,173",manual Entry,Alex - FP&A,late invoice,One-off item
2025-07-18,G&A,Accounting fees,Jason CPA,"1,197",Pos,finance ops,manual adj,Timing issue
2026-04-29,G&A,Accounting fees,Brandon,"7,609",Pos,TBD,late invoice,Ask owner
09/19/25,COGS,Materials,Home Depot,"3,049",Pos,,posted,Timing issue
27-Mar-26,Services,Support tools,Zendesk / Gainsight,"7,844",Check,finance ops,needs mapping,Timing issue
2025-10-26,Services,Prof services,Implementation clients,"7,906",cash,,manual adj,Timing issue
13 Nov-25,Services,Prof services,Implementation clients,"3,397",manual Entry,,accrual,Timing issue
2025-08-19,Marketing,Paid media,Google / LinkedIn,"9,606",Pos,TBD,Posted,Check sign
07/15/25,Services,Prof services,Implementation clients,634,Check,,posted,Vendor invoice late
03-Dec-25,Services,Prof services,Implementation clients,"3,936",Check,M. Chen,accrual,Map to GL 6100
23-Apr-26,Services,Support tools,Zendesk / Gainsight,"6,997",manual Entry,Alex - FP&A,Posted,
2025-02-02,G&A,Legal fees,Buchalter,"(7,140)",cash,finance ops,,Vendor invoice late
21-Sep-25,Mktg,Paid media,Google / LinkedIn,"(8,581)",cash,,needs mapping,Check sign
2025-11-27,R&D,AI automation,n8n,"2,875",Check,Alex - FP&A,accrual,Vendor invoice late
02 Mar-26,Services,Prof services,Implementation clients,"5,989",cash,Andres,Posted,Ask owner
01/05/26,COGS,Materials,Home Depot,"3,952",ERP,Alex - FP&A,needs mapping,Check sign
03/22/25,Mktg,Events & webinars,Various,"(4,428)",ERP,,manual adj,Vendor invoice late
13 Aug-25,Sales,CRM / RevOps tools,Salesforce / Outreach,"2,642",ERP,Andres,late invoice,Check sign
24-Feb-26,COGS,Materials,Electric house,"5,939",manual Entry,Alex - FP&A,needs mapping,Ask owner
24 Dec-25,Services,Prof services,Implementation clients,"7,648",Check,M. Chen,needs mapping,One-off item
07 Mar-25,R&D,Payroll - eng,Payroll,"9,427",Pos,Erik,posted,
2026-03-08,G&A,Legal fees,Europa Law firm,"9,128",manual Entry,,,Check sign
01-Apr-25,Revenue,Revenue,Corp. clients,"3,739",ERP,Alex - FP&A,,Ask owner
2025-08-20,Services,Prof services,Implementation clients,"9,359",cash,Erik,accrual,Check sign
10/17/25,Mktg,Paid media,Google / LinkedIn,"5,559",manual Entry,M. Chen,late invoice,Check sign
2025-05-20,R&D,Cloud hosting,AWS / Datadog,"2,118",ERP,Alex - FP&A,posted,One-off item
04 Mar-25,Marketing,Google Ads,Google / LinkedIn,"(5,485)",Pos,finance ops,needs mapping,Vendor invoice late
14 Jun-26,G&A,Legal fees,Buchalter,957,Check,,manual adj,One-off item
02/10/25,COGS,Materials,Home Depot,"3,886",Pos,Erik,Posted,Timing issue
24-Apr-25,G&A,Accounting fees,Jason CPA,"3,748",manual Entry,TBD,Posted,Map to GL 6100
04 Apr-26,Marketing,Google Ads,Google / LinkedIn,"8,829",Pos,finance ops,late invoice,Timing issue
01/19/25,G&A,Office rent,Landlord,"3,763",manual Entry,,posted,Vendor invoice late
03 Jan-26,Marketing,Customer appr.,Amazon gift c.,"1,351",manual Entry,,manual adj,Vendor invoice late
17 Sep-25,Revenue,Service,Retail Customer,"2,373",Pos,finance ops,manual adj,Map to GL 6100
2026-01-20,COGS,Materials,Johnsons Supply,"(1,607)",ERP,Andres,late invoice,Ask owner
01 Dec-25,Marketing,Google Ads,Google / LinkedIn,"8,837",manual Entry,Alex - FP&A,accrual,Timing issue
10 Jan-25,Services,Prof services,Implementation clients,"5,718",ERP,Alex - FP&A,manual adj,Map to GL 6100
05/26/25,R&D,Payroll - eng,Payroll,"9,577",Pos,M. Chen,late invoice,One-off item
05/22/26,COGS,Cloud hosting,AWS / Datadog,"7,406",Pos,,late invoice,Map to GL 6100
19 Jun-25,Services,Support tools,Zendesk / Gainsight,"4,483",Check,,needs mapping,One-off item
2026-05-07,Services,Prof services,Implementation clients,"8,657",Pos,Alex - FP&A,,Vendor invoice late
2025-09-07,Mktg,Customer appr.,Amazon gift c.,"(2,089)",Check,Alex - FP&A,manual adj,Ask owner
28-Jul-25,Sales,Payroll - sales,Payroll,"4,093",Check,Andres,manual adj,Timing issue
2025-05-13,Mktg,Paid media,Google / LinkedIn,"(2,505)",ERP,TBD,manual adj,Map to GL 6100
01/05/26,G&A,Legal fees,Buchalter,122,manual Entry,finance ops,accrual,Map to GL 6100
29-Jul-25,Revenue,Service,Corp. clients,"9,324",Pos,,posted,Timing issue
24 Apr-26,Revenue,Product sales,Corp. clients,"4,390",Check,Andres,,Timing issue
03/29/25,Mktg,Customer appr.,Gift hamper,"8,792",ERP,,Posted,One-off item
24 Jan-25,Services,Prof services,Implementation clients,"2,092",cash,M. Chen,needs mapping,Ask owner
2025-01-16,Services,Prof services,Implementation clients,"1,680",Check,finance ops,manual adj,One-off item
03 Feb-25,Mktg,Events & webinars,Various,"(5,050)",Check,Andres,accrual,One-off item
04 Apr-26,Sales,CRM / RevOps tools,Salesforce / Outreach,"3,090",cash,,,Ask owner
13 Nov-25,G&A,Legal fees,Europa Law firm,"3,510",Check,M. Chen,late invoice,Vendor invoice late
2025-05-02,Mktg,Customer appr.,Soccer Ticket,"2,265",manual Entry,Andres,needs mapping,Vendor invoice late
14 Aug-25,R&D,Payroll - eng,Payroll,"1,500",cash,M. Chen,manual adj,Map to GL 6100
25 Feb-25,Marketing,Google Ads,Google / LinkedIn,"4,734",manual Entry,Erik,accrual,Vendor invoice late
2025-06-13,Services,Support tools,Zendesk / Gainsight,"4,479",Pos,Alex - FP&A,manual adj,Map to GL 6100
04/20/25,G&A,Office rent,Landlord,"4,950",cash,Andres,late invoice,One-off item
08-Sep-25,G&A,Office rent,Landlord,"8,375",Pos,Andres,late invoice,
2026-06-19,Revenue,Product sales,Corp. clients,"1,660",Pos,Alex - FP&A,manual adj,Ask owner
07/01/26,G&A,Legal fees,Europa Law firm,"6,111",manual Entry,TBD,posted,Map to GL 6100
2025-10-15,G&A,Office rent,Landlord,"3,321",manual Entry,finance ops,accrual,Vendor invoice late
03-Mar-25,COGS,Cloud hosting,AWS / Datadog,"(2,021)",Check,Andres,Posted,Vendor invoice late
2026-01-20,COGS,Cloud hosting,AWS / Datadog,"4,100",cash,M. Chen,Posted,Check sign
05/29/26,Marketing,Paid media,Google / LinkedIn,"7,893",Pos,M. Chen,,Check sign
24-Jul-25,G&A,Accounting fees,Brandon,11,cash,,Posted,Timing issue
18 May-26,COGS,Payroll - eng,Payroll,271,Check,Alex - FP&A,Posted,Map to GL 6100
29-Nov-25,G&A,Legal fees,Buchalter,"(6,167)",Pos,Alex - FP&A,,Timing issue
06/13/26,Revenue,Subscr. revenue,Retail Customer,"3,055",Pos,,late invoice,Timing issue
09/10/25,COGS,Materials,Johnsons Supply,"8,370",cash,Andres,late invoice,Ask owner
28-Mar-25,COGS,Payroll - eng,Payroll,"7,222",Pos,Erik,late invoice,One-off item
18 Oct-25,R&D,Payroll - eng,Payroll,"(7,181)",ERP,Andres,posted,One-off item
2025-06-29,R&D,Cloud hosting,AWS / Datadog,"4,264",Pos,M. Chen,Posted,Check sign
11/06/25,COGS,Materials,Electric house,"(6,888)",Pos,finance ops,late invoice,Check sign
19-Apr-25,Sales,CRM / RevOps tools,Salesforce / Outreach,"8,601",ERP,finance ops,accrual,Check sign
30 May-26,Mktg,Paid media,Google / LinkedIn,"5,747",Check,,accrual,Vendor invoice late
08/28/25,Marketing,Customer appr.,Soccer Ticket,"9,243",cash,M. Chen,manual adj,Check sign
20-Mar-26,R&D,AI automation,n8n,"5,859",cash,TBD,posted,Timing issue
05/26/25,Revenue,Revenue,Corp. clients,"3,129",cash,,posted,Vendor invoice late
11/12/25,Mktg,Customer appr.,Soccer Ticket,"3,900",cash,Andres,accrual,Timing issue
02/21/26,Services,Prof services,Implementation clients,"6,282",Check,Andres,manual adj,Ask owner
12/02/25,Services,Prof services,Implementation clients,737,cash,Andres,manual adj,One-off item
30 Mar-25,COGS,Payroll - eng,Payroll,39,manual Entry,Alex - FP&A,needs mapping,Map to GL 6100
11/06/25,Mktg,Customer appr.,Amazon gift c.,"4,480",manual Entry,finance ops,accrual,Map to GL 6100
01-Apr-25,Sales,Payroll - sales,Payroll,755,ERP,Alex - FP&A,Posted,Timing issue
24 Apr-26,R&D,AI automation,n8n,"6,168",manual Entry,M. Chen,Posted,One-off item
11-Sep-25,Marketing,Customer appr.,Soccer Ticket,"(3,577)",Pos,Andres,,
27 May-25,R&D,AI automation,n8n,"5,366",cash,,needs mapping,Map to GL 6100
07-Aug-25,COGS,Cloud hosting,AWS / Datadog,"(9,828)",ERP,Erik,,One-off item
29-Jan-26,COGS,Payroll - eng,Payroll,"6,470",Check,Andres,accrual,
02/16/26,Marketing,Google Ads,Google / LinkedIn,"4,329",manual Entry,Erik,manual adj,One-off item
06/23/25,Services,Prof services,Implementation clients,"6,778",Check,,,Ask owner
04 Mar-25,Revenue,Revenue,Retail Customer,"5,898",Pos,Erik,Posted,
2025-07-18,G&A,Accounting fees,Brandon,"4,347",manual Entry,M. Chen,needs mapping,One-off item
21-Feb-25,G&A,Legal fees,Buchalter,"8,173",ERP,finance ops,needs mapping,Ask owner
04-Oct-25,COGS,Materials,Home Depot,99,cash,M. Chen,late invoice,Ask owner
18 Aug-25,Mktg,Events & webinars,Various,"1,069",manual Entry,Alex - FP&A,posted,Check sign
07/11/26,Sales,CRM / RevOps tools,Salesforce / Outreach,292,manual Entry,,needs mapping,Ask owner
17-Feb-26,Sales,CRM / RevOps tools,Salesforce / Outreach,"2,177",manual Entry,finance ops,needs mapping,Map to GL 6100
2025-05-20,Mktg,Customer appr.,Gift hamper,431,Check,finance ops,posted,Check sign
01-May-25,Services,Prof services,Implementation clients,143,manual Entry,finance ops,Posted,Map to GL 6100
31 May-26,Marketing,Paid media,Google / LinkedIn,"6,942",cash,Erik,,Ask owner
02-Jun-25,Revenue,Product sales,Retail Customer,"6,184",ERP,TBD,needs mapping,Timing issue
11-Jan-26,Mktg,Customer appr.,Gift hamper,"(2,641)",ERP,,late invoice,Check sign
29-Jul-25,COGS,Payroll - eng,Payroll,"6,429",Check,,manual adj,Vendor invoice late
03/29/25,Services,Prof services,Implementation clients,"2,376",ERP,M. Chen,late invoice,One-off item
03 Jul-26,R&D,Payroll - eng,Payroll,748,Check,,accrual,Map to GL 6100
27 Mar-25,Sales,Payroll - sales,Payroll,"3,066",manual Entry,M. Chen,needs mapping,Timing issue
13 Mar-25,Services,Support tools,Zendesk / Gainsight,"(8,480)",cash,finance ops,posted,Check sign
05/06/26,Revenue,Service,Corp. clients,776,Check,Erik,manual adj,One-off item
29-Mar-26,Mktg,Events & webinars,Various,"(9,012)",cash,Erik,posted,
09 Apr-26,G&A,Accounting fees,Jason CPA,"1,553",Check,TBD,Posted,Ask owner
04 Apr-26,Mktg,Events & webinars,Various,(879),manual Entry,TBD,posted,One-off item
05/03/26,Sales,CRM / RevOps tools,Salesforce / Outreach,"6,657",Check,,posted,Map to GL 6100
04 Mar-25,G&A,Legal fees,Buchalter,584,Check,Andres,,Check sign
2025-12-31,COGS,Payroll - eng,Payroll,"1,742",Pos,Andres,late invoice,Check sign
10 Jul-25,G&A,Accounting fees,Jason CPA,"8,602",Pos,TBD,accrual,Vendor invoice late
01/19/26,R&D,Cloud hosting,AWS / Datadog,871,cash,M. Chen,needs mapping,Vendor invoice late
23 Jun-26,G&A,Office rent,Landlord,388,manual Entry,TBD,late invoice,Vendor invoice late
23 Jun-26,Marketing,Events & webinars,Various,"7,865",ERP,finance ops,,
13 Mar-25,R&D,Cloud hosting,AWS / Datadog,"2,487",Check,M. Chen,Posted,Check sign
2025-11-19,Revenue,Product sales,Retail Customer,"(2,737)",cash,Andres,manual adj,Ask owner
22 Oct-25,COGS,Payroll - eng,Payroll,"6,353",ERP,M. Chen,late invoice,Map to GL 6100
01 Dec-25,Marketing,Google Ads,Google / LinkedIn,"5,701",ERP,Erik,posted,One-off item
2025-12-31,G&A,Legal fees,Europa Law firm,"2,641",Pos,finance ops,late invoice,Map to GL 6100
05-May-26,Mktg,Events & webinars,Various,"6,907",ERP,Erik,needs mapping,Map to GL 6100
12/13/25,Marketing,Customer appr.,Gift hamper,"9,418",manual Entry,Erik,,Map to GL 6100
2025-09-16,Mktg,Paid media,Google / LinkedIn,"1,224",cash,,needs mapping,Vendor invoice late
02 Mar-26,COGS,Cloud hosting,AWS / Datadog,"2,287",Pos,Alex - FP&A,needs mapping,Check sign
07-Aug-25,G&A,Office rent,Landlord,"5,371",cash,M. Chen,posted,Ask owner
11-Jan-26,Revenue,Subscr. revenue,Corp. clients,"8,536",manual Entry,,accrual,Timing issue
31-May-25,COGS,Materials,Walmart,"1,569",Check,TBD,needs mapping,Map to GL 6100
2025-01-15,R&D,Payroll - eng,Payroll,"9,992",manual Entry,TBD,late invoice,Ask owner
11-Feb-25,Sales,Sales commission,Payroll,"6,653",Pos,finance ops,needs mapping,
02-Oct-25,Mktg,Paid media,Google / LinkedIn,"6,139",manual Entry,TBD,needs mapping,Ask owner
2025-07-06,R&D,Cloud hosting,AWS / Datadog,"4,031",Check,M. Chen,manual adj,Map to GL 6100
26 Jan-25,Sales,CRM / RevOps tools,Salesforce / Outreach,"5,216",Pos,,Posted,Map to GL 6100
23 Jun-26,Marketing,Events & webinars,Various,"9,640",Pos,Erik,needs mapping,Check sign
04 Mar-25,Services,Prof services,Implementation clients,"2,694",Pos,Andres,needs mapping,One-off item
24 Apr-26,Services,Prof services,Implementation clients,"8,225",Check,TBD,accrual,Check sign
18 Jan-25,Revenue,Revenue,Retail Customer,"5,376",manual Entry,TBD,accrual,Vendor invoice late
2025-05-16,Revenue,Product sales,Corp. clients,"7,616",cash,M. Chen,posted,
11/12/25,COGS,Materials,Johnsons Supply,"3,698",cash,finance ops,accrual,One-off item
20 Jul-25,Sales,CRM / RevOps tools,Salesforce / Outreach,"8,401",manual Entry,TBD,manual adj,One-off item
02/21/26,R&D,AI automation,n8n,"6,906",Pos,Alex - FP&A,Posted,Vendor invoice late
2026-02-14,Marketing,Google Ads,Google / LinkedIn,"3,878",Check,TBD,needs mapping,Map to GL 6100
2025-01-14,R&D,Cloud hosting,AWS / Datadog,380,ERP,Alex - FP&A,manual adj,Map to GL 6100
2025-01-15,COGS,Cloud hosting,AWS / Datadog,"5,712",Pos,Andres,Posted,One-off item
01/31/25,Sales,Sales commission,Payroll,"5,172",manual Entry,Andres,,Check sign
10 Dec-25,G&A,Legal fees,Buchalter,"8,017",Pos,M. Chen,needs mapping,One-off item
29 Oct-25,G&A,Office rent,Landlord,"3,191",ERP,M. Chen,late invoice,Check sign
10/31/25,Services,Support tools,Zendesk / Gainsight,"9,928",manual Entry,Alex - FP&A,accrual,Map to GL 6100
2026-03-25,G&A,Office rent,Landlord,"7,093",cash,Andres,posted,Timing issue
07 Oct-25,COGS,Materials,Johnsons Supply,"4,715",ERP,TBD,late invoice,Ask owner
03/30/26,Mktg,Paid media,Google / LinkedIn,"4,672",Pos,M. Chen,manual adj,Check sign
05-May-26,Marketing,Paid media,Google / LinkedIn,"9,126",Pos,,late invoice,Vendor invoice late
2025-05-02,G&A,Office rent,Landlord,"(5,339)",Pos,Andres,late invoice,
06/04/26,R&D,AI automation,n8n,"6,904",ERP,,late invoice,
2025-06-14,Revenue,Subscr. revenue,Corp. clients,"9,958",ERP,Alex - FP&A,,Ask owner
11-Sep-25,G&A,Legal fees,Europa Law firm,"(4,025)",ERP,Alex - FP&A,Posted,One-off item
23-Feb-26,Marketing,Events & webinars,Various,"(8,188)",ERP,Andres,needs mapping,Timing issue
06/01/26,Revenue,Product sales,Corp. clients,"(6,569)",ERP,Alex - FP&A,,
07/11/26,Services,Prof services,Implementation clients,"(5,080)",ERP,finance ops,,Check sign
11/06/25,G&A,Accounting fees,Brandon,"7,868",Pos,TBD,accrual,One-off item
2026-03-06,Sales,CRM / RevOps tools,Salesforce / Outreach,"6,349",Check,Andres,posted,Check sign
01/05/26,G&A,Legal fees,Europa Law firm,"1,602",manual Entry,Andres,late invoice,Ask owner
04/05/25,R&D,AI automation,n8n,"2,485",manual Entry,TBD,Posted,Vendor invoice late
05/28/25,Sales,Sales commission,Payroll,"9,027",manual Entry,TBD,needs mapping,Timing issue
30-Jul-25,Services,Support tools,Zendesk / Gainsight,"7,370",cash,finance ops,accrual,Vendor invoice late
2025-08-20,Marketing,Events & webinars,Various,"9,955",Pos,finance ops,manual adj,Ask owner
05/21/25,Revenue,Service,Corp. clients,"(9,653)",Check,Erik,manual adj,
2026-02-14,Revenue,Subscr. revenue,Retail Customer,"8,483",ERP,Alex - FP&A,posted,Vendor invoice late
24 Sep-25,G&A,Accounting fees,Jason CPA,772,Check,Alex - FP&A,manual adj,One-off item
04 Feb-26,Sales,Payroll - sales,Payroll,"7,058",manual Entry,,manual adj,Map to GL 6100
2025-01-23,G&A,Office rent,Landlord,"5,200",ERP,finance ops,Posted,Map to GL 6100
06/28/25,Services,Support tools,Zendesk / Gainsight,"8,924",ERP,Erik,needs mapping,Map to GL 6100
26 Feb-26,Revenue,Product sales,Corp. clients,"9,195",Pos,Erik,posted,Ask owner
10/31/25,R&D,Cloud hosting,AWS / Datadog,"(7,143)",ERP,TBD,manual adj,Vendor invoice late
12/07/25,Sales,Sales commission,Payroll,"2,180",cash,finance ops,Posted,Check sign
2025-06-29,Mktg,Events & webinars,Various,"2,053",ERP,TBD,,Check sign
12/13/25,COGS,Cloud hosting,AWS / Datadog,"5,300",ERP,finance ops,manual adj,Map to GL 6100
11/06/25,COGS,Payroll - eng,Payroll,"2,235",ERP,,,One-off item
05/06/26,Marketing,Customer appr.,Soccer Ticket,"7,263",cash,M. Chen,Posted,Timing issue
06 Oct-25,Services,Prof services,Implementation clients,"3,106",ERP,finance ops,needs mapping,Check sign
2025-08-23,R&D,AI automation,n8n,"5,922",ERP,finance ops,needs mapping,Vendor invoice late
11-Mar-25,Revenue,Service,Retail Customer,"(8,799)",cash,M. Chen,needs mapping,Vendor invoice late
09-Sep-25,G&A,Legal fees,Europa Law firm,"2,729",Pos,,Posted,Vendor invoice late
2025-01-16,Revenue,Subscr. revenue,Retail Customer,19,manual Entry,TBD,needs mapping,Ask owner
26 Feb-26,Sales,Sales commission,Payroll,"9,069",Check,,needs mapping,Check sign
2026-01-20,Mktg,Events & webinars,Various,"7,794",Pos,Alex - FP&A,late invoice,Map to GL 6100
2026-03-21,G&A,Accounting fees,Jason CPA,"(5,263)",manual Entry,Erik,accrual,Timing issue
31 May-26,Marketing,Paid media,Google / LinkedIn,"8,825",Pos,Alex - FP&A,posted,Map to GL 6100
05/14/25,R&D,AI automation,n8n,"2,905",Pos,finance ops,manual adj,One-off item
11-Jan-26,Sales,CRM / RevOps tools,Salesforce / Outreach,"1,510",Pos,TBD,manual adj,
17-Jan-25,COGS,Payroll - eng,Payroll,"4,448",manual Entry,Erik,late invoice,
23-Apr-26,Mktg,Customer appr.,Gift hamper,"4,688",manual Entry,finance ops,,Check sign
19-Apr-25,Revenue,Subscr. revenue,Retail Customer,97,manual Entry,Alex - FP&A,late invoice,One-off item
15-Sep-25,Marketing,Events & webinars,Various,"5,724",Check,finance ops,,Check sign
03 Feb-25,COGS,Cloud hosting,AWS / Datadog,427,ERP,M. Chen,Posted,Map to GL 6100
2025-05-02,R&D,Payroll - eng,Payroll,"3,236",Pos,M. Chen,late invoice,Map to GL 6100
01/31/25,COGS,Materials,Johnsons Supply,837,Check,Erik,needs mapping,Vendor invoice late
2026-04-10,COGS,Materials,Electric house,"8,844",cash,TBD,,One-off item
2025-06-18,Revenue,Product sales,Corp. clients,"9,028",cash,TBD,,Map to GL 6100
05/29/25,Revenue,Service,Retail Customer,"3,593",manual Entry,,Posted,
18-Jun-26,R&D,AI automation,n8n,"5,100",cash,TBD,,
2026-06-17,Sales,Payroll - sales,Payroll,"8,382",ERP,Alex - FP&A,accrual,Map to GL 6100
10/17/25,Marketing,Paid media,Google / LinkedIn,"(6,068)",cash,,Posted,Ask owner
03-Dec-25,Services,Support tools,Zendesk / Gainsight,"1,415",ERP,Alex - FP&A,Posted,Vendor invoice late
11-Sep-25,COGS,Cloud hosting,AWS / Datadog,"9,738",ERP,Erik,needs mapping,Ask owner
2025-08-29,Mktg,Paid media,Google / LinkedIn,"9,894",Pos,Andres,posted,Vendor invoice late
2026-07-02,Marketing,Events & webinars,Various,"3,602",ERP,Erik,needs mapping,Ask owner
2026-06-19,R&D,AI automation,n8n,"7,876",manual Entry,,needs mapping,Vendor invoice late
22 Mar-26,R&D,AI automation,n8n,"2,598",manual Entry,TBD,Posted,Check sign
08/05/25,G&A,Legal fees,Buchalter,"6,542",Pos,Andres,posted,One-off item
15-Sep-25,R&D,Cloud hosting,AWS / Datadog,"2,899",ERP,Alex - FP&A,posted,
02/07/25,COGS,Materials,Walmart,"(3,057)",manual Entry,Andres,posted,
09/19/25,Services,Support tools,Zendesk / Gainsight,"(1,929)",Check,finance ops,Posted,Timing issue
2025-07-19,Sales,CRM / RevOps tools,Salesforce / Outreach,"5,591",cash,Erik,Posted,Vendor invoice late
2026-01-20,Services,Prof services,Implementation clients,"(3,332)",Check,Erik,manual adj,Map to GL 6100
2025-07-12,Sales,CRM / RevOps tools,Salesforce / Outreach,"2,485",Check,Erik,posted,Ask owner
12-Apr-25,COGS,Payroll - eng,Payroll,"3,151",Check,Andres,,
2026-06-08,G&A,Accounting fees,Brandon,"8,788",Check,Alex - FP&A,manual adj,Map to GL 6100
12 Jan-25,COGS,Cloud hosting,AWS / Datadog,79,cash,Andres,needs mapping,
2025-05-19,Services,Support tools,Zendesk / Gainsight,"(8,341)",ERP,TBD,needs mapping,Timing issue
02-Aug-25,Mktg,Events & webinars,Various,"2,407",Pos,,manual adj,Ask owner
17-Jan-25,Marketing,Paid media,Google / LinkedIn,"(3,815)",ERP,finance ops,accrual,Map to GL 6100
10 Jan-25,COGS,Materials,Home Depot,"3,435",Check,Andres,Posted,Ask owner
2026-06-17,Sales,Sales commission,Payroll,"8,151",manual Entry,,needs mapping,Timing issue
12 May-25,Marketing,Events & webinars,Various,"2,698",cash,Alex - FP&A,needs mapping,Vendor invoice late
2025-12-06,G&A,Office rent,Landlord,"2,465",Check,finance ops,needs mapping,Timing issue
2026-03-05,G&A,Accounting fees,Jason CPA,"2,729",cash,TBD,Posted,Map to GL 6100
30 May-26,Mktg,Paid media,Google / LinkedIn,"5,646",manual Entry,TBD,posted,Timing issue
06/10/26,Mktg,Paid media,Google / LinkedIn,760,manual Entry,Erik,manual adj,Check sign
22-Jul-25,R&D,AI automation,n8n,"(1,495)",cash,TBD,manual adj,Timing issue
04/03/25,R&D,AI automation,n8n,239,ERP,,needs mapping,Map to GL 6100
03 Apr-26,Services,Support tools,Zendesk / Gainsight,"(1,246)",manual Entry,Andres,accrual,Check sign
05/06/26,Services,Support tools,Zendesk / Gainsight,"2,663",Pos,TBD,accrual,Ask owner
15-Feb-25,Mktg,Customer appr.,Gift hamper,"1,639",manual Entry,Andres,Posted,Vendor invoice late
20 Oct-25,Revenue,Subscr. revenue,Corp. clients,"(5,365)",manual Entry,,posted,Timing issue
04-Jul-26,Marketing,Customer appr.,Gift hamper,(157),Check,TBD,posted,Map to GL 6100
06/23/25,Sales,Sales commission,Payroll,"8,934",Pos,M. Chen,needs mapping,Check sign
17-Jan-25,Services,Prof services,Implementation clients,"8,341",Check,,accrual,Check sign
2025-08-23,Services,Prof services,Implementation clients,"(1,960)",cash,Alex - FP&A,Posted,Map to GL 6100
07/09/26,Sales,CRM / RevOps tools,Salesforce / Outreach,"7,331",cash,M. Chen,posted,
05/14/25,Services,Prof services,Implementation clients,"(9,302)",manual Entry,Andres,,One-off item
02/17/25,Mktg,Paid media,Google / LinkedIn,"9,478",cash,Erik,late invoice,Vendor invoice late
2025-10-15,Revenue,Product sales,Corp. clients,"6,032",manual Entry,finance ops,Posted,
02/27/25,G&A,Accounting fees,Jason CPA,"(9,558)",ERP,,needs mapping,One-off item
17 May-25,G&A,Legal fees,Buchalter,"8,035",Pos,TBD,Posted,Ask owner
30-May-25,Mktg,Customer appr.,Soccer Ticket,"1,080",manual Entry,Erik,needs mapping,One-off item
2025-06-22,R&D,AI automation,n8n,"8,133",cash,Andres,,Vendor invoice late
05/15/25,Revenue,Product sales,Corp. clients,"9,081",Check,Andres,Posted,One-off item
17-Jan-25,Services,Support tools,Zendesk / Gainsight,"7,011",ERP,Alex - FP&A,accrual,Vendor invoice late
01/02/26,Revenue,Subscr. revenue,Corp. clients,"3,433",Check,finance ops,Posted,Map to GL 6100
03/22/25,COGS,Materials,Home Depot,"5,973",ERP,TBD,late invoice,Ask owner
28-Jul-25,Services,Support tools,Zendesk / Gainsight,"4,469",ERP,,posted,Check sign
02/17/25,Sales,Sales commission,Payroll,"2,060",Pos,,accrual,Map to GL 6100
2026-06-08,R&D,Cloud hosting,AWS / Datadog,272,manual Entry,finance ops,needs mapping,Check sign
12 Mar-26,Services,Support tools,Zendesk / Gainsight,"8,979",ERP,,Posted,Vendor invoice late
10 Feb-26,Mktg,Customer appr.,Soccer Ticket,"4,137",Pos,finance ops,Posted,Timing issue
16 Mar-25,Revenue,Subscr. revenue,Corp. clients,"7,724",Pos,Alex - FP&A,,Timing issue
04/27/25,Mktg,Paid media,Google / LinkedIn,"(6,722)",manual Entry,finance ops,manual adj,One-off item
15-Feb-25,Marketing,Events & webinars,Various,"7,461",ERP,Alex - FP&A,needs mapping,Timing issue
27-Jan-25,Marketing,Paid media,Google / LinkedIn,760,ERP,Alex - FP&A,Posted,Vendor invoice late
12 May-25,Marketing,Customer appr.,Gift hamper,"1,523",ERP,Andres,manual adj,Map to GL 6100
2026-03-05,R&D,AI automation,n8n,"(3,264)",cash,Andres,posted,Ask owner
11 May-25,Mktg,Customer appr.,Soccer Ticket,"4,371",Pos,Erik,accrual,Ask owner
10/11/25,Revenue,Service,Corp. clients,"9,711",ERP,M. Chen,posted,Map to GL 6100
2026-01-09,Services,Support tools,Zendesk / Gainsight,"6,407",ERP,Andres,late invoice,Map to GL 6100
25-Dec-25,G&A,Legal fees,Europa Law firm,"9,867",manual Entry,TBD,,
2025-08-19,COGS,Materials,Home Depot,"5,730",cash,M. Chen,manual adj,Map to GL 6100
03/21/25,Marketing,Paid media,Google / LinkedIn,"(6,846)",Pos,Erik,needs mapping,Timing issue
26 Sep-25,Mktg,Customer appr.,Amazon gift c.,"(1,339)",Check,Alex - FP&A,late invoice,Map to GL 6100
02 Jul-25,R&D,Payroll - eng,Payroll,192,cash,finance ops,manual adj,One-off item
2025-07-06,COGS,Materials,Home Depot,"3,316",Check,M. Chen,Posted,Vendor invoice late
05-Apr-26,G&A,Legal fees,Europa Law firm,"(1,514)",ERP,Erik,posted,
05/03/26,Revenue,Revenue,Retail Customer,"2,103",manual Entry,M. Chen,late invoice,
10/05/25,Mktg,Events & webinars,Various,"2,208",cash,TBD,posted,Timing issue
2025-05-02,G&A,Legal fees,Europa Law firm,"2,471",cash,M. Chen,Posted,One-off item
03/31/26,Sales,CRM / RevOps tools,Salesforce / Outreach,"6,463",Check,M. Chen,manual adj,One-off item
30 Mar-25,Mktg,Customer appr.,Amazon gift c.,"5,317",ERP,finance ops,late invoice,
12/07/25,G&A,Office rent,Landlord,"2,303",manual Entry,,accrual,Vendor invoice late
2026-06-11,G&A,Accounting fees,Jason CPA,"6,357",cash,TBD,posted,One-off item
11-Mar-25,G&A,Office rent,Landlord,(697),ERP,M. Chen,needs mapping,Timing issue
06/11/25,Mktg,Customer appr.,Soccer Ticket,"9,741",Pos,M. Chen,posted,
23-Sep-25,COGS,Payroll - eng,Payroll,"4,295",cash,,Posted,
15-Sep-25,COGS,Payroll - eng,Payroll,"8,460",ERP,,manual adj,Check sign
28-Mar-25,Mktg,Events & webinars,Various,"5,377",manual Entry,finance ops,posted,Ask owner
18 May-26,Mktg,Events & webinars,Various,"9,067",Check,,,Timing issue
2026-03-25,Revenue,Revenue,Corp. clients,"9,396",cash,Andres,Posted,Ask owner
10 Feb-26,COGS,Payroll - eng,Payroll,"6,858",Check,Erik,posted,One-off item
2025-06-08,Mktg,Paid media,Google / LinkedIn,(294),manual Entry,Andres,,Timing issue
2025-09-07,Marketing,Paid media,Google / LinkedIn,"4,358",manual Entry,Alex - FP&A,accrual,One-off item
22 Apr-25,Mktg,Paid media,Google / LinkedIn,"5,461",Check,M. Chen,manual adj,Ask owner
06/13/26,Mktg,Customer appr.,Soccer Ticket,162,cash,Andres,accrual,Ask owner
2025-10-15,Revenue,Revenue,Retail Customer,"4,531",ERP,Alex - FP&A,needs mapping,Vendor invoice late
03-Mar-25,R&D,Payroll - eng,Payroll,451,Check,Andres,accrual,Map to GL 6100
2025-08-23,COGS,Materials,Johnsons Supply,"1,449",cash,,needs mapping,Timing issue
04 Apr-26,R&D,Cloud hosting,AWS / Datadog,"3,180",ERP,,Posted,One-off item
06/01/26,Sales,CRM / RevOps tools,Salesforce / Outreach,"1,852",Check,Erik,posted,Map to GL 6100
30 Mar-25,COGS,Cloud hosting,AWS / Datadog,48,Check,finance ops,needs mapping,One-off item
02 Jul-25,Mktg,Customer appr.,Soccer Ticket,120,Pos,,posted,Map to GL 6100
05/15/25,Marketing,Events & webinars,Various,"2,716",ERP,TBD,needs mapping,Map to GL 6100
2026-03-06,Services,Support tools,Zendesk / Gainsight,"(4,940)",Check,Alex - FP&A,,
13-Sep-25,Revenue,Revenue,Retail Customer,"3,373",Pos,,manual adj,Map to GL 6100
30-May-25,Marketing,Events & webinars,Various,"2,042",Check,Andres,Posted,
2025-02-14,Mktg,Paid media,Google / LinkedIn,"5,074",Pos,Andres,posted,Map to GL 6100
2025-04-21,Sales,CRM / RevOps tools,Salesforce / Outreach,"2,441",ERP,Erik,Posted,
31-May-25,Sales,Payroll - sales,Payroll,"5,802",ERP,,,Timing issue
2025-07-06,Mktg,Events & webinars,Various,"1,351",ERP,Erik,,Check sign
12/07/25,Revenue,Product sales,Retail Customer,"8,658",Check,M. Chen,Posted,Ask owner
2025-05-19,Mktg,Paid media,Google / LinkedIn,"(3,370)",cash,Andres,late invoice,
02/17/25,R&D,AI automation,n8n,"(3,826)",cash,Andres,needs mapping,Check sign
10/17/25,Revenue,Subscr. revenue,Corp. clients,"7,949",Check,M. Chen,Posted,Timing issue
07-Aug-25,Services,Support tools,Zendesk / Gainsight,"9,517",Pos,finance ops,needs mapping,Vendor invoice late
2025-01-23,Marketing,Customer appr.,Soccer Ticket,"7,824",Check,,accrual,One-off item
17 Mar-25,G&A,Accounting fees,Brandon,"8,953",Check,Alex - FP&A,needs mapping,Vendor invoice late
2025-12-31,G&A,Office rent,Landlord,"8,856",Check,Alex - FP&A,late invoice,Ask owner
05/29/25,G&A,Office rent,Landlord,441,Pos,M. Chen,Posted,Check sign
2026-06-16,G&A,Office rent,Landlord,"1,895",ERP,Alex - FP&A,,One-off item
07 Jul-26,Services,Prof services,Implementation clients,"9,286",Check,M. Chen,,Vendor invoice late
2026-03-21,Revenue,Revenue,Corp. clients,"7,357",manual Entry,Alex - FP&A,posted,
27 Oct-25,Sales,Sales commission,Payroll,"1,055",ERP,Erik,needs mapping,Vendor invoice late
01/05/26,Mktg,Customer appr.,Amazon gift c.,"1,563",Pos,finance ops,posted,
2026-01-31,Sales,Sales commission,Payroll,"2,565",Pos,finance ops,accrual,Check sign
02/16/26,Services,Support tools,Zendesk / Gainsight,"3,555",Check,Erik,,Vendor invoice late
04/20/25,G&A,Office rent,Landlord,"5,609",ERP,Alex - FP&A,late invoice,Timing issue
01/31/25,Mktg,Events & webinars,Various,99,manual Entry,Alex - FP&A,posted,One-off item
2026-06-19,Revenue,Service,Retail Customer,"3,358",manual Entry,Erik,Posted,Ask owner
05/26/25,Revenue,Subscr. revenue,Corp. clients,"1,197",Check,,,Check sign
02 Apr-26,Marketing,Google Ads,Google / LinkedIn,"5,027",manual Entry,Alex - FP&A,posted,Vendor invoice late
2025-06-18,Marketing,Events & webinars,Various,"4,105",Check,Andres,posted,Check sign
2025-05-22,Revenue,Service,Corp. clients,"6,004",cash,finance ops,late invoice,Check sign
2026-03-08,R&D,Cloud hosting,AWS / Datadog,"6,228",ERP,TBD,needs mapping,
11-Sep-25,R&D,Cloud hosting,AWS / Datadog,"(4,602)",Check,finance ops,posted,Timing issue
2025-02-04,Mktg,Events & webinars,Various,"(3,881)",cash,,needs mapping,One-off item
20 Mar-25,R&D,Cloud hosting,AWS / Datadog,"6,563",manual Entry,Andres,accrual,
06/15/26,COGS,Materials,Electric house,"6,179",ERP,Andres,late invoice,Map to GL 6100
14 Jun-26,Revenue,Revenue,Retail Customer,"5,535",cash,M. Chen,posted,Timing issue
01/02/25,Mktg,Paid media,Google / LinkedIn,"5,732",ERP,Andres,needs mapping,One-off item
12 Jan-25,Sales,Sales commission,Payroll,"1,310",Check,M. Chen,needs mapping,Check sign
22 Mar-26,G&A,Legal fees,Buchalter,"5,073",Pos,Erik,late invoice,
02/20/25,Marketing,Customer appr.,Gift hamper,"(4,603)",cash,M. Chen,accrual,Map to GL 6100
2025-06-16,Marketing,Google Ads,Google / LinkedIn,"9,916",ERP,Erik,Posted,
23-Feb-26,COGS,Cloud hosting,AWS / Datadog,"(5,592)",Pos,finance ops,manual adj,Ask owner
30-Jul-25,Sales,Sales commission,Payroll,"7,607",ERP,M. Chen,manual adj,Map to GL 6100
06/13/26,G&A,Office rent,Landlord,"5,199",manual Entry,,needs mapping,Check sign
2025-05-02,R&D,Cloud hosting,AWS / Datadog,"8,734",Pos,Alex - FP&A,Posted,
02 Apr-26,Revenue,Product sales,Corp. clients,"5,919",ERP,M. Chen,manual adj,Ask owner
23-Sep-25,G&A,Office rent,Landlord,"2,145",Check,Andres,needs mapping,Check sign
2025-08-23,Revenue,Subscr. revenue,Corp. clients,"8,559",manual Entry,finance ops,accrual,
25-Apr-25,G&A,Accounting fees,Jason CPA,"6,328",Check,finance ops,manual adj,Vendor invoice late
2026-05-07,Mktg,Events & webinars,Various,"8,639",Check,TBD,manual adj,Ask owner
2025-01-14,Mktg,Paid media,Google / LinkedIn,"3,264",manual Entry,Alex - FP&A,accrual,Map to GL 6100
30 Mar-25,G&A,Office rent,Landlord,"2,200",Pos,M. Chen,late invoice,
2025-06-13,COGS,Cloud hosting,AWS / Datadog,"(1,052)",Pos,finance ops,,Timing issue
26-Feb-25,COGS,Materials,Electric house,"9,870",cash,Alex - FP&A,Posted,Ask owner
2025-05-02,Services,Support tools,Zendesk / Gainsight,370,Check,finance ops,Posted,Check sign
06/10/26,Sales,Sales commission,Payroll,484,Check,finance ops,Posted,One-off item
2026-04-18,G&A,Office rent,Landlord,"2,095",Check,Alex - FP&A,,
2026-03-06,Marketing,Customer appr.,Gift hamper,"7,758",ERP,finance ops,Posted,Map to GL 6100
07/01/26,Sales,Payroll - sales,Payroll,"5,838",manual Entry,M. Chen,,One-off item
04 Jul-25,R&D,Payroll - eng,Payroll,"5,050",manual Entry,Andres,posted,Ask owner
01/22/25,COGS,Payroll - eng,Payroll,"9,315",ERP,Alex - FP&A,manual adj,Vendor invoice late
03-Dec-25,Services,Prof services,Implementation clients,866,Pos,finance ops,needs mapping,Timing issue
27 Mar-25,G&A,Accounting fees,Brandon,"5,569",ERP,M. Chen,posted,One-off item
11-Feb-25,G&A,Office rent,Landlord,"5,629",Check,,needs mapping,Ask owner
04/05/25,Revenue,Revenue,Corp. clients,"5,046",Pos,Andres,manual adj,Ask owner
05/04/25,Sales,CRM / RevOps tools,Salesforce / Outreach,150,cash,TBD,,Vendor invoice late
2025-03-19,Revenue,Product sales,Retail Customer,"9,259",ERP,TBD,manual adj,Check sign
11-Sep-25,G&A,Accounting fees,Brandon,"6,553",manual Entry,TBD,late invoice,Map to GL 6100
2025-07-26,Marketing,Customer appr.,Soccer Ticket,"4,768",manual Entry,Erik,posted,Map to GL 6100
25-Dec-25,COGS,Materials,Walmart,"7,998",Pos,Alex - FP&A,Posted,Map to GL 6100
2025-05-02,Marketing,Customer appr.,Soccer Ticket,"9,589",cash,M. Chen,,Ask owner
05/25/25,Sales,Sales commission,Payroll,"3,259",Check,Andres,manual adj,Timing issue
2025-08-20,Mktg,Events & webinars,Various,(165),cash,Alex - FP&A,,Timing issue
2025-12-17,Revenue,Product sales,Retail Customer,"(7,786)",Pos,M. Chen,,
01/02/25,Sales,Sales commission,Payroll,"2,294",Check,Alex - FP&A,late invoice,Map to GL 6100
21-Sep-25,Revenue,Service,Retail Customer,"5,194",Check,Alex - FP&A,Posted,Map to GL 6100
2025-06-14,COGS,Payroll - eng,Payroll,"2,982",cash,M. Chen,posted,Ask owner
03/05/25,Mktg,Events & webinars,Various,"6,587",ERP,Andres,posted,Timing issue
2025-11-27,COGS,Cloud hosting,AWS / Datadog,"(8,544)",cash,Alex - FP&A,needs mapping,One-off item
2025-12-31,Revenue,Product sales,Retail Customer,"3,194",manual Entry,finance ops,,Map to GL 6100
2025-02-09,Revenue,Product sales,Corp. clients,"7,363",Pos,M. Chen,posted,Vendor invoice late
15-Mar-26,Sales,Payroll - sales,Payroll,"(7,029)",cash,,posted,Vendor invoice late
20 Feb-26,R&D,AI automation,n8n,"3,176",Check,finance ops,Posted,One-off item
01-Apr-25,COGS,Materials,Johnsons Supply,"4,786",cash,,accrual,
2025-06-29,G&A,Office rent,Landlord,"7,960",Pos,Alex - FP&A,Posted,Vendor invoice late
01/22/25,COGS,Cloud hosting,AWS / Datadog,"4,322",cash,finance ops,Posted,Check sign
02-Jun-25,G&A,Accounting fees,Brandon,"8,009",ERP,finance ops,accrual,Timing issue
2025-07-13,COGS,Payroll - eng,Payroll,"9,586",cash,Andres,accrual,Vendor invoice late
14 Aug-25,G&A,Office rent,Landlord,"(1,212)",cash,,needs mapping,Vendor invoice late
24-Apr-25,Sales,Sales commission,Payroll,"2,558",manual Entry,Alex - FP&A,Posted,Check sign
2026-03-21,Mktg,Paid media,Google / LinkedIn,959,Pos,Alex - FP&A,Posted,One-off item
08/27/25,COGS,Payroll - eng,Payroll,"3,722",Pos,finance ops,,Check sign
08/30/25,Sales,Payroll - sales,Payroll,"3,223",manual Entry,Erik,posted,
01 Jan-26,G&A,Legal fees,Buchalter,"(4,503)",manual Entry,Erik,manual adj,Ask owner
03-Mar-25,G&A,Legal fees,Buchalter,"5,765",cash,TBD,manual adj,Ask owner
20 Jun-26,Mktg,Paid media,Google / LinkedIn,"6,132",manual Entry,finance ops,,
2026-03-21,Mktg,Customer appr.,Amazon gift c.,"3,738",cash,finance ops,accrual,Ask owner
2025-08-20,Sales,CRM / RevOps tools,Salesforce / Outreach,"6,564",ERP,Alex - FP&A,accrual,Ask owner
27 Mar-25,Marketing,Events & webinars,Various,"9,472",ERP,,Posted,Check sign
15-Apr-26,Services,Prof services,Implementation clients,15,ERP,M. Chen,needs mapping,Timing issue
2025-06-22,Revenue,Product sales,Retail Customer,"2,163",manual Entry,Erik,Posted,One-off item
13 Nov-25,Mktg,Customer appr.,Amazon gift c.,"6,405",cash,,manual adj,Timing issue
07 Jul-26,Services,Support tools,Zendesk / Gainsight,"2,915",Check,finance ops,manual adj,
06/01/26,Revenue,Subscr. revenue,Corp. clients,"2,967",Pos,TBD,needs mapping,
2026-06-16,G&A,Office rent,Landlord,"(4,512)",Pos,TBD,Posted,One-off item
18 May-26,R&D,Payroll - eng,Payroll,"9,909",Pos,finance ops,manual adj,Vendor invoice late
19 Jun-25,Services,Support tools,Zendesk / Gainsight,"(6,609)",ERP,,manual adj,Vendor invoice late
01/27/26,Sales,Payroll - sales,Payroll,"8,730",cash,finance ops,needs mapping,
10 Jan-25,Services,Prof services,Implementation clients,"8,978",Check,,accrual,Vendor invoice late
2025-08-29,R&D,Payroll - eng,Payroll,"5,752",manual Entry,finance ops,needs mapping,Ask owner
2025-08-08,Revenue,Revenue,Retail Customer,"5,519",Pos,,posted,Ask owner
10/17/25,Sales,Sales commission,Payroll,"7,435",ERP,Alex - FP&A,manual adj,Timing issue
02/20/25,Mktg,Paid media,Google / LinkedIn,"1,701",Pos,Andres,needs mapping,Check sign
2025-11-27,R&D,AI automation,n8n,"(9,640)",manual Entry,TBD,posted,
2025-08-23,Sales,CRM / RevOps tools,Salesforce / Outreach,"1,274",manual Entry,M. Chen,,Timing issue
2026-01-31,R&D,AI automation,n8n,"8,311",ERP,Andres,manual adj,
05/03/26,Revenue,Subscr. revenue,Corp. clients,"9,597",Pos,,posted,One-off item
02/07/25,R&D,Cloud hosting,AWS / Datadog,"5,866",cash,Erik,manual adj,
26 Sep-25,Services,Support tools,Zendesk / Gainsight,"7,388",ERP,Erik,needs mapping,Ask owner
2025-02-14,COGS,Payroll - eng,Payroll,"5,658",cash,TBD,late invoice,Vendor invoice late
2026-05-21,G&A,Office rent,Landlord,"6,829",ERP,M. Chen,Posted,
04/03/25,COGS,Materials,Electric house,"(8,935)",Pos,Erik,needs mapping,Vendor invoice late
04-May-26,COGS,Cloud hosting,AWS / Datadog,"8,835",cash,Erik,posted,Check sign
12 Jan-25,Mktg,Events & webinars,Various,"(7,882)",manual Entry,Andres,Posted,Map to GL 6100
23 Jun-26,R&D,AI automation,n8n,"(2,734)",Pos,TBD,accrual,Check sign
05/13/26,Revenue,Service,Corp. clients,"2,884",ERP,finance ops,Posted,Map to GL 6100
24 Jan-25,R&D,Cloud hosting,AWS / Datadog,"5,607",ERP,M. Chen,late invoice,Vendor invoice late
18-Mar-26,R&D,Cloud hosting,AWS / Datadog,"4,985",ERP,Erik,manual adj,Vendor invoice late
2025-09-01,G&A,Legal fees,Europa Law firm,"5,500",ERP,,manual adj,One-off item
22 Apr-25,G&A,Accounting fees,Brandon,"2,594",cash,Alex - FP&A,needs mapping,Timing issue
2025-10-26,Services,Support tools,Zendesk / Gainsight,"4,647",cash,Alex - FP&A,posted,
09-Jul-25,Marketing,Paid media,Google / LinkedIn,"5,457",cash,Erik,manual adj,Ask owner
03-Dec-25,Revenue,Subscr. revenue,Corp. clients,"8,962",Check,,posted,One-off item
07 Jul-25,Revenue,Revenue,Corp. clients,"2,663",cash,Erik,needs mapping,Vendor invoice late
03-Dec-25,R&D,AI automation,n8n,43,manual Entry,Erik,Posted,Ask owner
05/06/26,COGS,Materials,Walmart,"(7,828)",Check,finance ops,Posted,Check sign
24-Jul-25,Revenue,Subscr. revenue,Corp. clients,"2,402",ERP,,manual adj,Vendor invoice late
25-Jan-26,Revenue,Service,Corp. clients,"7,473",cash,,manual adj,One-off item
2026-02-27,R&D,AI automation,n8n,"3,652",cash,Erik,manual adj,Check sign
26 Jan-25,Services,Prof services,Implementation clients,"3,839",Check,Andres,needs mapping,Ask owner
2025-04-21,COGS,Materials,Johnsons Supply,891,Check,finance ops,posted,Ask owner
02/16/26,Sales,CRM / RevOps tools,Salesforce / Outreach,"7,969",Check,finance ops,Posted,Timing issue
10/17/25,Revenue,Product sales,Corp. clients,"4,240",cash,M. Chen,accrual,Ask owner
08-May-25,Sales,Sales commission,Payroll,"(2,807)",ERP,M. Chen,accrual,Vendor invoice late
2025-06-29,COGS,Materials,Johnsons Supply,"9,202",ERP,Erik,posted,Timing issue
05/28/25,Services,Prof services,Implementation clients,"6,955",manual Entry,,posted,One-off item
10 Jan-25,Services,Prof services,Implementation clients,"3,745",ERP,Alex - FP&A,posted,Check sign
2025-12-18,Marketing,Customer appr.,Amazon gift c.,"6,255",ERP,,posted,Check sign
2025-10-01,R&D,Payroll - eng,Payroll,"3,508",ERP,Andres,accrual,Ask owner
31-May-25,Marketing,Customer appr.,Amazon gift c.,(63),Pos,,manual adj,Timing issue
2025-01-04,Services,Prof services,Implementation clients,"1,834",Pos,Erik,late invoice,Timing issue
07-Aug-25,Mktg,Events & webinars,Various,"1,926",Pos,Erik,Posted,Check sign
04-Oct-25,G&A,Accounting fees,Brandon,"6,046",manual Entry,Alex - FP&A,,Ask owner
2025-02-02,G&A,Accounting fees,Jason CPA,"2,249",cash,Andres,,
18-Mar-26,Sales,Payroll - sales,Payroll,"1,051",ERP,Erik,Posted,Vendor invoice late
14-Oct-25,Marketing,Events & webinars,Various,"7,805",cash,M. Chen,,Vendor invoice late
24-Apr-25,Marketing,Google Ads,Google / LinkedIn,456,Check,,late invoice,Timing issue
02-Mar-25,Marketing,Google Ads,Google / LinkedIn,"2,825",Pos,Erik,Posted,Vendor invoice late
2026-02-27,Mktg,Customer appr.,Gift hamper,"7,707",manual Entry,Alex - FP&A,accrual,Ask owner
12/02/25,Sales,Sales commission,Payroll,"5,234",Check,Alex - FP&A,posted,One-off item
2025-10-08,G&A,Legal fees,Europa Law firm,"2,521",Pos,,manual adj,
04 Feb-26,Services,Support tools,Zendesk / Gainsight,"7,198",ERP,finance ops,Posted,Vendor invoice late
01/24/26,Services,Support tools,Zendesk / Gainsight,"5,101",Pos,finance ops,Posted,Map to GL 6100
17 Mar-25,Services,Prof services,Implementation clients,"1,945",cash,Erik,Posted,Ask owner
2026-03-05,Revenue,Product sales,Corp. clients,"(8,475)",cash,,needs mapping,
09 Jun-26,Mktg,Paid media,Google / LinkedIn,"(9,326)",Check,Alex - FP&A,manual adj,Ask owner
2025-01-04,G&A,Accounting fees,Jason CPA,"1,037",manual Entry,finance ops,needs mapping,Ask owner
03-Jul-25,Revenue,Subscr. revenue,Corp. clients,484,cash,Andres,needs mapping,Vendor invoice late
11/11/25,R&D,Cloud hosting,AWS / Datadog,"6,333",ERP,Alex - FP&A,,Timing issue
10 Dec-25,R&D,AI automation,n8n,"(4,356)",Check,finance ops,Posted,
23-Sep-25,Services,Support tools,Zendesk / Gainsight,"7,634",cash,finance ops,needs mapping,One-off item
08-May-25,Services,Support tools,Zendesk / Gainsight,"1,426",ERP,Andres,,One-off item
17 Mar-25,Services,Prof services,Implementation clients,"9,067",cash,M. Chen,manual adj,Check sign
27-Mar-26,Marketing,Paid media,Google / LinkedIn,"(2,084)",ERP,M. Chen,manual adj,Ask owner
12 Mar-26,Mktg,Events & webinars,Various,"9,081",Pos,,,Ask owner
21-Jun-26,Sales,CRM / RevOps tools,Salesforce / Outreach,"6,719",Check,Erik,posted,Check sign
04/20/25,R&D,Payroll - eng,Payroll,"3,974",cash,Andres,posted,Map to GL 6100
2025-08-16,Mktg,Events & webinars,Various,"8,419",manual Entry,,accrual,Check sign
03/29/25,R&D,Cloud hosting,AWS / Datadog,206,Check,TBD,needs mapping,Timing issue
04 Jul-25,G&A,Legal fees,Europa Law firm,"6,943",manual Entry,Erik,needs mapping,Ask owner
01/26/26,G&A,Legal fees,Buchalter,"1,493",Pos,M. Chen,manual adj,Ask owner
18-Jun-26,Mktg,Paid media,Google / LinkedIn,106,Pos,TBD,needs mapping,Vendor invoice late
10/11/25,Sales,Sales commission,Payroll,"3,950",ERP,Andres,manual adj,Vendor invoice late
22 Jan-26,Sales,Payroll - sales,Payroll,"8,043",manual Entry,Andres,,Timing issue
20 Feb-26,COGS,Cloud hosting,AWS / Datadog,"6,353",ERP,finance ops,needs mapping,Vendor invoice late
2025-11-23,G&A,Accounting fees,Brandon,"1,527",manual Entry,M. Chen,Posted,Check sign
15-Apr-26,Sales,Sales commission,Payroll,"4,715",cash,M. Chen,posted,Vendor invoice late
2025-10-26,COGS,Materials,Electric house,"6,431",ERP,finance ops,accrual,Vendor invoice late
09 Jun-26,COGS,Cloud hosting,AWS / Datadog,"9,792",manual Entry,finance ops,Posted,Vendor invoice late
13 Jan-25,COGS,Payroll - eng,Payroll,"4,949",manual Entry,Alex - FP&A,accrual,
2026-01-20,Services,Support tools,Zendesk / Gainsight,"(3,852)",cash,Andres,Posted,Timing issue
09/30/25,Sales,Sales commission,Payroll,"1,426",ERP,M. Chen,posted,Map to GL 6100
2025-11-27,R&D,Cloud hosting,AWS / Datadog,"(5,208)",Check,finance ops,accrual,
03/05/25,COGS,Payroll - eng,Payroll,"4,709",cash,Erik,accrual,Vendor invoice late
11/11/25,Revenue,Service,Corp. clients,"4,493",Check,finance ops,accrual,Ask owner
02/15/26,G&A,Legal fees,Buchalter,"5,855",Check,M. Chen,needs mapping,Timing issue
04 Sep-25,R&D,AI automation,n8n,"7,367",manual Entry,finance ops,posted,
18-Jun-26,Mktg,Paid media,Google / LinkedIn,"7,498",manual Entry,finance ops,posted,Map to GL 6100
05/29/26,Services,Prof services,Implementation clients,"8,150",manual Entry,Alex - FP&A,posted,One-off item
2025-12-06,Revenue,Subscr. revenue,Corp. clients,"8,713",manual Entry,,,Vendor invoice late
06/11/25,COGS,Materials,Walmart,"6,580",ERP,M. Chen,accrual,
2025-09-14,COGS,Payroll - eng,Payroll,"1,972",ERP,finance ops,posted,Timing issue
2026-04-18,R&D,Cloud hosting,AWS / Datadog,"9,829",manual Entry,Erik,late invoice,Ask owner
01-May-25,Services,Support tools,Zendesk / Gainsight,"(3,917)",cash,TBD,needs mapping,Ask owner
2026-03-06,Mktg,Events & webinars,Various,"8,755",manual Entry,Andres,accrual,Check sign
2026-06-08,Services,Support tools,Zendesk / Gainsight,"(7,101)",Check,M. Chen,manual adj,One-off item
2025-11-23,Revenue,Service,Corp. clients,"6,598",Pos,Erik,posted,Vendor invoice late
16 Apr-26,R&D,Payroll - eng,Payroll,"7,894",cash,Andres,needs mapping,Vendor invoice late
06 Sep-25,R&D,AI automation,n8n,"(2,315)",cash,Andres,needs mapping,Timing issue
31-Aug-25,Marketing,Paid media,Google / LinkedIn,"6,294",manual Entry,Alex - FP&A,late invoice,Ask owner
31 May-26,Services,Prof services,Implementation clients,"4,427",ERP,finance ops,accrual,Map to GL 6100
2025-10-01,Revenue,Service,Retail Customer,880,cash,Erik,,Check sign
09 Jun-26,COGS,Materials,Walmart,"8,589",Check,finance ops,posted,
03/12/25,Marketing,Customer appr.,Amazon gift c.,616,Pos,Andres,accrual,One-off item
01-Mar-25,Revenue,Subscr. revenue,Corp. clients,"(8,369)",manual Entry,TBD,accrual,Vendor invoice late
31-Mar-25,Mktg,Customer appr.,Soccer Ticket,"7,902",cash,Andres,late invoice,Check sign
02-Aug-25,R&D,AI automation,n8n,"2,851",Check,TBD,Posted,Map to GL 6100
10 Dec-25,Services,Support tools,Zendesk / Gainsight,"3,083",Check,TBD,Posted,Ask owner
07-Mar-26,Sales,Payroll - sales,Payroll,"6,036",manual Entry,finance ops,posted,Vendor invoice late
06/01/26,Sales,Sales commission,Payroll,861,Check,Erik,Posted,
02/10/25,Services,Prof services,Implementation clients,"8,198",Pos,Andres,,Timing issue
12/13/25,G&A,Office rent,Landlord,"6,118",cash,Andres,manual adj,Map to GL 6100
01/26/26,Mktg,Events & webinars,Various,"(7,574)",Check,TBD,Posted,One-off item
2025-06-22,Revenue,Product sales,Retail Customer,"5,541",Pos,Erik,manual adj,Vendor invoice late
02 Jul-25,COGS,Materials,Walmart,"6,198",manual Entry,Erik,accrual,Timing issue
2026-06-16,Sales,CRM / RevOps tools,Salesforce / Outreach,"4,670",manual Entry,finance ops,needs mapping,Timing issue
14 Aug-25,COGS,Payroll - eng,Payroll,"(2,985)",Check,Alex - FP&A,posted,Ask owner
09/30/25,Sales,Payroll - sales,Payroll,"(9,984)",manual Entry,M. Chen,needs mapping,Map to GL 6100
13-Sep-25,Mktg,Customer appr.,Soccer Ticket,"7,451",Pos,Alex - FP&A,accrual,Check sign
2026-03-11,Services,Support tools,Zendesk / Gainsight,"5,922",manual Entry,Erik,needs mapping,
09 Apr-26,G&A,Accounting fees,Jason CPA,"(8,267)",Pos,TBD,,Map to GL 6100
05-Apr-26,COGS,Cloud hosting,AWS / Datadog,"(1,418)",ERP,Andres,Posted,Map to GL 6100
27 Mar-25,Marketing,Google Ads,Google / LinkedIn,(605),Pos,Alex - FP&A,accrual,Map to GL 6100
16 Mar-25,R&D,AI automation,n8n,"2,456",cash,Erik,manual adj,Ask owner
01/26/26,G&A,Office rent,Landlord,"7,314",Pos,Andres,manual adj,One-off item
21-Feb-25,Marketing,Customer appr.,Gift hamper,(488),manual Entry,Alex - FP&A,,Timing issue
27 Oct-25,Marketing,Events & webinars,Various,"1,151",ERP,TBD,,
2026-05-28,COGS,Materials,Electric house,"8,203",manual Entry,Erik,,Ask owner
2025-01-23,Services,Support tools,Zendesk / Gainsight,753,Pos,,Posted,Ask owner
11-Mar-25,Mktg,Customer appr.,Gift hamper,"5,384",cash,,accrual,Map to GL 6100
11 May-25,Mktg,Paid media,Google / LinkedIn,"7,895",manual Entry,Erik,accrual,Map to GL 6100
2025-06-14,G&A,Office rent,Landlord,"8,859",Pos,,,
03/10/25,Revenue,Subscr. revenue,Retail Customer,"3,633",manual Entry,Erik,Posted,One-off item
18-Jun-26,Mktg,Customer appr.,Gift hamper,"7,122",manual Entry,M. Chen,late invoice,One-off item
2025-09-07,G&A,Accounting fees,Jason CPA,"8,054",ERP,finance ops,,Ask owner
07 Jul-26,COGS,Materials,Walmart,"4,747",manual Entry,Erik,,Map to GL 6100
05-Jun-25,Mktg,Events & webinars,Various,"(9,978)",Check,finance ops,late invoice,One-off item
05-Apr-26,Marketing,Google Ads,Google / LinkedIn,"9,638",Pos,finance ops,,One-off item
04-May-26,Mktg,Events & webinars,Various,"(5,096)",Check,TBD,Posted,Check sign
23-Mar-26,R&D,AI automation,n8n,"9,398",Check,TBD,late invoice,One-off item
02/01/26,G&A,Legal fees,Buchalter,"(5,334)",Pos,Andres,accrual,Timing issue
02/20/25,COGS,Cloud hosting,AWS / Datadog,"7,101",Check,,Posted,One-off item
15 Jan-26,Marketing,Events & webinars,Various,"4,349",manual Entry,Erik,Posted,
2025-10-26,R&D,AI automation,n8n,"(6,230)",Pos,,Posted,Map to GL 6100
01/22/25,Revenue,Subscr. revenue,Corp. clients,"1,659",Check,M. Chen,posted,Vendor invoice late
11-Feb-25,G&A,Legal fees,Europa Law firm,"4,959",Pos,,manual adj,Ask owner
10 Dec-25,G&A,Accounting fees,Jason CPA,"7,813",ERP,Erik,posted,Vendor invoice late
04-Oct-25,Sales,Payroll - sales,Payroll,"1,350",Check,M. Chen,late invoice,Map to GL 6100
21-Jun-26,G&A,Legal fees,Europa Law firm,"7,107",Check,M. Chen,manual adj,Vendor invoice late
2025-11-07,Sales,Payroll - sales,Payroll,"3,188",Pos,Andres,accrual,Vendor invoice late
09-Jul-25,G&A,Accounting fees,Jason CPA,"5,669",Pos,Alex - FP&A,manual adj,Ask owner
2025-08-19,Mktg,Customer appr.,Gift hamper,"3,273",Check,TBD,manual adj,Check sign
09/19/25,COGS,Materials,Home Depot,"1,904",ERP,Erik,needs mapping,One-off item
07-Mar-26,Mktg,Customer appr.,Soccer Ticket,136,Pos,M. Chen,late invoice,Ask owner
11/26/25,G&A,Office rent,Landlord,"(4,066)",Pos,M. Chen,late invoice,Ask owner
01/19/26,Mktg,Paid media,Google / LinkedIn,(28),manual Entry,Erik,posted,
2026-06-11,COGS,Payroll - eng,Payroll,"2,233",Pos,Erik,needs mapping,
2026-06-08,G&A,Office rent,Landlord,45,manual Entry,M. Chen,posted,Check sign
20-Mar-26,Sales,CRM / RevOps tools,Salesforce / Outreach,"1,887",manual Entry,Erik,posted,Map to GL 6100
10 Nov-25,Sales,Payroll - sales,Payroll,"(7,046)",Check,,needs mapping,Map to GL 6100
11/11/25,Revenue,Revenue,Corp. clients,"5,822",cash,Erik,manual adj,One-off item
03/10/25,Revenue,Revenue,Corp. clients,"5,670",Pos,Erik,needs mapping,
01/05/25,R&D,Cloud hosting,AWS / Datadog,"8,308",ERP,Andres,posted,Map to GL 6100
26-Feb-25,Services,Prof services,Implementation clients,"7,765",manual Entry,Erik,late invoice,Check sign
02/27/25,G&A,Legal fees,Buchalter,"8,509",cash,Alex - FP&A,accrual,One-off item
2025-05-19,Mktg,Events & webinars,Various,"7,694",manual Entry,Erik,accrual,Check sign
20 Jun-26,R&D,Cloud hosting,AWS / Datadog,"7,707",cash,Alex - FP&A,manual adj,One-off item
2026-02-14,Revenue,Product sales,Corp. clients,"3,132",Check,Alex - FP&A,late invoice,Vendor invoice late
2026-06-11,Mktg,Customer appr.,Gift hamper,320,ERP,Alex - FP&A,accrual,Timing issue
26 Sep-25,Revenue,Product sales,Retail Customer,"3,093",cash,M. Chen,manual adj,Vendor invoice late
2025-02-02,Sales,CRM / RevOps tools,Salesforce / Outreach,"4,712",ERP,Andres,Posted,One-off item
21-Feb-25,Marketing,Customer appr.,Soccer Ticket,"5,650",manual Entry,Alex - FP&A,,Map to GL 6100
03/25/25,Revenue,Subscr. revenue,Corp. clients,"4,007",Check,Erik,accrual,Map to GL 6100
2026-06-17,Marketing,Google Ads,Google / LinkedIn,"(5,077)",Check,Andres,posted,Vendor invoice late
03/21/25,Mktg,Events & webinars,Various,"(9,242)",Check,Erik,Posted,Vendor invoice late
10/31/25,R&D,Cloud hosting,AWS / Datadog,"3,301",cash,Alex - FP&A,Posted,
15-Apr-26,Mktg,Customer appr.,Soccer Ticket,746,Pos,M. Chen,Posted,Check sign
06/23/25,Marketing,Events & webinars,Various,"6,582",ERP,Alex - FP&A,needs mapping,One-off item
20 Mar-25,Mktg,Events & webinars,Various,"(2,127)",Check,Erik,Posted,Check sign
02-Oct-25,Revenue,Revenue,Retail Customer,"(8,570)",cash,Alex - FP&A,needs mapping,Ask owner
02/01/26,R&D,Cloud hosting,AWS / Datadog,"3,343",ERP,TBD,accrual,One-off item
03 Sep-25,G&A,Legal fees,Europa Law firm,"4,723",Check,Andres,,Vendor invoice late
29 Oct-25,Mktg,Paid media,Google / LinkedIn,485,ERP,Erik,late invoice,Ask owner
2025-06-29,Services,Prof services,Implementation clients,"8,433",ERP,,posted,One-off item
2025-12-18,Mktg,Events & webinars,Various,"4,291",Pos,finance ops,,Ask owner
2025-12-20,G&A,Office rent,Landlord,"4,581",Pos,TBD,manual adj,Map to GL 6100
10 Oct-25,Marketing,Google Ads,Google / LinkedIn,"4,935",Check,M. Chen,manual adj,Map to GL 6100
23-Feb-26,Revenue,Product sales,Corp. clients,"(5,648)",Pos,Alex - FP&A,manual adj,
2025-04-02,Sales,Payroll - sales,Payroll,"4,855",manual Entry,finance ops,,Vendor invoice late
13 Mar-25,Revenue,Revenue,Retail Customer,"1,207",Check,Erik,,Check sign
05/13/26,Services,Support tools,Zendesk / Gainsight,"1,519",manual Entry,M. Chen,needs mapping,One-off item
11/12/25,Revenue,Product sales,Corp. clients,"(1,760)",Check,TBD,late invoice,One-off item
03 Feb-25,Mktg,Customer appr.,Amazon gift c.,"2,435",cash,finance ops,,Check sign
2025-11-23,R&D,Payroll - eng,Payroll,"8,809",Check,Alex - FP&A,manual adj,Ask owner
2026-02-14,Marketing,Customer appr.,Gift hamper,"6,370",Check,Alex - FP&A,needs mapping,Ask owner
2025-11-19,COGS,Cloud hosting,AWS / Datadog,"(6,173)",Pos,finance ops,accrual,One-off item
2025-07-12,R&D,Payroll - eng,Payroll,"1,720",cash,finance ops,accrual,Vendor invoice late
2025-09-14,Services,Prof services,Implementation clients,"1,790",Pos,finance ops,posted,Timing issue
10 Mar-26,Mktg,Customer appr.,Soccer Ticket,"8,364",Pos,M. Chen,late invoice,One-off item
2025-07-19,Sales,CRM / RevOps tools,Salesforce / Outreach,"4,905",Pos,Alex - FP&A,posted,Ask owner
13-Sep-25,Mktg,Events & webinars,Various,"(1,025)",Check,Alex - FP&A,manual adj,Timing issue
03 Mar-26,R&D,AI automation,n8n,"1,600",ERP,,late invoice,Map to GL 6100
22 Jan-26,Mktg,Paid media,Google / LinkedIn,"6,937",manual Entry,,,One-off item
2025-04-08,Mktg,Customer appr.,Soccer Ticket,424,cash,Andres,late invoice,
20 Feb-26,Revenue,Service,Retail Customer,(174),cash,Erik,posted,One-off item
24 Apr-26,G&A,Office rent,Landlord,"9,367",ERP,M. Chen,Posted,Map to GL 6100
05/13/26,Revenue,Product sales,Retail Customer,"7,975",Check,TBD,manual adj,One-off item
22 Jan-26,Mktg,Events & webinars,Various,"7,982",Check,finance ops,accrual,Map to GL 6100
26 Sep-25,G&A,Accounting fees,Brandon,"7,083",ERP,TBD,accrual,Check sign
2026-04-10,Mktg,Paid media,Google / LinkedIn,"(9,590)",manual Entry,finance ops,needs mapping,Vendor invoice late
2026-04-29,Services,Support tools,Zendesk / Gainsight,"7,465",manual Entry,Erik,manual adj,Check sign
2025-12-14,Services,Support tools,Zendesk / Gainsight,"7,265",Pos,Alex - FP&A,posted,One-off item
08-May-25,Revenue,Service,Retail Customer,"4,580",ERP,M. Chen,manual adj,Map to GL 6100
2025-12-06,Mktg,Customer appr.,Amazon gift c.,"2,840",manual Entry,Andres,posted,One-off item
2025-06-18,Services,Prof services,Implementation clients,"2,847",Check,Erik,,Vendor invoice late
2025-08-29,Services,Support tools,Zendesk / Gainsight,"7,042",ERP,,needs mapping,Check sign
10/11/25,Sales,CRM / RevOps tools,Salesforce / Outreach,"2,838",cash,,,One-off item
17 Sep-25,R&D,Cloud hosting,AWS / Datadog,"9,068",manual Entry,,late invoice,Map to GL 6100
2026-03-08,Marketing,Customer appr.,Amazon gift c.,"1,729",Check,Andres,needs mapping,Timing issue
2026-04-10,G&A,Office rent,Landlord,623,Pos,M. Chen,,Vendor invoice late
18 Oct-25,R&D,AI automation,n8n,"(1,712)",cash,TBD,late invoice,Ask owner
10 Feb-26,Mktg,Paid media,Google / LinkedIn,"5,326",ERP,Erik,late invoice,Check sign
03-Mar-25,Marketing,Events & webinars,Various,"2,856",manual Entry,,accrual,Timing issue
18-Jun-26,Marketing,Google Ads,Google / LinkedIn,"(8,953)",Pos,M. Chen,accrual,One-off item
11-Feb-25,R&D,AI automation,n8n,"7,880",Pos,M. Chen,posted,Timing issue
2025-11-30,Sales,Payroll - sales,Payroll,"7,529",cash,TBD,Posted,
20 Jul-25,Sales,CRM / RevOps tools,Salesforce / Outreach,"1,390",Check,Alex - FP&A,accrual,
2025-04-10,R&D,Payroll - eng,Payroll,"5,532",ERP,M. Chen,,
2025-06-18,Revenue,Product sales,Retail Customer,472,ERP,finance ops,needs mapping,Ask owner
25-May-26,G&A,Accounting fees,Jason CPA,"(9,661)",manual Entry,Alex - FP&A,,Vendor invoice late
2025-12-04,G&A,Accounting fees,Jason CPA,"3,444",Pos,Alex - FP&A,,Timing issue
03-Dec-25,Services,Prof services,Implementation clients,"6,173",Pos,,,Check sign
15-Feb-25,Revenue,Subscr. revenue,Corp. clients,"1,470",cash,Andres,needs mapping,Map to GL 6100
2025-05-16,Sales,Sales commission,Payroll,"9,112",Pos,M. Chen,manual adj,Timing issue
19-Apr-25,Services,Prof services,Implementation clients,"4,029",Check,Erik,,Map to GL 6100
04 Feb-26,Services,Prof services,Implementation clients,"3,506",cash,Erik,Posted,Timing issue
2025-12-31,Services,Prof services,Implementation clients,"8,228",manual Entry,M. Chen,late invoice,
10 Nov-25,R&D,Cloud hosting,AWS / Datadog,"(2,111)",ERP,Alex - FP&A,accrual,Vendor invoice late
13 Jan-25,G&A,Legal fees,Europa Law firm,"3,684",Pos,M. Chen,,Ask owner
03/25/25,Marketing,Paid media,Google / LinkedIn,"3,218",ERP,Andres,,One-off item
29-Mar-26,Sales,CRM / RevOps tools,Salesforce / Outreach,"9,702",Pos,,needs mapping,Vendor invoice late
08/05/25,Services,Prof services,Implementation clients,"9,593",cash,M. Chen,late invoice,Timing issue
04 Mar-25,Sales,CRM / RevOps tools,Salesforce / Outreach,"4,195",manual Entry,Alex - FP&A,manual adj,Check sign
12/07/25,Services,Prof services,Implementation clients,"3,992",Check,,Posted,
03/05/25,Mktg,Customer appr.,Gift hamper,"6,470",cash,Alex - FP&A,manual adj,One-off item
05-Jun-25,Sales,Sales commission,Payroll,"5,215",Pos,finance ops,late invoice,Vendor invoice late
2025-01-15,Marketing,Paid media,Google / LinkedIn,"1,615",cash,M. Chen,posted,Timing issue
23-Sep-25,Revenue,Service,Retail Customer,"7,727",manual Entry,Andres,needs mapping,Vendor invoice late
06/01/26,Sales,CRM / RevOps tools,Salesforce / Outreach,"1,185",Check,Andres,,Timing issue
03/10/25,Marketing,Google Ads,Google / LinkedIn,"9,824",ERP,M. Chen,posted,One-off item
26-Dec-25,Sales,Payroll - sales,Payroll,"3,653",ERP,TBD,,Map to GL 6100
2025-09-01,Services,Prof services,Implementation clients,"(9,398)",cash,Andres,late invoice,Timing issue
17-Jan-25,G&A,Legal fees,Europa Law firm,"5,900",manual Entry,Andres,accrual,
27 May-25,Mktg,Paid media,Google / LinkedIn,"4,286",Pos,,accrual,Timing issue
05/13/26,Sales,Payroll - sales,Payroll,"(2,894)",Check,M. Chen,posted,Timing issue
03 Mar-26,G&A,Legal fees,Buchalter,"(1,465)",Pos,finance ops,accrual,Vendor invoice late
18 Jan-26,R&D,AI automation,n8n,"7,260",Check,M. Chen,needs mapping,Vendor invoice late
02/17/25,G&A,Office rent,Landlord,"2,249",cash,Alex - FP&A,needs mapping,Map to GL 6100
06/10/26,Revenue,Product sales,Corp. clients,"9,760",ERP,finance ops,,Vendor invoice late
19 Mar-26,Mktg,Events & webinars,Various,"1,299",manual Entry,Alex - FP&A,manual adj,Map to GL 6100
07/01/26,COGS,Materials,Electric house,"1,419",manual Entry,Alex - FP&A,needs mapping,Ask owner
2025-01-14,Services,Prof services,Implementation clients,"3,568",Check,finance ops,manual adj,
03 May-25,G&A,Office rent,Landlord,"(3,545)",ERP,Andres,needs mapping,
11 Dec-25,Services,Support tools,Zendesk / Gainsight,"5,180",manual Entry,,,Vendor invoice late
06/26/25,Marketing,Paid media,Google / LinkedIn,"2,120",ERP,,,Vendor invoice late
04 Jul-25,R&D,AI automation,n8n,"2,364",Pos,Erik,Posted,Check sign
17-Jan-25,G&A,Office rent,Landlord,"4,441",cash,Erik,late invoice,Timing issue
2025-11-27,COGS,Payroll - eng,Payroll,"1,760",cash,finance ops,late invoice,Timing issue
02-Mar-25,Mktg,Events & webinars,Various,"8,583",ERP,finance ops,,Ask owner
2025-04-08,Sales,Payroll - sales,Payroll,"8,604",cash,Andres,manual adj,Ask owner
07/11/26,R&D,AI automation,n8n,"9,554",manual Entry,M. Chen,,Vendor invoice late
18 Jan-25,Marketing,Google Ads,Google / LinkedIn,"(7,771)",ERP,,posted,One-off item
07/12/26,G&A,Accounting fees,Jason CPA,"3,150",ERP,Andres,,Ask owner
2025-06-29,Sales,CRM / RevOps tools,Salesforce / Outreach,"2,691",Pos,Erik,needs mapping,Map to GL 6100
29-Nov-25,Sales,Payroll - sales,Payroll,"2,179",Pos,Erik,,Vendor invoice late
05/29/25,Services,Support tools,Zendesk / Gainsight,"(5,225)",cash,,needs mapping,Timing issue
05-Jun-25,Sales,Payroll - sales,Payroll,"4,178",Check,finance ops,late invoice,Ask owner
07 Oct-25,Mktg,Paid media,Google / LinkedIn,"1,820",ERP,finance ops,posted,Map to GL 6100
2025-02-02,Revenue,Product sales,Corp. clients,"2,572",ERP,finance ops,Posted,Vendor invoice late
18 Aug-25,Marketing,Google Ads,Google / LinkedIn,"7,794",ERP,finance ops,accrual,Check sign
20 Oct-25,Marketing,Paid media,Google / LinkedIn,"7,990",Check,Alex - FP&A,Posted,Map to GL 6100
03 Jul-26,Sales,CRM / RevOps tools,Salesforce / Outreach,486,manual Entry,,Posted,Check sign
19 Feb-25,R&D,AI automation,n8n,"2,656",Check,Andres,Posted,
2026-05-07,R&D,Payroll - eng,Payroll,"(9,533)",Check,TBD,posted,One-off item
11-Feb-25,Revenue,Subscr. revenue,Corp. clients,"4,869",Pos,TBD,manual adj,Map to GL 6100
09/30/25,G&A,Legal fees,Buchalter,"4,789",Pos,M. Chen,Posted,Vendor invoice late
2026-05-28,Sales,CRM / RevOps tools,Salesforce / Outreach,"4,808",cash,Alex - FP&A,,Check sign
2026-03-25,Mktg,Events & webinars,Various,857,ERP,M. Chen,,Ask owner
31-Mar-25,Services,Prof services,Implementation clients,"7,793",ERP,Erik,Posted,
11/12/25,G&A,Office rent,Landlord,"2,187",Check,Erik,manual adj,Vendor invoice late
05/29/26,Sales,Payroll - sales,Payroll,"4,137",Pos,TBD,,Check sign
26-Feb-25,Marketing,Google Ads,Google / LinkedIn,"5,358",Pos,Andres,manual adj,Ask owner
20 Feb-26,Mktg,Customer appr.,Soccer Ticket,"4,993",cash,,,Vendor invoice late
2025-12-17,Services,Prof services,Implementation clients,"8,983",manual Entry,Alex - FP&A,,One-off item
2025-10-26,G&A,Office rent,Landlord,"3,577",cash,finance ops,posted,Ask owner
03/12/25,COGS,Cloud hosting,AWS / Datadog,"1,394",Check,M. Chen,Posted,Vendor invoice late
2025-09-01,G&A,Office rent,Landlord,"5,827",cash,TBD,accrual,Ask owner
06 Jan-26,G&A,Legal fees,Buchalter,"(3,743)",cash,finance ops,accrual,Vendor invoice late
02 Mar-26,Revenue,Subscr. revenue,Retail Customer,"3,611",manual Entry,finance ops,late invoice,Vendor invoice late
01 Dec-25,G&A,Office rent,Landlord,"5,376",ERP,TBD,Posted,Timing issue
19 Feb-25,Marketing,Customer appr.,Soccer Ticket,"9,436",Check,,needs mapping,Map to GL 6100
02/07/25,Marketing,Paid media,Google / LinkedIn,"9,591",manual Entry,Erik,late invoice,Timing issue
10 Oct-25,Mktg,Events & webinars,Various,"4,355",ERP,Andres,accrual,One-off item
02/16/26,Revenue,Revenue,Retail Customer,"(6,423)",ERP,Alex - FP&A,late invoice,Vendor invoice late
09/05/25,G&A,Accounting fees,Jason CPA,"3,026",manual Entry,M. Chen,,Vendor invoice late
09/05/25,Mktg,Customer appr.,Amazon gift c.,"7,071",cash,M. Chen,Posted,Check sign
05/04/25,Revenue,Product sales,Corp. clients,"(1,290)",ERP,M. Chen,,Timing issue
05/14/25,COGS,Cloud hosting,AWS / Datadog,"7,097",cash,Alex - FP&A,needs mapping,Timing issue
13 Jan-25,Sales,Sales commission,Payroll,"5,944",cash,Andres,accrual,Ask owner
30-May-25,Marketing,Customer appr.,Amazon gift c.,"8,929",Pos,,manual adj,One-off item
05/29/26,COGS,Payroll - eng,Payroll,"5,554",Check,Erik,needs mapping,Ask owner
09/10/25,Sales,CRM / RevOps tools,Salesforce / Outreach,"(8,524)",cash,Andres,accrual,One-off item
05/28/25,Mktg,Events & webinars,Various,"3,200",cash,Andres,,
05/13/26,COGS,Cloud hosting,AWS / Datadog,"3,515",Pos,Erik,needs mapping,Check sign
03-Dec-25,G&A,Accounting fees,Brandon,"7,533",cash,Erik,manual adj,Vendor invoice late
03/10/25,Mktg,Paid media,Google / LinkedIn,"3,098",Check,TBD,manual adj,Timing issue
28-Mar-25,COGS,Materials,Electric house,"9,192",Check,Erik,posted,One-off item
11 Dec-25,Sales,Sales commission,Payroll,"3,390",Check,finance ops,needs mapping,Timing issue
16 Nov-25,Services,Prof services,Implementation clients,"7,048",ERP,,,Map to GL 6100
07 Jul-25,R&D,Payroll - eng,Payroll,"(7,082)",Pos,Erik,Posted,
06/04/26,Services,Support tools,Zendesk / Gainsight,"1,168",Pos,M. Chen,late invoice,
2026-04-10,Sales,Sales commission,Payroll,"6,480",Pos,,,Check sign
2025-08-20,R&D,AI automation,n8n,"(7,278)",ERP,Erik,late invoice,Check sign
2025-06-13,Revenue,Revenue,Corp. clients,"3,829",manual Entry,Alex - FP&A,Posted,Vendor invoice late
18 Jan-25,Mktg,Paid media,Google / LinkedIn,"9,365",Pos,Erik,needs mapping,One-off item
28-Mar-25,Revenue,Product sales,Retail Customer,"2,243",ERP,finance ops,accrual,
19 Mar-26,Services,Support tools,Zendesk / Gainsight,"6,906",manual Entry,finance ops,late invoice,
01 Apr-26,R&D,AI automation,n8n,"2,607",Check,,posted,Timing issue
06 Sep-25,G&A,Accounting fees,Jason CPA,"3,701",Check,Andres,manual adj,Timing issue
27 Oct-25,Services,Prof services,Implementation clients,"9,206",Pos,Andres,manual adj,Timing issue
20 Jul-25,Marketing,Paid media,Google / LinkedIn,"3,842",Pos,,,One-off item
22-Jul-25,G&A,Office rent,Landlord,"7,139",Pos,,,One-off item
29-Jul-25,Services,Prof services,Implementation clients,"(2,930)",Check,M. Chen,late invoice,Vendor invoice late
06/15/26,R&D,Payroll - eng,Payroll,"9,603",cash,M. Chen,late invoice,One-off item
29-Nov-25,R&D,Cloud hosting,AWS / Datadog,488,Pos,M. Chen,Posted,
13 Nov-25,Sales,Payroll - sales,Payroll,"9,774",manual Entry,finance ops,manual adj,Check sign
03/05/25,R&D,Cloud hosting,AWS / Datadog,"7,407",cash,finance ops,Posted,Map to GL 6100
04/25/26,R&D,Payroll - eng,Payroll,"4,468",manual Entry,Erik,needs mapping,Check sign
19-Apr-25,Marketing,Paid media,Google / LinkedIn,"3,454",manual Entry,M. Chen,Posted,Timing issue
17 Sep-25,Revenue,Product sales,Retail Customer,"9,520",cash,Andres,accrual,Check sign
10/05/25,Sales,Payroll - sales,Payroll,"3,842",Check,finance ops,Posted,Timing issue
10/05/25,Marketing,Google Ads,Google / LinkedIn,"1,727",Check,TBD,posted,Map to GL 6100
02-Jun-25,G&A,Legal fees,Europa Law firm,"(1,398)",cash,TBD,posted,Timing issue
2025-08-19,Marketing,Events & webinars,Various,"4,010",manual Entry,finance ops,accrual,Ask owner
09-Sep-25,Marketing,Events & webinars,Various,"(2,320)",Pos,M. Chen,needs mapping,Timing issue
2026-01-17,G&A,Office rent,Landlord,"7,104",manual Entry,,manual adj,Ask owner
01/05/25,Marketing,Customer appr.,Soccer Ticket,"7,111",cash,Alex - FP&A,manual adj,Map to GL 6100
05/15/25,COGS,Cloud hosting,AWS / Datadog,"4,346",Pos,TBD,late invoice,
12 Jan-25,Sales,Sales commission,Payroll,"1,764",manual Entry,finance ops,posted,Ask owner
13 Nov-25,Mktg,Customer appr.,Gift hamper,"3,884",cash,Andres,late invoice,Map to GL 6100
2026-01-31,Mktg,Events & webinars,Various,"5,685",cash,M. Chen,Posted,Vendor invoice late
10 Jan-25,G&A,Accounting fees,Brandon,789,manual Entry,TBD,needs mapping,Vendor invoice late
21-Sep-25,Mktg,Events & webinars,Various,"8,549",ERP,,Posted,
02-Mar-25,Marketing,Paid media,Google / LinkedIn,"6,782",Pos,M. Chen,manual adj,Timing issue
2026-06-19,Marketing,Paid media,Google / LinkedIn,"1,178",Check,finance ops,needs mapping,Map to GL 6100
27 Oct-25,Sales,CRM / RevOps tools,Salesforce / Outreach,"6,173",Check,,posted,Vendor invoice late
03-Jul-25,COGS,Payroll - eng,Payroll,"4,788",ERP,finance ops,Posted,One-off item
2026-04-18,Marketing,Paid media,Google / LinkedIn,"3,859",ERP,TBD,,
15-Feb-25,Revenue,Revenue,Retail Customer,"5,338",Pos,Erik,accrual,Timing issue
02/21/26,Sales,Payroll - sales,Payroll,"2,073",cash,TBD,posted,Check sign
11/26/25,Mktg,Events & webinars,Various,907,manual Entry,TBD,accrual,Map to GL 6100
14-Oct-25,COGS,Materials,Home Depot,"(8,878)",manual Entry,Alex - FP&A,Posted,One-off item
08-May-25,Sales,CRM / RevOps tools,Salesforce / Outreach,"5,981",Pos,Erik,posted,One-off item
2026-01-17,COGS,Materials,Electric house,"4,596",Check,M. Chen,Posted,Ask owner
25-May-26,Marketing,Events & webinars,Various,"3,725",Check,TBD,posted,One-off item
24 Apr-26,Marketing,Events & webinars,Various,"5,872",Pos,Andres,needs mapping,Timing issue
25 Feb-25,Marketing,Paid media,Google / LinkedIn,"5,475",manual Entry,Andres,accrual,One-off item
2026-01-09,Mktg,Events & webinars,Various,"6,003",ERP,,Posted,Map to GL 6100
2025-11-07,G&A,Office rent,Landlord,"8,405",ERP,finance ops,late invoice,One-off item
16 Apr-26,G&A,Office rent,Landlord,"1,338",Check,TBD,manual adj,Check sign
18-Jun-26,COGS,Materials,Electric house,"(8,814)",Pos,M. Chen,late invoice,
16 Mar-25,Sales,Payroll - sales,Payroll,"2,632",ERP,,Posted,One-off item
24 Dec-25,Services,Support tools,Zendesk / Gainsight,639,cash,Andres,Posted,One-off item
03/21/25,G&A,Legal fees,Buchalter,"6,089",ERP,M. Chen,late invoice,Check sign
16 Apr-26,G&A,Accounting fees,Jason CPA,"(7,256)",ERP,finance ops,needs mapping,One-off item
05/13/26,R&D,Payroll - eng,Payroll,"7,628",ERP,Erik,,Ask owner
2025-05-02,COGS,Cloud hosting,AWS / Datadog,"9,371",manual Entry,,needs mapping,One-off item
01/02/26,Services,Prof services,Implementation clients,"6,847",Pos,Alex - FP&A,manual adj,Check sign
23-Apr-26,Sales,Sales commission,Payroll,"8,337",ERP,Alex - FP&A,needs mapping,Timing issue
13 Nov-25,COGS,Payroll - eng,Payroll,"5,142",Check,M. Chen,late invoice,Vendor invoice late
01/27/26,Marketing,Events & webinars,Various,"7,767",ERP,M. Chen,manual adj,One-off item
2026-04-10,COGS,Materials,Johnsons Supply,"(1,157)",Pos,Alex - FP&A,accrual,Check sign
21-Sep-25,R&D,Payroll - eng,Payroll,"(4,078)",Pos,TBD,posted,
13-Sep-25,Revenue,Revenue,Retail Customer,"9,528",ERP,TBD,Posted,Vendor invoice late
23-Sep-25,Services,Prof services,Implementation clients,"3,303",cash,Andres,manual adj,Ask owner
2025-09-01,COGS,Materials,Home Depot,"3,124",Pos,finance ops,posted,
2025-01-04,Mktg,Customer appr.,Gift hamper,"5,779",Check,Alex - FP&A,late invoice,One-off item
03 Feb-25,Sales,Payroll - sales,Payroll,"2,464",manual Entry,M. Chen,manual adj,Map to GL 6100
25-Jan-26,G&A,Accounting fees,Jason CPA,"6,672",cash,M. Chen,manual adj,
2025-07-18,G&A,Accounting fees,Jason CPA,"2,240",cash,Andres,accrual,Map to GL 6100
2026-01-20,R&D,AI automation,n8n,"4,196",cash,finance ops,manual adj,Map to GL 6100
2025-06-18,Revenue,Subscr. revenue,Corp. clients,"2,613",Pos,Erik,manual adj,Ask owner
2025-01-04,COGS,Payroll - eng,Payroll,"(7,745)",ERP,finance ops,,
01/24/26,Revenue,Revenue,Retail Customer,"4,795",ERP,M. Chen,Posted,Ask owner
04/20/25,Services,Support tools,Zendesk / Gainsight,"9,957",Pos,M. Chen,needs mapping,Ask owner
2026-01-20,Sales,Sales commission,Payroll,"(4,818)",ERP,Erik,,Check sign
27 May-25,Mktg,Paid media,Google / LinkedIn,"4,623",cash,,manual adj,
01/31/25,G&A,Office rent,Landlord,"3,836",Pos,Alex - FP&A,manual adj,Ask owner
22 Apr-25,R&D,AI automation,n8n,"6,041",cash,finance ops,,One-off item
18 Jan-26,Services,Support tools,Zendesk / Gainsight,"5,179",ERP,Andres,,One-off item
2025-08-16,Mktg,Paid media,Google / LinkedIn,"9,474",Pos,Alex - FP&A,accrual,
10 Nov-25,G&A,Office rent,Landlord,"(8,257)",ERP,M. Chen,Posted,Timing issue
11-Sep-25,Sales,CRM / RevOps tools,Salesforce / Outreach,"4,854",cash,Andres,Posted,Map to GL 6100
04/05/25,COGS,Payroll - eng,Payroll,"4,933",Pos,finance ops,posted,Ask owner
2025-11-19,COGS,Payroll - eng,Payroll,"7,247",manual Entry,finance ops,,Vendor invoice late
08-Dec-25,R&D,Cloud hosting,AWS / Datadog,"1,560",ERP,Alex - FP&A,,Timing issue
02/17/25,G&A,Office rent,Landlord,"1,604",cash,TBD,late invoice,Vendor invoice late
09/19/25,Sales,Sales commission,Payroll,"8,090",Pos,,accrual,Vendor invoice late
02-Oct-25,G&A,Legal fees,Buchalter,"8,875",cash,M. Chen,accrual,Vendor invoice late
22 Apr-25,Mktg,Customer appr.,Amazon gift c.,"4,106",Check,,accrual,Vendor invoice late
2026-02-14,R&D,AI automation,n8n,"7,241",manual Entry,Erik,Posted,Check sign
10/31/25,Services,Prof services,Implementation clients,"9,672",cash,TBD,Posted,Map to GL 6100
02/21/26,R&D,Cloud hosting,AWS / Datadog,"1,271",manual Entry,finance ops,needs mapping,Map to GL 6100
27 May-25,G&A,Legal fees,Buchalter,"(6,928)",Check,M. Chen,late invoice,One-off item
06/13/26,Sales,CRM / RevOps tools,Salesforce / Outreach,"2,613",manual Entry,Andres,,Timing issue
2026-06-08,R&D,Payroll - eng,Payroll,881,manual Entry,,posted,Check sign
2026-06-08,Revenue,Product sales,Retail Customer,"5,198",manual Entry,finance ops,,Check sign
09-Jul-25,Sales,Payroll - sales,Payroll,"7,862",cash,M. Chen,needs mapping,Vendor invoice late
2025-09-01,COGS,Materials,Johnsons Supply,"5,612",manual Entry,Alex - FP&A,,One-off item
2026-02-14,Revenue,Subscr. revenue,Corp. clients,"9,045",manual Entry,Erik,Posted,Timing issue
2025-06-03,R&D,Payroll - eng,Payroll,"1,105",Pos,TBD,needs mapping,Check sign
09/19/25,G&A,Accounting fees,Jason CPA,"(5,567)",Pos,Erik,manual adj,Vendor invoice late
18 Oct-25,Revenue,Subscr. revenue,Retail Customer,"3,158",Check,Alex - FP&A,,Vendor invoice late
01/26/26,R&D,AI automation,n8n,"9,575",Check,M. Chen,,Check sign
26 Sep-25,G&A,Accounting fees,Jason CPA,"7,647",cash,Andres,needs mapping,Timing issue
2025-05-19,G&A,Legal fees,Buchalter,"(4,032)",ERP,TBD,,Check sign
18 Aug-25,Revenue,Product sales,Retail Customer,"(3,768)",ERP,Andres,late invoice,One-off item
2025-04-02,Marketing,Google Ads,Google / LinkedIn,"9,624",cash,finance ops,late invoice,Map to GL 6100
11 May-25,Mktg,Customer appr.,Amazon gift c.,"7,740",ERP,Andres,,Map to GL 6100
2025-06-14,Marketing,Events & webinars,Various,"9,957",ERP,finance ops,posted,Ask owner
30-May-25,Sales,Sales commission,Payroll,"3,986",cash,,Posted,One-off item
30 May-26,Marketing,Google Ads,Google / LinkedIn,"4,259",cash,Alex - FP&A,accrual,
23 Jun-26,Sales,CRM / RevOps tools,Salesforce / Outreach,"6,889",cash,Erik,late invoice,
2025-02-09,COGS,Materials,Johnsons Supply,725,ERP,Alex - FP&A,late invoice,Ask owner
23-Feb-26,Mktg,Customer appr.,Gift hamper,"5,770",cash,TBD,manual adj,
25 Feb-26,COGS,Materials,Walmart,"(5,062)",ERP,,posted,Check sign
29-Jul-25,Services,Support tools,Zendesk / Gainsight,"4,117",ERP,Alex - FP&A,late invoice,Vendor invoice late
05-Feb-25,Services,Prof services,Implementation clients,"(4,101)",manual Entry,Erik,accrual,Ask owner
06/15/26,Marketing,Customer appr.,Amazon gift c.,"1,231",ERP,finance ops,,Timing issue
09/12/25,Services,Support tools,Zendesk / Gainsight,"4,298",ERP,finance ops,accrual,One-off item
01 Jan-26,Sales,Payroll - sales,Payroll,"9,495",cash,Andres,accrual,
2025-06-29,G&A,Legal fees,Europa Law firm,"6,100",Check,,manual adj,Ask owner
2025-01-16,Marketing,Customer appr.,Amazon gift c.,"(9,393)",cash,,needs mapping,Vendor invoice late
10/17/25,Services,Support tools,Zendesk / Gainsight,"3,336",Check,finance ops,,Check sign
2026-03-11,Revenue,Product sales,Retail Customer,"5,461",manual Entry,Alex - FP&A,,Check sign
05/13/26,R&D,Payroll - eng,Payroll,"(7,220)",manual Entry,Erik,late invoice,One-off item
2025-06-29,Sales,CRM / RevOps tools,Salesforce / Outreach,"6,260",cash,finance ops,,
2025-08-23,Mktg,Customer appr.,Amazon gift c.,"4,217",Pos,Erik,needs mapping,Ask owner
02-Oct-25,Mktg,Events & webinars,Various,"(5,795)",ERP,Alex - FP&A,Posted,One-off item
04/27/25,G&A,Accounting fees,Brandon,303,manual Entry,Erik,accrual,Check sign
05/06/26,COGS,Materials,Home Depot,"1,125",cash,Andres,late invoice,Vendor invoice late
06/13/26,Marketing,Events & webinars,Various,"6,311",Check,Alex - FP&A,posted,Map to GL 6100
15 Jan-26,Mktg,Paid media,Google / LinkedIn,"2,809",ERP,Alex - FP&A,late invoice,One-off item
2025-05-16,Revenue,Subscr. revenue,Corp. clients,"(3,336)",Pos,Erik,manual adj,
2025-06-29,COGS,Payroll - eng,Payroll,"(2,257)",Pos,finance ops,late invoice,Ask owner
02/21/26,COGS,Payroll - eng,Payroll,"8,481",manual Entry,finance ops,Posted,Ask owner
02/07/25,Marketing,Paid media,Google / LinkedIn,"8,086",Check,TBD,Posted,Map to GL 6100
20 Oct-25,Services,Prof services,Implementation clients,"4,708",Check,Andres,accrual,Check sign
2025-01-23,Revenue,Revenue,Retail Customer,"5,594",manual Entry,M. Chen,accrual,
09/30/25,R&D,AI automation,n8n,"2,323",Pos,Erik,,Timing issue
06 Oct-25,R&D,AI automation,n8n,"6,858",manual Entry,finance ops,Posted,
05/29/26,R&D,AI automation,n8n,"(2,994)",ERP,M. Chen,posted,Map to GL 6100
02 Jul-25,Mktg,Paid media,Google / LinkedIn,"7,748",Check,Erik,needs mapping,
09 Nov-25,Marketing,Customer appr.,Gift hamper,"6,170",manual Entry,Andres,posted,Timing issue
02 Mar-26,G&A,Office rent,Landlord,498,Check,,manual adj,One-off item
04-Jul-26,Revenue,Product sales,Retail Customer,"8,319",ERP,,,Check sign
2026-01-09,Sales,CRM / RevOps tools,Salesforce / Outreach,"9,980",ERP,M. Chen,posted,Map to GL 6100
10 Jan-25,Revenue,Product sales,Corp. clients,"9,862",ERP,,Posted,Check sign
05/29/25,COGS,Cloud hosting,AWS / Datadog,"7,617",manual Entry,M. Chen,accrual,
03/10/25,Mktg,Customer appr.,Soccer Ticket,"(5,885)",cash,M. Chen,Posted,Timing issue
2025-10-08,Marketing,Events & webinars,Various,"9,857",Check,TBD,manual adj,Check sign
06 Sep-25,Marketing,Google Ads,Google / LinkedIn,"(9,219)",ERP,M. Chen,,Map to GL 6100
09/12/25,Services,Prof services,Implementation clients,"3,074",manual Entry,,,Vendor invoice late
05/13/26,Revenue,Subscr. revenue,Retail Customer,"(7,362)",cash,M. Chen,late invoice,Check sign
23-Apr-26,R&D,Payroll - eng,Payroll,"8,183",Check,finance ops,needs mapping,Vendor invoice late
02-Oct-25,Sales,Sales commission,Payroll,"9,587",Pos,Erik,accrual,Ask owner
09/10/25,Revenue,Revenue,Retail Customer,"8,796",manual Entry,TBD,late invoice,Timing issue
07/15/25,Sales,Payroll - sales,Payroll,"1,117",Pos,Alex - FP&A,Posted,One-off item
20 Jul-25,Services,Prof services,Implementation clients,"5,029",manual Entry,Andres,accrual,Check sign
04/25/26,Mktg,Paid media,Google / LinkedIn,"4,489",Pos,TBD,accrual,Check sign
2026-04-29,G&A,Office rent,Landlord,"5,478",manual Entry,TBD,manual adj,Timing issue
05-Jun-25,Sales,Payroll - sales,Payroll,"6,558",Check,finance ops,,Timing issue
2026-03-06,Revenue,Revenue,Corp. clients,297,manual Entry,Andres,needs mapping,Timing issue
01/27/26,COGS,Payroll - eng,Payroll,"8,678",ERP,Alex - FP&A,accrual,Ask owner
2025-01-04,Revenue,Service,Retail Customer,"9,994",ERP,M. Chen,Posted,
2025-01-16,Marketing,Events & webinars,Various,"1,684",ERP,Alex - FP&A,,One-off item
2026-03-11,Revenue,Subscr. revenue,Corp. clients,"1,798",Check,M. Chen,accrual,
2025-02-04,Services,Support tools,Zendesk / Gainsight,"9,045",ERP,M. Chen,Posted,Vendor invoice late
27-Mar-26,Marketing,Events & webinars,Various,"(3,313)",cash,Erik,late invoice,
2025-11-19,Services,Prof services,Implementation clients,"2,781",ERP,,needs mapping,Ask owner
02 Mar-26,Sales,Payroll - sales,Payroll,"(9,779)",cash,Alex - FP&A,accrual,One-off item
07/12/26,Services,Prof services,Implementation clients,"(8,084)",Check,TBD,,Map to GL 6100
2026-03-25,G&A,Legal fees,Buchalter,"(9,625)",Check,TBD,needs mapping,Map to GL 6100
07 Feb-26,R&D,Cloud hosting,AWS / Datadog,"(7,841)",cash,finance ops,Posted,Check sign
29-Nov-25,R&D,Payroll - eng,Payroll,672,manual Entry,Erik,posted,One-off item
18 Oct-25,G&A,Legal fees,Buchalter,"3,365",manual Entry,Andres,Posted,Vendor invoice late
10/17/25,Marketing,Events & webinars,Various,"(3,415)",ERP,TBD,needs mapping,Map to GL 6100
2025-05-13,Mktg,Customer appr.,Soccer Ticket,"6,167",cash,Andres,posted,Timing issue
24 Dec-25,Services,Prof services,Implementation clients,"7,190",ERP,Andres,Posted,Ask owner
07-Mar-26,Mktg,Events & webinars,Various,"4,733",Check,TBD,posted,Check sign
21-Apr-26,R&D,Payroll - eng,Payroll,673,cash,Erik,Posted,Ask owner
18 Aug-25,Marketing,Customer appr.,Gift hamper,"1,502",manual Entry,Andres,accrual,
17 May-25,COGS,Cloud hosting,AWS / Datadog,"8,466",cash,TBD,Posted,Timing issue
13 Aug-25,Sales,Sales commission,Payroll,533,Check,Erik,needs mapping,Check sign
03 Apr-26,Services,Prof services,Implementation clients,"6,685",Pos,M. Chen,,Check sign
2025-01-04,Mktg,Paid media,Google / LinkedIn,"6,372",ERP,Andres,needs mapping,One-off item
11/26/25,Services,Prof services,Implementation clients,"8,380",Pos,finance ops,,Ask owner
13 Nov-25,COGS,Cloud hosting,AWS / Datadog,"9,990",cash,Alex - FP&A,late invoice,
2025-07-13,G&A,Accounting fees,Jason CPA,156,cash,M. Chen,Posted,Ask owner
2025-12-17,G&A,Office rent,Landlord,"1,360",Check,Alex - FP&A,posted,Vendor invoice late
2025-01-04,Sales,Sales commission,Payroll,"5,220",manual Entry,Andres,,Timing issue
02/10/25,G&A,Legal fees,Buchalter,"9,150",Check,Andres,Posted,Timing issue
2025-12-04,Sales,CRM / RevOps tools,Salesforce / Outreach,"7,501",Pos,Andres,manual adj,
02/23/25,Services,Support tools,Zendesk / Gainsight,"2,255",Check,Andres,posted,Check sign
02-Mar-25,Mktg,Customer appr.,Gift hamper,383,Check,Alex - FP&A,late invoice,Ask owner
2026-07-02,R&D,Cloud hosting,AWS / Datadog,"3,289",ERP,,Posted,Ask owner
2025-11-19,Revenue,Subscr. revenue,Corp. clients,"(1,996)",ERP,,,Timing issue
05-Jun-25,G&A,Accounting fees,Brandon,"6,561",Pos,TBD,Posted,
26-Dec-25,Mktg,Paid media,Google / LinkedIn,"8,375",Pos,Andres,accrual,
2025-09-16,COGS,Materials,Home Depot,"6,019",manual Entry,,posted,
07/12/26,Revenue,Revenue,Corp. clients,(724),manual Entry,,posted,Ask owner
01 Apr-26,Sales,Payroll - sales,Payroll,"(1,245)",Pos,,late invoice,Ask owner
2025-07-12,Services,Prof services,Implementation clients,"(5,080)",manual Entry,Erik,manual adj,Ask owner
2025-11-30,COGS,Materials,Johnsons Supply,502,Check,Andres,late invoice,Ask owner
2025-04-02,Sales,Sales commission,Payroll,"4,325",ERP,finance ops,manual adj,Map to GL 6100
02/20/25,Marketing,Customer appr.,Gift hamper,"3,406",ERP,,late invoice,Check sign
2026-01-09,G&A,Office rent,Landlord,"6,042",ERP,,Posted,Check sign
22 Mar-26,Marketing,Paid media,Google / LinkedIn,"9,663",manual Entry,M. Chen,manual adj,Vendor invoice late
05/29/26,COGS,Materials,Johnsons Supply,"7,182",Check,TBD,Posted,Vendor invoice late
04/17/25,G&A,Office rent,Landlord,"2,543",cash,TBD,,Ask owner
2026-03-21,Marketing,Events & webinars,Various,"9,317",Pos,TBD,late invoice,Vendor invoice late
23-Apr-26,Mktg,Paid media,Google / LinkedIn,"4,921",cash,,accrual,One-off item
2025-06-14,Mktg,Customer appr.,Soccer Ticket,"8,134",Pos,Alex - FP&A,late invoice,Map to GL 6100
02/07/25,G&A,Accounting fees,Jason CPA,"(3,798)",Check,M. Chen,late invoice,Vendor invoice late
2025-10-15,R&D,Payroll - eng,Payroll,"1,378",ERP,Alex - FP&A,manual adj,Timing issue
2025-05-20,Services,Prof services,Implementation clients,"9,886",Pos,Andres,manual adj,Map to GL 6100
2026-02-14,Sales,Sales commission,Payroll,"4,527",ERP,,manual adj,Vendor invoice late
2026-01-17,COGS,Cloud hosting,AWS / Datadog,"5,418",cash,,manual adj,Vendor invoice late
13 Nov-25,Marketing,Events & webinars,Various,"5,684",manual Entry,Erik,manual adj,Ask owner
08-Sep-25,R&D,Cloud hosting,AWS / Datadog,"4,817",ERP,M. Chen,posted,
2026-03-08,Mktg,Events & webinars,Various,"2,576",cash,Erik,late invoice,Map to GL 6100
12/23/25,COGS,Payroll - eng,Payroll,"2,626",ERP,Alex - FP&A,accrual,Ask owner
24 Sep-25,Marketing,Customer appr.,Amazon gift c.,"1,356",manual Entry,,late invoice,One-off item
29-Jan-26,G&A,Office rent,Landlord,776,ERP,finance ops,accrual,Map to GL 6100
10 May-26,Sales,Payroll - sales,Payroll,793,manual Entry,M. Chen,manual adj,
02 Jul-25,Services,Support tools,Zendesk / Gainsight,"1,779",Pos,Andres,accrual,
02/27/25,Services,Support tools,Zendesk / Gainsight,"6,765",cash,,,Vendor invoice late
03/21/25,Services,Prof services,Implementation clients,"9,771",manual Entry,M. Chen,Posted,One-off item
2025-10-26,Services,Support tools,Zendesk / Gainsight,"3,166",ERP,Alex - FP&A,accrual,Check sign
15 Jan-26,R&D,Cloud hosting,AWS / Datadog,"8,917",Check,Andres,Posted,Vendor invoice late
03/12/25,Mktg,Paid media,Google / LinkedIn,"1,119",Pos,finance ops,needs mapping,Map to GL 6100
2026-06-08,Marketing,Events & webinars,Various,"7,994",Pos,M. Chen,needs mapping,Timing issue
2025-02-04,Revenue,Revenue,Retail Customer,"(3,364)",cash,TBD,,Timing issue
2025-12-29,Services,Support tools,Zendesk / Gainsight,"(6,092)",cash,Andres,late invoice,Ask owner
07/01/26,Revenue,Service,Corp. clients,"7,225",cash,Erik,Posted,
24 Dec-25,R&D,AI automation,n8n,"9,226",cash,Erik,,Ask owner
16-Dec-25,COGS,Materials,Home Depot,"2,951",cash,Erik,Posted,Map to GL 6100
20-Mar-26,COGS,Materials,Electric house,"4,576",Check,Andres,,Ask owner
10 Jan-25,Mktg,Paid media,Google / LinkedIn,"3,738",cash,TBD,posted,Ask owner
2026-05-01,R&D,Cloud hosting,AWS / Datadog,"7,862",manual Entry,,late invoice,Vendor invoice late
12/02/25,R&D,Cloud hosting,AWS / Datadog,"2,247",Pos,TBD,late invoice,Ask owner
05-Apr-26,R&D,Payroll - eng,Payroll,"5,740",Pos,TBD,manual adj,Check sign
05/21/25,R&D,Cloud hosting,AWS / Datadog,"(7,133)",cash,Andres,late invoice,Timing issue
03/21/25,Revenue,Product sales,Corp. clients,"4,343",manual Entry,Erik,accrual,Timing issue
02 Apr-26,R&D,Cloud hosting,AWS / Datadog,"(1,732)",manual Entry,,late invoice,Vendor invoice late
07-Aug-25,Services,Prof services,Implementation clients,"4,642",cash,Andres,late invoice,
03/31/26,R&D,Payroll - eng,Payroll,"3,739",ERP,finance ops,accrual,Check sign
06/11/25,R&D,Payroll - eng,Payroll,"5,732",manual Entry,Andres,accrual,Timing issue
10 Mar-26,Services,Prof services,Implementation clients,"2,662",cash,Erik,Posted,One-off item
03/12/25,Sales,Sales commission,Payroll,"4,626",manual Entry,Alex - FP&A,late invoice,
01/26/26,Revenue,Revenue,Retail Customer,"(8,817)",manual Entry,Andres,manual adj,Map to GL 6100
14 Jun-26,Sales,CRM / RevOps tools,Salesforce / Outreach,472,manual Entry,M. Chen,needs mapping,One-off item
18 Jan-26,Revenue,Service,Retail Customer,"6,117",manual Entry,M. Chen,needs mapping,Ask owner
02/17/25,R&D,AI automation,n8n,"2,726",ERP,,late invoice,One-off item
2026-03-11,Mktg,Customer appr.,Soccer Ticket,"4,940",cash,Andres,posted,
05/04/25,Services,Support tools,Zendesk / Gainsight,"1,746",Check,M. Chen,late invoice,One-off item
28-Jul-25,Sales,CRM / RevOps tools,Salesforce / Outreach,"(9,232)",ERP,Andres,manual adj,One-off item
2025-07-13,Marketing,Customer appr.,Gift hamper,"9,297",manual Entry,finance ops,accrual,Timing issue
18 Oct-25,Revenue,Revenue,Retail Customer,"6,742",Check,,late invoice,Timing issue
06/01/25,Marketing,Paid media,Google / LinkedIn,"8,027",Check,Alex - FP&A,Posted,
2026-07-02,G&A,Legal fees,Europa Law firm,"3,716",Check,finance ops,posted,Check sign
13 Mar-25,Sales,CRM / RevOps tools,Salesforce / Outreach,"3,216",ERP,Andres,late invoice,Ask owner
2025-12-09,Revenue,Service,Corp. clients,"9,648",cash,TBD,late invoice,Check sign
2025-11-14,R&D,AI automation,n8n,531,cash,,manual adj,Map to GL 6100
02/07/25,Sales,Sales commission,Payroll,"2,199",manual Entry,M. Chen,accrual,Check sign
16-Jan-26,COGS,Materials,Johnsons Supply,"7,512",Pos,Erik,accrual,Timing issue
18 Oct-25,Revenue,Product sales,Retail Customer,"2,696",cash,TBD,Posted,
01/02/26,Revenue,Subscr. revenue,Corp. clients,"6,616",ERP,Alex - FP&A,manual adj,Check sign
06/13/26,Mktg,Paid media,Google / LinkedIn,"7,255",manual Entry,TBD,,Timing issue
23 Jun-26,G&A,Legal fees,Europa Law firm,208,ERP,Alex - FP&A,posted,Timing issue
26 Jan-25,Mktg,Customer appr.,Soccer Ticket,"4,795",Pos,M. Chen,posted,Check sign
11-Sep-25,Mktg,Events & webinars,Various,"7,317",cash,Erik,accrual,Vendor invoice late
02/16/26,R&D,Cloud hosting,AWS / Datadog,"3,216",cash,Erik,,
2025-08-20,Mktg,Events & webinars,Various,"3,638",Pos,Erik,needs mapping,
2025-07-12,Sales,Sales commission,Payroll,"5,143",ERP,M. Chen,needs mapping,Timing issue
01/02/25,Revenue,Revenue,Retail Customer,"4,139",cash,Erik,late invoice,Ask owner
2025-07-12,R&D,Payroll - eng,Payroll,"6,930",cash,M. Chen,needs mapping,Vendor invoice late
07-Mar-26,COGS,Payroll - eng,Payroll,"8,340",cash,Andres,Posted,Ask owner
03/21/25,Sales,Payroll - sales,Payroll,"3,462",cash,Alex - FP&A,accrual,Vendor invoice late
2025-07-13,Services,Support tools,Zendesk / Gainsight,"3,676",cash,M. Chen,,Vendor invoice late
2025-11-14,Mktg,Paid media,Google / LinkedIn,"(6,796)",Pos,,needs mapping,
2026-01-09,Revenue,Product sales,Corp. clients,"9,421",Check,TBD,Posted,One-off item
2026-04-10,Marketing,Customer appr.,Soccer Ticket,"5,896",ERP,Andres,,Timing issue
29 Jun-26,Sales,Sales commission,Payroll,"6,027",ERP,Erik,manual adj,Vendor invoice late
03/05/25,Revenue,Service,Retail Customer,"1,621",manual Entry,TBD,,Timing issue
2025-06-04,R&D,Payroll - eng,Payroll,"(5,544)",Check,Alex - FP&A,needs mapping,Timing issue
05/06/26,Services,Prof services,Implementation clients,"8,078",Pos,M. Chen,,Map to GL 6100
17-Feb-26,R&D,Payroll - eng,Payroll,"6,262",Check,Andres,Posted,Ask owner
06 Oct-25,COGS,Cloud hosting,AWS / Datadog,"(5,943)",Check,Alex - FP&A,Posted,Ask owner
2026-05-28,R&D,Payroll - eng,Payroll,802,Check,Erik,accrual,One-off item
2025-10-15,Marketing,Paid media,Google / LinkedIn,"(1,684)",Pos,,needs mapping,Timing issue
05/04/25,Revenue,Product sales,Corp. clients,"6,349",cash,TBD,accrual,One-off item
06/23/25,Services,Support tools,Zendesk / Gainsight,"9,772",Check,Andres,,Map to GL 6100
16 Nov-25,Revenue,Service,Corp. clients,"(2,226)",manual Entry,M. Chen,posted,Timing issue
20-Mar-26,COGS,Materials,Home Depot,"6,613",ERP,finance ops,Posted,One-off item
30-Jul-25,Marketing,Paid media,Google / LinkedIn,"5,971",manual Entry,Alex - FP&A,accrual,Timing issue
14-Oct-25,Services,Prof services,Implementation clients,"3,835",Pos,Alex - FP&A,needs mapping,
30-Jun-25,Sales,Payroll - sales,Payroll,"(1,041)",manual Entry,TBD,Posted,Timing issue
27 May-25,COGS,Cloud hosting,AWS / Datadog,"2,659",manual Entry,Erik,needs mapping,One-off item
31-May-25,R&D,Payroll - eng,Payroll,"3,526",manual Entry,M. Chen,needs mapping,Map to GL 6100
12 Jan-25,Revenue,Subscr. revenue,Corp. clients,"7,460",Check,Erik,Posted,Check sign
05/14/25,Revenue,Revenue,Corp. clients,"7,513",Pos,Alex - FP&A,late invoice,One-off item
30 May-26,Sales,Payroll - sales,Payroll,"6,064",Pos,,manual adj,Map to GL 6100
20-Mar-26,COGS,Cloud hosting,AWS / Datadog,"(4,489)",Pos,,Posted,Timing issue
2025-08-16,G&A,Office rent,Landlord,"7,747",cash,Alex - FP&A,late invoice,One-off item
15-Apr-25,R&D,AI automation,n8n,"6,440",manual Entry,Alex - FP&A,posted,Timing issue
2025-05-13,Revenue,Subscr. revenue,Corp. clients,"5,953",manual Entry,TBD,Posted,Check sign
06 Feb-25,R&D,Cloud hosting,AWS / Datadog,"(8,607)",Check,Erik,accrual,Vendor invoice late
12-Apr-25,Services,Prof services,Implementation clients,"3,202",cash,Andres,Posted,One-off item
29 Oct-25,Services,Support tools,Zendesk / Gainsight,"2,994",Check,Alex - FP&A,,
05/28/25,R&D,Payroll - eng,Payroll,"7,026",ERP,finance ops,accrual,Check sign
28-Jul-25,Mktg,Events & webinars,Various,"(4,459)",cash,M. Chen,needs mapping,Check sign
03/22/25,R&D,AI automation,n8n,"2,587",Check,Erik,,Check sign
08-Sep-25,COGS,Cloud hosting,AWS / Datadog,"3,696",ERP,,needs mapping,Vendor invoice late
07-Aug-25,Sales,Payroll - sales,Payroll,"(6,182)",Pos,finance ops,Posted,Ask owner
2025-08-19,Services,Support tools,Zendesk / Gainsight,"(2,445)",Check,finance ops,manual adj,Check sign
20 Oct-25,Services,Prof services,Implementation clients,"4,286",manual Entry,,posted,One-off item
24 Sep-25,R&D,AI automation,n8n,477,Check,Erik,accrual,One-off item
2025-01-23,Sales,CRM / RevOps tools,Salesforce / Outreach,"1,142",Check,,manual adj,One-off item
28-Mar-25,Marketing,Google Ads,Google / LinkedIn,"3,093",Pos,TBD,accrual,Timing issue
03/31/26,Revenue,Product sales,Corp. clients,"(1,763)",manual Entry,,accrual,Timing issue
01/05/26,G&A,Accounting fees,Jason CPA,"(9,058)",cash,TBD,Posted,Map to GL 6100
04/17/25,Services,Prof services,Implementation clients,"6,758",Pos,Andres,late invoice,Check sign
05/28/25,Sales,CRM / RevOps tools,Salesforce / Outreach,"1,856",ERP,TBD,Posted,
30-Jun-25,G&A,Legal fees,Buchalter,"(1,345)",manual Entry,TBD,,One-off item
02/27/25,Marketing,Events & webinars,Various,"8,514",manual Entry,finance ops,,Timing issue
18 Oct-25,Mktg,Events & webinars,Various,"2,439",manual Entry,finance ops,posted,One-off item
2025-12-18,G&A,Office rent,Landlord,"6,804",manual Entry,Alex - FP&A,needs mapping,Map to GL 6100
19 Mar-26,Sales,Payroll - sales,Payroll,"5,646",cash,Andres,needs mapping,
03 Sep-25,Marketing,Google Ads,Google / LinkedIn,190,cash,Alex - FP&A,,Map to GL 6100
03/10/25,Revenue,Revenue,Corp. clients,"(5,072)",manual Entry,Andres,Posted,Map to GL 6100
01/22/25,Marketing,Customer appr.,Amazon gift c.,"1,787",manual Entry,M. Chen,posted,Map to GL 6100
07-Mar-26,Mktg,Events & webinars,Various,"5,734",Pos,Alex - FP&A,needs mapping,Vendor invoice late
2025-06-24,Mktg,Customer appr.,Soccer Ticket,"8,126",cash,TBD,,Map to GL 6100
2025-08-29,R&D,Cloud hosting,AWS / Datadog,"5,077",Check,Andres,late invoice,One-off item
05-Jun-25,Marketing,Customer appr.,Amazon gift c.,"(4,867)",Check,,needs mapping,Timing issue
03/29/25,Marketing,Google Ads,Google / LinkedIn,263,Pos,finance ops,manual adj,Vendor invoice late
24-Feb-26,Revenue,Product sales,Corp. clients,"1,609",ERP,,posted,One-off item
18-Mar-26,COGS,Payroll - eng,Payroll,"3,531",Check,Andres,manual adj,Check sign
01/05/25,Revenue,Subscr. revenue,Retail Customer,"(2,295)",cash,M. Chen,Posted,
2026-03-08,G&A,Legal fees,Buchalter,"3,925",cash,M. Chen,Posted,Timing issue
2025-12-04,Services,Support tools,Zendesk / Gainsight,"3,597",Pos,Alex - FP&A,manual adj,Ask owner
05/03/26,Sales,CRM / RevOps tools,Salesforce / Outreach,"4,423",ERP,Erik,Posted,Check sign
20 Feb-26,R&D,Cloud hosting,AWS / Datadog,"4,012",manual Entry,TBD,posted,Vendor invoice late
05/14/25,Revenue,Subscr. revenue,Corp. clients,"(7,728)",manual Entry,Andres,,Vendor invoice late
2026-05-01,Sales,CRM / RevOps tools,Salesforce / Outreach,"3,225",ERP,M. Chen,Posted,Timing issue
01/24/26,Marketing,Customer appr.,Soccer Ticket,"1,381",ERP,M. Chen,posted,
03/21/25,Marketing,Customer appr.,Gift hamper,"9,004",Check,Andres,needs mapping,Vendor invoice late
07 Jul-26,Marketing,Customer appr.,Amazon gift c.,"4,044",Pos,,Posted,Ask owner
10 Oct-25,Mktg,Events & webinars,Various,59,Pos,Andres,accrual,
2025-07-12,Sales,Sales commission,Payroll,"6,407",manual Entry,Alex - FP&A,needs mapping,One-off item
05/26/25,R&D,Cloud hosting,AWS / Datadog,"8,677",cash,Erik,accrual,Check sign
20 Feb-26,Revenue,Subscr. revenue,Corp. clients,"3,314",ERP,,Posted,Map to GL 6100
2025-06-14,Services,Prof services,Implementation clients,"6,291",Pos,,posted,Map to GL 6100
2025-01-16,G&A,Legal fees,Buchalter,"5,349",manual Entry,Erik,accrual,Timing issue
09 Jun-26,Services,Prof services,Implementation clients,"1,278",ERP,finance ops,,Timing issue
01/27/26,Marketing,Events & webinars,Various,"8,372",cash,Alex - FP&A,,Ask owner
25-Jun-26,G&A,Office rent,Landlord,"1,031",manual Entry,Alex - FP&A,posted,Map to GL 6100
04/17/25,COGS,Materials,Johnsons Supply,"2,765",ERP,Alex - FP&A,posted,Ask owner
04/27/25,R&D,AI automation,n8n,"8,121",Pos,finance ops,late invoice,Map to GL 6100
05/22/26,Mktg,Paid media,Google / LinkedIn,"3,548",manual Entry,Alex - FP&A,Posted,Vendor invoice late
06/28/25,Sales,Sales commission,Payroll,"7,230",Pos,,late invoice,
24-Apr-25,COGS,Materials,Walmart,"9,642",cash,finance ops,manual adj,Map to GL 6100
26-Dec-25,Sales,Sales commission,Payroll,"(5,372)",Check,Alex - FP&A,posted,Vendor invoice late
07 Jul-25,G&A,Accounting fees,Jason CPA,"4,115",Check,Andres,,Ask owner
04 Feb-26,Mktg,Events & webinars,Various,"4,244",cash,,Posted,Timing issue
2025-06-14,G&A,Legal fees,Buchalter,"2,754",Pos,TBD,manual adj,Ask owner
01/02/25,R&D,AI automation,n8n,"(6,931)",ERP,M. Chen,accrual,Map to GL 6100
09 Jun-26,Sales,CRM / RevOps tools,Salesforce / Outreach,"5,996",ERP,M. Chen,manual adj,Map to GL 6100
2025-12-29,COGS,Materials,Walmart,"6,398",ERP,TBD,accrual,Map to GL 6100
24 Dec-25,Revenue,Product sales,Retail Customer,"(7,340)",manual Entry,Erik,manual adj,Check sign
2025-03-19,Services,Support tools,Zendesk / Gainsight,"2,153",Check,TBD,posted,Timing issue
21-Apr-26,Services,Prof services,Implementation clients,"1,376",cash,Alex - FP&A,late invoice,Check sign
01/02/26,Services,Prof services,Implementation clients,"2,733",cash,Andres,posted,Timing issue
07/09/26,Sales,Sales commission,Payroll,"5,561",cash,,,Map to GL 6100
04 Mar-25,Revenue,Service,Corp. clients,"6,993",ERP,Erik,Posted,
04/25/26,Marketing,Events & webinars,Various,"6,842",Check,finance ops,needs mapping,Map to GL 6100
06/11/25,Mktg,Customer appr.,Gift hamper,"9,879",Check,finance ops,,One-off item
2025-07-06,G&A,Office rent,Landlord,663,manual Entry,Alex - FP&A,posted,Timing issue
2025-03-19,G&A,Office rent,Landlord,"8,488",Check,M. Chen,,Ask owner
10 Mar-26,COGS,Cloud hosting,AWS / Datadog,187,cash,TBD,needs mapping,
12/07/25,G&A,Office rent,Landlord,"8,137",manual Entry,TBD,Posted,
10 Mar-26,Revenue,Product sales,Retail Customer,"(3,452)",ERP,M. Chen,,Ask owner
2025-08-23,Services,Prof services,Implementation clients,"(6,175)",cash,Erik,needs mapping,Check sign
2026-05-21,COGS,Cloud hosting,AWS / Datadog,"1,950",cash,TBD,posted,Vendor invoice late
03/12/25,Marketing,Paid media,Google / LinkedIn,420,cash,TBD,Posted,Vendor invoice late
2025-12-31,Sales,Payroll - sales,Payroll,"8,189",ERP,,late invoice,Timing issue
2025-11-19,Marketing,Paid media,Google / LinkedIn,"7,490",Check,Erik,late invoice,Timing issue
2025-10-08,Mktg,Customer appr.,Amazon gift c.,"(9,510)",Check,,posted,Map to GL 6100
10/17/25,COGS,Materials,Electric house,"6,777",ERP,M. Chen,accrual,Ask owner
06/04/26,Mktg,Events & webinars,Various,"8,955",manual Entry,M. Chen,late invoice,Vendor invoice late
07/01/26,G&A,Accounting fees,Brandon,"1,189",Pos,Andres,Posted,Map to GL 6100
29-Nov-25,Services,Support tools,Zendesk / Gainsight,"4,017",manual Entry,,accrual,Vendor invoice late
16 Nov-25,Services,Support tools,Zendesk / Gainsight,"4,821",cash,TBD,needs mapping,Vendor invoice late
10 Nov-25,Mktg,Customer appr.,Amazon gift c.,"2,093",cash,,,Ask owner
06 Feb-25,Mktg,Events & webinars,Various,"6,169",Pos,Erik,manual adj,Vendor invoice late
02 Mar-26,Sales,CRM / RevOps tools,Salesforce / Outreach,"9,461",ERP,M. Chen,Posted,Timing issue
04 Sep-25,R&D,Payroll - eng,Payroll,"2,211",cash,finance ops,Posted,
2025-07-13,Revenue,Service,Retail Customer,"9,161",Check,Alex - FP&A,posted,Map to GL 6100
06/23/25,Services,Support tools,Zendesk / Gainsight,"9,633",cash,,late invoice,One-off item
05/13/26,Sales,Payroll - sales,Payroll,"8,626",manual Entry,TBD,Posted,One-off item
2025-05-13,Sales,Sales commission,Payroll,"2,597",Check,finance ops,,Ask owner
09/10/25,Sales,Payroll - sales,Payroll,"2,047",Pos,TBD,manual adj,Vendor invoice late
2025-12-14,Marketing,Google Ads,Google / LinkedIn,"9,133",Pos,Andres,manual adj,
06/11/25,Mktg,Paid media,Google / LinkedIn,"(8,824)",manual Entry,TBD,posted,Vendor invoice late
02 Jul-25,G&A,Office rent,Landlord,"3,614",ERP,Erik,needs mapping,Map to GL 6100
18-Jun-26,Sales,CRM / RevOps tools,Salesforce / Outreach,"(6,022)",Pos,finance ops,accrual,Ask owner
22 Oct-25,Sales,CRM / RevOps tools,Salesforce / Outreach,"9,929",Check,M. Chen,Posted,Timing issue
2025-02-09,Services,Prof services,Implementation clients,"4,958",Check,Andres,needs mapping,Check sign
23-Mar-25,Mktg,Paid media,Google / LinkedIn,"(1,202)",Pos,Andres,,Check sign
2025-07-26,R&D,Cloud hosting,AWS / Datadog,"8,117",manual Entry,finance ops,late invoice,
20 Oct-25,Revenue,Service,Corp. clients,"8,414",Pos,TBD,needs mapping,One-off item
24 Jan-25,Mktg,Paid media,Google / LinkedIn,"1,829",cash,Andres,Posted,Timing issue
2025-07-26,Revenue,Subscr. revenue,Corp. clients,366,Pos,Andres,accrual,Check sign
2025-06-04,Sales,CRM / RevOps tools,Salesforce / Outreach,"3,612",cash,Alex - FP&A,Posted,Ask owner
03 Mar-26,G&A,Accounting fees,Jason CPA,"1,431",Pos,Andres,accrual,
23-Mar-25,Services,Prof services,Implementation clients,"5,140",manual Entry,Erik,accrual,Check sign
10/05/25,Services,Support tools,Zendesk / Gainsight,"6,053",ERP,Alex - FP&A,,
06/26/25,Services,Support tools,Zendesk / Gainsight,"4,636",ERP,Erik,,Ask owner
2025-09-07,Revenue,Service,Retail Customer,"8,558",ERP,Alex - FP&A,posted,Timing issue
2025-10-01,Sales,CRM / RevOps tools,Salesforce / Outreach,"7,661",cash,Erik,,Map to GL 6100
04 Mar-25,Services,Support tools,Zendesk / Gainsight,918,Pos,Alex - FP&A,manual adj,Timing issue
04/20/25,Sales,Payroll - sales,Payroll,"(4,810)",manual Entry,Andres,needs mapping,
2026-02-27,Mktg,Customer appr.,Soccer Ticket,"7,527",manual Entry,finance ops,,Timing issue
20 Oct-25,Marketing,Customer appr.,Soccer Ticket,"(8,939)",Pos,TBD,needs mapping,Vendor invoice late
2026-06-19,Mktg,Customer appr.,Amazon gift c.,"(7,741)",ERP,M. Chen,accrual,Map to GL 6100
05/29/25,G&A,Accounting fees,Jason CPA,"8,739",cash,Andres,needs mapping,Timing issue
05/04/25,COGS,Payroll - eng,Payroll,"1,685",Check,Erik,late invoice,Timing issue
2025-11-14,G&A,Accounting fees,Jason CPA,"(7,999)",Check,TBD,manual adj,Ask owner
23-Mar-26,Revenue,Revenue,Corp. clients,"8,075",manual Entry,Erik,,Ask owner
09-Sep-25,Services,Support tools,Zendesk / Gainsight,"1,632",manual Entry,M. Chen,manual adj,Check sign
02 Mar-26,R&D,Cloud hosting,AWS / Datadog,"7,261",cash,Erik,accrual,Map to GL 6100
25-Jan-26,R&D,AI automation,n8n,"1,100",Check,Alex - FP&A,manual adj,Vendor invoice late
18-Mar-26,Services,Support tools,Zendesk / Gainsight,"5,094",Pos,Erik,late invoice,
2025-11-07,COGS,Payroll - eng,Payroll,"8,393",manual Entry,Alex - FP&A,accrual,Vendor invoice late
2025-08-29,Mktg,Customer appr.,Gift hamper,"5,119",Check,finance ops,posted,One-off item
2026-03-08,Sales,CRM / RevOps tools,Salesforce / Outreach,"(2,209)",Pos,Alex - FP&A,accrual,Check sign
2025-12-18,Marketing,Paid media,Google / LinkedIn,"(2,475)",Check,,,One-off item
03/29/25,Revenue,Product sales,Corp. clients,"4,683",Pos,Erik,manual adj,Map to GL 6100
10 Jul-25,Mktg,Customer appr.,Gift hamper,"4,654",Check,M. Chen,,
08-Dec-25,COGS,Cloud hosting,AWS / Datadog,832,manual Entry,finance ops,manual adj,Map to GL 6100
2025-12-20,G&A,Accounting fees,Jason CPA,"2,746",ERP,Erik,accrual,One-off item
2026-05-07,Mktg,Events & webinars,Various,"(1,981)",Check,,accrual,Timing issue
09/19/25,Marketing,Customer appr.,Soccer Ticket,"7,099",Check,TBD,,Map to GL 6100
05/15/25,Sales,Sales commission,Payroll,(548),cash,Alex - FP&A,posted,One-off item
17 Sep-25,Sales,Payroll - sales,Payroll,"(8,589)",Pos,M. Chen,accrual,Timing issue
2025-11-07,COGS,Materials,Home Depot,"6,609",Check,,manual adj,Map to GL 6100
02 Jul-25,Marketing,Google Ads,Google / LinkedIn,"(1,509)",Check,finance ops,accrual,Vendor invoice late
16-Dec-25,COGS,Materials,Electric house,"(6,630)",ERP,Alex - FP&A,manual adj,Map to GL 6100
04-Oct-25,Sales,CRM / RevOps tools,Salesforce / Outreach,"2,583",Check,TBD,Posted,Ask owner
2025-11-14,Mktg,Customer appr.,Amazon gift c.,"2,334",manual Entry,Andres,manual adj,
2025-04-08,R&D,Cloud hosting,AWS / Datadog,"6,359",Check,Erik,needs mapping,Ask owner
03/12/25,Marketing,Paid media,Google / LinkedIn,"4,880",Check,finance ops,Posted,One-off item
21-Jul-25,G&A,Accounting fees,Brandon,"2,358",Pos,M. Chen,Posted,
20 Jun-26,Revenue,Service,Corp. clients,"3,126",ERP,finance ops,needs mapping,Check sign
02/15/26,Services,Prof services,Implementation clients,945,Pos,Erik,,Ask owner
27 Oct-25,Sales,Sales commission,Payroll,"1,092",manual Entry,,needs mapping,Timing issue
2026-01-20,R&D,AI automation,n8n,"1,411",Pos,Erik,accrual,Vendor invoice late
08-May-25,Mktg,Events & webinars,Various,"6,685",manual Entry,,posted,Vendor invoice late
08 Jan-26,Marketing,Google Ads,Google / LinkedIn,"(9,927)",ERP,,needs mapping,
2025-10-26,Revenue,Service,Corp. clients,"5,278",ERP,Andres,Posted,Timing issue
12 Mar-26,Marketing,Google Ads,Google / LinkedIn,"1,752",ERP,finance ops,accrual,Vendor invoice late
2025-06-03,Sales,Payroll - sales,Payroll,(547),cash,Erik,needs mapping,Ask owner
10 Nov-25,R&D,AI automation,n8n,"2,698",manual Entry,TBD,late invoice,Vendor invoice late
22-Jul-25,Services,Prof services,Implementation clients,362,Pos,Alex - FP&A,late invoice,Map to GL 6100
2025-12-20,G&A,Accounting fees,Brandon,"1,789",cash,finance ops,,Map to GL 6100
29-Mar-26,G&A,Legal fees,Buchalter,"8,476",Pos,,late invoice,Ask owner
20 Mar-25,Revenue,Service,Retail Customer,"(3,575)",Pos,Andres,manual adj,Ask owner
2025-10-15,Revenue,Product sales,Retail Customer,"5,206",cash,finance ops,posted,Ask owner
02/12/25,Mktg,Customer appr.,Amazon gift c.,297,manual Entry,Andres,needs mapping,Check sign
13-Sep-25,Services,Prof services,Implementation clients,"(5,253)",Check,,Posted,One-off item
20 Oct-25,Services,Prof services,Implementation clients,"4,491",ERP,finance ops,posted,One-off item
2025-07-13,COGS,Payroll - eng,Payroll,"(2,574)",ERP,M. Chen,accrual,
04 Feb-26,Revenue,Revenue,Retail Customer,"9,390",ERP,TBD,Posted,Ask owner
22 Jan-26,Marketing,Events & webinars,Various,"1,920",cash,M. Chen,,Map to GL 6100
22 Oct-25,COGS,Materials,Walmart,"3,509",manual Entry,Andres,,Ask owner
15-Apr-26,Mktg,Events & webinars,Various,"1,891",Check,finance ops,late invoice,One-off item
2025-12-31,Mktg,Paid media,Google / LinkedIn,"5,153",cash,Alex - FP&A,Posted,
02/21/26,R&D,AI automation,n8n,"6,121",manual Entry,,Posted,
2025-10-15,Mktg,Events & webinars,Various,832,Check,TBD,,Ask owner
03/12/25,Revenue,Product sales,Retail Customer,"6,615",ERP,TBD,late invoice,Ask owner
2026-05-21,Marketing,Events & webinars,Various,"7,536",Check,M. Chen,manual adj,Check sign
2025-12-09,R&D,AI automation,n8n,"8,130",cash,M. Chen,manual adj,Map to GL 6100
2026-01-20,Services,Support tools,Zendesk / Gainsight,"4,341",Check,Alex - FP&A,late invoice,Timing issue
19-Apr-25,G&A,Legal fees,Europa Law firm,"2,756",ERP,M. Chen,,
28-Mar-25,G&A,Office rent,Landlord,"8,957",Pos,Erik,manual adj,Timing issue
21-Sep-25,G&A,Legal fees,Europa Law firm,265,Check,Erik,,Vendor invoice late
28-Mar-25,Services,Support tools,Zendesk / Gainsight,"1,239",Check,Erik,Posted,
2025-11-27,Mktg,Paid media,Google / LinkedIn,"5,601",Pos,TBD,manual adj,One-off item
25-Jan-26,Marketing,Paid media,Google / LinkedIn,"9,213",manual Entry,Alex - FP&A,Posted,Timing issue
03-Mar-25,Revenue,Product sales,Corp. clients,"6,679",Pos,,Posted,One-off item
2025-04-21,Marketing,Customer appr.,Gift hamper,"8,707",cash,Andres,needs mapping,Ask owner
06/01/26,G&A,Legal fees,Buchalter,"8,982",ERP,M. Chen,accrual,Check sign
20 Feb-26,Mktg,Paid media,Google / LinkedIn,"6,123",cash,finance ops,manual adj,
15-Mar-26,COGS,Cloud hosting,AWS / Datadog,259,Check,M. Chen,posted,One-off item
2025-01-14,Marketing,Events & webinars,Various,70,Pos,Erik,accrual,One-off item
13 Aug-25,COGS,Payroll - eng,Payroll,"3,832",cash,Andres,posted,Check sign
13-Sep-25,Revenue,Revenue,Corp. clients,"(4,646)",ERP,finance ops,late invoice,Ask owner
06/04/26,G&A,Office rent,Landlord,"2,331",manual Entry,,,Vendor invoice late
2026-06-11,R&D,Payroll - eng,Payroll,"1,637",Check,Erik,,One-off item
09/30/25,COGS,Payroll - eng,Payroll,"(9,455)",ERP,finance ops,accrual,One-off item
20-Mar-26,Marketing,Events & webinars,Various,"(8,893)",manual Entry,Erik,needs mapping,Ask owner
2025-06-24,Mktg,Events & webinars,Various,"9,207",cash,M. Chen,accrual,Check sign
02/07/25,G&A,Legal fees,Buchalter,"6,824",Check,,needs mapping,Check sign
2026-04-18,G&A,Accounting fees,Brandon,"2,034",Check,Andres,manual adj,Check sign
18 Aug-25,R&D,Cloud hosting,AWS / Datadog,"8,469",cash,M. Chen,accrual,Map to GL 6100
2026-01-17,Revenue,Revenue,Corp. clients,"7,862",manual Entry,M. Chen,accrual,
21 Dec-25,R&D,Cloud hosting,AWS / Datadog,"5,903",Check,finance ops,Posted,Map to GL 6100
07 Jul-25,Marketing,Paid media,Google / LinkedIn,"4,809",Check,Erik,posted,Vendor invoice late
21-Jul-25,Mktg,Paid media,Google / LinkedIn,"7,389",Pos,,accrual,Timing issue
01 Dec-25,Marketing,Customer appr.,Gift hamper,"3,673",cash,Alex - FP&A,Posted,Map to GL 6100
2025-10-01,COGS,Cloud hosting,AWS / Datadog,"5,407",ERP,finance ops,needs mapping,One-off item
18-Jun-26,Mktg,Customer appr.,Gift hamper,"(5,221)",ERP,finance ops,late invoice,Ask owner
12/07/25,R&D,AI automation,n8n,"3,541",Pos,finance ops,Posted,Map to GL 6100
06/26/25,Sales,Sales commission,Payroll,"4,084",cash,Andres,manual adj,Check sign
29-Jul-25,R&D,AI automation,n8n,(252),Check,Alex - FP&A,manual adj,Map to GL 6100
07 Mar-25,Services,Prof services,Implementation clients,"5,348",Pos,finance ops,accrual,Map to GL 6100
07/15/25,Services,Prof services,Implementation clients,"4,265",Check,Andres,accrual,
2025-11-23,Sales,Sales commission,Payroll,"6,806",Check,TBD,accrual,One-off item
06/01/26,R&D,Payroll - eng,Payroll,562,cash,,Posted,Timing issue
26 Feb-26,G&A,Legal fees,Buchalter,"7,669",cash,Andres,,Vendor invoice late
03-Jul-25,G&A,Office rent,Landlord,736,Check,Andres,accrual,Vendor invoice late
29 Oct-25,G&A,Office rent,Landlord,"4,453",ERP,M. Chen,needs mapping,Ask owner
04 Feb-26,R&D,Cloud hosting,AWS / Datadog,"1,698",Pos,,,Map to GL 6100
04/03/25,Services,Prof services,Implementation clients,"8,653",manual Entry,Erik,posted,Check sign
19 Apr-26,G&A,Accounting fees,Jason CPA,"9,872",cash,finance ops,,Ask owner
27-Jun-25,Marketing,Paid media,Google / LinkedIn,"9,307",ERP,Erik,,Check sign
03 May-25,G&A,Office rent,Landlord,"8,536",Check,TBD,Posted,Check sign
26-Jun-26,Services,Prof services,Implementation clients,"6,475",ERP,Andres,accrual,Ask owner
25-Dec-25,Sales,Sales commission,Payroll,"8,060",Pos,,,Ask owner
2025-12-18,COGS,Payroll - eng,Payroll,"9,129",manual Entry,Erik,manual adj,
07/12/26,Mktg,Customer appr.,Soccer Ticket,"3,732",Check,M. Chen,posted,One-off item
10/11/25,Mktg,Customer appr.,Soccer Ticket,"1,093",manual Entry,Alex - FP&A,needs mapping,Ask owner
10/31/25,G&A,Accounting fees,Jason CPA,"5,911",cash,,posted,Map to GL 6100
07 Jul-25,Sales,CRM / RevOps tools,Salesforce / Outreach,"3,137",cash,TBD,Posted,Ask owner
05/29/26,G&A,Legal fees,Buchalter,"1,097",Pos,M. Chen,manual adj,Vendor invoice late
02 Jul-25,G&A,Legal fees,Buchalter,"4,401",ERP,Erik,,One-off item
19 Feb-25,Mktg,Paid media,Google / LinkedIn,"9,375",cash,M. Chen,posted,
02/23/25,Mktg,Paid media,Google / LinkedIn,"(8,888)",ERP,Alex - FP&A,manual adj,Vendor invoice late
05-May-26,Marketing,Customer appr.,Soccer Ticket,"5,543",cash,Andres,,Timing issue
09/10/25,COGS,Materials,Home Depot,"3,016",Check,Alex - FP&A,accrual,Timing issue
09/19/25,Revenue,Service,Corp. clients,"9,452",cash,M. Chen,posted,Vendor invoice late
2026-04-18,Sales,CRM / RevOps tools,Salesforce / Outreach,"1,085",Pos,finance ops,accrual,Ask owner
24-Jul-25,Mktg,Customer appr.,Soccer Ticket,516,ERP,Alex - FP&A,manual adj,Vendor invoice late
2025-01-16,G&A,Legal fees,Buchalter,"5,617",manual Entry,Andres,posted,Vendor invoice late
02/15/26,Mktg,Customer appr.,Soccer Ticket,"8,402",cash,Erik,late invoice,
07/12/26,Marketing,Events & webinars,Various,"4,532",ERP,Alex - FP&A,needs mapping,Vendor invoice late
07/11/26,Marketing,Customer appr.,Amazon gift c.,"3,701",Pos,Andres,posted,Check sign
12/02/25,Mktg,Customer appr.,Amazon gift c.,"(2,688)",Check,TBD,manual adj,
06/11/25,Services,Support tools,Zendesk / Gainsight,"(9,783)",Check,Alex - FP&A,needs mapping,
27 Oct-25,Marketing,Events & webinars,Various,"7,380",Pos,finance ops,,Map to GL 6100
05/08/26,Marketing,Paid media,Google / LinkedIn,"1,861",Check,M. Chen,Posted,Vendor invoice late
2025-09-14,Revenue,Subscr. revenue,Corp. clients,"7,194",Check,M. Chen,Posted,Timing issue
04/25/26,Sales,CRM / RevOps tools,Salesforce / Outreach,"1,276",manual Entry,,,Timing issue
13 Jan-25,COGS,Cloud hosting,AWS / Datadog,615,Pos,M. Chen,posted,Vendor invoice late
2026-06-19,Marketing,Customer appr.,Soccer Ticket,147,cash,,needs mapping,Check sign
07/09/26,R&D,AI automation,n8n,"3,383",Check,Alex - FP&A,manual adj,Map to GL 6100
03/12/25,Marketing,Events & webinars,Various,"1,794",Pos,,Posted,Map to GL 6100
2025-09-16,R&D,AI automation,n8n,"7,993",manual Entry,M. Chen,late invoice,
05/13/26,Mktg,Customer appr.,Soccer Ticket,"2,714",manual Entry,finance ops,Posted,
08/05/25,Mktg,Customer appr.,Gift hamper,"6,016",Check,TBD,accrual,Ask owner
2025-09-07,Services,Prof services,Implementation clients,"9,994",Pos,M. Chen,late invoice,Timing issue
11/12/25,Marketing,Google Ads,Google / LinkedIn,"2,428",cash,Andres,manual adj,Map to GL 6100
30 May-26,Services,Support tools,Zendesk / Gainsight,"7,680",Check,Andres,accrual,Check sign
03/21/25,Mktg,Paid media,Google / LinkedIn,"(1,798)",Pos,Andres,late invoice,Ask owner
06 Jan-26,Sales,CRM / RevOps tools,Salesforce / Outreach,"6,143",manual Entry,Alex - FP&A,posted,Ask owner
27-Jan-25,COGS,Cloud hosting,AWS / Datadog,"8,894",ERP,Alex - FP&A,late invoice,
30-Jul-25,Services,Prof services,Implementation clients,280,ERP,M. Chen,late invoice,Timing issue
01/19/25,Marketing,Customer appr.,Gift hamper,"7,788",ERP,Alex - FP&A,needs mapping,Check sign
12-Apr-25,Revenue,Revenue,Corp. clients,"7,669",Pos,finance ops,accrual,One-off item
03/12/25,Sales,Sales commission,Payroll,83,manual Entry,finance ops,late invoice,One-off item
24 Jan-25,Services,Prof services,Implementation clients,"5,893",ERP,finance ops,late invoice,One-off item
13 Mar-25,R&D,AI automation,n8n,"9,541",Check,finance ops,posted,Ask owner
29-Jan-26,Sales,Sales commission,Payroll,"6,859",Pos,M. Chen,Posted,
16 Nov-25,R&D,Cloud hosting,AWS / Datadog,"5,710",Pos,TBD,posted,Timing issue
02 Apr-26,Services,Prof services,Implementation clients,618,cash,M. Chen,manual adj,
2025-12-18,Services,Prof services,Implementation clients,"2,842",manual Entry,finance ops,posted,Ask owner
11-Jan-26,COGS,Payroll - eng,Payroll,62,manual Entry,finance ops,manual adj,Vendor invoice late
2026-03-25,Revenue,Product sales,Corp. clients,"(5,231)",Check,Erik,needs mapping,Vendor invoice late
2025-01-16,Revenue,Product sales,Corp. clients,"1,165",Check,Alex - FP&A,posted,
2025-07-19,R&D,AI automation,n8n,"2,459",Check,TBD,needs mapping,
2025-12-18,Revenue,Subscr. revenue,Retail Customer,468,Check,Erik,posted,Map to GL 6100
15-Feb-25,Marketing,Google Ads,Google / LinkedIn,"6,124",Pos,TBD,manual adj,Map to GL 6100
2026-03-11,Marketing,Events & webinars,Various,"1,337",cash,,manual adj,One-off item
2026-06-08,Mktg,Paid media,Google / LinkedIn,"1,614",manual Entry,Alex - FP&A,Posted,One-off item
2025-04-02,COGS,Materials,Home Depot,"3,692",Check,,needs mapping,Vendor invoice late
2026-04-18,Mktg,Events & webinars,Various,"4,462",cash,,accrual,Vendor invoice late
24-Feb-26,Revenue,Product sales,Retail Customer,"9,876",Check,M. Chen,needs mapping,Timing issue
11-Jan-26,R&D,Payroll - eng,Payroll,"7,789",Check,Alex - FP&A,posted,One-off item
06/10/26,Marketing,Paid media,Google / LinkedIn,"1,665",manual Entry,Andres,manual adj,Timing issue
23-Mar-26,COGS,Cloud hosting,AWS / Datadog,"1,039",Pos,finance ops,manual adj,Ask owner
28-Mar-25,Revenue,Product sales,Retail Customer,"5,488",Check,TBD,Posted,
2026-03-08,Services,Support tools,Zendesk / Gainsight,"6,068",manual Entry,Erik,Posted,Ask owner
03 Feb-25,Mktg,Paid media,Google / LinkedIn,"(6,527)",ERP,,Posted,One-off item
22 Jan-26,Services,Prof services,Implementation clients,"9,591",manual Entry,Andres,posted,Timing issue
08-Nov-25,Sales,Payroll - sales,Payroll,"3,877",Check,M. Chen,,One-off item
20 Feb-26,Mktg,Paid media,Google / LinkedIn,"7,861",manual Entry,M. Chen,posted,
08/27/25,R&D,AI automation,n8n,"9,563",cash,TBD,posted,
2025-10-08,R&D,Cloud hosting,AWS / Datadog,"4,540",cash,finance ops,manual adj,One-off item
22 Mar-26,COGS,Cloud hosting,AWS / Datadog,"4,930",cash,Andres,posted,Ask owner
08 Jan-26,R&D,AI automation,n8n,"5,673",ERP,Alex - FP&A,accrual,Ask owner
01/02/26,Marketing,Google Ads,Google / LinkedIn,"4,688",manual Entry,M. Chen,late invoice,Timing issue
01/22/25,COGS,Payroll - eng,Payroll,"(9,022)",ERP,finance ops,accrual,Check sign
10 Mar-26,Services,Support tools,Zendesk / Gainsight,"1,212",Pos,M. Chen,,Vendor invoice late
17 May-25,Sales,Sales commission,Payroll,"2,109",cash,Alex - FP&A,,Vendor invoice late
2026-04-10,Services,Prof services,Implementation clients,"8,255",manual Entry,M. Chen,accrual,Check sign
2025-01-15,Revenue,Service,Retail Customer,"(3,080)",manual Entry,finance ops,,Check sign
01/19/26,Sales,Payroll - sales,Payroll,"9,335",manual Entry,,,Timing issue
10/11/25,R&D,Payroll - eng,Payroll,(542),cash,Alex - FP&A,manual adj,Vendor invoice late
25-Dec-25,Marketing,Google Ads,Google / LinkedIn,"2,409",cash,Erik,manual adj,Map to GL 6100
15-Apr-25,Services,Support tools,Zendesk / Gainsight,"2,998",manual Entry,,needs mapping,Timing issue
02-Mar-25,G&A,Office rent,Landlord,"8,766",cash,Erik,accrual,Timing issue
12 Jan-25,G&A,Accounting fees,Jason CPA,"3,911",Check,TBD,,Timing issue
14 Aug-25,G&A,Accounting fees,Brandon,"1,826",cash,Andres,accrual,Check sign
26 Feb-26,COGS,Payroll - eng,Payroll,"7,843",cash,Erik,accrual,Ask owner
03-Jul-25,Sales,CRM / RevOps tools,Salesforce / Outreach,152,ERP,Alex - FP&A,manual adj,Check sign
15-Mar-26,Sales,Payroll - sales,Payroll,"1,633",Check,finance ops,manual adj,One-off item
16 Nov-25,COGS,Materials,Johnsons Supply,"(2,059)",manual Entry,finance ops,,Timing issue
01 Dec-25,COGS,Cloud hosting,AWS / Datadog,"4,278",ERP,M. Chen,manual adj,Vendor invoice late
26 Sep-25,Revenue,Subscr. revenue,Retail Customer,"2,544",manual Entry,M. Chen,accrual,Check sign
01/02/26,Services,Prof services,Implementation clients,301,manual Entry,M. Chen,posted,Timing issue
17 May-25,COGS,Payroll - eng,Payroll,"4,864",cash,Andres,,Check sign
05/06/26,G&A,Legal fees,Buchalter,901,cash,,,Map to GL 6100
2025-11-14,Services,Support tools,Zendesk / Gainsight,"1,581",Check,Erik,accrual,Timing issue
09-Mar-25,Mktg,Events & webinars,Various,"(3,288)",ERP,,posted,Timing issue
2026-06-17,Mktg,Customer appr.,Soccer Ticket,"(2,461)",Check,Andres,late invoice,Vendor invoice late
03/30/26,Services,Support tools,Zendesk / Gainsight,"6,150",manual Entry,finance ops,accrual,Timing issue
12/07/25,COGS,Payroll - eng,Payroll,"2,816",cash,Andres,manual adj,Vendor invoice late
2026-03-11,Revenue,Revenue,Retail Customer,"1,796",Check,Alex - FP&A,late invoice,Ask owner
2025-08-20,COGS,Cloud hosting,AWS / Datadog,"2,713",Pos,finance ops,posted,
21 Dec-25,Mktg,Paid media,Google / LinkedIn,"(1,210)",Pos,Andres,manual adj,Timing issue
04-May-26,COGS,Cloud hosting,AWS / Datadog,866,Pos,TBD,late invoice,Map to GL 6100
2025-12-18,COGS,Payroll - eng,Payroll,"6,022",Check,M. Chen,Posted,
29-Jul-25,Services,Prof services,Implementation clients,"2,960",manual Entry,Erik,accrual,One-off item
06/10/26,Services,Prof services,Implementation clients,"2,833",manual Entry,,needs mapping,Ask owner
07/15/25,Mktg,Events & webinars,Various,"7,890",Check,Erik,needs mapping,Timing issue
2025-12-30,COGS,Payroll - eng,Payroll,"(7,859)",Check,Alex - FP&A,accrual,One-off item
07 Jul-25,Marketing,Customer appr.,Gift hamper,"(3,642)",cash,M. Chen,late invoice,Map to GL 6100
17 May-25,R&D,Payroll - eng,Payroll,"5,804",cash,Erik,Posted,Map to GL 6100
23-Feb-26,Services,Support tools,Zendesk / Gainsight,720,manual Entry,TBD,late invoice,Timing issue
05/04/25,Services,Support tools,Zendesk / Gainsight,"(9,225)",Check,finance ops,,Map to GL 6100
18 Jan-25,Revenue,Subscr. revenue,Corp. clients,"9,546",ERP,Alex - FP&A,manual adj,Check sign
13 Aug-25,Marketing,Customer appr.,Soccer Ticket,"4,987",Check,M. Chen,late invoice,Check sign
29-Jul-25,Revenue,Service,Retail Customer,"6,096",ERP,M. Chen,,Timing issue
2025-03-19,Mktg,Events & webinars,Various,"6,765",ERP,TBD,needs mapping,Ask owner
07/09/26,Services,Support tools,Zendesk / Gainsight,"8,002",ERP,finance ops,needs mapping,One-off item
18 May-26,Services,Support tools,Zendesk / Gainsight,"(8,060)",manual Entry,TBD,needs mapping,Timing issue
06/04/26,G&A,Accounting fees,Jason CPA,"8,845",Check,Erik,,Check sign
07-Mar-26,R&D,AI automation,n8n,"3,429",cash,Alex - FP&A,late invoice,
2025-07-06,R&D,AI automation,n8n,"5,023",manual Entry,finance ops,,One-off item
09-Sep-25,Services,Support tools,Zendesk / Gainsight,"6,947",Pos,Erik,posted,Map to GL 6100
03/31/26,Revenue,Subscr. revenue,Corp. clients,"6,333",Check,Erik,Posted,Timing issue
16-Dec-25,Marketing,Events & webinars,Various,"3,473",manual Entry,M. Chen,,Map to GL 6100
01-Apr-25,Revenue,Product sales,Corp. clients,"7,594",Check,finance ops,,Ask owner
12/02/25,Services,Prof services,Implementation clients,"6,649",ERP,,manual adj,
2025-11-19,R&D,Payroll - eng,Payroll,(959),cash,finance ops,late invoice,One-off item
02-Mar-25,Services,Prof services,Implementation clients,"(5,076)",Pos,Andres,accrual,
31 May-26,Sales,Sales commission,Payroll,"(4,272)",cash,finance ops,accrual,
27 Mar-25,Mktg,Paid media,Google / LinkedIn,"8,153",cash,Alex - FP&A,late invoice,Check sign
20-Mar-26,Services,Prof services,Implementation clients,"3,999",ERP,finance ops,accrual,
25 Feb-25,Services,Support tools,Zendesk / Gainsight,"7,551",Pos,Andres,accrual,Ask owner
2025-10-26,Sales,CRM / RevOps tools,Salesforce / Outreach,"5,474",cash,Alex - FP&A,late invoice,Timing issue
04-May-26,Sales,Payroll - sales,Payroll,"4,106",Pos,Erik,late invoice,Map to GL 6100
15-Sep-25,G&A,Office rent,Landlord,"1,509",ERP,Andres,late invoice,Ask owner
06/13/26,R&D,Payroll - eng,Payroll,"2,116",ERP,M. Chen,accrual,
2026-06-19,COGS,Cloud hosting,AWS / Datadog,"6,367",manual Entry,Alex - FP&A,posted,Vendor invoice late
02/01/26,Sales,Sales commission,Payroll,689,manual Entry,Erik,Posted,Vendor invoice late
08-Nov-25,COGS,Cloud hosting,AWS / Datadog,"7,740",Check,Erik,late invoice,Check sign
12-Apr-25,Revenue,Product sales,Corp. clients,454,cash,Erik,posted,Check sign
2025-05-13,COGS,Cloud hosting,AWS / Datadog,"3,758",manual Entry,Andres,,Timing issue
15-Sep-25,R&D,AI automation,n8n,"(7,192)",manual Entry,,Posted,
16-Jan-26,R&D,Cloud hosting,AWS / Datadog,"6,385",Pos,,needs mapping,Ask owner
2025-06-14,Sales,Sales commission,Payroll,"2,119",Check,,needs mapping,Timing issue
07/15/25,Revenue,Subscr. revenue,Retail Customer,"1,978",cash,,posted,Timing issue
23-Mar-25,R&D,Payroll - eng,Payroll,"2,819",manual Entry,finance ops,,One-off item
05/22/26,R&D,AI automation,n8n,"1,356",manual Entry,,Posted,Timing issue
13 Aug-25,Sales,Payroll - sales,Payroll,"2,104",ERP,TBD,manual adj,One-off item
2026-05-21,R&D,Payroll - eng,Payroll,"4,144",ERP,,manual adj,Ask owner
03/30/26,Services,Support tools,Zendesk / Gainsight,"5,117",manual Entry,,late invoice,Vendor invoice late
04/20/25,R&D,Payroll - eng,Payroll,"5,872",ERP,,accrual,Map to GL 6100
10/11/25,G&A,Office rent,Landlord,"1,643",ERP,Andres,late invoice,Check sign
05/14/25,Mktg,Paid media,Google / LinkedIn,"6,247",manual Entry,Alex - FP&A,late invoice,Vendor invoice late
2025-07-12,G&A,Legal fees,Buchalter,511,ERP,M. Chen,posted,Vendor invoice late
22 Apr-25,Mktg,Events & webinars,Various,"8,163",cash,,posted,Ask owner
10 Feb-26,G&A,Accounting fees,Jason CPA,"6,418",Pos,M. Chen,posted,Check sign
2026-06-19,COGS,Cloud hosting,AWS / Datadog,"4,172",manual Entry,Alex - FP&A,accrual,Ask owner
01/22/25,COGS,Materials,Johnsons Supply,"(5,295)",ERP,,Posted,One-off item
20 Jun-26,G&A,Accounting fees,Jason CPA,"7,780",manual Entry,TBD,accrual,One-off item
21-Apr-26,Marketing,Customer appr.,Amazon gift c.,"7,655",ERP,finance ops,Posted,Vendor invoice late
04 Feb-26,Services,Prof services,Implementation clients,"7,229",Check,M. Chen,late invoice,
21-Feb-25,R&D,Payroll - eng,Payroll,"6,108",cash,Alex - FP&A,posted,One-off item
2025-07-06,R&D,AI automation,n8n,"8,335",ERP,TBD,manual adj,One-off item
20-Mar-26,Sales,Payroll - sales,Payroll,"6,124",cash,,Posted,Timing issue
09-Sep-25,Sales,Payroll - sales,Payroll,"1,712",Check,TBD,,Map to GL 6100
01/24/26,Marketing,Events & webinars,Various,"6,513",Check,,Posted,Map to GL 6100
2026-05-01,Mktg,Paid media,Google / LinkedIn,"4,171",Pos,Erik,Posted,Vendor invoice late
05/13/26,COGS,Cloud hosting,AWS / Datadog,"5,708",ERP,finance ops,needs mapping,Timing issue
09-Sep-25,COGS,Cloud hosting,AWS / Datadog,"7,581",cash,TBD,late invoice,One-off item
06 Oct-25,Revenue,Subscr. revenue,Retail Customer,"(4,636)",Check,Andres,manual adj,Check sign
2026-05-01,COGS,Cloud hosting,AWS / Datadog,"3,826",Pos,Andres,manual adj,Map to GL 6100
21-Jun-26,Sales,Sales commission,Payroll,"1,812",ERP,Andres,posted,Timing issue
2025-11-30,Revenue,Service,Corp. clients,"(8,715)",ERP,TBD,late invoice,Vendor invoice late
19-Apr-25,R&D,AI automation,n8n,"2,592",Check,Andres,needs mapping,Vendor invoice late
2025-10-15,COGS,Payroll - eng,Payroll,"6,895",Pos,finance ops,late invoice,Check sign
08-Sep-25,Marketing,Google Ads,Google / LinkedIn,"8,430",ERP,Andres,Posted,Timing issue
18 Aug-25,Mktg,Paid media,Google / LinkedIn,"3,618",Check,finance ops,late invoice,
05/13/26,Mktg,Customer appr.,Gift hamper,"3,943",Check,Erik,manual adj,Timing issue
05/14/25,Sales,Payroll - sales,Payroll,"9,605",cash,,Posted,
03/31/26,Marketing,Paid media,Google / LinkedIn,"3,529",manual Entry,M. Chen,,Check sign
06 Oct-25,Marketing,Paid media,Google / LinkedIn,693,Pos,Erik,posted,Ask owner
23-Sep-25,Services,Prof services,Implementation clients,"7,088",ERP,,manual adj,Ask owner
2025-12-20,Revenue,Product sales,Corp. clients,"8,083",Pos,,posted,One-off item
2026-06-16,G&A,Office rent,Landlord,"(3,443)",cash,Andres,accrual,Check sign
05/15/25,COGS,Payroll - eng,Payroll,"9,283",cash,Erik,manual adj,
09/10/25,G&A,Legal fees,Buchalter,"6,332",Check,M. Chen,manual adj,One-off item
06/15/26,Mktg,Paid media,Google / LinkedIn,"(5,299)",Pos,finance ops,Posted,Vendor invoice late
2025-08-29,COGS,Cloud hosting,AWS / Datadog,(226),Check,finance ops,needs mapping,Check sign
22 Apr-25,Marketing,Google Ads,Google / LinkedIn,"3,646",cash,Alex - FP&A,late invoice,Vendor invoice late
2025-01-15,Mktg,Events & webinars,Various,"6,464",manual Entry,Erik,manual adj,Check sign
09/19/25,Sales,CRM / RevOps tools,Salesforce / Outreach,"6,667",ERP,Alex - FP&A,posted,Timing issue
16-Jan-26,G&A,Office rent,Landlord,"1,076",manual Entry,Erik,late invoice,Vendor invoice late
2025-11-07,Sales,Sales commission,Payroll,"4,998",ERP,Andres,,
16-Dec-25,G&A,Office rent,Landlord,324,Check,finance ops,manual adj,Map to GL 6100
2026-05-07,Services,Prof services,Implementation clients,"7,236",Pos,finance ops,posted,One-off item
27-Jan-25,R&D,Payroll - eng,Payroll,"1,122",Check,,late invoice,Ask owner
27-Jun-25,Sales,Sales commission,Payroll,"4,143",Check,Andres,manual adj,Vendor invoice late
01/05/25,Sales,Payroll - sales,Payroll,"1,982",manual Entry,,late invoice,Check sign
12-Apr-25,COGS,Payroll - eng,Payroll,"6,470",cash,Alex - FP&A,Posted,Map to GL 6100
23 Jun-26,Revenue,Product sales,Corp. clients,(686),manual Entry,Alex - FP&A,accrual,Vendor invoice late
04/27/25,Revenue,Revenue,Corp. clients,"8,198",manual Entry,M. Chen,accrual,Map to GL 6100
2026-04-18,Revenue,Revenue,Corp. clients,"4,111",Check,,Posted,Ask owner
07/11/26,Revenue,Revenue,Retail Customer,"7,759",Check,Andres,posted,Map to GL 6100
30-Jul-25,R&D,Cloud hosting,AWS / Datadog,"4,266",Check,TBD,late invoice,Map to GL 6100
02-Oct-25,G&A,Legal fees,Europa Law firm,"5,694",Pos,Alex - FP&A,Posted,Timing issue
2025-06-22,Revenue,Product sales,Corp. clients,"8,345",Check,Erik,accrual,Timing issue
11-Mar-25,Mktg,Paid media,Google / LinkedIn,"1,821",cash,Andres,Posted,
2025-01-16,COGS,Materials,Johnsons Supply,"3,675",Pos,Andres,Posted,Timing issue
19 Mar-26,Sales,Payroll - sales,Payroll,"8,194",cash,Andres,,One-off item
2025-01-14,Mktg,Events & webinars,Various,"7,337",cash,,accrual,Ask owner
17 May-25,R&D,AI automation,n8n,"9,558",ERP,TBD,Posted,Vendor invoice late
02-Mar-25,G&A,Legal fees,Europa Law firm,"4,674",ERP,M. Chen,manual adj,Ask owner
22 Apr-25,Marketing,Paid media,Google / LinkedIn,(80),ERP,finance ops,late invoice,Ask owner
07-Aug-25,COGS,Cloud hosting,AWS / Datadog,"8,156",manual Entry,M. Chen,posted,Check sign
09/10/25,Services,Prof services,Implementation clients,"1,846",ERP,Alex - FP&A,,Vendor invoice late
19 Apr-26,G&A,Legal fees,Europa Law firm,"4,008",Pos,TBD,needs mapping,Vendor invoice late
2025-06-29,Sales,Sales commission,Payroll,"9,559",Pos,TBD,late invoice,Check sign
03 Feb-25,R&D,Cloud hosting,AWS / Datadog,"(7,687)",Check,,Posted,One-off item
22 Mar-26,G&A,Office rent,Landlord,"9,791",cash,Andres,posted,Map to GL 6100
13 Aug-25,Revenue,Subscr. revenue,Corp. clients,"2,094",Pos,TBD,needs mapping,Map to GL 6100
02/10/25,Services,Support tools,Zendesk / Gainsight,"3,900",manual Entry,finance ops,needs mapping,
12 Mar-26,G&A,Accounting fees,Jason CPA,"1,324",Pos,finance ops,needs mapping,Vendor invoice late
01/05/25,Sales,Sales commission,Payroll,"2,167",cash,finance ops,posted,Vendor invoice late
02/27/25,G&A,Accounting fees,Jason CPA,"8,933",manual Entry,,late invoice,
10/05/25,R&D,AI automation,n8n,"(7,553)",cash,Erik,accrual,Ask owner
2026-03-08,Sales,Payroll - sales,Payroll,"4,845",manual Entry,Erik,posted,One-off item
07 Oct-25,G&A,Accounting fees,Brandon,"2,418",cash,Andres,,
01/27/26,G&A,Legal fees,Europa Law firm,"3,123",ERP,TBD,,
30-Jul-25,Revenue,Service,Retail Customer,"9,872",manual Entry,Erik,late invoice,Timing issue
07-Aug-25,Marketing,Customer appr.,Gift hamper,"9,645",Check,TBD,late invoice,Timing issue
18-Mar-26,G&A,Office rent,Landlord,"(8,169)",Check,finance ops,late invoice,
04/17/25,COGS,Materials,Walmart,"9,814",cash,Andres,Posted,Ask owner
05/29/25,Revenue,Product sales,Corp. clients,"9,548",cash,Erik,Posted,Map to GL 6100
08/28/25,Marketing,Customer appr.,Amazon gift c.,"1,614",Pos,TBD,Posted,Map to GL 6100
10 Oct-25,Mktg,Events & webinars,Various,"6,637",Check,,manual adj,Timing issue
2025-09-07,Mktg,Customer appr.,Amazon gift c.,"8,246",ERP,finance ops,manual adj,
2025-07-18,R&D,AI automation,n8n,"(6,510)",manual Entry,,late invoice,Timing issue
01-Mar-25,R&D,Cloud hosting,AWS / Datadog,"9,087",Pos,M. Chen,manual adj,One-off item
16 Nov-25,Services,Support tools,Zendesk / Gainsight,"4,527",manual Entry,Erik,accrual,Timing issue
04/27/25,Sales,CRM / RevOps tools,Salesforce / Outreach,348,ERP,finance ops,late invoice,Map to GL 6100
02-Mar-25,R&D,AI automation,n8n,"7,174",Pos,Andres,late invoice,Map to GL 6100
03 Mar-26,G&A,Office rent,Landlord,"2,175",Pos,Alex - FP&A,needs mapping,Map to GL 6100
13 Aug-25,G&A,Office rent,Landlord,"7,755",Pos,M. Chen,late invoice,Timing issue
03/12/25,Services,Prof services,Implementation clients,"5,086",cash,M. Chen,Posted,Map to GL 6100
2025-03-19,Services,Support tools,Zendesk / Gainsight,"(5,039)",cash,M. Chen,manual adj,Map to GL 6100
2025-10-15,R&D,Payroll - eng,Payroll,"7,139",Check,finance ops,needs mapping,Timing issue
16-Dec-25,Revenue,Service,Retail Customer,"9,121",ERP,,accrual,
07/12/26,Mktg,Events & webinars,Various,"(8,365)",manual Entry,Erik,accrual,
28-Jul-25,R&D,Cloud hosting,AWS / Datadog,"5,228",cash,Erik,,Ask owner
03 Apr-26,R&D,AI automation,n8n,"1,642",manual Entry,M. Chen,needs mapping,One-off item
13-Sep-25,Marketing,Customer appr.,Soccer Ticket,"3,542",manual Entry,Erik,Posted,Vendor invoice late
20-Mar-26,COGS,Cloud hosting,AWS / Datadog,(318),Check,Andres,Posted,Timing issue
04 Sep-25,Sales,Sales commission,Payroll,"3,046",ERP,,needs mapping,Vendor invoice late
03/10/25,Marketing,Paid media,Google / LinkedIn,"3,977",ERP,finance ops,accrual,Timing issue
10 Dec-25,R&D,Cloud hosting,AWS / Datadog,"3,388",manual Entry,finance ops,posted,Ask owner
2025-06-18,Revenue,Product sales,Corp. clients,"2,116",Pos,M. Chen,Posted,Check sign
2025-08-16,Sales,CRM / RevOps tools,Salesforce / Outreach,"3,565",Pos,finance ops,needs mapping,Timing issue
15-Apr-25,Mktg,Customer appr.,Gift hamper,"3,521",ERP,Andres,posted,Check sign
29 Oct-25,COGS,Payroll - eng,Payroll,45,manual Entry,M. Chen,late invoice,Ask owner
01 Apr-26,COGS,Payroll - eng,Payroll,"(8,371)",manual Entry,Erik,late invoice,One-off item
08/28/25,Marketing,Events & webinars,Various,"1,241",manual Entry,TBD,,Map to GL 6100
27 May-25,Services,Support tools,Zendesk / Gainsight,"5,934",Pos,Andres,,Map to GL 6100
09/19/25,COGS,Cloud hosting,AWS / Datadog,"(9,262)",Check,Andres,needs mapping,Timing issue
06/01/26,R&D,Payroll - eng,Payroll,196,Pos,Alex - FP&A,Posted,
2025-05-13,Marketing,Customer appr.,Soccer Ticket,"3,498",manual Entry,finance ops,manual adj,Ask owner
06/13/26,Marketing,Customer appr.,Gift hamper,"4,628",ERP,,posted,Timing issue
07/09/26,Mktg,Paid media,Google / LinkedIn,"1,180",Check,TBD,needs mapping,
24-Jul-25,COGS,Payroll - eng,Payroll,923,ERP,Andres,posted,One-off item
09-Sep-25,Marketing,Google Ads,Google / LinkedIn,"1,382",Check,TBD,manual adj,Timing issue
25 Oct-25,Marketing,Events & webinars,Various,"7,443",ERP,Alex - FP&A,Posted,Timing issue
2025-09-14,Marketing,Customer appr.,Soccer Ticket,"(3,281)",Check,Andres,,Vendor invoice late
26-Dec-25,G&A,Office rent,Landlord,"8,965",cash,M. Chen,needs mapping,One-off item
09 Apr-26,Revenue,Revenue,Corp. clients,"9,252",Pos,finance ops,,Timing issue
10/31/25,Sales,Payroll - sales,Payroll,"7,939",Check,Alex - FP&A,accrual,Map to GL 6100
2026-03-11,Services,Support tools,Zendesk / Gainsight,"3,663",cash,,manual adj,Vendor invoice late
22 Apr-25,Mktg,Events & webinars,Various,918,manual Entry,Erik,posted,Ask owner
18-Jun-26,G&A,Accounting fees,Jason CPA,"9,049",ERP,Andres,,Ask owner
08-May-25,R&D,Cloud hosting,AWS / Datadog,"3,071",Check,finance ops,needs mapping,Vendor invoice late
18-Mar-26,Marketing,Customer appr.,Gift hamper,"8,084",cash,Alex - FP&A,posted,One-off item
20 Feb-26,R&D,Payroll - eng,Payroll,"3,238",ERP,finance ops,Posted,One-off item
12/13/25,Mktg,Paid media,Google / LinkedIn,"1,236",cash,Alex - FP&A,accrual,One-off item
08/05/25,G&A,Legal fees,Europa Law firm,"8,037",cash,,accrual,Check sign
03 Mar-26,Mktg,Events & webinars,Various,"5,440",manual Entry,,Posted,One-off item
2025-11-19,Mktg,Events & webinars,Various,"(1,474)",cash,,needs mapping,One-off item
2025-05-22,Revenue,Revenue,Retail Customer,"4,275",ERP,Erik,needs mapping,Ask owner
15-Sep-25,R&D,Cloud hosting,AWS / Datadog,(878),Check,Erik,needs mapping,
22-Apr-26,Sales,Sales commission,Payroll,"(1,560)",ERP,,late invoice,Map to GL 6100
05/29/25,Services,Support tools,Zendesk / Gainsight,582,Pos,M. Chen,posted,Ask owner
10 Dec-25,Mktg,Paid media,Google / LinkedIn,"8,606",Pos,Andres,needs mapping,Check sign
2026-07-02,Mktg,Paid media,Google / LinkedIn,"4,523",Check,M. Chen,needs mapping,
08/05/25,Mktg,Paid media,Google / LinkedIn,"5,484",Check,,accrual,
05/15/25,COGS,Payroll - eng,Payroll,"3,093",ERP,Erik,late invoice,Timing issue
31-Mar-25,COGS,Cloud hosting,AWS / Datadog,"(6,150)",cash,TBD,posted,Map to GL 6100
04 Jul-25,R&D,Cloud hosting,AWS / Datadog,546,manual Entry,Andres,late invoice,
10 May-26,Marketing,Google Ads,Google / LinkedIn,"2,990",ERP,Alex - FP&A,needs mapping,Check sign
20-Mar-26,G&A,Office rent,Landlord,"1,315",cash,M. Chen,posted,Check sign
03 Jan-26,Marketing,Customer appr.,Soccer Ticket,"(9,984)",manual Entry,TBD,accrual,Map to GL 6100
19 Mar-26,Mktg,Customer appr.,Amazon gift c.,"(2,874)",manual Entry,,Posted,One-off item
10/17/25,Mktg,Customer appr.,Soccer Ticket,"1,724",manual Entry,Alex - FP&A,manual adj,Vendor invoice late
29-Jan-26,Revenue,Service,Retail Customer,"7,618",ERP,Erik,late invoice,Ask owner
29 Oct-25,Marketing,Events & webinars,Various,(539),Pos,M. Chen,manual adj,One-off item
21-Apr-26,Marketing,Events & webinars,Various,"(9,423)",Check,,accrual,Vendor invoice late
03/25/25,Revenue,Subscr. revenue,Retail Customer,"(7,574)",Pos,Andres,Posted,Vendor invoice late
22-Jul-25,Mktg,Events & webinars,Various,"1,739",manual Entry,Erik,late invoice,Ask owner
05/22/26,Sales,Payroll - sales,Payroll,"1,302",ERP,Andres,late invoice,Map to GL 6100
05-Apr-26,Revenue,Subscr. revenue,Corp. clients,"(3,853)",Check,Andres,Posted,Timing issue
28 Jun-26,Services,Prof services,Implementation clients,"3,401",Pos,Andres,manual adj,Map to GL 6100
06 Jan-26,Marketing,Paid media,Google / LinkedIn,"8,970",Check,,accrual,Timing issue
2025-12-04,COGS,Payroll - eng,Payroll,589,Check,Alex - FP&A,posted,Check sign
2025-08-20,Sales,Sales commission,Payroll,643,cash,TBD,needs mapping,Check sign
2025-11-18,Revenue,Service,Retail Customer,"4,389",Check,Erik,manual adj,One-off item
10 Oct-25,Mktg,Paid media,Google / LinkedIn,"(1,695)",manual Entry,Erik,needs mapping,
26 Sep-25,Services,Prof services,Implementation clients,"(5,131)",Check,finance ops,manual adj,Map to GL 6100
07/11/26,COGS,Materials,Electric house,"6,322",cash,Alex - FP&A,late invoice,One-off item
29-Mar-26,Revenue,Subscr. revenue,Retail Customer,"6,854",manual Entry,finance ops,needs mapping,Timing issue
29 Oct-25,Revenue,Revenue,Retail Customer,"4,971",manual Entry,Andres,late invoice,Ask owner
09-Jul-25,Services,Prof services,Implementation clients,"4,614",cash,M. Chen,needs mapping,Timing issue
2025-12-04,Sales,Payroll - sales,Payroll,"4,312",cash,finance ops,,Ask owner
01 Jan-26,R&D,Cloud hosting,AWS / Datadog,(325),Pos,Alex - FP&A,late invoice,Vendor invoice late
2025-02-14,Services,Prof services,Implementation clients,"1,730",manual Entry,Alex - FP&A,posted,One-off item
06/10/26,Services,Prof services,Implementation clients,"(9,736)",Pos,finance ops,posted,Check sign
19 Jun-25,Revenue,Service,Corp. clients,"1,173",manual Entry,Andres,accrual,Check sign
05/21/25,Revenue,Subscr. revenue,Corp. clients,"1,258",Check,M. Chen,manual adj,Check sign
02 Apr-26,Services,Prof services,Implementation clients,"5,529",Check,TBD,late invoice,Check sign
2026-06-08,Mktg,Paid media,Google / LinkedIn,"2,234",ERP,,manual adj,One-off item
09/12/25,G&A,Legal fees,Buchalter,"9,455",ERP,Andres,late invoice,Check sign
05/25/25,Services,Support tools,Zendesk / Gainsight,(155),cash,M. Chen,,Vendor invoice late
2025-12-14,Revenue,Subscr. revenue,Retail Customer,"9,807",ERP,Erik,needs mapping,
2025-11-27,G&A,Accounting fees,Jason CPA,"4,559",ERP,Alex - FP&A,manual adj,Timing issue
2025-10-15,Revenue,Product sales,Corp. clients,"9,358",manual Entry,,Posted,One-off item
05/13/26,Services,Prof services,Implementation clients,"6,591",ERP,Alex - FP&A,,Timing issue
05/15/25,Revenue,Revenue,Corp. clients,"(8,287)",cash,M. Chen,needs mapping,Check sign
2025-06-18,R&D,AI automation,n8n,"5,328",Pos,TBD,late invoice,Ask owner
29 Oct-25,Marketing,Paid media,Google / LinkedIn,863,manual Entry,,accrual,Vendor invoice late
25-May-26,G&A,Accounting fees,Jason CPA,"2,084",Check,finance ops,,Vendor invoice late
2025-12-31,G&A,Office rent,Landlord,566,ERP,M. Chen,late invoice,Vendor invoice late
06/13/26,G&A,Legal fees,Buchalter,"2,785",Check,M. Chen,manual adj,One-off item
02/15/26,R&D,Cloud hosting,AWS / Datadog,"1,770",Check,Alex - FP&A,posted,Vendor invoice late
01/19/25,COGS,Materials,Walmart,"3,959",Check,Alex - FP&A,,
13 Nov-25,Mktg,Customer appr.,Amazon gift c.,"9,169",cash,M. Chen,manual adj,Map to GL 6100
08-Sep-25,Services,Prof services,Implementation clients,"(7,263)",ERP,Alex - FP&A,manual adj,Vendor invoice late
2025-10-08,Mktg,Customer appr.,Amazon gift c.,"1,210",Pos,Erik,posted,Vendor invoice late
2025-08-19,Sales,Sales commission,Payroll,"4,939",Check,Erik,late invoice,Check sign
08-Nov-25,COGS,Cloud hosting,AWS / Datadog,"8,199",manual Entry,TBD,accrual,Ask owner
12/07/25,Services,Prof services,Implementation clients,"6,505",manual Entry,TBD,manual adj,Ask owner
08-Dec-25,Revenue,Revenue,Retail Customer,"(7,702)",Check,M. Chen,needs mapping,One-off item
2025-05-13,G&A,Accounting fees,Jason CPA,"8,918",manual Entry,TBD,,
02-Mar-25,R&D,Payroll - eng,Payroll,(185),cash,finance ops,,Ask owner
18 Jan-26,Revenue,Service,Retail Customer,"4,058",Check,M. Chen,needs mapping,Ask owner
01-Apr-25,Services,Support tools,Zendesk / Gainsight,"8,688",cash,Erik,accrual,Timing issue
09-Mar-25,COGS,Payroll - eng,Payroll,"3,982",manual Entry,,late invoice,Ask owner
06/10/26,Services,Support tools,Zendesk / Gainsight,"6,560",cash,finance ops,manual adj,Ask owner
04/17/25,COGS,Cloud hosting,AWS / Datadog,456,manual Entry,TBD,needs mapping,Timing issue
2026-01-04,Services,Support tools,Zendesk / Gainsight,"8,312",Pos,Andres,posted,Timing issue
25 Feb-25,COGS,Payroll - eng,Payroll,"3,815",Pos,TBD,,One-off item
01/19/25,G&A,Legal fees,Buchalter,"(9,123)",Pos,,Posted,One-off item
2025-12-14,R&D,AI automation,n8n,"3,880",manual Entry,M. Chen,,Timing issue
22 Mar-26,Marketing,Paid media,Google / LinkedIn,"9,008",Pos,,Posted,One-off item
2026-06-17,Marketing,Customer appr.,Amazon gift c.,"2,255",cash,TBD,accrual,Vendor invoice late
22 Apr-25,Marketing,Paid media,Google / LinkedIn,(199),cash,,manual adj,Timing issue
06-Jun-26,COGS,Payroll - eng,Payroll,"(4,157)",Check,M. Chen,late invoice,Map to GL 6100
2025-05-22,R&D,Payroll - eng,Payroll,"2,061",manual Entry,finance ops,accrual,Timing issue
2025-06-18,Sales,CRM / RevOps tools,Salesforce / Outreach,"8,177",ERP,finance ops,late invoice,Timing issue
09 Nov-25,COGS,Payroll - eng,Payroll,"5,458",cash,M. Chen,posted,Ask owner
25-Jun-26,Sales,Sales commission,Payroll,"1,124",Pos,Alex - FP&A,needs mapping,Vendor invoice late
09-Sep-25,Revenue,Product sales,Retail Customer,"7,305",manual Entry,Andres,Posted,Map to GL 6100
2025-01-16,Services,Support tools,Zendesk / Gainsight,"2,811",manual Entry,Erik,late invoice,
2025-01-23,Mktg,Customer appr.,Gift hamper,"(9,253)",Pos,Alex - FP&A,late invoice,Ask owner
26-Feb-25,Mktg,Paid media,Google / LinkedIn,"3,659",Pos,,needs mapping,Vendor invoice late
05/03/26,G&A,Legal fees,Buchalter,"1,133",Check,Erik,posted,Map to GL 6100
22 Apr-25,Revenue,Subscr. revenue,Retail Customer,"3,664",Pos,Erik,Posted,Map to GL 6100
2025-08-20,Sales,CRM / RevOps tools,Salesforce / Outreach,"8,812",ERP,Alex - FP&A,Posted,Vendor invoice late
21 Dec-25,R&D,AI automation,n8n,"4,823",ERP,,late invoice,Ask owner
01/02/26,COGS,Payroll - eng,Payroll,"(6,931)",Pos,Alex - FP&A,posted,Vendor invoice late
2026-03-05,Revenue,Service,Corp. clients,"6,519",ERP,finance ops,,One-off item
2025-06-14,G&A,Legal fees,Buchalter,"2,530",ERP,,,Check sign
03/10/25,Marketing,Paid media,Google / LinkedIn,"8,500",ERP,Andres,manual adj,
2025-06-14,Services,Support tools,Zendesk / Gainsight,"9,480",ERP,finance ops,accrual,
06/23/25,COGS,Materials,Electric house,"9,332",Check,finance ops,Posted,Ask owner
07/15/25,Mktg,Events & webinars,Various,"4,437",cash,Alex - FP&A,manual adj,Vendor invoice late
10 Mar-26,R&D,Cloud hosting,AWS / Datadog,(866),Pos,Andres,Posted,Timing issue
09 Nov-25,Mktg,Events & webinars,Various,"9,051",cash,TBD,,Check sign
16-Jan-26,Sales,Payroll - sales,Payroll,417,ERP,Alex - FP&A,late invoice,One-off item
2026-06-11,R&D,AI automation,n8n,"3,211",cash,Andres,accrual,One-off item
05-May-25,Mktg,Events & webinars,Various,"8,322",manual Entry,finance ops,,One-off item
12 May-25,Services,Prof services,Implementation clients,388,Pos,Erik,Posted,Ask owner
2025-08-08,Revenue,Revenue,Retail Customer,"(4,722)",cash,finance ops,posted,Check sign
03 Jul-26,Sales,CRM / RevOps tools,Salesforce / Outreach,"7,450",manual Entry,,Posted,Timing issue
25 Oct-25,Sales,CRM / RevOps tools,Salesforce / Outreach,694,cash,Andres,accrual,Vendor invoice late
10/05/25,COGS,Materials,Walmart,"6,935",manual Entry,TBD,accrual,Timing issue
2025-02-04,Sales,Payroll - sales,Payroll,"2,711",cash,Alex - FP&A,Posted,One-off item
25-May-26,Services,Support tools,Zendesk / Gainsight,"4,711",cash,TBD,posted,Ask owner
25-Jun-26,COGS,Payroll - eng,Payroll,"2,918",manual Entry,finance ops,,One-off item
21 Dec-25,Mktg,Customer appr.,Amazon gift c.,"(8,420)",manual Entry,Alex - FP&A,late invoice,Timing issue
2025-07-19,Mktg,Events & webinars,Various,"2,827",Check,,needs mapping,
06 Jan-26,R&D,Payroll - eng,Payroll,"4,390",manual Entry,M. Chen,manual adj,Vendor invoice late
02 Jul-25,Sales,CRM / RevOps tools,Salesforce / Outreach,"1,077",Check,Alex - FP&A,late invoice,Map to GL 6100
22-Jul-25,Services,Support tools,Zendesk / Gainsight,"(7,753)",cash,Erik,needs mapping,Ask owner
16 Apr-26,Sales,Sales commission,Payroll,"9,117",ERP,TBD,needs mapping,Ask owner
26 Sep-25,Services,Support tools,Zendesk / Gainsight,"7,844",ERP,Erik,needs mapping,Check sign
2025-12-29,Sales,CRM / RevOps tools,Salesforce / Outreach,"4,239",Pos,M. Chen,Posted,Map to GL 6100
2025-08-16,Marketing,Customer appr.,Amazon gift c.,"3,539",Check,Alex - FP&A,needs mapping,Vendor invoice late
05/15/25,R&D,Cloud hosting,AWS / Datadog,"2,475",manual Entry,Erik,manual adj,Vendor invoice late
25-Apr-25,R&D,Payroll - eng,Payroll,"(3,964)",cash,Alex - FP&A,posted,Map to GL 6100
2025-07-06,Marketing,Paid media,Google / LinkedIn,"(4,923)",ERP,Alex - FP&A,needs mapping,Map to GL 6100
29-Nov-25,R&D,Cloud hosting,AWS / Datadog,"3,540",Pos,TBD,late invoice,Map to GL 6100
31-Aug-25,Sales,Sales commission,Payroll,99,Check,finance ops,Posted,One-off item
10 Oct-25,Services,Prof services,Implementation clients,"5,799",Check,Andres,accrual,Timing issue
2025-01-14,Mktg,Events & webinars,Various,"6,162",manual Entry,Alex - FP&A,needs mapping,Vendor invoice late
2025-06-14,Services,Support tools,Zendesk / Gainsight,"(6,901)",manual Entry,M. Chen,Posted,Check sign
02 Jul-25,R&D,AI automation,n8n,"(5,645)",ERP,finance ops,,Vendor invoice late
25-Dec-25,COGS,Payroll - eng,Payroll,"2,093",Pos,TBD,needs mapping,Map to GL 6100
2025-12-04,Marketing,Paid media,Google / LinkedIn,"8,930",Check,M. Chen,manual adj,
2025-10-08,Revenue,Product sales,Corp. clients,257,manual Entry,finance ops,accrual,Check sign
01/27/26,Marketing,Google Ads,Google / LinkedIn,"2,638",Check,finance ops,,Map to GL 6100
31 May-26,Services,Prof services,Implementation clients,"(7,535)",cash,finance ops,manual adj,Ask owner
2025-05-16,Sales,Sales commission,Payroll,"5,779",Pos,M. Chen,accrual,One-off item
2026-02-27,Marketing,Paid media,Google / LinkedIn,"7,795",cash,Erik,late invoice,
2026-01-31,R&D,Cloud hosting,AWS / Datadog,151,cash,finance ops,late invoice,One-off item
11 Dec-25,G&A,Office rent,Landlord,"4,360",Check,finance ops,Posted,One-off item
22 Oct-25,Sales,CRM / RevOps tools,Salesforce / Outreach,"4,304",ERP,,posted,Check sign
01/02/25,R&D,AI automation,n8n,"5,012",ERP,Andres,Posted,
20-Mar-26,G&A,Legal fees,Europa Law firm,"8,293",Check,finance ops,manual adj,
30-May-25,Mktg,Paid media,Google / LinkedIn,(79),manual Entry,,manual adj,Timing issue
06/10/26,Sales,CRM / RevOps tools,Salesforce / Outreach,"7,360",manual Entry,Erik,late invoice,Timing issue
2025-09-16,Marketing,Paid media,Google / LinkedIn,34,Check,Erik,needs mapping,
05-May-25,Sales,CRM / RevOps tools,Salesforce / Outreach,"9,703",manual Entry,Erik,Posted,Ask owner
06 Jan-26,Revenue,Service,Retail Customer,"5,138",Check,finance ops,manual adj,Timing issue
11/12/25,Services,Support tools,Zendesk / Gainsight,"(3,520)",manual Entry,M. Chen,,Map to GL 6100
02/17/25,Revenue,Subscr. revenue,Corp. clients,"4,338",Check,,,One-off item
2025-12-09,Sales,Sales commission,Payroll,"9,009",cash,Alex - FP&A,manual adj,
11/12/25,R&D,Cloud hosting,AWS / Datadog,"3,215",ERP,finance ops,manual adj,Ask owner
04 Sep-25,G&A,Accounting fees,Brandon,613,manual Entry,Alex - FP&A,late invoice,Vendor invoice late
2025-08-23,Services,Support tools,Zendesk / Gainsight,"(1,110)",Check,Alex - FP&A,needs mapping,Vendor invoice late
02-Jun-25,COGS,Materials,Walmart,"1,013",ERP,Alex - FP&A,needs mapping,Timing issue
04/17/25,Marketing,Paid media,Google / LinkedIn,"3,729",cash,Erik,Posted,Check sign
16 Nov-25,R&D,Cloud hosting,AWS / Datadog,"4,598",Check,M. Chen,needs mapping,
16 Nov-25,Revenue,Service,Corp. clients,"3,922",cash,Erik,Posted,One-off item
20 Jun-26,Revenue,Service,Corp. clients,"6,266",manual Entry,Alex - FP&A,manual adj,One-off item
10/05/25,G&A,Legal fees,Europa Law firm,"9,472",manual Entry,M. Chen,needs mapping,One-off item
05/03/26,Revenue,Product sales,Retail Customer,"2,907",cash,Erik,posted,Ask owner
2025-12-17,Revenue,Service,Corp. clients,"9,943",ERP,finance ops,manual adj,Ask owner
18-Mar-26,COGS,Materials,Walmart,"5,991",manual Entry,Andres,manual adj,Vendor invoice late
04 Sep-25,Services,Support tools,Zendesk / Gainsight,"4,779",manual Entry,,posted,One-off item
06-Jun-26,Marketing,Customer appr.,Amazon gift c.,"3,088",cash,Andres,needs mapping,One-off item
09 Apr-26,Sales,CRM / RevOps tools,Salesforce / Outreach,"5,590",ERP,Erik,needs mapping,Map to GL 6100
06/01/25,Services,Support tools,Zendesk / Gainsight,"1,849",Pos,TBD,,Map to GL 6100
12 Jan-25,G&A,Accounting fees,Jason CPA,770,manual Entry,TBD,needs mapping,Map to GL 6100
18 Oct-25,Revenue,Service,Corp. clients,"7,976",manual Entry,Erik,Posted,
05/25/25,R&D,AI automation,n8n,"4,884",cash,TBD,needs mapping,One-off item
04 Jul-25,Revenue,Subscr. revenue,Corp. clients,"1,908",Pos,,accrual,Check sign
06/01/25,R&D,Cloud hosting,AWS / Datadog,"9,706",Check,TBD,accrual,Ask owner
13 Mar-25,G&A,Office rent,Landlord,"5,793",Check,M. Chen,late invoice,Check sign
2026-01-31,Mktg,Events & webinars,Various,"5,899",cash,finance ops,posted,Timing issue
15-Feb-25,Sales,Sales commission,Payroll,"(6,885)",Pos,M. Chen,Posted,Map to GL 6100
2026-06-17,G&A,Accounting fees,Jason CPA,"4,682",Check,finance ops,posted,One-off item
05/08/26,Services,Support tools,Zendesk / Gainsight,"(5,932)",Pos,finance ops,accrual,One-off item
01/19/26,G&A,Legal fees,Europa Law firm,"3,523",Pos,,,Map to GL 6100
2026-03-08,Sales,CRM / RevOps tools,Salesforce / Outreach,"3,436",Pos,Erik,late invoice,
02/15/26,Sales,CRM / RevOps tools,Salesforce / Outreach,"5,081",ERP,M. Chen,accrual,Map to GL 6100
18 May-26,Mktg,Paid media,Google / LinkedIn,"8,369",Pos,Andres,posted,
24 Apr-26,R&D,Cloud hosting,AWS / Datadog,"5,142",cash,TBD,,Vendor invoice late
02-Jun-25,Revenue,Product sales,Retail Customer,"(8,220)",Check,Erik,needs mapping,Timing issue
08/05/25,Services,Prof services,Implementation clients,"1,873",Pos,M. Chen,late invoice,
04/05/25,R&D,AI automation,n8n,"2,461",cash,finance ops,posted,Check sign
16 Mar-25,COGS,Cloud hosting,AWS / Datadog,78,ERP,Andres,manual adj,Vendor invoice late
31-Mar-25,Revenue,Revenue,Corp. clients,"2,156",cash,Erik,Posted,Check sign
13 Nov-25,Services,Support tools,Zendesk / Gainsight,"6,965",ERP,Andres,accrual,
18 Aug-25,COGS,Cloud hosting,AWS / Datadog,"4,507",Check,Alex - FP&A,manual adj,Vendor invoice late
02-Aug-25,Services,Prof services,Implementation clients,"7,131",Pos,,manual adj,One-off item
06 Sep-25,Services,Prof services,Implementation clients,"(6,869)",ERP,,,Vendor invoice late
27-Jan-25,Marketing,Google Ads,Google / LinkedIn,"(6,868)",Check,,manual adj,
27-Mar-26,Mktg,Paid media,Google / LinkedIn,"1,391",ERP,Alex - FP&A,manual adj,Ask owner
2026-01-31,Services,Prof services,Implementation clients,"6,113",manual Entry,,manual adj,Map to GL 6100
10/05/25,R&D,Payroll - eng,Payroll,"4,717",Pos,Andres,accrual,One-off item
2025-03-19,Revenue,Revenue,Retail Customer,"3,207",ERP,,Posted,Ask owner
10 Mar-26,Revenue,Revenue,Retail Customer,"5,574",cash,Alex - FP&A,needs mapping,Vendor invoice late
10/11/25,Revenue,Product sales,Corp. clients,"4,495",ERP,Erik,posted,
13 Jan-25,Mktg,Events & webinars,Various,"9,492",ERP,Erik,accrual,Check sign
09/05/25,Mktg,Events & webinars,Various,"7,863",Pos,TBD,,Timing issue
2025-10-08,COGS,Materials,Home Depot,"6,736",manual Entry,Alex - FP&A,Posted,Vendor invoice late
03/10/25,Revenue,Subscr. revenue,Corp. clients,"6,646",manual Entry,,accrual,
21-Sep-25,COGS,Materials,Electric house,(7),cash,M. Chen,needs mapping,Vendor invoice late
19 Feb-25,Services,Support tools,Zendesk / Gainsight,"(8,731)",manual Entry,TBD,posted,Check sign
25-May-26,Sales,Sales commission,Payroll,"1,160",ERP,TBD,posted,Timing issue
25 Feb-26,COGS,Cloud hosting,AWS / Datadog,"7,771",manual Entry,,accrual,
26-Jun-26,Marketing,Events & webinars,Various,"6,046",cash,,posted,Timing issue
26-Feb-25,R&D,Cloud hosting,AWS / Datadog,"7,492",cash,M. Chen,Posted,Map to GL 6100
25 Oct-25,Marketing,Paid media,Google / LinkedIn,"(5,844)",Check,TBD,accrual,Timing issue
2025-12-09,COGS,Cloud hosting,AWS / Datadog,"3,330",manual Entry,Erik,accrual,Ask owner
24 Sep-25,COGS,Materials,Electric house,"(2,642)",ERP,Erik,manual adj,
2026-01-04,Mktg,Events & webinars,Various,"2,866",ERP,Erik,needs mapping,Map to GL 6100
25-Apr-25,G&A,Office rent,Landlord,"1,388",manual Entry,finance ops,posted,
09-Sep-25,Marketing,Customer appr.,Gift hamper,"3,151",cash,M. Chen,late invoice,Vendor invoice late
2025-06-16,R&D,AI automation,n8n,"6,865",cash,Andres,posted,Map to GL 6100
2025-12-18,Sales,Sales commission,Payroll,"8,634",cash,M. Chen,needs mapping,One-off item
20-Mar-26,Services,Prof services,Implementation clients,"9,961",Check,Erik,,Ask owner
13 Jan-25,Mktg,Paid media,Google / LinkedIn,"7,706",cash,Erik,manual adj,One-off item
02/10/25,Marketing,Events & webinars,Various,"3,711",Pos,Alex - FP&A,accrual,Timing issue
05-May-26,R&D,AI automation,n8n,"4,376",Check,,needs mapping,
30-Jul-25,Services,Prof services,Implementation clients,"2,731",cash,,accrual,Map to GL 6100
20 Feb-26,R&D,Payroll - eng,Payroll,"5,244",Check,finance ops,manual adj,Ask owner
2025-07-12,Revenue,Product sales,Corp. clients,"9,187",ERP,finance ops,manual adj,
2025-12-20,Marketing,Google Ads,Google / LinkedIn,"3,876",ERP,Andres,Posted,Check sign
02-Mar-25,Marketing,Paid media,Google / LinkedIn,"1,426",manual Entry,finance ops,late invoice,Ask owner
26-Dec-25,Marketing,Events & webinars,Various,"(8,748)",Check,Andres,manual adj,Timing issue
20 Mar-25,G&A,Office rent,Landlord,"2,921",ERP,finance ops,Posted,
2025-11-19,Mktg,Paid media,Google / LinkedIn,"3,327",cash,Alex - FP&A,manual adj,Vendor invoice late
06/11/25,Sales,CRM / RevOps tools,Salesforce / Outreach,"(8,853)",manual Entry,M. Chen,manual adj,Map to GL 6100
26 Jan-25,Revenue,Service,Corp. clients,545,Check,Andres,Posted,Ask owner
16-Jan-26,Services,Support tools,Zendesk / Gainsight,"8,107",manual Entry,Andres,,One-off item
2025-11-18,Sales,Sales commission,Payroll,"8,610",cash,Andres,posted,Ask owner
31-Mar-25,Sales,CRM / RevOps tools,Salesforce / Outreach,"5,233",ERP,Andres,accrual,Vendor invoice late
13 Aug-25,Revenue,Revenue,Corp. clients,"4,061",ERP,Andres,posted,One-off item
07/11/26,COGS,Payroll - eng,Payroll,(770),ERP,TBD,needs mapping,Check sign
2026-03-08,Services,Prof services,Implementation clients,"5,301",ERP,finance ops,,
10 May-26,Sales,Sales commission,Payroll,"2,782",manual Entry,Erik,accrual,Vendor invoice late
02 Mar-26,Revenue,Subscr. revenue,Retail Customer,"8,993",Pos,Andres,manual adj,One-off item
05/03/26,Marketing,Google Ads,Google / LinkedIn,"5,160",Check,Andres,posted,Vendor invoice late
2025-02-04,Marketing,Customer appr.,Gift hamper,"(2,733)",Check,finance ops,accrual,Timing issue
2026-02-14,Mktg,Customer appr.,Gift hamper,"1,612",Check,TBD,manual adj,
2025-09-01,Services,Support tools,Zendesk / Gainsight,401,cash,Erik,accrual,Check sign
2025-12-31,Services,Support tools,Zendesk / Gainsight,"2,510",Check,Alex - FP&A,needs mapping,Vendor invoice late
2026-06-08,Marketing,Google Ads,Google / LinkedIn,"6,359",manual Entry,M. Chen,posted,Map to GL 6100
2025-10-15,Mktg,Customer appr.,Gift hamper,"8,988",Pos,Erik,late invoice,Vendor invoice late
05/08/26,COGS,Payroll - eng,Payroll,"4,301",Pos,Erik,late invoice,Map to GL 6100
16-May-26,Sales,Payroll - sales,Payroll,"7,279",cash,Andres,needs mapping,One-off item
2025-04-08,G&A,Office rent,Landlord,"4,605",cash,,posted,Map to GL 6100
23-Mar-25,Services,Prof services,Implementation clients,33,Check,Erik,Posted,Map to GL 6100
08-Sep-25,G&A,Legal fees,Europa Law firm,"5,133",ERP,,needs mapping,Timing issue
03/12/25,Sales,CRM / RevOps tools,Salesforce / Outreach,"4,937",ERP,TBD,posted,One-off item
03/31/26,G&A,Legal fees,Europa Law firm,"8,739",cash,,late invoice,Timing issue
03 Sep-25,Services,Prof services,Implementation clients,"6,999",cash,finance ops,accrual,Vendor invoice late
30 May-26,Revenue,Service,Retail Customer,"(2,560)",Check,finance ops,posted,Timing issue
2025-08-23,Sales,Sales commission,Payroll,"7,551",manual Entry,TBD,late invoice,Timing issue
06/23/25,G&A,Office rent,Landlord,"4,667",cash,Andres,needs mapping,Vendor invoice late
11/12/25,Services,Support tools,Zendesk / Gainsight,"4,836",cash,Andres,needs mapping,Map to GL 6100
2026-03-25,G&A,Accounting fees,Jason CPA,"2,842",manual Entry,Alex - FP&A,manual adj,
01 Dec-25,COGS,Materials,Electric house,37,cash,Alex - FP&A,manual adj,
10/31/25,Marketing,Google Ads,Google / LinkedIn,(67),Pos,TBD,late invoice,Check sign
07/12/26,COGS,Cloud hosting,AWS / Datadog,"9,950",ERP,M. Chen,late invoice,Vendor invoice late
2025-04-21,Marketing,Paid media,Google / LinkedIn,"(6,803)",ERP,Alex - FP&A,late invoice,Check sign
31-Mar-25,Revenue,Subscr. revenue,Corp. clients,"4,697",cash,M. Chen,posted,Check sign
19 Feb-25,R&D,AI automation,n8n,"4,109",Pos,Erik,accrual,
05-May-26,Sales,Sales commission,Payroll,"5,395",cash,TBD,late invoice,Map to GL 6100
28 Jun-26,Services,Prof services,Implementation clients,"9,554",cash,Erik,posted,Ask owner
08-May-25,COGS,Materials,Johnsons Supply,"5,787",Pos,Alex - FP&A,posted,
24-Jul-25,Marketing,Google Ads,Google / LinkedIn,"(9,931)",ERP,TBD,accrual,Timing issue
04-Jul-26,R&D,Payroll - eng,Payroll,"4,102",manual Entry,Andres,manual adj,
04/20/25,Marketing,Customer appr.,Soccer Ticket,"4,500",Check,Alex - FP&A,posted,One-off item
10 Nov-25,R&D,Cloud hosting,AWS / Datadog,"3,604",manual Entry,finance ops,needs mapping,Map to GL 6100
2025-06-22,G&A,Accounting fees,Brandon,26,Pos,Alex - FP&A,late invoice,
21-Apr-26,Sales,CRM / RevOps tools,Salesforce / Outreach,"(3,337)",manual Entry,finance ops,late invoice,
2026-03-25,Sales,CRM / RevOps tools,Salesforce / Outreach,"4,581",Pos,M. Chen,late invoice,Ask owner
2026-05-07,G&A,Accounting fees,Jason CPA,"9,278",cash,Andres,,Map to GL 6100
2026-01-31,Revenue,Revenue,Retail Customer,"1,777",manual Entry,TBD,Posted,
27-Jan-25,COGS,Materials,Electric house,"7,765",manual Entry,finance ops,Posted,
07 Feb-26,G&A,Accounting fees,Jason CPA,"6,378",ERP,TBD,,Vendor invoice late
2025-08-19,Services,Support tools,Zendesk / Gainsight,"8,806",Check,Andres,,Check sign
2025-01-04,R&D,Payroll - eng,Payroll,"1,164",Check,TBD,late invoice,Check sign
16-Jan-26,Marketing,Paid media,Google / LinkedIn,"6,565",ERP,Andres,needs mapping,Check sign
2025-12-09,G&A,Office rent,Landlord,"9,321",Pos,Alex - FP&A,,One-off item
03 Jan-26,R&D,Payroll - eng,Payroll,"9,649",Check,,needs mapping,Ask owner
2025-09-01,Services,Prof services,Implementation clients,"(5,745)",Pos,TBD,accrual,Timing issue
01/19/25,Revenue,Subscr. revenue,Retail Customer,"9,634",manual Entry,M. Chen,posted,
01/05/26,COGS,Materials,Home Depot,"(7,604)",cash,Andres,,Check sign
2025-11-30,R&D,Cloud hosting,AWS / Datadog,"6,024",ERP,Andres,posted,Check sign
10 Jul-25,Marketing,Customer appr.,Gift hamper,"5,760",ERP,,manual adj,
2026-05-28,Services,Prof services,Implementation clients,"2,731",ERP,Andres,late invoice,Timing issue
23-Feb-26,Mktg,Paid media,Google / LinkedIn,"3,622",ERP,Alex - FP&A,Posted,Map to GL 6100
2026-06-11,COGS,Cloud hosting,AWS / Datadog,"9,799",manual Entry,,Posted,Check sign
2025-06-24,Mktg,Events & webinars,Various,267,Check,Erik,posted,Timing issue
2025-07-06,Revenue,Subscr. revenue,Retail Customer,"(6,388)",Pos,M. Chen,manual adj,One-off item
10 Feb-26,Revenue,Product sales,Corp. clients,"2,842",ERP,Andres,needs mapping,One-off item
09-Mar-25,Services,Support tools,Zendesk / Gainsight,"2,451",cash,,posted,
06/23/25,Sales,Payroll - sales,Payroll,"7,392",manual Entry,finance ops,late invoice,Vendor invoice late
07 Feb-26,R&D,Payroll - eng,Payroll,(731),Pos,M. Chen,Posted,One-off item
2025-11-19,R&D,AI automation,n8n,"6,461",Check,M. Chen,Posted,Check sign
01/05/26,Revenue,Service,Corp. clients,"7,325",cash,Andres,posted,Map to GL 6100
02/12/25,Revenue,Product sales,Corp. clients,"2,370",Pos,M. Chen,late invoice,Timing issue
18-Mar-26,Services,Support tools,Zendesk / Gainsight,"(1,341)",Check,Erik,accrual,Check sign
11-Feb-25,Marketing,Events & webinars,Various,"2,781",Check,Erik,,Check sign
09-Sep-25,Marketing,Google Ads,Google / LinkedIn,"8,342",ERP,Andres,,Vendor invoice late
24 Jan-25,Mktg,Customer appr.,Amazon gift c.,"1,003",Check,finance ops,accrual,One-off item
21-Sep-25,Revenue,Revenue,Retail Customer,"4,695",cash,M. Chen,late invoice,One-off item
03/29/25,Revenue,Service,Corp. clients,"9,951",manual Entry,M. Chen,Posted,
01/05/25,Marketing,Google Ads,Google / LinkedIn,"(5,573)",manual Entry,,posted,Timing issue
2025-05-16,Revenue,Service,Corp. clients,"7,340",Check,TBD,posted,
2025-02-02,Marketing,Paid media,Google / LinkedIn,"6,863",ERP,finance ops,Posted,Check sign
17-Jan-25,R&D,Payroll - eng,Payroll,"1,867",ERP,Alex - FP&A,Posted,Timing issue
01-May-25,Services,Support tools,Zendesk / Gainsight,"3,950",manual Entry,M. Chen,Posted,One-off item
13 Mar-25,Revenue,Product sales,Retail Customer,"9,002",Check,,Posted,Map to GL 6100
23-Feb-26,G&A,Accounting fees,Jason CPA,"7,144",Pos,finance ops,late invoice,One-off item
01/22/25,Sales,Payroll - sales,Payroll,"(2,309)",cash,Erik,manual adj,
01/19/25,Mktg,Events & webinars,Various,"6,930",Check,Erik,posted,
19-Apr-25,G&A,Office rent,Landlord,"2,818",Check,M. Chen,,Map to GL 6100
2025-07-19,Marketing,Paid media,Google / LinkedIn,678,manual Entry,M. Chen,manual adj,Timing issue
07 Jul-26,COGS,Materials,Johnsons Supply,"5,611",manual Entry,Erik,late invoice,Vendor invoice late
2025-06-04,G&A,Legal fees,Europa Law firm,"(8,588)",manual Entry,Alex - FP&A,needs mapping,Timing issue
04/20/25,G&A,Accounting fees,Jason CPA,"7,041",manual Entry,finance ops,,Ask owner
2026-01-20,R&D,Cloud hosting,AWS / Datadog,"8,627",Pos,Erik,late invoice,Map to GL 6100
07/12/26,Mktg,Events & webinars,Various,268,ERP,TBD,late invoice,Timing issue
19-Apr-25,COGS,Cloud hosting,AWS / Datadog,"8,866",ERP,Andres,accrual,Timing issue
2026-01-31,Mktg,Paid media,Google / LinkedIn,"(5,729)",Check,M. Chen,accrual,Map to GL 6100
2026-06-17,G&A,Office rent,Landlord,"1,595",Check,M. Chen,,Ask owner
2026-05-21,Services,Support tools,Zendesk / Gainsight,"(7,981)",Check,TBD,,Vendor invoice late
2026-01-31,Sales,Payroll - sales,Payroll,"9,285",cash,finance ops,needs mapping,Vendor invoice late
2026-06-11,COGS,Cloud hosting,AWS / Datadog,"(4,980)",Pos,finance ops,manual adj,One-off item
28-Mar-25,Marketing,Customer appr.,Soccer Ticket,154,cash,Alex - FP&A,late invoice,Check sign
2026-05-01,Marketing,Events & webinars,Various,30,ERP,Erik,late invoice,Timing issue
06/15/26,Marketing,Events & webinars,Various,"4,765",manual Entry,finance ops,manual adj,
23 Jun-26,R&D,Payroll - eng,Payroll,"7,539",cash,TBD,needs mapping,Map to GL 6100
20 Feb-26,G&A,Office rent,Landlord,831,ERP,Erik,late invoice,Ask owner
01 Apr-26,Sales,CRM / RevOps tools,Salesforce / Outreach,"6,637",Check,Andres,needs mapping,Timing issue
15-Apr-25,Marketing,Events & webinars,Various,"(4,474)",cash,finance ops,manual adj,One-off item
07 Mar-25,G&A,Legal fees,Europa Law firm,"4,829",cash,Alex - FP&A,posted,Map to GL 6100
31-May-25,G&A,Legal fees,Buchalter,"9,904",cash,M. Chen,,Vendor invoice late
25-Dec-25,G&A,Legal fees,Buchalter,"2,410",Check,TBD,manual adj,Check sign
29-Jul-25,Revenue,Revenue,Corp. clients,606,Pos,Erik,needs mapping,One-off item
06/04/26,Sales,CRM / RevOps tools,Salesforce / Outreach,"2,764",ERP,finance ops,posted,One-off item
06 Sep-25,Revenue,Product sales,Retail Customer,"8,706",manual Entry,Alex - FP&A,,One-off item
17-Feb-26,Marketing,Customer appr.,Amazon gift c.,"(6,406)",cash,Alex - FP&A,posted,Timing issue
06 Sep-25,Services,Support tools,Zendesk / Gainsight,"4,898",ERP,Erik,,
07 Mar-25,COGS,Cloud hosting,AWS / Datadog,"4,408",cash,Alex - FP&A,,
05-May-26,Revenue,Service,Corp. clients,"(8,172)",manual Entry,Andres,Posted,
2025-02-14,R&D,Payroll - eng,Payroll,"1,077",manual Entry,TBD,accrual,Vendor invoice late
2026-06-19,Mktg,Events & webinars,Various,"(8,037)",manual Entry,finance ops,Posted,Ask owner
06 Sep-25,G&A,Office rent,Landlord,"7,975",ERP,Andres,Posted,Ask owner
10 Mar-26,Sales,Sales commission,Payroll,269,Check,finance ops,Posted,Timing issue
2025-11-07,COGS,Materials,Electric house,(482),ERP,Alex - FP&A,,Vendor invoice late
12 May-25,G&A,Legal fees,Buchalter,"1,013",Check,Andres,needs mapping,One-off item
30 May-26,Sales,Payroll - sales,Payroll,287,Check,TBD,posted,Timing issue
25 Feb-26,Mktg,Paid media,Google / LinkedIn,"8,585",manual Entry,,posted,One-off item
11/06/25,Mktg,Events & webinars,Various,"9,635",cash,finance ops,manual adj,Check sign
20 Feb-26,Services,Support tools,Zendesk / Gainsight,"8,117",ERP,finance ops,Posted,Map to GL 6100
26 Feb-26,Services,Prof services,Implementation clients,"5,114",Pos,Alex - FP&A,needs mapping,
10 May-26,COGS,Materials,Electric house,"2,384",ERP,Andres,posted,
25 Feb-26,Sales,CRM / RevOps tools,Salesforce / Outreach,899,cash,finance ops,Posted,Timing issue
05/08/26,R&D,AI automation,n8n,"7,904",Pos,TBD,,Vendor invoice late
16-May-26,Sales,Sales commission,Payroll,"2,530",manual Entry,Andres,manual adj,Timing issue
25 Feb-26,Services,Prof services,Implementation clients,"3,615",manual Entry,,manual adj,Timing issue
28-Jul-25,R&D,Payroll - eng,Payroll,637,manual Entry,Alex - FP&A,posted,
19 Apr-26,Mktg,Paid media,Google / LinkedIn,"8,268",Pos,M. Chen,,Vendor invoice late
28 Jun-26,Revenue,Product sales,Corp. clients,"7,994",Pos,M. Chen,Posted,
22 Mar-26,Mktg,Events & webinars,Various,"1,153",Check,TBD,late invoice,Timing issue
2026-04-29,Revenue,Revenue,Retail Customer,"(8,834)",Pos,,late invoice,One-off item
2026-03-21,R&D,Cloud hosting,AWS / Datadog,"2,237",manual Entry,Alex - FP&A,,Ask owner
01/19/25,Mktg,Paid media,Google / LinkedIn,"6,031",Check,TBD,posted,One-off item
04/03/25,Services,Prof services,Implementation clients,"5,375",cash,Andres,manual adj,One-off item
05-May-26,G&A,Office rent,Landlord,"8,261",Pos,TBD,accrual,
18 Jan-26,R&D,Payroll - eng,Payroll,"2,621",cash,Andres,accrual,Check sign
26-Jun-26,Mktg,Customer appr.,Amazon gift c.,"1,744",ERP,Andres,accrual,Vendor invoice late
17-Jan-25,G&A,Office rent,Landlord,"3,252",Pos,Erik,Posted,Vendor invoice late
11/26/25,R&D,Cloud hosting,AWS / Datadog,"8,800",ERP,finance ops,accrual,Ask owner
05/13/26,R&D,AI automation,n8n,"7,954",ERP,finance ops,late invoice,Ask owner
25-Jun-26,Mktg,Customer appr.,Amazon gift c.,"(2,386)",manual Entry,Alex - FP&A,,
2026-01-09,Revenue,Product sales,Retail Customer,"4,498",Check,Erik,manual adj,One-off item
07/11/26,Revenue,Subscr. revenue,Corp. clients,"4,688",manual Entry,Alex - FP&A,late invoice,Vendor invoice late
26-Dec-25,Sales,CRM / RevOps tools,Salesforce / Outreach,"8,211",Pos,finance ops,late invoice,Vendor invoice late
27-Jan-25,Revenue,Subscr. revenue,Corp. clients,"6,806",Check,Alex - FP&A,Posted,Map to GL 6100
05/29/26,G&A,Office rent,Landlord,"2,794",cash,M. Chen,needs mapping,One-off item
23-Sep-25,R&D,AI automation,n8n,"6,135",cash,Alex - FP&A,late invoice,
03/21/25,R&D,AI automation,n8n,"1,265",cash,M. Chen,posted,Map to GL 6100
2025-12-29,G&A,Legal fees,Buchalter,"3,139",Pos,M. Chen,Posted,Timing issue
01/27/26,Mktg,Paid media,Google / LinkedIn,(146),ERP,Alex - FP&A,posted,Ask owner
01-Apr-25,COGS,Payroll - eng,Payroll,"3,948",cash,TBD,manual adj,Map to GL 6100
04-Oct-25,Revenue,Service,Retail Customer,"4,973",cash,M. Chen,late invoice,Ask owner
21-Apr-26,G&A,Accounting fees,Brandon,"(5,365)",ERP,M. Chen,,Vendor invoice late
2026-01-20,Services,Support tools,Zendesk / Gainsight,"7,570",Check,,,Ask owner
2026-01-31,COGS,Payroll - eng,Payroll,664,Check,,posted,Timing issue
10 Jul-25,Sales,CRM / RevOps tools,Salesforce / Outreach,"2,082",cash,TBD,Posted,
07/01/26,COGS,Payroll - eng,Payroll,"2,322",Check,Erik,Posted,One-off item
26 Sep-25,G&A,Legal fees,Buchalter,"6,963",Check,M. Chen,manual adj,Timing issue
18 Jan-25,Marketing,Paid media,Google / LinkedIn,(276),manual Entry,Andres,late invoice,
2026-03-08,G&A,Accounting fees,Brandon,"5,040",cash,M. Chen,accrual,Ask owner
29-Mar-26,COGS,Cloud hosting,AWS / Datadog,"3,166",cash,M. Chen,accrual,Map to GL 6100
04 Mar-25,R&D,Payroll - eng,Payroll,"8,085",manual Entry,M. Chen,Posted,One-off item
2025-05-16,Marketing,Events & webinars,Various,591,manual Entry,Erik,late invoice,
02-Mar-25,COGS,Payroll - eng,Payroll,"7,655",ERP,finance ops,manual adj,Check sign
28 Jun-26,COGS,Payroll - eng,Payroll,"5,255",ERP,TBD,Posted,Timing issue
19-Apr-25,R&D,Payroll - eng,Payroll,"(6,116)",cash,Erik,,
21-Jul-25,R&D,AI automation,n8n,"3,422",manual Entry,finance ops,,
27 Mar-25,Services,Prof services,Implementation clients,"(5,100)",ERP,TBD,late invoice,Map to GL 6100
21-Apr-26,Revenue,Revenue,Corp. clients,"4,251",ERP,M. Chen,late invoice,Ask owner
01-May-25,Mktg,Customer appr.,Gift hamper,"4,057",cash,Erik,,Ask owner
2025-07-26,Revenue,Service,Corp. clients,"9,856",manual Entry,,posted,One-off item
26 Jan-25,G&A,Office rent,Landlord,"4,363",ERP,,needs mapping,Timing issue
2025-12-06,G&A,Accounting fees,Jason CPA,"8,230",Check,,needs mapping,Map to GL 6100
2025-02-14,COGS,Materials,Electric house,"8,906",ERP,Erik,,Ask owner
25-Jun-26,Mktg,Events & webinars,Various,"(7,061)",ERP,,manual adj,Ask owner
12 Mar-26,R&D,AI automation,n8n,"3,617",cash,Erik,needs mapping,Timing issue
2025-04-08,R&D,Cloud hosting,AWS / Datadog,"5,611",ERP,M. Chen,posted,Timing issue
07-Mar-26,R&D,AI automation,n8n,"(9,080)",manual Entry,Andres,late invoice,Vendor invoice late
20-Mar-26,Marketing,Google Ads,Google / LinkedIn,573,Check,TBD,posted,One-off item
05-May-26,Mktg,Events & webinars,Various,"8,002",cash,TBD,manual adj,Vendor invoice late
09/19/25,Sales,CRM / RevOps tools,Salesforce / Outreach,"5,962",ERP,TBD,posted,Check sign
05/21/25,G&A,Accounting fees,Jason CPA,"9,872",cash,TBD,manual adj,Ask owner
12/23/25,G&A,Office rent,Landlord,"7,470",Check,Andres,late invoice,Vendor invoice late
22 Mar-26,Mktg,Paid media,Google / LinkedIn,"7,337",Pos,Alex - FP&A,posted,Vendor invoice late
21-Apr-26,G&A,Accounting fees,Brandon,"3,800",Pos,,manual adj,Check sign
2025-12-06,Marketing,Customer appr.,Gift hamper,"8,730",Check,Alex - FP&A,Posted,Check sign
07/09/26,Mktg,Customer appr.,Soccer Ticket,"(2,867)",manual Entry,Andres,posted,One-off item
07/05/26,Mktg,Customer appr.,Soccer Ticket,(563),Check,TBD,Posted,One-off item
28-Jul-25,Services,Support tools,Zendesk / Gainsight,"6,715",Check,finance ops,accrual,Map to GL 6100
2025-02-04,COGS,Cloud hosting,AWS / Datadog,"9,035",manual Entry,TBD,Posted,Ask owner
21-Sep-25,Marketing,Google Ads,Google / LinkedIn,"2,162",ERP,M. Chen,posted,Timing issue
05-Feb-25,Revenue,Product sales,Corp. clients,"4,661",Check,Erik,posted,Ask owner
2025-05-20,Services,Prof services,Implementation clients,"(6,189)",Pos,Andres,,
03/10/25,Sales,CRM / RevOps tools,Salesforce / Outreach,"8,546",Pos,Andres,late invoice,Check sign
10 Nov-25,R&D,Cloud hosting,AWS / Datadog,"7,489",ERP,Andres,manual adj,Vendor invoice late
02/21/26,Sales,Payroll - sales,Payroll,"8,229",ERP,Andres,posted,
06/01/26,G&A,Accounting fees,Brandon,"(8,374)",ERP,TBD,Posted,
03-Mar-25,G&A,Accounting fees,Brandon,"1,476",manual Entry,Alex - FP&A,posted,
2025-12-04,Marketing,Paid media,Google / LinkedIn,"2,051",manual Entry,TBD,,Check sign
04 Mar-25,Sales,CRM / RevOps tools,Salesforce / Outreach,"(8,509)",Check,Erik,late invoice,Check sign
09 Jun-26,Services,Prof services,Implementation clients,"8,033",Pos,finance ops,needs mapping,One-off item
2025-05-20,Revenue,Subscr. revenue,Retail Customer,"9,658",Check,Erik,late invoice,One-off item
2026-07-02,G&A,Legal fees,Buchalter,"(7,796)",manual Entry,Erik,late invoice,Timing issue
02 Jul-25,Mktg,Customer appr.,Soccer Ticket,932,ERP,,Posted,One-off item
03/05/25,R&D,Cloud hosting,AWS / Datadog,"9,024",manual Entry,finance ops,late invoice,Map to GL 6100
04/17/25,Services,Prof services,Implementation clients,"(7,680)",manual Entry,finance ops,manual adj,Vendor invoice late
2025-12-04,Revenue,Subscr. revenue,Retail Customer,"2,844",manual Entry,finance ops,needs mapping,Timing issue
05-Apr-26,R&D,Cloud hosting,AWS / Datadog,"5,979",ERP,TBD,manual adj,Map to GL 6100
05/26/25,COGS,Materials,Johnsons Supply,"1,977",Pos,Andres,late invoice,
07 Jul-25,COGS,Cloud hosting,AWS / Datadog,"1,294",ERP,finance ops,late invoice,One-off item
02-Oct-25,Services,Support tools,Zendesk / Gainsight,"1,977",manual Entry,,accrual,Vendor invoice late
02 Jul-25,Mktg,Events & webinars,Various,"6,648",ERP,Erik,late invoice,Check sign
26-Feb-25,G&A,Accounting fees,Jason CPA,"7,041",Pos,,accrual,Ask owner
04/27/25,Services,Prof services,Implementation clients,"1,592",cash,,,Timing issue
18 Jan-26,Mktg,Customer appr.,Soccer Ticket,"1,213",Pos,TBD,manual adj,Vendor invoice late
31-May-25,Mktg,Events & webinars,Various,"9,585",cash,M. Chen,late invoice,Vendor invoice late
06/01/26,R&D,Cloud hosting,AWS / Datadog,"5,235",ERP,finance ops,needs mapping,Timing issue
2025-12-29,COGS,Payroll - eng,Payroll,"4,809",ERP,M. Chen,needs mapping,Check sign
06/11/25,Sales,Payroll - sales,Payroll,"6,360",ERP,M. Chen,needs mapping,Timing issue
18-Mar-26,Revenue,Service,Corp. clients,30,Pos,Andres,accrual,
19 Mar-26,COGS,Materials,Electric house,"6,147",cash,Andres,accrual,Check sign
2026-05-07,R&D,Payroll - eng,Payroll,(629),Check,Erik,manual adj,Check sign
2025-12-30,Services,Support tools,Zendesk / Gainsight,"6,372",ERP,Erik,Posted,Vendor invoice late
2025-09-01,Services,Prof services,Implementation clients,"9,822",ERP,finance ops,accrual,Map to GL 6100
22 Oct-25,Sales,CRM / RevOps tools,Salesforce / Outreach,"3,098",Check,finance ops,posted,Check sign
22 Jan-26,Mktg,Customer appr.,Soccer Ticket,"(1,195)",Check,finance ops,Posted,
07/01/26,G&A,Legal fees,Europa Law firm,"5,770",Check,M. Chen,posted,
2026-06-08,R&D,Payroll - eng,Payroll,"3,192",cash,finance ops,accrual,Check sign
2025-04-08,Marketing,Google Ads,Google / LinkedIn,838,manual Entry,finance ops,Posted,Check sign
2025-12-30,Marketing,Customer appr.,Gift hamper,"5,568",ERP,Erik,posted,Ask owner
06 Sep-25,R&D,AI automation,n8n,"3,711",Pos,,needs mapping,Check sign
07 Oct-25,COGS,Payroll - eng,Payroll,"2,717",Pos,,accrual,One-off item
25-Jan-26,R&D,Cloud hosting,AWS / Datadog,"1,999",Pos,TBD,,Vendor invoice late
02/16/26,Sales,Payroll - sales,Payroll,"2,358",manual Entry,Alex - FP&A,posted,Check sign
03 Sep-25,Revenue,Service,Retail Customer,"8,090",cash,Erik,,Check sign
18 Oct-25,COGS,Materials,Johnsons Supply,"3,536",Pos,M. Chen,,Vendor invoice late
05/28/25,G&A,Accounting fees,Brandon,"3,085",Check,Andres,accrual,Map to GL 6100
02/12/25,Marketing,Paid media,Google / LinkedIn,"6,307",manual Entry,TBD,late invoice,Map to GL 6100
17 Mar-25,COGS,Cloud hosting,AWS / Datadog,"7,206",cash,,accrual,Timing issue
04/25/26,R&D,AI automation,n8n,"9,199",cash,TBD,manual adj,
06 Feb-25,Services,Prof services,Implementation clients,(845),Pos,M. Chen,needs mapping,Timing issue
27 May-25,R&D,Cloud hosting,AWS / Datadog,"8,260",Check,Alex - FP&A,,Vendor invoice late
12 Jan-25,Revenue,Revenue,Corp. clients,"4,466",cash,Erik,Posted,Ask owner
02/23/25,Revenue,Product sales,Retail Customer,"6,035",ERP,M. Chen,posted,Check sign
2025-06-18,Mktg,Events & webinars,Various,"6,188",ERP,Erik,accrual,Timing issue
01 Apr-26,Marketing,Customer appr.,Amazon gift c.,"4,736",ERP,Andres,Posted,Vendor invoice late
22 Mar-26,G&A,Accounting fees,Brandon,"(5,221)",Check,TBD,needs mapping,
25 Feb-26,COGS,Materials,Walmart,"(8,356)",Check,M. Chen,accrual,Check sign
08/27/25,R&D,AI automation,n8n,"7,481",Check,,manual adj,Check sign
2025-06-03,Mktg,Events & webinars,Various,"4,427",ERP,TBD,needs mapping,Check sign
03 Feb-25,Marketing,Paid media,Google / LinkedIn,(483),ERP,M. Chen,late invoice,Map to GL 6100
2025-09-07,Sales,Sales commission,Payroll,"(9,518)",Check,M. Chen,accrual,
07/09/26,Mktg,Customer appr.,Amazon gift c.,"5,150",ERP,M. Chen,needs mapping,Timing issue
2025-06-08,R&D,AI automation,n8n,"5,130",manual Entry,,,Ask owner
2025-05-22,G&A,Office rent,Landlord,"(2,909)",manual Entry,Erik,,One-off item
26 Jan-25,Revenue,Product sales,Retail Customer,371,ERP,M. Chen,needs mapping,One-off item
05-Apr-26,Mktg,Events & webinars,Various,"6,591",manual Entry,Alex - FP&A,manual adj,Timing issue
2025-11-14,COGS,Materials,Electric house,"4,503",Check,TBD,,Map to GL 6100
03-Dec-25,COGS,Payroll - eng,Payroll,129,manual Entry,Andres,manual adj,One-off item
02 Mar-26,COGS,Cloud hosting,AWS / Datadog,"7,840",ERP,Erik,,Map to GL 6100
2025-04-21,COGS,Materials,Electric house,244,Check,finance ops,Posted,Map to GL 6100
24 Jan-25,Revenue,Product sales,Retail Customer,"8,990",cash,finance ops,needs mapping,Timing issue
06/26/25,R&D,Payroll - eng,Payroll,"4,555",Pos,,,Vendor invoice late
17 Sep-25,Mktg,Events & webinars,Various,"(7,813)",Pos,Alex - FP&A,accrual,Map to GL 6100
04 Jul-25,COGS,Materials,Johnsons Supply,"9,205",Check,Erik,late invoice,Timing issue
24 Jan-25,Services,Support tools,Zendesk / Gainsight,291,Pos,finance ops,late invoice,
17 Sep-25,Services,Prof services,Implementation clients,"3,624",cash,M. Chen,posted,Vendor invoice late
07 Jul-25,Revenue,Service,Corp. clients,"9,559",ERP,Alex - FP&A,accrual,Map to GL 6100
2025-12-30,R&D,AI automation,n8n,"9,779",manual Entry,Alex - FP&A,manual adj,Ask owner
07/12/26,Marketing,Paid media,Google / LinkedIn,"1,223",cash,Alex - FP&A,manual adj,
25-Jun-26,Marketing,Events & webinars,Various,"2,725",Check,TBD,,
05/29/26,Revenue,Service,Retail Customer,"6,101",Check,,posted,One-off item
29 Oct-25,Services,Prof services,Implementation clients,734,manual Entry,,accrual,Check sign
2026-04-10,Marketing,Customer appr.,Soccer Ticket,444,manual Entry,finance ops,accrual,Map to GL 6100
01/22/25,COGS,Cloud hosting,AWS / Datadog,"4,228",ERP,Erik,late invoice,Check sign
2025-11-30,G&A,Office rent,Landlord,"(1,005)",ERP,finance ops,accrual,
10/11/25,Mktg,Events & webinars,Various,"1,956",manual Entry,Andres,needs mapping,Vendor invoice late
03 Mar-26,G&A,Accounting fees,Brandon,"7,150",ERP,M. Chen,,Ask owner
05-May-26,Services,Support tools,Zendesk / Gainsight,"7,896",ERP,M. Chen,needs mapping,One-off item
04 Jul-25,Mktg,Paid media,Google / LinkedIn,"9,949",Pos,M. Chen,manual adj,Map to GL 6100
06/13/26,Revenue,Revenue,Retail Customer,"6,062",cash,Andres,needs mapping,Map to GL 6100
2025-12-29,Mktg,Customer appr.,Amazon gift c.,"9,971",manual Entry,,,Check sign
2025-04-21,COGS,Materials,Johnsons Supply,"2,804",Pos,TBD,Posted,One-off item
2025-04-21,Marketing,Google Ads,Google / LinkedIn,"4,034",Check,finance ops,accrual,One-off item
18-Jun-26,Marketing,Events & webinars,Various,"4,124",Pos,finance ops,,Vendor invoice late
18 Oct-25,Services,Prof services,Implementation clients,"2,837",Check,M. Chen,Posted,Timing issue
2025-02-14,Revenue,Product sales,Retail Customer,"4,851",cash,M. Chen,manual adj,Ask owner
18 May-26,Services,Prof services,Implementation clients,479,Pos,Alex - FP&A,accrual,Map to GL 6100
26-Feb-25,Mktg,Events & webinars,Various,"(5,923)",cash,TBD,needs mapping,
2025-10-26,Marketing,Paid media,Google / LinkedIn,"9,695",cash,Alex - FP&A,,Check sign
2025-12-09,Sales,Payroll - sales,Payroll,"4,641",cash,Alex - FP&A,Posted,Map to GL 6100
2026-02-14,Services,Support tools,Zendesk / Gainsight,"7,823",Pos,Andres,late invoice,Timing issue
2025-11-27,G&A,Legal fees,Europa Law firm,"7,996",cash,M. Chen,accrual,
05/29/26,Marketing,Paid media,Google / LinkedIn,146,Check,,needs mapping,One-off item
03/29/25,COGS,Payroll - eng,Payroll,"2,389",manual Entry,M. Chen,manual adj,Check sign
08-Sep-25,Services,Prof services,Implementation clients,"7,819",Check,TBD,Posted,One-off item
2025-08-16,Marketing,Google Ads,Google / LinkedIn,"(5,244)",cash,Alex - FP&A,manual adj,Check sign
13 Mar-25,Mktg,Paid media,Google / LinkedIn,"7,712",cash,M. Chen,needs mapping,Timing issue
03 Jul-26,COGS,Payroll - eng,Payroll,"(3,581)",cash,Andres,Posted,Map to GL 6100
2026-02-27,Services,Prof services,Implementation clients,"9,680",manual Entry,TBD,Posted,Map to GL 6100
2025-09-01,Revenue,Service,Retail Customer,"4,264",Pos,Andres,late invoice,
25-May-26,R&D,Payroll - eng,Payroll,"(2,730)",cash,,late invoice,One-off item
2025-12-18,Mktg,Events & webinars,Various,664,manual Entry,M. Chen,manual adj,Map to GL 6100
21-Feb-25,Sales,Sales commission,Payroll,"3,388",Pos,Alex - FP&A,posted,
2026-02-27,Mktg,Customer appr.,Soccer Ticket,"7,452",Check,,late invoice,Map to GL 6100
10/11/25,COGS,Materials,Walmart,"9,260",manual Entry,Andres,accrual,One-off item
10 Mar-26,Revenue,Revenue,Retail Customer,"3,042",ERP,Alex - FP&A,manual adj,Map to GL 6100
03-Jul-25,COGS,Materials,Johnsons Supply,"9,253",ERP,Erik,accrual,Ask owner
2025-09-07,R&D,Cloud hosting,AWS / Datadog,"6,195",cash,finance ops,posted,Timing issue
02 Jul-25,Marketing,Events & webinars,Various,"2,679",Pos,finance ops,manual adj,Map to GL 6100
03 Jul-26,Mktg,Paid media,Google / LinkedIn,661,Check,Erik,Posted,Ask owner
03/29/25,COGS,Payroll - eng,Payroll,"4,942",manual Entry,Erik,,Check sign
29 Oct-25,Revenue,Revenue,Retail Customer,"8,937",cash,,posted,Ask owner
28-Mar-25,COGS,Cloud hosting,AWS / Datadog,"3,587",ERP,TBD,Posted,Vendor invoice late
10/05/25,COGS,Cloud hosting,AWS / Datadog,482,Pos,Alex - FP&A,posted,
2026-04-29,Marketing,Google Ads,Google / LinkedIn,"6,312",Pos,Erik,late invoice,One-off item
01/19/25,G&A,Legal fees,Europa Law firm,"1,434",cash,TBD,Posted,Vendor invoice late
2025-07-13,Mktg,Events & webinars,Various,"6,792",ERP,Erik,late invoice,One-off item
24 Sep-25,Services,Support tools,Zendesk / Gainsight,"8,762",cash,Alex - FP&A,posted,
2026-01-31,G&A,Office rent,Landlord,"(7,727)",Check,Alex - FP&A,needs mapping,Timing issue
20-Mar-26,Services,Support tools,Zendesk / Gainsight,"6,890",Pos,Andres,accrual,One-off item
2025-12-14,COGS,Cloud hosting,AWS / Datadog,"2,323",cash,Andres,,Ask owner
03/29/25,Marketing,Events & webinars,Various,"(9,491)",manual Entry,,manual adj,Check sign
03 Jan-26,Revenue,Service,Corp. clients,"2,796",Pos,Erik,,One-off item
18-Jun-26,Revenue,Revenue,Retail Customer,"5,505",Pos,finance ops,posted,Ask owner
03 Mar-26,COGS,Payroll - eng,Payroll,"8,951",Check,Andres,accrual,
15-Apr-26,Revenue,Product sales,Retail Customer,362,Check,M. Chen,needs mapping,Check sign
08/27/25,Services,Support tools,Zendesk / Gainsight,"7,881",ERP,Alex - FP&A,,Timing issue
02 Mar-26,Services,Prof services,Implementation clients,"8,908",Pos,Andres,manual adj,Timing issue
2025-12-20,Revenue,Product sales,Retail Customer,"1,964",cash,,accrual,Timing issue
03/22/25,Sales,CRM / RevOps tools,Salesforce / Outreach,"2,256",ERP,TBD,manual adj,Ask owner
01 Jan-26,Marketing,Events & webinars,Various,"6,131",ERP,Andres,manual adj,Timing issue
04 Feb-26,Mktg,Events & webinars,Various,"7,695",cash,Andres,accrual,One-off item
12/23/25,Marketing,Paid media,Google / LinkedIn,"(1,182)",cash,M. Chen,late invoice,
25-May-26,Marketing,Customer appr.,Soccer Ticket,"9,620",ERP,TBD,,Timing issue
01/02/26,Revenue,Service,Corp. clients,260,ERP,Alex - FP&A,needs mapping,
21-Feb-25,R&D,Cloud hosting,AWS / Datadog,"9,112",cash,finance ops,accrual,Vendor invoice late
03 May-25,R&D,Cloud hosting,AWS / Datadog,"2,364",Pos,Erik,late invoice,Check sign
04/25/26,COGS,Payroll - eng,Payroll,"2,372",Check,Andres,Posted,
01/22/25,R&D,Cloud hosting,AWS / Datadog,"(8,364)",manual Entry,Erik,late invoice,
10 Oct-25,R&D,Payroll - eng,Payroll,"(3,952)",Check,TBD,posted,Check sign
10/11/25,Revenue,Revenue,Corp. clients,"8,972",ERP,Andres,posted,Map to GL 6100
20 Oct-25,Sales,Payroll - sales,Payroll,"1,975",manual Entry,Alex - FP&A,manual adj,
19 Apr-26,G&A,Legal fees,Buchalter,"5,211",Pos,Andres,needs mapping,Check sign
2025-12-17,Sales,Sales commission,Payroll,"7,545",ERP,finance ops,accrual,Ask owner
2025-01-04,Marketing,Events & webinars,Various,"3,672",Check,,needs mapping,Map to GL 6100
24 Dec-25,Services,Prof services,Implementation clients,"9,567",manual Entry,Erik,accrual,Check sign
02-Oct-25,G&A,Accounting fees,Jason CPA,"1,161",cash,Erik,posted,Map to GL 6100
07-Mar-26,Sales,Payroll - sales,Payroll,"7,668",Pos,Erik,accrual,
2026-03-21,G&A,Office rent,Landlord,"(1,786)",Check,finance ops,late invoice,
26 Feb-26,G&A,Accounting fees,Jason CPA,"5,097",cash,Erik,accrual,Vendor invoice late
2025-06-14,Marketing,Paid media,Google / LinkedIn,"4,048",Check,Erik,posted,One-off item
12/13/25,R&D,Cloud hosting,AWS / Datadog,"8,894",Pos,Alex - FP&A,,Check sign
03-Dec-25,Marketing,Google Ads,Google / LinkedIn,"4,160",cash,Alex - FP&A,Posted,One-off item
08-May-25,Sales,Payroll - sales,Payroll,"8,392",manual Entry,M. Chen,posted,Check sign
03 Sep-25,Marketing,Google Ads,Google / LinkedIn,"5,232",ERP,,manual adj,Vendor invoice late
02/10/25,Sales,CRM / RevOps tools,Salesforce / Outreach,"(2,039)",manual Entry,M. Chen,,One-off item
31-May-25,Mktg,Events & webinars,Various,511,manual Entry,finance ops,late invoice,One-off item
2025-12-04,R&D,AI automation,n8n,"9,126",cash,Erik,late invoice,Ask owner
2025-05-16,Services,Support tools,Zendesk / Gainsight,"1,183",Pos,,needs mapping,Ask owner
15 Jan-26,Mktg,Paid media,Google / LinkedIn,"8,098",cash,TBD,accrual,Map to GL 6100
2025-06-13,Revenue,Subscr. revenue,Retail Customer,338,manual Entry,M. Chen,late invoice,Check sign
25 Feb-26,Sales,Sales commission,Payroll,"1,377",ERP,M. Chen,posted,One-off item
23-Apr-26,Revenue,Service,Corp. clients,(443),manual Entry,Erik,,
03 Feb-25,Sales,Sales commission,Payroll,"1,944",ERP,,manual adj,Map to GL 6100
01/26/26,R&D,Payroll - eng,Payroll,"4,109",manual Entry,finance ops,posted,Check sign
2025-06-22,Revenue,Subscr. revenue,Corp. clients,"1,883",Check,TBD,,Map to GL 6100
11 May-25,COGS,Cloud hosting,AWS / Datadog,"3,194",manual Entry,Erik,late invoice,Check sign
21-Feb-25,Marketing,Events & webinars,Various,542,manual Entry,Alex - FP&A,manual adj,One-off item
13 Aug-25,R&D,Cloud hosting,AWS / Datadog,"7,493",ERP,finance ops,late invoice,Ask owner
18-Mar-26,Revenue,Revenue,Retail Customer,"(8,821)",manual Entry,finance ops,manual adj,One-off item
09 Nov-25,COGS,Materials,Electric house,505,Check,Erik,needs mapping,One-off item
25-May-26,Mktg,Events & webinars,Various,"1,896",Pos,Andres,Posted,Check sign
08-Nov-25,Revenue,Service,Corp. clients,"8,422",Pos,Erik,late invoice,Map to GL 6100
19 Jun-25,COGS,Cloud hosting,AWS / Datadog,"9,187",Pos,Andres,needs mapping,Timing issue
05-Apr-26,Marketing,Customer appr.,Amazon gift c.,"7,688",Check,Alex - FP&A,accrual,Map to GL 6100
03/21/25,G&A,Legal fees,Buchalter,"6,711",Check,TBD,late invoice,
21-Jun-26,G&A,Legal fees,Buchalter,"(7,954)",Pos,,needs mapping,
10 Dec-25,G&A,Legal fees,Buchalter,"3,080",cash,M. Chen,late invoice,Timing issue
17-Feb-26,Mktg,Customer appr.,Soccer Ticket,"2,249",cash,,accrual,Vendor invoice late
01-Mar-25,Marketing,Events & webinars,Various,"6,517",manual Entry,Erik,manual adj,One-off item
17-Feb-26,Revenue,Subscr. revenue,Retail Customer,"1,737",cash,M. Chen,,One-off item
09/10/25,R&D,Cloud hosting,AWS / Datadog,"1,393",manual Entry,,posted,Ask owner
2025-02-09,Revenue,Service,Corp. clients,"5,732",cash,Alex - FP&A,manual adj,One-off item
2025-06-29,Services,Support tools,Zendesk / Gainsight,"7,334",cash,finance ops,accrual,Timing issue
21-Feb-25,COGS,Payroll - eng,Payroll,"9,705",ERP,Erik,,Timing issue
24-Jul-25,Services,Prof services,Implementation clients,184,manual Entry,Alex - FP&A,late invoice,Ask owner
2025-09-01,Revenue,Subscr. revenue,Corp. clients,"(5,418)",manual Entry,Alex - FP&A,manual adj,Timing issue
29-Jan-26,G&A,Legal fees,Buchalter,"5,228",Check,M. Chen,posted,Ask owner
04/03/25,Revenue,Revenue,Corp. clients,"(4,243)",Pos,M. Chen,accrual,One-off item
2025-06-18,Services,Support tools,Zendesk / Gainsight,"9,514",Check,M. Chen,posted,One-off item
14 Jun-26,R&D,Payroll - eng,Payroll,"(8,176)",manual Entry,TBD,Posted,Vendor invoice late
05-Apr-26,COGS,Materials,Electric house,"5,944",cash,M. Chen,manual adj,Check sign
26 Feb-26,Mktg,Paid media,Google / LinkedIn,"2,103",ERP,finance ops,accrual,Vendor invoice late
02 Apr-26,COGS,Cloud hosting,AWS / Datadog,"2,763",Check,M. Chen,posted,Vendor invoice late
23-Sep-25,Mktg,Events & webinars,Various,"9,439",Check,Erik,accrual,Map to GL 6100
26-Jun-26,Services,Support tools,Zendesk / Gainsight,"4,268",cash,,accrual,Check sign
2026-01-04,Mktg,Paid media,Google / LinkedIn,"6,554",cash,TBD,Posted,Map to GL 6100
11-Mar-25,COGS,Materials,Electric house,"(3,329)",manual Entry,TBD,needs mapping,Check sign
12/23/25,G&A,Office rent,Landlord,"7,426",Pos,TBD,posted,Timing issue
05/26/25,Sales,CRM / RevOps tools,Salesforce / Outreach,"2,742",cash,TBD,manual adj,Check sign
01/24/26,Marketing,Customer appr.,Soccer Ticket,708,Check,finance ops,needs mapping,One-off item
03/21/25,Mktg,Customer appr.,Amazon gift c.,919,cash,Alex - FP&A,Posted,Ask owner
03/29/25,Revenue,Subscr. revenue,Retail Customer,"2,791",cash,TBD,late invoice,Check sign
17 Sep-25,Services,Prof services,Implementation clients,"5,658",manual Entry,Alex - FP&A,accrual,Timing issue
25 Feb-25,R&D,Cloud hosting,AWS / Datadog,"(7,297)",Pos,finance ops,posted,Timing issue
2025-07-06,Sales,Payroll - sales,Payroll,"2,794",Pos,finance ops,Posted,Ask owner
07 Apr-26,G&A,Legal fees,Buchalter,"4,297",Pos,Erik,manual adj,Timing issue
2025-11-23,Revenue,Revenue,Corp. clients,"9,061",Pos,Alex - FP&A,manual adj,Check sign
2025-12-14,Marketing,Customer appr.,Soccer Ticket,"(9,167)",Pos,Alex - FP&A,accrual,Map to GL 6100
09/12/25,COGS,Materials,Home Depot,"3,115",Pos,Andres,needs mapping,Vendor invoice late
20-Mar-26,Sales,Sales commission,Payroll,"(4,936)",Check,Alex - FP&A,needs mapping,Check sign
31 May-26,G&A,Office rent,Landlord,"(8,345)",Pos,M. Chen,needs mapping,
08-Nov-25,Services,Support tools,Zendesk / Gainsight,"(6,656)",cash,Erik,posted,One-off item
01/24/26,Marketing,Paid media,Google / LinkedIn,"6,712",manual Entry,M. Chen,accrual,Vendor invoice late
03-Dec-25,Services,Prof services,Implementation clients,160,manual Entry,TBD,posted,
04 Jul-25,Mktg,Events & webinars,Various,"7,305",cash,finance ops,manual adj,Check sign
2025-07-19,Revenue,Service,Corp. clients,"3,087",Pos,M. Chen,needs mapping,Map to GL 6100
04 Sep-25,Marketing,Customer appr.,Amazon gift c.,"5,031",cash,finance ops,accrual,Check sign
30-Jun-25,COGS,Payroll - eng,Payroll,"(2,488)",ERP,,accrual,Timing issue
05/14/25,Revenue,Revenue,Corp. clients,"3,878",Check,,accrual,Timing issue
05-Jun-25,COGS,Cloud hosting,AWS / Datadog,"4,266",manual Entry,TBD,manual adj,Timing issue
11-Mar-25,Marketing,Paid media,Google / LinkedIn,"6,563",manual Entry,Erik,Posted,Ask owner
29 Oct-25,COGS,Materials,Walmart,"9,576",Check,Alex - FP&A,Posted,Check sign
16 Mar-25,Services,Support tools,Zendesk / Gainsight,"(3,841)",Check,Alex - FP&A,accrual,Ask owner
08-Sep-25,Marketing,Paid media,Google / LinkedIn,"(1,053)",manual Entry,TBD,Posted,Timing issue
04/05/25,COGS,Payroll - eng,Payroll,"(1,140)",manual Entry,,needs mapping,Ask owner
04/03/25,Services,Support tools,Zendesk / Gainsight,"(4,850)",cash,Andres,posted,One-off item
2025-07-13,COGS,Cloud hosting,AWS / Datadog,"8,283",manual Entry,Alex - FP&A,Posted,Vendor invoice late
2025-12-18,Marketing,Customer appr.,Amazon gift c.,"1,616",manual Entry,TBD,late invoice,Timing issue
30 May-26,G&A,Accounting fees,Brandon,238,cash,finance ops,posted,Ask owner
19 Mar-26,Mktg,Customer appr.,Soccer Ticket,"2,929",Pos,,needs mapping,
02/20/25,Marketing,Customer appr.,Amazon gift c.,"1,657",ERP,,Posted,One-off item
10 Oct-25,Revenue,Subscr. revenue,Corp. clients,"8,461",cash,,,
04 Feb-26,Revenue,Product sales,Retail Customer,"8,157",cash,Erik,needs mapping,One-off item
2025-10-01,Sales,Payroll - sales,Payroll,"4,921",Check,Andres,Posted,
07 Feb-26,Marketing,Customer appr.,Soccer Ticket,"9,731",ERP,finance ops,manual adj,Vendor invoice late
2025-09-01,Revenue,Product sales,Retail Customer,138,Pos,Erik,accrual,Map to GL 6100
26 Sep-25,Mktg,Paid media,Google / LinkedIn,"4,601",cash,Erik,accrual,Vendor invoice late
10 Feb-26,COGS,Cloud hosting,AWS / Datadog,"5,355",ERP,finance ops,posted,Ask owner
09/05/25,R&D,Payroll - eng,Payroll,"7,478",cash,Erik,manual adj,Vendor invoice late
09 Jun-26,Services,Prof services,Implementation clients,"6,293",Check,,posted,Check sign
04-Jul-26,R&D,Payroll - eng,Payroll,"2,079",Check,TBD,Posted,Ask owner
2025-11-23,G&A,Legal fees,Buchalter,"1,153",cash,M. Chen,accrual,Vendor invoice late
01/27/26,Mktg,Events & webinars,Various,"7,002",Pos,TBD,needs mapping,Map to GL 6100
18 Oct-25,Services,Support tools,Zendesk / Gainsight,"4,139",cash,Erik,needs mapping,Vendor invoice late
11-Feb-25,COGS,Cloud hosting,AWS / Datadog,"7,834",cash,TBD,,
17-Feb-26,G&A,Legal fees,Buchalter,"7,758",Check,Andres,,Check sign
2025-01-14,R&D,Payroll - eng,Payroll,"8,156",manual Entry,Erik,accrual,Vendor invoice late
2026-05-28,Revenue,Service,Retail Customer,"4,429",cash,Alex - FP&A,needs mapping,Check sign
2025-10-15,Sales,Sales commission,Payroll,"4,352",ERP,,late invoice,
19 Apr-26,COGS,Payroll - eng,Payroll,"6,761",cash,M. Chen,manual adj,Vendor invoice late
12/02/25,G&A,Legal fees,Europa Law firm,"3,103",ERP,finance ops,accrual,Ask owner
11/12/25,Mktg,Paid media,Google / LinkedIn,769,manual Entry,,late invoice,One-off item
2025-11-27,COGS,Payroll - eng,Payroll,"(1,869)",ERP,TBD,accrual,Check sign
03/05/25,Marketing,Paid media,Google / LinkedIn,(377),ERP,Erik,posted,Timing issue
07/01/26,Sales,Payroll - sales,Payroll,"1,104",cash,Andres,manual adj,One-off item
11/06/25,R&D,Cloud hosting,AWS / Datadog,"8,247",Check,Andres,manual adj,Timing issue
15-Sep-25,R&D,Cloud hosting,AWS / Datadog,"6,841",cash,M. Chen,manual adj,Map to GL 6100
09/12/25,R&D,AI automation,n8n,"(7,469)",Pos,Andres,late invoice,One-off item
2025-09-16,Revenue,Service,Retail Customer,"8,203",manual Entry,finance ops,needs mapping,Map to GL 6100
2025-07-13,R&D,AI automation,n8n,"2,733",manual Entry,,needs mapping,Map to GL 6100
23-Sep-25,COGS,Materials,Electric house,"3,247",Check,Alex - FP&A,manual adj,Check sign
28 Jun-26,Services,Prof services,Implementation clients,"1,571",ERP,Erik,posted,Map to GL 6100
09/05/25,Mktg,Customer appr.,Amazon gift c.,790,manual Entry,M. Chen,,Vendor invoice late
07-Mar-26,Mktg,Events & webinars,Various,"1,450",ERP,,late invoice,
03-Jul-25,Mktg,Events & webinars,Various,"2,459",cash,Andres,,One-off item
18-Mar-26,Sales,CRM / RevOps tools,Salesforce / Outreach,"(4,423)",Pos,TBD,Posted,Timing issue
23-Mar-26,COGS,Materials,Electric house,"5,864",ERP,M. Chen,,Check sign
04 Feb-26,Sales,Sales commission,Payroll,"2,726",Check,finance ops,late invoice,Check sign
18-Jun-26,Mktg,Customer appr.,Amazon gift c.,"1,128",Pos,TBD,needs mapping,Map to GL 6100
08-Sep-25,G&A,Accounting fees,Brandon,"2,438",Pos,Andres,Posted,Vendor invoice late
25-Apr-25,COGS,Payroll - eng,Payroll,"9,509",manual Entry,M. Chen,accrual,Vendor invoice late
01/27/26,Mktg,Customer appr.,Gift hamper,"5,155",manual Entry,Erik,manual adj,Ask owner
2025-02-14,Marketing,Google Ads,Google / LinkedIn,"3,049",manual Entry,,,One-off item
2025-11-23,R&D,Payroll - eng,Payroll,"5,346",cash,Alex - FP&A,late invoice,
01/05/26,G&A,Legal fees,Europa Law firm,"7,269",cash,M. Chen,needs mapping,
20 Jun-26,Services,Support tools,Zendesk / Gainsight,"3,030",cash,Erik,needs mapping,Vendor invoice late
02/27/25,COGS,Materials,Home Depot,"7,506",manual Entry,Andres,,Check sign
2025-08-16,G&A,Legal fees,Europa Law firm,"(1,029)",Check,Alex - FP&A,late invoice,One-off item
10 Jul-25,COGS,Cloud hosting,AWS / Datadog,31,Pos,TBD,manual adj,
2026-04-29,COGS,Materials,Walmart,"6,251",manual Entry,Andres,,Check sign
03/22/25,R&D,Payroll - eng,Payroll,"2,913",ERP,TBD,needs mapping,Timing issue
30-May-25,Sales,Sales commission,Payroll,"2,529",manual Entry,M. Chen,accrual,One-off item
08-May-25,Sales,Sales commission,Payroll,"7,752",Pos,Erik,late invoice,Check sign
12/23/25,G&A,Office rent,Landlord,"5,229",cash,Alex - FP&A,late invoice,Check sign
2026-02-14,Revenue,Product sales,Retail Customer,"4,631",cash,finance ops,,
30 May-26,Revenue,Product sales,Retail Customer,68,manual Entry,Erik,manual adj,
2025-06-13,COGS,Cloud hosting,AWS / Datadog,"6,582",Pos,finance ops,needs mapping,Check sign
2025-12-06,R&D,Payroll - eng,Payroll,"6,028",Pos,M. Chen,Posted,Ask owner
11-Feb-25,Mktg,Paid media,Google / LinkedIn,"9,874",manual Entry,TBD,,Check sign
10 Jan-25,Marketing,Events & webinars,Various,965,manual Entry,Andres,needs mapping,Ask owner
21 Dec-25,R&D,Payroll - eng,Payroll,"7,133",Check,Erik,posted,Timing issue
24-Jul-25,Mktg,Events & webinars,Various,"(6,402)",cash,Andres,Posted,Check sign
06-Jun-26,Revenue,Subscr. revenue,Corp. clients,"(8,368)",ERP,M. Chen,posted,One-off item
20 Oct-25,Marketing,Events & webinars,Various,"6,573",manual Entry,,accrual,Check sign
25 Oct-25,G&A,Legal fees,Europa Law firm,"6,356",Check,,late invoice,Check sign
11/26/25,Sales,Payroll - sales,Payroll,"7,416",manual Entry,TBD,manual adj,Map to GL 6100
04-Oct-25,R&D,Cloud hosting,AWS / Datadog,"9,729",ERP,,accrual,Check sign
25-Dec-25,G&A,Accounting fees,Brandon,"2,709",ERP,Erik,Posted,Map to GL 6100
19 Apr-26,COGS,Materials,Electric house,"(3,479)",Pos,,accrual,Timing issue
07 Mar-25,Revenue,Revenue,Retail Customer,"2,080",cash,,,Ask owner
22 Oct-25,Mktg,Customer appr.,Soccer Ticket,"3,734",manual Entry,Alex - FP&A,Posted,Timing issue
27 Oct-25,COGS,Payroll - eng,Payroll,"9,331",Check,M. Chen,accrual,Timing issue
13 Nov-25,Sales,Payroll - sales,Payroll,572,Check,Erik,accrual,Map to GL 6100
14-Oct-25,Sales,Sales commission,Payroll,529,manual Entry,Erik,needs mapping,Timing issue
27-Jan-25,COGS,Payroll - eng,Payroll,"(3,354)",manual Entry,TBD,Posted,Check sign
2026-02-27,Marketing,Google Ads,Google / LinkedIn,(897),Pos,finance ops,posted,Check sign
10/31/25,COGS,Cloud hosting,AWS / Datadog,"4,034",Pos,Andres,posted,Vendor invoice late
2026-01-04,Sales,CRM / RevOps tools,Salesforce / Outreach,"3,286",Pos,Andres,manual adj,One-off item
12/13/25,Marketing,Events & webinars,Various,"6,277",Pos,Andres,manual adj,Ask owner
02-Aug-25,Revenue,Revenue,Corp. clients,"7,801",ERP,finance ops,Posted,Timing issue
06/11/25,Services,Prof services,Implementation clients,"8,655",ERP,,needs mapping,
2025-01-15,Mktg,Paid media,Google / LinkedIn,"6,102",Pos,Andres,Posted,Ask owner
07/05/26,Services,Support tools,Zendesk / Gainsight,"1,764",Check,M. Chen,Posted,Vendor invoice late
01/27/26,Marketing,Google Ads,Google / LinkedIn,"(6,578)",Check,,posted,Timing issue
2025-06-18,Sales,Sales commission,Payroll,"(1,211)",manual Entry,M. Chen,needs mapping,
2026-01-20,G&A,Accounting fees,Jason CPA,"7,036",manual Entry,Andres,Posted,Timing issue
2026-03-11,Revenue,Service,Retail Customer,"7,761",Check,Erik,needs mapping,One-off item
15 Jan-26,G&A,Office rent,Landlord,"5,848",ERP,Andres,late invoice,One-off item
01/19/26,COGS,Payroll - eng,Payroll,"2,017",manual Entry,M. Chen,late invoice,Map to GL 6100
05/14/25,COGS,Materials,Home Depot,993,Check,M. Chen,accrual,Map to GL 6100
23 Jun-26,R&D,AI automation,n8n,"3,621",cash,,Posted,Map to GL 6100
04-May-26,Revenue,Service,Corp. clients,"1,738",Check,Alex - FP&A,posted,Ask owner
08-May-25,Revenue,Service,Retail Customer,"2,334",Check,M. Chen,,Timing issue
01/26/26,Services,Support tools,Zendesk / Gainsight,"1,367",manual Entry,finance ops,Posted,
02-Oct-25,R&D,Payroll - eng,Payroll,"(6,079)",Check,Andres,,Timing issue
06/10/26,Services,Support tools,Zendesk / Gainsight,"3,657",Check,Andres,late invoice,Map to GL 6100
27-Jun-25,COGS,Materials,Home Depot,"3,277",cash,Alex - FP&A,late invoice,
15-Feb-25,G&A,Accounting fees,Jason CPA,"3,373",Check,TBD,manual adj,Check sign
13 Nov-25,Services,Support tools,Zendesk / Gainsight,"(5,861)",cash,Erik,posted,Check sign
18 Jan-25,Marketing,Google Ads,Google / LinkedIn,"9,677",cash,Erik,Posted,
2026-04-18,COGS,Materials,Walmart,"1,006",Check,finance ops,needs mapping,
09 Jun-26,Revenue,Product sales,Corp. clients,"2,441",ERP,,Posted,One-off item
2025-05-19,Sales,Sales commission,Payroll,"3,394",Check,Alex - FP&A,late invoice,Check sign
27-Mar-26,Services,Support tools,Zendesk / Gainsight,"8,741",manual Entry,finance ops,posted,Check sign
26-Feb-25,Marketing,Events & webinars,Various,"9,256",manual Entry,TBD,accrual,Check sign
03 Feb-25,Mktg,Customer appr.,Amazon gift c.,977,Check,finance ops,Posted,One-off item
2025-07-12,Mktg,Paid media,Google / LinkedIn,"4,599",manual Entry,finance ops,posted,Ask owner
05-Apr-26,Mktg,Events & webinars,Various,528,ERP,,posted,Vendor invoice late
02/01/26,Marketing,Paid media,Google / LinkedIn,537,cash,Erik,late invoice,Vendor invoice late
02/27/25,G&A,Legal fees,Buchalter,"7,898",cash,Alex - FP&A,needs mapping,Check sign
2025-11-14,Revenue,Revenue,Retail Customer,315,manual Entry,finance ops,manual adj,
04-Jul-26,Mktg,Paid media,Google / LinkedIn,126,Check,finance ops,posted,Ask owner
25-Apr-25,Services,Prof services,Implementation clients,"2,654",Pos,M. Chen,,One-off item
10/11/25,Services,Prof services,Implementation clients,"(3,286)",Pos,Alex - FP&A,accrual,Vendor invoice late
31-Mar-25,G&A,Accounting fees,Brandon,"6,650",cash,finance ops,late invoice,Vendor invoice late
15-Apr-26,COGS,Cloud hosting,AWS / Datadog,"5,198",cash,TBD,,Check sign
2026-02-27,Mktg,Events & webinars,Various,"4,443",ERP,finance ops,Posted,Ask owner
2025-06-29,R&D,Cloud hosting,AWS / Datadog,"(6,164)",manual Entry,TBD,needs mapping,
02 Apr-26,Services,Prof services,Implementation clients,"2,617",manual Entry,Andres,late invoice,One-off item
2025-12-18,G&A,Office rent,Landlord,"1,838",Check,,manual adj,One-off item
31 May-26,Services,Support tools,Zendesk / Gainsight,"8,336",manual Entry,Alex - FP&A,accrual,One-off item
20 Oct-25,Mktg,Paid media,Google / LinkedIn,"6,078",cash,,posted,Map to GL 6100
11/12/25,Sales,Sales commission,Payroll,"2,468",Pos,Andres,accrual,One-off item
04/17/25,COGS,Materials,Home Depot,"(5,014)",ERP,finance ops,manual adj,One-off item
25-May-26,R&D,AI automation,n8n,"2,968",ERP,Erik,accrual,Check sign
28 Jun-26,Services,Prof services,Implementation clients,"7,711",ERP,,,One-off item
02/16/26,Mktg,Customer appr.,Soccer Ticket,(473),Pos,finance ops,manual adj,Vendor invoice late
08/30/25,COGS,Materials,Walmart,"9,423",ERP,Alex - FP&A,accrual,One-off item
05/13/26,R&D,Cloud hosting,AWS / Datadog,"7,461",Check,M. Chen,Posted,One-off item
01/27/26,G&A,Legal fees,Buchalter,"7,157",Pos,,,
05-May-26,Mktg,Paid media,Google / LinkedIn,"2,342",Pos,Andres,posted,Map to GL 6100
2025-06-14,Mktg,Paid media,Google / LinkedIn,"5,195",Check,,manual adj,Ask owner
10 May-26,Sales,Sales commission,Payroll,"4,933",Check,finance ops,late invoice,Timing issue
05/28/25,G&A,Legal fees,Buchalter,"3,862",manual Entry,Andres,Posted,Check sign
23-Mar-25,G&A,Legal fees,Buchalter,"8,822",cash,M. Chen,,One-off item
03 Jul-26,R&D,Cloud hosting,AWS / Datadog,"(3,429)",manual Entry,Alex - FP&A,accrual,Map to GL 6100
04/03/25,Services,Prof services,Implementation clients,"(7,675)",Check,Alex - FP&A,accrual,Check sign
13 Nov-25,COGS,Materials,Walmart,908,ERP,Erik,,Timing issue
11 May-25,Marketing,Customer appr.,Amazon gift c.,"9,289",ERP,,manual adj,Map to GL 6100
2025-08-16,G&A,Accounting fees,Brandon,"3,256",Check,Alex - FP&A,late invoice,Check sign
2026-01-31,R&D,AI automation,n8n,"4,057",Pos,Andres,manual adj,One-off item
01/27/26,G&A,Legal fees,Europa Law firm,"6,366",ERP,finance ops,,Vendor invoice late
09/30/25,Mktg,Paid media,Google / LinkedIn,"5,335",Pos,M. Chen,manual adj,Map to GL 6100
09/30/25,COGS,Materials,Electric house,"1,503",manual Entry,TBD,,Check sign
18 Jan-25,R&D,Payroll - eng,Payroll,"7,923",Pos,Andres,,
06 Feb-25,COGS,Payroll - eng,Payroll,"1,620",cash,M. Chen,Posted,
25-Jan-26,Sales,Payroll - sales,Payroll,"6,862",Pos,finance ops,needs mapping,Timing issue
12-Apr-25,Marketing,Paid media,Google / LinkedIn,"9,983",manual Entry,Alex - FP&A,posted,Timing issue
01 Dec-25,G&A,Accounting fees,Brandon,"2,834",Check,finance ops,posted,
31 May-26,Revenue,Revenue,Retail Customer,"4,652",cash,TBD,posted,One-off item
22 Oct-25,G&A,Office rent,Landlord,"(4,915)",manual Entry,,manual adj,Vendor invoice late
04-Oct-25,COGS,Cloud hosting,AWS / Datadog,"(8,895)",cash,TBD,needs mapping,Map to GL 6100
2026-01-17,Revenue,Service,Retail Customer,"4,947",Check,TBD,accrual,Vendor invoice late
04/17/25,Mktg,Customer appr.,Amazon gift c.,681,Pos,TBD,Posted,
2025-07-26,Mktg,Paid media,Google / LinkedIn,(626),Check,finance ops,accrual,Vendor invoice late
15-Feb-25,R&D,AI automation,n8n,"3,079",ERP,Erik,Posted,One-off item
2026-03-06,COGS,Cloud hosting,AWS / Datadog,"8,608",Check,,posted,Vendor invoice late
2025-10-15,G&A,Legal fees,Buchalter,"3,472",Check,Alex - FP&A,late invoice,One-off item
14 Jun-26,Services,Support tools,Zendesk / Gainsight,"3,602",manual Entry,M. Chen,late invoice,Ask owner
05/22/26,Services,Support tools,Zendesk / Gainsight,"2,375",Check,Alex - FP&A,posted,Vendor invoice late
18 May-26,Sales,Payroll - sales,Payroll,"3,619",Check,Erik,late invoice,Ask owner
15-Apr-26,R&D,Payroll - eng,Payroll,"3,315",Pos,Andres,accrual,Timing issue
03/05/25,Services,Prof services,Implementation clients,"1,524",ERP,finance ops,Posted,
31-May-25,R&D,AI automation,n8n,"8,956",cash,Erik,late invoice,Check sign
2025-07-19,COGS,Materials,Home Depot,"8,514",cash,TBD,late invoice,Timing issue
13 Mar-25,R&D,Payroll - eng,Payroll,"1,989",ERP,Erik,,Ask owner
05/04/25,Sales,Sales commission,Payroll,"1,964",Pos,Alex - FP&A,Posted,Ask owner
09/30/25,Services,Prof services,Implementation clients,"(1,962)",cash,M. Chen,,
01/24/26,Sales,Payroll - sales,Payroll,"9,086",manual Entry,M. Chen,,Timing issue
02-Jun-25,Sales,Sales commission,Payroll,268,cash,Andres,late invoice,Vendor invoice late
03-Dec-25,G&A,Accounting fees,Brandon,"(7,168)",Pos,finance ops,Posted,Map to GL 6100
16-Dec-25,R&D,Cloud hosting,AWS / Datadog,"3,917",Check,M. Chen,accrual,One-off item
03/21/25,Sales,CRM / RevOps tools,Salesforce / Outreach,"9,521",Check,Alex - FP&A,late invoice,Check sign
07-Mar-26,Revenue,Service,Corp. clients,"8,755",Check,TBD,needs mapping,One-off item
26-Feb-25,Revenue,Service,Corp. clients,"8,268",cash,TBD,needs mapping,Timing issue
12/23/25,Services,Support tools,Zendesk / Gainsight,"3,179",ERP,Erik,needs mapping,One-off item
2025-06-14,COGS,Cloud hosting,AWS / Datadog,"5,138",ERP,Andres,Posted,Map to GL 6100
03-Jul-25,Mktg,Events & webinars,Various,"5,131",Pos,TBD,posted,Check sign
10 Dec-25,Mktg,Customer appr.,Amazon gift c.,"(7,262)",cash,,Posted,One-off item
05/28/25,Services,Prof services,Implementation clients,"5,464",Check,Alex - FP&A,needs mapping,Ask owner
2026-04-18,Revenue,Product sales,Corp. clients,"(1,466)",ERP,M. Chen,posted,Check sign
05-Apr-26,Mktg,Events & webinars,Various,"7,463",manual Entry,TBD,,One-off item
2025-01-16,Services,Support tools,Zendesk / Gainsight,611,ERP,TBD,posted,
11/11/25,Services,Prof services,Implementation clients,"4,764",Pos,Andres,needs mapping,Timing issue
29-Jul-25,Sales,Sales commission,Payroll,116,cash,Andres,needs mapping,One-off item
04 Sep-25,Revenue,Product sales,Retail Customer,"7,589",cash,M. Chen,Posted,Timing issue
2025-04-10,COGS,Payroll - eng,Payroll,"1,576",Pos,Alex - FP&A,posted,Map to GL 6100
13-Sep-25,COGS,Cloud hosting,AWS / Datadog,"1,513",ERP,M. Chen,Posted,Ask owner
16-May-26,R&D,AI automation,n8n,"3,022",Pos,,Posted,
19 Feb-25,Sales,CRM / RevOps tools,Salesforce / Outreach,229,manual Entry,Andres,Posted,Check sign
14 Jun-26,G&A,Legal fees,Europa Law firm,"5,448",Pos,Erik,needs mapping,Check sign
08-May-25,R&D,Cloud hosting,AWS / Datadog,970,ERP,Alex - FP&A,needs mapping,
10 May-26,R&D,AI automation,n8n,"(9,505)",manual Entry,,accrual,
12/23/25,R&D,Payroll - eng,Payroll,"6,855",Pos,TBD,Posted,Ask owner
05/04/25,Revenue,Product sales,Corp. clients,"2,508",Pos,Alex - FP&A,accrual,Ask owner
03/25/25,Mktg,Customer appr.,Soccer Ticket,"7,372",manual Entry,Alex - FP&A,manual adj,Map to GL 6100
06/15/26,COGS,Materials,Johnsons Supply,"6,182",Check,M. Chen,accrual,Vendor invoice late
05/28/25,Revenue,Service,Corp. clients,"4,878",manual Entry,,,Ask owner
06-Jun-26,Revenue,Product sales,Retail Customer,"9,170",Pos,TBD,manual adj,Check sign
03 Mar-26,R&D,Cloud hosting,AWS / Datadog,"(9,764)",manual Entry,,needs mapping,Timing issue
11 Dec-25,Sales,Sales commission,Payroll,"6,787",manual Entry,Alex - FP&A,Posted,Check sign
15-Sep-25,Marketing,Events & webinars,Various,"3,472",Pos,Erik,late invoice,Check sign
12 Mar-26,Mktg,Customer appr.,Soccer Ticket,"1,105",Check,M. Chen,,Ask owner
09/12/25,Marketing,Paid media,Google / LinkedIn,"2,402",manual Entry,Erik,late invoice,Map to GL 6100
2025-07-06,Mktg,Events & webinars,Various,"2,584",ERP,Alex - FP&A,Posted,Vendor invoice late
10 Jul-25,G&A,Legal fees,Europa Law firm,"4,042",cash,TBD,,Timing issue
2026-03-11,COGS,Cloud hosting,AWS / Datadog,"4,932",manual Entry,finance ops,needs mapping,Vendor invoice late
03/21/25,Services,Support tools,Zendesk / Gainsight,"8,402",Pos,finance ops,accrual,
27 Mar-25,R&D,AI automation,n8n,"9,191",Check,TBD,manual adj,One-off item
03/05/25,Mktg,Events & webinars,Various,"2,349",ERP,,manual adj,Ask owner
06/04/26,G&A,Legal fees,Europa Law firm,"9,836",cash,Erik,manual adj,Vendor invoice late
07 Oct-25,R&D,AI automation,n8n,"7,253",Check,M. Chen,accrual,Ask owner
03 Mar-26,Revenue,Subscr. revenue,Corp. clients,"9,129",cash,Erik,,Check sign
2026-06-19,COGS,Materials,Electric house,"1,992",Pos,Erik,accrual,
02-Jun-25,Marketing,Paid media,Google / LinkedIn,"3,416",ERP,Alex - FP&A,accrual,Timing issue
2026-04-10,R&D,Cloud hosting,AWS / Datadog,"9,405",ERP,TBD,accrual,
03 Jan-26,G&A,Legal fees,Buchalter,"3,771",ERP,TBD,accrual,Ask owner
2026-06-11,Mktg,Paid media,Google / LinkedIn,(873),cash,,Posted,Map to GL 6100
05-Jun-25,Sales,Sales commission,Payroll,"7,340",cash,Erik,accrual,Check sign
26-Dec-25,Marketing,Customer appr.,Gift hamper,"2,670",ERP,finance ops,posted,Map to GL 6100
2025-11-23,COGS,Materials,Electric house,"8,915",ERP,,manual adj,One-off item
2025-10-08,Marketing,Google Ads,Google / LinkedIn,"9,962",cash,,Posted,Check sign
2025-01-04,Services,Prof services,Implementation clients,"3,973",ERP,M. Chen,manual adj,Timing issue
13 Jan-25,Mktg,Customer appr.,Amazon gift c.,"8,673",cash,Alex - FP&A,posted,Ask owner
2025-01-04,G&A,Office rent,Landlord,"7,011",ERP,Alex - FP&A,posted,Map to GL 6100
11 Dec-25,Revenue,Subscr. revenue,Corp. clients,306,manual Entry,M. Chen,needs mapping,
23 Jun-26,Revenue,Product sales,Corp. clients,"3,357",cash,M. Chen,Posted,Check sign
03 Apr-26,Mktg,Paid media,Google / LinkedIn,"4,139",ERP,Alex - FP&A,needs mapping,Vendor invoice late
05/28/25,COGS,Payroll - eng,Payroll,"6,744",Pos,M. Chen,posted,One-off item
06/26/25,Revenue,Product sales,Corp. clients,"(3,153)",manual Entry,Alex - FP&A,late invoice,
02/15/26,Revenue,Revenue,Retail Customer,301,manual Entry,finance ops,,Ask owner
2026-07-02,Revenue,Revenue,Retail Customer,"8,121",manual Entry,TBD,,Vendor invoice late
12-Apr-25,Marketing,Google Ads,Google / LinkedIn,"5,327",Pos,Erik,,One-off item
07/12/26,R&D,AI automation,n8n,"4,351",Pos,finance ops,,Map to GL 6100
07 Feb-26,Services,Prof services,Implementation clients,"7,571",Check,M. Chen,late invoice,
2025-06-08,R&D,AI automation,n8n,"1,115",Pos,,late invoice,Timing issue
04 Jul-25,G&A,Accounting fees,Brandon,"8,429",Pos,M. Chen,late invoice,Ask owner
12-Apr-25,Sales,Payroll - sales,Payroll,"3,876",cash,,posted,Ask owner
29-Nov-25,Sales,Sales commission,Payroll,"4,626",Check,Erik,Posted,Ask owner
2025-07-12,Sales,CRM / RevOps tools,Salesforce / Outreach,"7,483",Pos,TBD,manual adj,Check sign
18 Jan-26,Marketing,Paid media,Google / LinkedIn,"4,099",Pos,M. Chen,late invoice,Timing issue
03 Jul-26,Revenue,Subscr. revenue,Corp. clients,"6,226",Check,M. Chen,needs mapping,
2025-12-29,Marketing,Customer appr.,Soccer Ticket,"8,663",Check,Erik,Posted,Timing issue
04-Oct-25,Revenue,Revenue,Retail Customer,"8,245",ERP,,,Check sign
07/09/26,Revenue,Service,Retail Customer,"(9,555)",ERP,finance ops,Posted,Ask owner
15-Apr-25,Revenue,Product sales,Retail Customer,"(8,473)",ERP,M. Chen,Posted,One-off item
02/10/25,Sales,Payroll - sales,Payroll,"3,353",Pos,TBD,late invoice,One-off item
16 Mar-25,G&A,Legal fees,Buchalter,"2,521",ERP,Erik,late invoice,Ask owner
02/01/26,Marketing,Events & webinars,Various,757,Pos,,posted,Check sign
22 Mar-26,G&A,Legal fees,Europa Law firm,"1,083",cash,M. Chen,needs mapping,One-off item
03/05/25,Revenue,Service,Retail Customer,"(8,130)",cash,,Posted,Check sign
29-Nov-25,Mktg,Events & webinars,Various,"9,449",cash,Alex - FP&A,posted,Check sign
27-Jan-25,Services,Prof services,Implementation clients,(465),Check,TBD,,Check sign
30 Mar-25,COGS,Cloud hosting,AWS / Datadog,"2,008",Pos,Erik,needs mapping,Check sign
22 Oct-25,Services,Prof services,Implementation clients,"6,924",Check,Erik,manual adj,Timing issue
12/23/25,Sales,Sales commission,Payroll,"1,261",cash,Alex - FP&A,Posted,Check sign
21-Apr-26,Sales,Payroll - sales,Payroll,"3,847",ERP,Andres,manual adj,
18 May-26,Revenue,Subscr. revenue,Retail Customer,"6,732",Pos,finance ops,posted,Map to GL 6100
04-Jul-26,Sales,Sales commission,Payroll,"(8,406)",Check,TBD,late invoice,Vendor invoice late
2026-06-08,Marketing,Events & webinars,Various,"(2,771)",cash,TBD,manual adj,One-off item
2026-04-29,Mktg,Events & webinars,Various,"5,795",cash,Alex - FP&A,,One-off item
2026-01-20,R&D,Cloud hosting,AWS / Datadog,"8,330",Pos,,,Vendor invoice late
16 Apr-26,R&D,Cloud hosting,AWS / Datadog,"(6,514)",manual Entry,TBD,accrual,Check sign
01/05/26,Mktg,Customer appr.,Gift hamper,"(7,818)",cash,Andres,,Map to GL 6100
07-Aug-25,R&D,Payroll - eng,Payroll,"6,123",Pos,TBD,needs mapping,Timing issue
16-Dec-25,Marketing,Paid media,Google / LinkedIn,"4,881",Pos,Andres,manual adj,Ask owner
02/10/25,COGS,Cloud hosting,AWS / Datadog,"3,444",ERP,finance ops,posted,Ask owner
2025-11-14,COGS,Cloud hosting,AWS / Datadog,"7,505",Pos,,needs mapping,
2025-04-10,Mktg,Customer appr.,Amazon gift c.,"(4,720)",cash,TBD,,Map to GL 6100
10 Jan-25,Marketing,Paid media,Google / LinkedIn,"6,736",ERP,Alex - FP&A,needs mapping,
29-Nov-25,COGS,Payroll - eng,Payroll,"(3,562)",manual Entry,Erik,manual adj,Check sign
2025-11-19,Mktg,Events & webinars,Various,"8,643",manual Entry,,posted,Timing issue
03/12/25,Services,Support tools,Zendesk / Gainsight,"8,029",Pos,,needs mapping,Vendor invoice late
2025-03-19,G&A,Accounting fees,Brandon,"5,188",cash,M. Chen,,Ask owner
07 Jul-25,Sales,CRM / RevOps tools,Salesforce / Outreach,"6,284",ERP,finance ops,needs mapping,
07/15/25,G&A,Office rent,Landlord,"(3,147)",ERP,M. Chen,accrual,Timing issue
2026-01-17,Revenue,Product sales,Corp. clients,"4,283",manual Entry,Andres,posted,Timing issue
21-Feb-25,Sales,Payroll - sales,Payroll,70,cash,Erik,posted,
04-Jul-26,Mktg,Paid media,Google / LinkedIn,"2,833",Pos,Erik,accrual,
14-Oct-25,Mktg,Events & webinars,Various,"3,422",Pos,Erik,needs mapping,Map to GL 6100
2025-12-20,G&A,Office rent,Landlord,"3,700",Check,TBD,late invoice,Check sign
05/21/25,G&A,Legal fees,Buchalter,"(3,988)",Pos,TBD,Posted,Timing issue
06 Oct-25,Sales,Sales commission,Payroll,105,Check,Andres,accrual,Ask owner
10/05/25,Revenue,Revenue,Corp. clients,"2,660",manual Entry,Alex - FP&A,accrual,Ask owner
31-Mar-25,Mktg,Events & webinars,Various,"6,246",cash,TBD,,Check sign
12/23/25,Marketing,Google Ads,Google / LinkedIn,882,Pos,Erik,posted,Timing issue
2026-03-25,Revenue,Subscr. revenue,Corp. clients,250,cash,Erik,manual adj,
11/12/25,COGS,Payroll - eng,Payroll,"6,869",ERP,M. Chen,late invoice,Map to GL 6100
11/11/25,Services,Prof services,Implementation clients,"(7,300)",manual Entry,finance ops,needs mapping,Check sign
15-Apr-26,COGS,Materials,Johnsons Supply,"8,095",ERP,M. Chen,late invoice,Check sign
27 Oct-25,Revenue,Service,Corp. clients,"2,049",manual Entry,M. Chen,posted,Ask owner
02 Jul-25,Mktg,Events & webinars,Various,"3,646",ERP,Andres,manual adj,Timing issue
2025-05-22,R&D,Payroll - eng,Payroll,"6,292",manual Entry,Andres,accrual,Vendor invoice late
03/25/25,Services,Prof services,Implementation clients,"6,233",ERP,M. Chen,Posted,Timing issue
01/05/25,Revenue,Product sales,Corp. clients,"1,668",ERP,Erik,late invoice,Ask owner
11/11/25,COGS,Cloud hosting,AWS / Datadog,"2,630",manual Entry,TBD,needs mapping,One-off item
05-Feb-25,Revenue,Subscr. revenue,Corp. clients,"2,401",cash,Alex - FP&A,,Check sign
10 Nov-25,COGS,Cloud hosting,AWS / Datadog,"8,929",Check,Andres,manual adj,Ask owner
2025-01-14,R&D,Payroll - eng,Payroll,"9,117",Check,M. Chen,manual adj,Vendor invoice late
09/30/25,Sales,Payroll - sales,Payroll,"3,234",Pos,Andres,Posted,
04/05/25,Sales,CRM / RevOps tools,Salesforce / Outreach,"(2,926)",ERP,Andres,posted,
2025-11-27,Mktg,Paid media,Google / LinkedIn,"(8,878)",Check,Andres,Posted,One-off item
2025-06-13,Services,Support tools,Zendesk / Gainsight,"(6,679)",cash,M. Chen,needs mapping,Ask owner
23 Jun-26,Marketing,Events & webinars,Various,"6,001",ERP,finance ops,late invoice,Timing issue
2026-04-10,R&D,Cloud hosting,AWS / Datadog,"9,551",Pos,TBD,accrual,
06/13/26,Mktg,Customer appr.,Gift hamper,"(7,858)",ERP,Andres,needs mapping,Timing issue
03-Dec-25,COGS,Payroll - eng,Payroll,"6,476",manual Entry,Erik,needs mapping,Timing issue
30-May-25,Sales,Payroll - sales,Payroll,"2,002",Pos,Erik,posted,One-off item
18-Jun-26,R&D,Cloud hosting,AWS / Datadog,"1,184",Check,,needs mapping,Vendor invoice late
10 Feb-26,Sales,Sales commission,Payroll,"9,038",cash,,Posted,Ask owner
2025-06-08,COGS,Payroll - eng,Payroll,"9,628",manual Entry,Erik,posted,One-off item
2025-06-29,Revenue,Revenue,Corp. clients,"6,614",Check,Andres,accrual,Ask owner
12 Mar-26,Sales,Payroll - sales,Payroll,"8,295",cash,Erik,posted,Map to GL 6100
05-May-26,R&D,Cloud hosting,AWS / Datadog,446,cash,,accrual,Map to GL 6100
11/06/25,COGS,Cloud hosting,AWS / Datadog,"5,926",ERP,,late invoice,
2025-12-06,Services,Prof services,Implementation clients,"(8,648)",Check,Alex - FP&A,late invoice,One-off item
05-Feb-25,Mktg,Paid media,Google / LinkedIn,"7,839",Pos,,posted,One-off item
07/12/26,Mktg,Customer appr.,Amazon gift c.,"4,886",cash,,manual adj,Map to GL 6100
11/11/25,R&D,Cloud hosting,AWS / Datadog,"4,274",Check,Erik,late invoice,Check sign
04 Mar-25,Revenue,Revenue,Retail Customer,"7,107",manual Entry,Erik,late invoice,Timing issue
2025-06-22,Mktg,Paid media,Google / LinkedIn,"5,309",Pos,M. Chen,,Vendor invoice late
03/25/25,Revenue,Service,Retail Customer,"(2,335)",cash,M. Chen,,Check sign
05/21/25,Marketing,Google Ads,Google / LinkedIn,"5,593",manual Entry,Erik,posted,Timing issue
04/03/25,COGS,Cloud hosting,AWS / Datadog,"6,720",ERP,Erik,accrual,Vendor invoice late
07 Apr-26,Services,Support tools,Zendesk / Gainsight,"6,873",cash,finance ops,needs mapping,
2026-06-16,R&D,Payroll - eng,Payroll,"3,826",ERP,,manual adj,One-off item
10 Mar-26,Mktg,Paid media,Google / LinkedIn,"4,788",manual Entry,Andres,posted,
29-Nov-25,R&D,Cloud hosting,AWS / Datadog,"8,379",ERP,Alex - FP&A,late invoice,Check sign
2025-09-16,COGS,Cloud hosting,AWS / Datadog,"6,538",cash,Andres,manual adj,Timing issue
01/05/25,COGS,Payroll - eng,Payroll,"8,034",Pos,Erik,posted,
25 Feb-26,Marketing,Customer appr.,Gift hamper,"3,540",manual Entry,Andres,posted,Check sign
10/17/25,Mktg,Customer appr.,Amazon gift c.,"8,531",Check,Erik,posted,
12/13/25,COGS,Cloud hosting,AWS / Datadog,"2,179",Pos,finance ops,needs mapping,Vendor invoice late
2026-05-07,COGS,Payroll - eng,Payroll,"7,993",ERP,TBD,late invoice,Check sign
2025-04-10,Mktg,Paid media,Google / LinkedIn,"5,036",ERP,finance ops,needs mapping,One-off item
07/15/25,Mktg,Events & webinars,Various,"8,990",ERP,finance ops,Posted,
26 Sep-25,Sales,Payroll - sales,Payroll,"8,505",Check,finance ops,Posted,Ask owner
2025-06-29,Mktg,Paid media,Google / LinkedIn,"9,689",manual Entry,Alex - FP&A,needs mapping,Check sign
06/11/25,COGS,Cloud hosting,AWS / Datadog,"6,963",ERP,Andres,late invoice,Map to GL 6100
06 Sep-25,G&A,Legal fees,Buchalter,"9,543",Pos,,,Timing issue
21 Dec-25,G&A,Office rent,Landlord,"2,696",Pos,Erik,late invoice,
2025-02-14,Marketing,Events & webinars,Various,"2,113",manual Entry,Alex - FP&A,needs mapping,Map to GL 6100
05-Feb-25,COGS,Materials,Home Depot,"7,130",Pos,finance ops,manual adj,Vendor invoice late
22 Apr-25,Services,Support tools,Zendesk / Gainsight,"8,175",manual Entry,Alex - FP&A,late invoice,Check sign
16 Apr-26,R&D,Payroll - eng,Payroll,"9,967",ERP,Alex - FP&A,Posted,Check sign
2025-06-14,Marketing,Events & webinars,Various,"8,164",Check,,manual adj,Map to GL 6100
02-Mar-25,Sales,Payroll - sales,Payroll,"8,491",Pos,Andres,Posted,One-off item
26 Feb-26,COGS,Payroll - eng,Payroll,"1,376",ERP,TBD,Posted,Map to GL 6100
07-Mar-26,R&D,Cloud hosting,AWS / Datadog,"6,882",manual Entry,TBD,posted,Map to GL 6100
01/02/25,Revenue,Service,Retail Customer,"3,147",ERP,Erik,,Timing issue
03/31/26,Sales,CRM / RevOps tools,Salesforce / Outreach,736,Check,TBD,posted,Vendor invoice late
2025-01-23,Services,Prof services,Implementation clients,"(4,311)",Pos,,Posted,Ask owner
02/07/25,Sales,CRM / RevOps tools,Salesforce / Outreach,"4,899",cash,,,Ask owner
27 May-25,Services,Support tools,Zendesk / Gainsight,"8,086",Check,,accrual,One-off item
10 Dec-25,Marketing,Paid media,Google / LinkedIn,"3,797",Check,Erik,manual adj,Timing issue
2025-09-14,Sales,Payroll - sales,Payroll,364,Check,Erik,,Check sign
2025-06-22,Revenue,Product sales,Retail Customer,"3,112",cash,finance ops,manual adj,Ask owner
28-Mar-25,COGS,Materials,Electric house,"1,576",manual Entry,,late invoice,Ask owner
2025-06-22,Marketing,Events & webinars,Various,"7,017",manual Entry,M. Chen,,Check sign
01-Apr-25,Sales,Payroll - sales,Payroll,370,Pos,finance ops,,
27 Mar-25,G&A,Accounting fees,Jason CPA,"2,542",ERP,Alex - FP&A,manual adj,Vendor invoice late
27-Mar-26,COGS,Cloud hosting,AWS / Datadog,"(9,236)",ERP,TBD,manual adj,Timing issue
2025-05-19,Services,Support tools,Zendesk / Gainsight,"2,709",cash,TBD,late invoice,Map to GL 6100
15-Mar-26,Marketing,Events & webinars,Various,43,Check,TBD,Posted,One-off item
07 Jul-26,Mktg,Paid media,Google / LinkedIn,"7,092",cash,finance ops,posted,Vendor invoice late
06 Oct-25,R&D,AI automation,n8n,"6,715",Check,Andres,posted,One-off item
2025-12-04,COGS,Materials,Walmart,"3,266",manual Entry,M. Chen,,
28-Jul-25,Sales,Sales commission,Payroll,"2,512",Pos,Alex - FP&A,,Check sign
2025-04-08,Marketing,Google Ads,Google / LinkedIn,"7,806",cash,finance ops,Posted,One-off item
08 Jan-26,Mktg,Events & webinars,Various,"5,753",manual Entry,M. Chen,Posted,Timing issue
06/10/26,COGS,Materials,Home Depot,"6,190",Check,finance ops,accrual,Map to GL 6100
2026-03-08,R&D,Cloud hosting,AWS / Datadog,"4,225",Pos,finance ops,accrual,Vendor invoice late
02/15/26,COGS,Cloud hosting,AWS / Datadog,"4,166",Check,finance ops,,One-off item
06-Jun-26,G&A,Legal fees,Buchalter,"3,796",cash,Alex - FP&A,,Vendor invoice late
22 Oct-25,COGS,Payroll - eng,Payroll,"2,798",manual Entry,Erik,accrual,Check sign
07/12/26,R&D,AI automation,n8n,"(1,807)",cash,Andres,,Vendor invoice late
12/23/25,Services,Support tools,Zendesk / Gainsight,"7,534",manual Entry,M. Chen,Posted,
01-Apr-25,Sales,Payroll - sales,Payroll,"(2,624)",Pos,TBD,needs mapping,Ask owner
2025-12-31,R&D,Payroll - eng,Payroll,169,cash,TBD,posted,Vendor invoice late
2026-04-18,G&A,Legal fees,Buchalter,"5,569",ERP,Andres,posted,Vendor invoice late
26 Sep-25,Marketing,Customer appr.,Gift hamper,"(5,608)",Pos,,,
2025-06-16,Sales,Sales commission,Payroll,"7,765",cash,finance ops,needs mapping,Check sign
2026-04-18,Marketing,Customer appr.,Amazon gift c.,"2,239",Check,Erik,needs mapping,Vendor invoice late
2025-10-26,Marketing,Customer appr.,Gift hamper,"3,618",ERP,Alex - FP&A,needs mapping,Map to GL 6100
03/29/25,Sales,Payroll - sales,Payroll,"5,691",Check,M. Chen,,
2025-07-26,COGS,Payroll - eng,Payroll,"7,076",Check,Erik,manual adj,Map to GL 6100
15-Feb-25,Mktg,Events & webinars,Various,"2,541",manual Entry,Alex - FP&A,posted,Check sign
27-Mar-26,Revenue,Service,Retail Customer,"8,276",cash,Andres,manual adj,
28-Jul-25,Mktg,Customer appr.,Amazon gift c.,"4,730",ERP,Erik,Posted,Ask owner
2025-06-08,G&A,Accounting fees,Jason CPA,"3,332",ERP,TBD,posted,Ask owner
2025-10-01,G&A,Accounting fees,Brandon,382,Check,TBD,accrual,Vendor invoice late
2025-04-08,R&D,AI automation,n8n,"2,583",Pos,finance ops,needs mapping,Vendor invoice late
29 Oct-25,G&A,Legal fees,Europa Law firm,"(2,489)",Pos,M. Chen,Posted,Timing issue
04 Apr-26,G&A,Accounting fees,Jason CPA,"8,905",cash,Andres,accrual,Ask owner
03/22/25,COGS,Cloud hosting,AWS / Datadog,(655),Pos,TBD,manual adj,
17-Jan-25,Services,Prof services,Implementation clients,253,ERP,TBD,posted,Timing issue
21-Jul-25,Mktg,Customer appr.,Amazon gift c.,"6,206",manual Entry,finance ops,Posted,Map to GL 6100
07 Feb-26,Revenue,Service,Retail Customer,"3,674",cash,M. Chen,Posted,Ask owner
06/15/26,Revenue,Revenue,Retail Customer,"3,247",ERP,M. Chen,posted,Timing issue
12/23/25,COGS,Cloud hosting,AWS / Datadog,"2,864",Check,,manual adj,Check sign
2025-01-16,Sales,Sales commission,Payroll,"4,327",Check,Andres,Posted,One-off item
2025-11-14,Marketing,Paid media,Google / LinkedIn,"7,573",ERP,finance ops,posted,Map to GL 6100
05/22/26,R&D,AI automation,n8n,"9,084",Pos,Erik,manual adj,Map to GL 6100
17-Jan-25,Marketing,Paid media,Google / LinkedIn,"6,797",manual Entry,Alex - FP&A,,Timing issue
12/07/25,Marketing,Events & webinars,Various,"(3,584)",Check,Alex - FP&A,,Check sign
11/11/25,Mktg,Paid media,Google / LinkedIn,"7,851",cash,Andres,accrual,Check sign
13 Jan-25,R&D,Cloud hosting,AWS / Datadog,"9,480",Pos,Alex - FP&A,needs mapping,Check sign
16 Apr-26,Revenue,Service,Corp. clients,"6,062",manual Entry,finance ops,,
04/05/25,Mktg,Paid media,Google / LinkedIn,"1,395",manual Entry,Alex - FP&A,manual adj,Timing issue
09-Mar-25,Sales,CRM / RevOps tools,Salesforce / Outreach,"9,758",Pos,TBD,accrual,Timing issue
2025-08-29,Mktg,Customer appr.,Amazon gift c.,"3,449",cash,,posted,Map to GL 6100
29-Mar-26,Marketing,Paid media,Google / LinkedIn,"(3,559)",ERP,finance ops,,One-off item
31-Aug-25,R&D,AI automation,n8n,"9,248",Check,Andres,posted,
06 Feb-25,Mktg,Customer appr.,Soccer Ticket,"3,065",cash,finance ops,manual adj,Ask owner
09 Nov-25,R&D,Payroll - eng,Payroll,"7,800",manual Entry,Andres,accrual,Timing issue
02-Jun-25,Mktg,Customer appr.,Amazon gift c.,"9,384",Check,M. Chen,late invoice,
22 Mar-26,G&A,Office rent,Landlord,"4,934",manual Entry,finance ops,Posted,One-off item
05-Jun-25,Marketing,Customer appr.,Amazon gift c.,"3,557",Check,TBD,needs mapping,One-off item
12-Apr-25,Revenue,Product sales,Retail Customer,"4,426",Pos,Andres,needs mapping,One-off item
2025-12-06,Marketing,Events & webinars,Various,"7,746",Pos,M. Chen,,Ask owner
05/13/26,Revenue,Product sales,Retail Customer,"3,992",Pos,M. Chen,posted,One-off item
12 Mar-26,R&D,Cloud hosting,AWS / Datadog,"7,303",ERP,finance ops,posted,Map to GL 6100
27 Oct-25,Marketing,Paid media,Google / LinkedIn,"(6,867)",cash,Andres,,
03/30/26,R&D,Cloud hosting,AWS / Datadog,"5,205",manual Entry,M. Chen,accrual,Map to GL 6100
15-Apr-25,Sales,Payroll - sales,Payroll,"1,843",manual Entry,,late invoice,One-off item
02/12/25,COGS,Payroll - eng,Payroll,"1,256",Pos,Andres,,
21-Sep-25,Services,Support tools,Zendesk / Gainsight,"4,269",Check,finance ops,,
06 Feb-25,COGS,Payroll - eng,Payroll,"(7,139)",cash,Andres,manual adj,Vendor invoice late
2025-06-24,Mktg,Paid media,Google / LinkedIn,524,manual Entry,Andres,accrual,
2025-10-26,G&A,Legal fees,Buchalter,"8,311",cash,TBD,Posted,Map to GL 6100
12 Jan-25,Mktg,Customer appr.,Amazon gift c.,"2,267",manual Entry,Alex - FP&A,Posted,One-off item
2026-07-02,R&D,AI automation,n8n,"3,609",ERP,Andres,accrual,One-off item
11-Mar-25,G&A,Accounting fees,Brandon,"(4,393)",Check,Alex - FP&A,,Ask owner
06/28/25,Sales,CRM / RevOps tools,Salesforce / Outreach,"9,271",ERP,,accrual,Vendor invoice late
05-Apr-26,Revenue,Product sales,Retail Customer,"1,401",cash,Andres,,Timing issue
09 Apr-26,Sales,CRM / RevOps tools,Salesforce / Outreach,"7,078",cash,,accrual,Ask owner
02/12/25,Sales,Payroll - sales,Payroll,"6,404",cash,Andres,manual adj,Vendor invoice late
06/23/25,Marketing,Events & webinars,Various,"(2,302)",manual Entry,Alex - FP&A,needs mapping,One-off item
29 Oct-25,Marketing,Events & webinars,Various,"9,513",manual Entry,Alex - FP&A,posted,Timing issue
25-Jan-26,COGS,Materials,Home Depot,"5,059",cash,Alex - FP&A,posted,Check sign
06 Jan-26,R&D,Cloud hosting,AWS / Datadog,"(9,830)",manual Entry,,,Map to GL 6100
2025-04-08,Mktg,Events & webinars,Various,"8,881",manual Entry,Alex - FP&A,posted,Check sign
2026-05-07,Sales,Payroll - sales,Payroll,"8,944",ERP,Erik,accrual,Map to GL 6100
08/28/25,Services,Support tools,Zendesk / Gainsight,"9,590",manual Entry,TBD,accrual,Check sign
10/11/25,R&D,Cloud hosting,AWS / Datadog,"8,167",Pos,Andres,manual adj,Check sign
08-Nov-25,Marketing,Customer appr.,Soccer Ticket,"9,263",Check,Andres,late invoice,Ask owner
04-May-26,Services,Support tools,Zendesk / Gainsight,"6,305",cash,TBD,,Map to GL 6100
05/04/25,COGS,Materials,Johnsons Supply,"7,257",cash,TBD,Posted,Vendor invoice late
07-Aug-25,G&A,Office rent,Landlord,"1,582",cash,TBD,needs mapping,Ask owner
06/11/25,COGS,Payroll - eng,Payroll,"4,659",Check,TBD,manual adj,One-off item
03-Dec-25,COGS,Payroll - eng,Payroll,"7,637",manual Entry,Erik,late invoice,One-off item
22 Mar-26,Services,Support tools,Zendesk / Gainsight,"2,923",Check,Andres,posted,Map to GL 6100
2025-12-20,Sales,Sales commission,Payroll,(181),cash,Andres,Posted,One-off item
05-May-25,R&D,AI automation,n8n,"(8,624)",ERP,TBD,accrual,Timing issue
04 Jul-25,Sales,CRM / RevOps tools,Salesforce / Outreach,"8,856",Pos,Andres,needs mapping,
09 Jun-26,Revenue,Revenue,Corp. clients,152,ERP,finance ops,late invoice,Check sign
01/05/26,Sales,CRM / RevOps tools,Salesforce / Outreach,"8,986",cash,finance ops,late invoice,
01/26/26,R&D,AI automation,n8n,"7,083",Pos,finance ops,late invoice,
12/07/25,COGS,Payroll - eng,Payroll,"1,229",Pos,Erik,Posted,One-off item
02/10/25,Marketing,Events & webinars,Various,"9,942",Check,M. Chen,needs mapping,Map to GL 6100
11-Jan-26,Sales,Payroll - sales,Payroll,"5,993",Pos,Erik,late invoice,One-off item
19 Jun-25,G&A,Legal fees,Buchalter,"8,534",Pos,Andres,Posted,
26-Feb-25,Sales,Payroll - sales,Payroll,"7,411",manual Entry,Alex - FP&A,needs mapping,Map to GL 6100
07/15/25,Mktg,Events & webinars,Various,"8,448",Pos,Alex - FP&A,accrual,Ask owner
31 May-26,COGS,Cloud hosting,AWS / Datadog,"(2,298)",Check,Erik,,Vendor invoice late
17-Feb-26,COGS,Cloud hosting,AWS / Datadog,(613),Check,Alex - FP&A,posted,Map to GL 6100
25 Feb-25,Revenue,Revenue,Corp. clients,"4,866",cash,M. Chen,accrual,Ask owner
2025-06-18,Marketing,Events & webinars,Various,"(1,157)",Pos,M. Chen,Posted,One-off item
2025-06-18,G&A,Accounting fees,Brandon,"2,047",cash,TBD,accrual,Check sign
03 May-25,R&D,Cloud hosting,AWS / Datadog,"6,305",Check,Andres,Posted,Ask owner
05/03/26,Sales,Sales commission,Payroll,"(2,176)",ERP,Erik,needs mapping,One-off item
2025-07-12,Sales,CRM / RevOps tools,Salesforce / Outreach,"(3,538)",Check,M. Chen,,Ask owner
10/17/25,R&D,Cloud hosting,AWS / Datadog,"(8,875)",manual Entry,finance ops,needs mapping,
31-May-25,Revenue,Revenue,Retail Customer,"3,730",Pos,Erik,late invoice,
12-Apr-25,Marketing,Events & webinars,Various,"4,511",cash,M. Chen,needs mapping,Timing issue
18 Aug-25,Sales,CRM / RevOps tools,Salesforce / Outreach,"(1,939)",Pos,Andres,manual adj,Vendor invoice late
2025-07-06,Services,Prof services,Implementation clients,"8,240",Pos,,posted,Timing issue
10 Oct-25,Sales,Payroll - sales,Payroll,"4,312",cash,Alex - FP&A,accrual,
2025-12-14,Marketing,Paid media,Google / LinkedIn,"6,128",ERP,M. Chen,manual adj,Map to GL 6100
03 Jul-26,Marketing,Google Ads,Google / LinkedIn,"5,892",cash,finance ops,accrual,Map to GL 6100
06/10/26,G&A,Office rent,Landlord,"4,778",cash,finance ops,late invoice,Timing issue
09/19/25,Revenue,Subscr. revenue,Corp. clients,"2,639",Check,M. Chen,posted,One-off item
17 May-25,Mktg,Paid media,Google / LinkedIn,"6,260",Check,finance ops,needs mapping,Check sign
06/15/26,Mktg,Paid media,Google / LinkedIn,"2,569",Check,,,Timing issue
06 Feb-25,Marketing,Customer appr.,Amazon gift c.,"3,613",Check,finance ops,late invoice,
23-Feb-26,COGS,Payroll - eng,Payroll,"5,372",Check,,,Ask owner
22 Oct-25,Sales,CRM / RevOps tools,Salesforce / Outreach,"(1,300)",cash,Andres,manual adj,Ask owner
05-Feb-25,COGS,Payroll - eng,Payroll,"4,323",Pos,Alex - FP&A,manual adj,One-off item
01/19/25,Revenue,Product sales,Retail Customer,"9,002",Check,finance ops,,One-off item
02 Mar-26,Mktg,Paid media,Google / LinkedIn,"(4,002)",manual Entry,M. Chen,posted,One-off item
25 Feb-26,Marketing,Paid media,Google / LinkedIn,"8,699",Check,,posted,
05/22/26,G&A,Legal fees,Buchalter,"(3,743)",cash,finance ops,posted,Vendor invoice late
25 Feb-25,Marketing,Google Ads,Google / LinkedIn,"5,731",cash,finance ops,,Vendor invoice late
10 Oct-25,Revenue,Service,Retail Customer,"8,787",manual Entry,Alex - FP&A,late invoice,Map to GL 6100
05-May-26,Sales,Sales commission,Payroll,"(1,395)",manual Entry,Andres,posted,Check sign
2025-02-04,Mktg,Events & webinars,Various,"9,276",ERP,Andres,late invoice,Vendor invoice late
06/13/26,G&A,Office rent,Landlord,"6,957",cash,M. Chen,needs mapping,Check sign
12 Jan-25,Marketing,Events & webinars,Various,"5,401",manual Entry,M. Chen,posted,Ask owner
2025-05-02,Revenue,Subscr. revenue,Corp. clients,"7,068",ERP,Andres,accrual,Timing issue
2025-09-07,Revenue,Revenue,Corp. clients,"1,917",manual Entry,Erik,needs mapping,Map to GL 6100
07 Feb-26,Marketing,Google Ads,Google / LinkedIn,203,ERP,TBD,posted,One-off item
16 Apr-26,Sales,Sales commission,Payroll,"9,795",Check,Andres,accrual,Map to GL 6100
2025-01-16,Marketing,Events & webinars,Various,"(3,644)",manual Entry,,,Map to GL 6100
11/06/25,R&D,Payroll - eng,Payroll,"4,402",Check,finance ops,needs mapping,Vendor invoice late
03/29/25,R&D,Cloud hosting,AWS / Datadog,"(3,421)",cash,Alex - FP&A,Posted,Check sign
01/24/26,G&A,Legal fees,Europa Law firm,"7,109",Check,M. Chen,manual adj,Vendor invoice late
01/31/25,Services,Support tools,Zendesk / Gainsight,"9,093",Check,,accrual,Map to GL 6100
25-Apr-25,COGS,Payroll - eng,Payroll,"(7,032)",ERP,Erik,Posted,Timing issue
2026-06-17,Sales,CRM / RevOps tools,Salesforce / Outreach,"3,410",Pos,finance ops,manual adj,Check sign
2026-03-08,R&D,Cloud hosting,AWS / Datadog,"(3,649)",Pos,TBD,needs mapping,One-off item
2025-11-27,R&D,Payroll - eng,Payroll,"(5,332)",cash,Alex - FP&A,,Check sign
16 Mar-25,Revenue,Product sales,Retail Customer,"(2,584)",cash,Alex - FP&A,,
11/12/25,G&A,Office rent,Landlord,"5,939",cash,Alex - FP&A,accrual,Vendor invoice late
02-Mar-25,COGS,Payroll - eng,Payroll,"8,165",ERP,Erik,manual adj,Ask owner
12-Apr-25,Mktg,Customer appr.,Amazon gift c.,"2,758",Pos,Andres,late invoice,
07 Mar-25,Sales,CRM / RevOps tools,Salesforce / Outreach,"5,683",Pos,TBD,accrual,Ask owner
2025-09-01,R&D,Cloud hosting,AWS / Datadog,"1,902",cash,TBD,posted,Ask owner
16 Mar-25,Services,Support tools,Zendesk / Gainsight,"(7,516)",Pos,TBD,needs mapping,
2025-01-23,Marketing,Events & webinars,Various,"8,689",Check,Erik,accrual,Ask owner
22-Jul-25,G&A,Accounting fees,Jason CPA,"3,240",manual Entry,Andres,late invoice,Ask owner
04/05/25,Services,Support tools,Zendesk / Gainsight,"(2,887)",cash,TBD,,
2026-03-21,Marketing,Paid media,Google / LinkedIn,"7,136",ERP,M. Chen,manual adj,One-off item
05-Jun-25,R&D,Cloud hosting,AWS / Datadog,"3,389",Pos,TBD,manual adj,Map to GL 6100
06/01/25,Sales,CRM / RevOps tools,Salesforce / Outreach,"1,160",Check,finance ops,,One-off item
12/13/25,Services,Prof services,Implementation clients,"8,483",Pos,Alex - FP&A,posted,Timing issue
21-Jun-26,Marketing,Google Ads,Google / LinkedIn,"3,017",Check,Alex - FP&A,needs mapping,One-off item
11/06/25,Marketing,Paid media,Google / LinkedIn,"5,132",Check,Andres,Posted,Map to GL 6100
2025-06-18,R&D,AI automation,n8n,"9,567",manual Entry,finance ops,late invoice,Vendor invoice late
31-Mar-25,R&D,Payroll - eng,Payroll,"7,109",Check,,Posted,Ask owner
06/26/25,Services,Support tools,Zendesk / Gainsight,425,Check,,,
2025-09-07,Marketing,Events & webinars,Various,"3,631",manual Entry,finance ops,Posted,One-off item
26-Dec-25,Marketing,Paid media,Google / LinkedIn,"5,390",ERP,M. Chen,accrual,Ask owner
2026-06-16,G&A,Office rent,Landlord,"6,506",Pos,TBD,accrual,Timing issue
10 Jul-25,Sales,CRM / RevOps tools,Salesforce / Outreach,"(6,882)",ERP,,Posted,Vendor invoice late
10 May-26,Mktg,Customer appr.,Gift hamper,"4,270",ERP,finance ops,manual adj,Ask owner
2026-01-20,Services,Support tools,Zendesk / Gainsight,"4,717",cash,M. Chen,,Ask owner
30-Jul-25,Mktg,Events & webinars,Various,"9,169",Check,Erik,Posted,
11/06/25,COGS,Payroll - eng,Payroll,"(9,995)",ERP,Andres,late invoice,Ask owner
05/29/26,R&D,AI automation,n8n,"2,938",ERP,Andres,late invoice,Check sign
03/30/26,Sales,CRM / RevOps tools,Salesforce / Outreach,"5,786",Check,Erik,,
15 Jan-26,R&D,Cloud hosting,AWS / Datadog,"9,761",Check,,posted,One-off item
2025-08-29,Marketing,Events & webinars,Various,"8,910",Check,,Posted,
31-Mar-25,COGS,Cloud hosting,AWS / Datadog,"1,506",cash,Erik,accrual,Vendor invoice late
24-Jul-25,Mktg,Events & webinars,Various,"9,928",ERP,finance ops,manual adj,Timing issue
15-Mar-26,Sales,Sales commission,Payroll,"9,287",ERP,,posted,Ask owner
15 Jan-26,Marketing,Customer appr.,Gift hamper,"5,530",ERP,Andres,accrual,Timing issue
18-Jun-26,Mktg,Customer appr.,Gift hamper,"(9,939)",manual Entry,Erik,,One-off item
17 May-25,Revenue,Service,Retail Customer,(484),Check,finance ops,Posted,Vendor invoice late
08/30/25,R&D,AI automation,n8n,"5,730",cash,TBD,needs mapping,Map to GL 6100
2025-07-18,Services,Prof services,Implementation clients,"3,229",Pos,Andres,,Map to GL 6100
06/01/25,Services,Support tools,Zendesk / Gainsight,749,Check,Alex - FP&A,accrual,Ask owner
2026-03-06,Services,Support tools,Zendesk / Gainsight,"7,468",Pos,Alex - FP&A,Posted,
09-Mar-25,COGS,Payroll - eng,Payroll,"(2,950)",Pos,M. Chen,late invoice,Check sign
13 Jan-25,R&D,Cloud hosting,AWS / Datadog,"5,238",Check,,posted,Map to GL 6100
12/07/25,R&D,Payroll - eng,Payroll,"(4,255)",Check,finance ops,manual adj,Check sign
20 Jun-26,Marketing,Paid media,Google / LinkedIn,"3,066",cash,Andres,Posted,Vendor invoice late
03/29/25,COGS,Materials,Johnsons Supply,"(7,043)",manual Entry,TBD,accrual,
03 Jan-26,R&D,Cloud hosting,AWS / Datadog,"3,882",manual Entry,,,Vendor invoice late
2025-11-23,R&D,Payroll - eng,Payroll,"4,395",manual Entry,Erik,manual adj,Ask owner
01/22/25,Revenue,Product sales,Retail Customer,"8,802",manual Entry,TBD,needs mapping,One-off item
10/05/25,R&D,Cloud hosting,AWS / Datadog,"4,254",Pos,,Posted,
2025-07-12,Sales,Sales commission,Payroll,"9,863",manual Entry,Alex - FP&A,late invoice,One-off item
2025-02-04,Marketing,Customer appr.,Soccer Ticket,"(4,615)",Pos,TBD,posted,
27 Oct-25,Marketing,Paid media,Google / LinkedIn,"2,286",cash,TBD,Posted,Map to GL 6100
25-Jan-26,Services,Support tools,Zendesk / Gainsight,"3,228",ERP,finance ops,Posted,Check sign
05/21/25,Services,Support tools,Zendesk / Gainsight,"(3,519)",Check,M. Chen,needs mapping,Check sign
26-Dec-25,Mktg,Paid media,Google / LinkedIn,"4,991",manual Entry,TBD,accrual,Timing issue
03/30/26,COGS,Cloud hosting,AWS / Datadog,463,cash,Andres,needs mapping,Vendor invoice late
27 Mar-25,Mktg,Events & webinars,Various,"3,133",Check,Alex - FP&A,,Timing issue
13-Sep-25,Sales,Payroll - sales,Payroll,"9,191",ERP,finance ops,posted,Vendor invoice late
09 Apr-26,Mktg,Events & webinars,Various,"7,543",manual Entry,Erik,,Map to GL 6100
01/26/26,R&D,Cloud hosting,AWS / Datadog,"(5,380)",manual Entry,Andres,needs mapping,
08-Nov-25,R&D,Payroll - eng,Payroll,"(9,285)",manual Entry,,accrual,Timing issue
15-Sep-25,Marketing,Events & webinars,Various,"8,885",cash,,posted,Map to GL 6100
2025-09-16,Revenue,Service,Corp. clients,"1,647",manual Entry,finance ops,needs mapping,
2025-06-22,G&A,Accounting fees,Jason CPA,"4,977",manual Entry,Andres,manual adj,
25-Dec-25,Sales,Payroll - sales,Payroll,"4,707",Check,finance ops,Posted,Check sign
26-Jun-26,Mktg,Customer appr.,Soccer Ticket,"2,714",ERP,M. Chen,accrual,Vendor invoice late
05/22/26,Sales,Payroll - sales,Payroll,"8,098",Pos,finance ops,accrual,Check sign
02/01/26,Revenue,Subscr. revenue,Retail Customer,"9,809",Pos,,,One-off item
2025-09-01,Sales,CRM / RevOps tools,Salesforce / Outreach,"7,116",manual Entry,Erik,manual adj,Check sign
06/26/25,Sales,Payroll - sales,Payroll,"(8,643)",Pos,Andres,needs mapping,
23-Apr-26,Mktg,Events & webinars,Various,"8,352",ERP,,posted,Vendor invoice late
2025-02-14,Mktg,Events & webinars,Various,56,ERP,Erik,,Vendor invoice late
2026-03-05,Marketing,Customer appr.,Amazon gift c.,"4,687",cash,Andres,manual adj,Ask owner
2026-03-05,Marketing,Google Ads,Google / LinkedIn,"6,027",Check,Alex - FP&A,manual adj,Map to GL 6100
11 May-25,Mktg,Customer appr.,Soccer Ticket,"8,311",cash,,accrual,Ask owner
2026-03-11,R&D,Payroll - eng,Payroll,"6,292",Check,M. Chen,Posted,One-off item
2026-06-16,Revenue,Revenue,Retail Customer,"(7,200)",Check,M. Chen,accrual,One-off item
2026-06-16,Mktg,Customer appr.,Soccer Ticket,571,Pos,TBD,late invoice,Check sign
03 Mar-26,Mktg,Customer appr.,Amazon gift c.,"3,944",cash,finance ops,Posted,
2025-06-16,R&D,Payroll - eng,Payroll,"4,776",manual Entry,TBD,Posted,Timing issue
2025-01-23,G&A,Office rent,Landlord,"8,752",Pos,Andres,Posted,Ask owner
2026-03-06,Marketing,Google Ads,Google / LinkedIn,342,ERP,,needs mapping,Vendor invoice late
2026-03-05,Revenue,Revenue,Retail Customer,"1,983",manual Entry,Alex - FP&A,Posted,Map to GL 6100
05/25/25,Revenue,Product sales,Retail Customer,"6,260",ERP,Alex - FP&A,Posted,Check sign
06 Jan-26,COGS,Payroll - eng,Payroll,"(6,205)",ERP,Andres,Posted,
11-Feb-25,Mktg,Events & webinars,Various,"6,739",ERP,Alex - FP&A,manual adj,
18-Jun-26,Services,Prof services,Implementation clients,"(3,863)",Check,Alex - FP&A,manual adj,Timing issue
08/27/25,Sales,Payroll - sales,Payroll,"3,370",ERP,Andres,posted,One-off item
16 Mar-25,Marketing,Paid media,Google / LinkedIn,"(4,213)",manual Entry,Erik,needs mapping,Map to GL 6100
06 Jan-26,R&D,AI automation,n8n,"1,201",Check,M. Chen,manual adj,Ask owner
05/04/25,Marketing,Customer appr.,Gift hamper,"9,367",Check,Andres,late invoice,
2025-01-04,Services,Prof services,Implementation clients,"4,737",Check,M. Chen,manual adj,Map to GL 6100
09 Nov-25,Services,Support tools,Zendesk / Gainsight,518,ERP,finance ops,Posted,Timing issue
16-Dec-25,Mktg,Events & webinars,Various,"(8,964)",Check,TBD,manual adj,Map to GL 6100
04-May-26,Mktg,Paid media,Google / LinkedIn,"6,916",Pos,TBD,needs mapping,Timing issue
13 Jan-25,R&D,AI automation,n8n,"5,518",cash,Andres,late invoice,One-off item
11 Dec-25,Services,Support tools,Zendesk / Gainsight,"5,760",Pos,TBD,Posted,Timing issue
08-Sep-25,G&A,Legal fees,Buchalter,"2,045",ERP,M. Chen,manual adj,Check sign
17 Sep-25,Revenue,Product sales,Corp. clients,"2,137",cash,Andres,accrual,Map to GL 6100
2025-04-10,COGS,Cloud hosting,AWS / Datadog,"4,132",cash,,needs mapping,One-off item
2025-02-04,G&A,Office rent,Landlord,"9,170",Pos,Alex - FP&A,late invoice,Check sign
2025-12-17,Mktg,Paid media,Google / LinkedIn,"3,645",Check,M. Chen,posted,Timing issue
02 Mar-26,Mktg,Paid media,Google / LinkedIn,"4,832",cash,finance ops,accrual,
04 Jul-25,Services,Prof services,Implementation clients,"5,074",Check,M. Chen,late invoice,Vendor invoice late
2026-06-08,Sales,Sales commission,Payroll,"9,644",cash,,manual adj,Ask owner
12-Apr-25,Services,Support tools,Zendesk / Gainsight,"4,536",manual Entry,Andres,accrual,Ask owner
2025-06-08,G&A,Office rent,Landlord,"9,568",ERP,TBD,needs mapping,Timing issue
09-Jul-25,G&A,Legal fees,Europa Law firm,"5,385",Pos,Andres,late invoice,Timing issue
09 Jun-26,Mktg,Paid media,Google / LinkedIn,"6,241",cash,Erik,,
18 Aug-25,R&D,Cloud hosting,AWS / Datadog,"2,883",manual Entry,Andres,late invoice,Ask owner
2025-08-29,R&D,Cloud hosting,AWS / Datadog,"1,611",cash,Andres,accrual,Map to GL 6100
04/05/25,COGS,Payroll - eng,Payroll,"1,651",Check,Erik,manual adj,Map to GL 6100
01/24/26,COGS,Cloud hosting,AWS / Datadog,"8,315",Pos,finance ops,posted,Timing issue
25-May-26,R&D,AI automation,n8n,"8,533",cash,Erik,needs mapping,
2026-05-28,COGS,Payroll - eng,Payroll,"3,957",Check,Alex - FP&A,posted,Vendor invoice late
08/28/25,R&D,Payroll - eng,Payroll,"2,343",Pos,finance ops,,One-off item
26 Jan-25,COGS,Materials,Johnsons Supply,"5,073",Pos,finance ops,posted,Ask owner
01-Apr-25,Marketing,Events & webinars,Various,"3,541",manual Entry,TBD,late invoice,Ask owner
10/31/25,Mktg,Paid media,Google / LinkedIn,"(1,762)",cash,finance ops,posted,Ask owner
02-Aug-25,COGS,Payroll - eng,Payroll,"1,181",ERP,TBD,accrual,Ask owner
09-Sep-25,G&A,Legal fees,Europa Law firm,"8,897",cash,M. Chen,accrual,Ask owner
2026-03-21,R&D,Cloud hosting,AWS / Datadog,"(8,081)",ERP,Erik,Posted,Timing issue
29-Jul-25,G&A,Legal fees,Europa Law firm,"4,154",Check,,,Ask owner
26 Feb-26,COGS,Payroll - eng,Payroll,"(8,186)",cash,,posted,One-off item
28-Mar-25,Mktg,Customer appr.,Gift hamper,"6,039",Check,finance ops,,Timing issue
04-Jul-26,G&A,Accounting fees,Brandon,"9,723",cash,TBD,late invoice,Check sign
06/23/25,R&D,Payroll - eng,Payroll,"5,951",manual Entry,Andres,Posted,Timing issue
23-Mar-25,R&D,Payroll - eng,Payroll,"6,296",Pos,M. Chen,,Ask owner
02-Aug-25,R&D,Cloud hosting,AWS / Datadog,"2,985",Check,finance ops,accrual,
2026-03-05,COGS,Materials,Home Depot,"(9,353)",cash,Alex - FP&A,Posted,
2025-04-02,COGS,Materials,Walmart,"4,615",ERP,Erik,needs mapping,Ask owner
07 Apr-26,Mktg,Customer appr.,Soccer Ticket,"3,130",cash,Alex - FP&A,accrual,Check sign
11 May-25,G&A,Legal fees,Buchalter,"2,414",cash,TBD,manual adj,
12 Jan-25,R&D,AI automation,n8n,"8,920",cash,Andres,posted,Check sign
03/10/25,Services,Support tools,Zendesk / Gainsight,"2,407",Pos,Erik,manual adj,Vendor invoice late
08/30/25,Revenue,Product sales,Corp. clients,"8,955",ERP,M. Chen,posted,Map to GL 6100
2025-12-29,Sales,CRM / RevOps tools,Salesforce / Outreach,"9,032",cash,Erik,late invoice,Check sign
16 Mar-25,Services,Prof services,Implementation clients,"2,866",Pos,Andres,,One-off item
04 Jul-25,G&A,Office rent,Landlord,"(6,484)",cash,M. Chen,needs mapping,Check sign
18-Jun-26,R&D,AI automation,n8n,"5,324",Check,Erik,,Ask owner
02-Aug-25,Marketing,Events & webinars,Various,"9,149",cash,Andres,needs mapping,Check sign
2025-11-14,Mktg,Events & webinars,Various,"7,439",Pos,Andres,Posted,Map to GL 6100
04-May-26,Marketing,Customer appr.,Gift hamper,"(7,645)",Pos,,needs mapping,Map to GL 6100
11-Mar-25,COGS,Cloud hosting,AWS / Datadog,"9,398",Check,finance ops,,Check sign
2026-01-09,Revenue,Service,Retail Customer,"(8,317)",cash,Alex - FP&A,manual adj,One-off item
24 Sep-25,G&A,Office rent,Landlord,"2,611",Pos,Alex - FP&A,late invoice,Map to GL 6100
22 Apr-25,G&A,Office rent,Landlord,"8,942",Pos,Alex - FP&A,Posted,Ask owner
2025-10-01,Mktg,Events & webinars,Various,"2,364",cash,,posted,Check sign
05/21/25,Services,Support tools,Zendesk / Gainsight,"4,636",ERP,Alex - FP&A,accrual,Vendor invoice late
10/31/25,Revenue,Subscr. revenue,Corp. clients,"5,054",manual Entry,,needs mapping,Check sign
06/23/25,R&D,Payroll - eng,Payroll,"8,536",Pos,Erik,manual adj,Ask owner
2025-08-29,R&D,Payroll - eng,Payroll,"9,024",manual Entry,,,Vendor invoice late
10 Jan-25,Sales,CRM / RevOps tools,Salesforce / Outreach,"4,209",manual Entry,Erik,,Map to GL 6100
28-Jul-25,R&D,Cloud hosting,AWS / Datadog,"6,220",ERP,,posted,Ask owner
02/21/26,G&A,Accounting fees,Brandon,"6,283",cash,Erik,Posted,Ask owner
25 Feb-26,R&D,AI automation,n8n,"(7,588)",manual Entry,M. Chen,late invoice,Ask owner
14 Aug-25,Revenue,Revenue,Retail Customer,"6,948",manual Entry,finance ops,late invoice,Ask owner
02/27/25,R&D,Payroll - eng,Payroll,"1,554",manual Entry,Andres,posted,Timing issue
04/27/25,Marketing,Events & webinars,Various,"6,928",Pos,M. Chen,Posted,Ask owner
2026-04-18,Services,Prof services,Implementation clients,"(7,234)",ERP,TBD,manual adj,Ask owner
02/17/25,Mktg,Events & webinars,Various,"(2,531)",cash,M. Chen,Posted,One-off item
2026-03-21,Mktg,Events & webinars,Various,"(5,709)",manual Entry,Alex - FP&A,,Map to GL 6100
2025-06-22,Marketing,Google Ads,Google / LinkedIn,"2,176",ERP,Andres,needs mapping,Check sign
2025-12-14,Services,Support tools,Zendesk / Gainsight,"9,185",Check,finance ops,Posted,Timing issue
01-Apr-25,G&A,Legal fees,Europa Law firm,"8,418",cash,finance ops,late invoice,
29 Jun-26,Marketing,Events & webinars,Various,"(2,430)",Check,finance ops,posted,Check sign
07/09/26,Revenue,Product sales,Corp. clients,"9,448",manual Entry,finance ops,manual adj,One-off item
01 Jan-26,Mktg,Customer appr.,Gift hamper,"3,653",ERP,TBD,,Vendor invoice late
10 Nov-25,Services,Support tools,Zendesk / Gainsight,(761),manual Entry,,late invoice,
07-Aug-25,Sales,Sales commission,Payroll,"5,372",manual Entry,Alex - FP&A,late invoice,Ask owner
17 Sep-25,Revenue,Revenue,Corp. clients,"6,302",Pos,M. Chen,Posted,Vendor invoice late
09 Nov-25,COGS,Payroll - eng,Payroll,"8,138",Pos,Erik,Posted,
06/10/26,Revenue,Product sales,Retail Customer,"(1,449)",Pos,Alex - FP&A,Posted,Timing issue
09/05/25,G&A,Office rent,Landlord,904,Check,Erik,,One-off item
17-Jan-25,R&D,Cloud hosting,AWS / Datadog,"7,216",cash,Erik,posted,Map to GL 6100
27-Jan-25,COGS,Cloud hosting,AWS / Datadog,"(4,473)",Check,Andres,needs mapping,One-off item
08-May-25,R&D,Cloud hosting,AWS / Datadog,"(6,521)",cash,,accrual,Timing issue
04/27/25,Sales,CRM / RevOps tools,Salesforce / Outreach,"(2,934)",Pos,Andres,posted,One-off item
12/07/25,Mktg,Events & webinars,Various,"1,246",ERP,M. Chen,,Timing issue
04 Apr-26,R&D,Cloud hosting,AWS / Datadog,"9,954",Pos,,Posted,Vendor invoice late
18 Jan-26,COGS,Payroll - eng,Payroll,"9,600",cash,,manual adj,Timing issue
2026-05-28,R&D,Payroll - eng,Payroll,"7,645",Check,finance ops,late invoice,Timing issue
29-Nov-25,R&D,AI automation,n8n,"3,273",Check,finance ops,needs mapping,Timing issue
01/02/26,COGS,Materials,Walmart,"9,711",Pos,M. Chen,,Timing issue
09/12/25,R&D,AI automation,n8n,455,Check,Alex - FP&A,late invoice,Vendor invoice late
2025-12-04,Sales,Sales commission,Payroll,"(3,028)",cash,M. Chen,Posted,Map to GL 6100
02/12/25,Services,Prof services,Implementation clients,"6,325",ERP,TBD,Posted,Map to GL 6100
07 Feb-26,Revenue,Revenue,Corp. clients,"1,949",Check,,late invoice,One-off item
03-Jul-25,G&A,Legal fees,Europa Law firm,"8,640",ERP,Erik,posted,Map to GL 6100
05-May-26,R&D,Payroll - eng,Payroll,"3,029",Check,Andres,accrual,Map to GL 6100
03/10/25,Sales,Sales commission,Payroll,"(1,485)",cash,finance ops,Posted,One-off item
05/29/25,COGS,Materials,Walmart,"9,183",Pos,M. Chen,,Timing issue
2026-01-04,Sales,CRM / RevOps tools,Salesforce / Outreach,755,cash,Alex - FP&A,accrual,Map to GL 6100
2025-01-04,G&A,Office rent,Landlord,"9,426",cash,M. Chen,Posted,
03 Apr-26,Marketing,Paid media,Google / LinkedIn,"(2,433)",Check,Andres,accrual,One-off item
21-Feb-25,COGS,Cloud hosting,AWS / Datadog,"(3,099)",Check,TBD,manual adj,Check sign
12 May-25,Services,Support tools,Zendesk / Gainsight,"(7,209)",cash,Andres,late invoice,One-off item
27 Oct-25,COGS,Payroll - eng,Payroll,"5,334",ERP,finance ops,needs mapping,Map to GL 6100
05/15/25,Revenue,Product sales,Corp. clients,"(6,754)",ERP,finance ops,Posted,Check sign
2025-02-14,Mktg,Paid media,Google / LinkedIn,"(6,596)",manual Entry,Erik,,Timing issue
09/30/25,Revenue,Service,Retail Customer,"4,148",cash,Erik,manual adj,One-off item
02/23/25,R&D,AI automation,n8n,"6,976",cash,M. Chen,posted,Check sign
02/21/26,R&D,Cloud hosting,AWS / Datadog,"(6,176)",Check,Alex - FP&A,Posted,Map to GL 6100
15-Mar-26,Services,Prof services,Implementation clients,(774),Pos,,manual adj,Ask owner
31-May-25,Marketing,Paid media,Google / LinkedIn,"(6,884)",cash,,accrual,Ask owner
07 Jul-25,G&A,Legal fees,Europa Law firm,"5,989",cash,TBD,posted,Map to GL 6100
05/21/25,G&A,Legal fees,Buchalter,"2,198",ERP,finance ops,needs mapping,Map to GL 6100
29-Jul-25,Sales,Sales commission,Payroll,416,ERP,M. Chen,manual adj,Check sign
04/03/25,Mktg,Customer appr.,Soccer Ticket,"(8,578)",cash,Alex - FP&A,,Timing issue
05/22/26,Marketing,Google Ads,Google / LinkedIn,"(9,471)",cash,M. Chen,posted,Ask owner
07/12/26,R&D,Cloud hosting,AWS / Datadog,"6,547",Check,,Posted,Vendor invoice late
2026-07-02,R&D,Cloud hosting,AWS / Datadog,"9,150",cash,,,One-off item
2025-07-18,G&A,Accounting fees,Brandon,"(6,950)",cash,M. Chen,needs mapping,Ask owner
20-Mar-26,Marketing,Google Ads,Google / LinkedIn,"(4,177)",Check,Andres,needs mapping,Timing issue
2026-05-01,Marketing,Paid media,Google / LinkedIn,"9,278",manual Entry,M. Chen,posted,Timing issue
2026-02-14,Sales,Sales commission,Payroll,"7,809",Pos,Alex - FP&A,late invoice,Vendor invoice late
30-May-25,R&D,Payroll - eng,Payroll,"5,761",Check,Alex - FP&A,accrual,Timing issue
08/27/25,COGS,Materials,Johnsons Supply,"3,198",Pos,finance ops,accrual,
07 Feb-26,R&D,Payroll - eng,Payroll,"5,889",manual Entry,Erik,needs mapping,
06 Jan-26,Marketing,Google Ads,Google / LinkedIn,"9,372",Pos,TBD,posted,
11-Feb-25,COGS,Materials,Johnsons Supply,"3,570",manual Entry,,,One-off item
2025-05-16,Services,Prof services,Implementation clients,"3,679",Pos,Andres,manual adj,Vendor invoice late
29 Jun-26,G&A,Accounting fees,Brandon,"5,609",manual Entry,Andres,needs mapping,One-off item
06/28/25,Marketing,Events & webinars,Various,"8,644",manual Entry,finance ops,needs mapping,Timing issue
2026-04-10,Mktg,Customer appr.,Gift hamper,995,cash,Andres,accrual,Map to GL 6100
04/25/26,Sales,Sales commission,Payroll,"8,499",cash,M. Chen,needs mapping,One-off item
06/01/25,R&D,AI automation,n8n,"6,104",Check,Alex - FP&A,manual adj,Vendor invoice late
18 Aug-25,Marketing,Google Ads,Google / LinkedIn,"3,172",manual Entry,TBD,late invoice,Check sign
09 Nov-25,Services,Prof services,Implementation clients,"4,603",Check,finance ops,posted,Check sign
21-Jun-26,Marketing,Events & webinars,Various,"2,894",Pos,M. Chen,late invoice,
07/05/26,Mktg,Paid media,Google / LinkedIn,"(6,673)",Check,TBD,needs mapping,One-off item
03 Mar-26,Mktg,Paid media,Google / LinkedIn,"8,370",ERP,,manual adj,Ask owner
18-Jun-26,Marketing,Paid media,Google / LinkedIn,"2,956",Check,Erik,needs mapping,Timing issue
05/26/25,Revenue,Product sales,Corp. clients,"6,051",cash,TBD,manual adj,One-off item
06 Jan-26,Marketing,Paid media,Google / LinkedIn,"3,273",manual Entry,Alex - FP&A,needs mapping,Timing issue
08/05/25,Services,Prof services,Implementation clients,"1,926",cash,TBD,manual adj,Timing issue
10 May-26,Revenue,Revenue,Corp. clients,"8,369",ERP,,,Map to GL 6100
27-Jan-25,Revenue,Subscr. revenue,Corp. clients,"6,217",ERP,TBD,late invoice,
05/06/26,Marketing,Events & webinars,Various,"8,137",Pos,TBD,late invoice,Vendor invoice late
2025-07-06,R&D,Cloud hosting,AWS / Datadog,648,Check,Alex - FP&A,posted,Check sign
05/29/26,G&A,Office rent,Landlord,"(3,372)",manual Entry,finance ops,posted,
2026-04-18,Revenue,Subscr. revenue,Corp. clients,"6,396",Check,Erik,Posted,Check sign
2025-11-27,Revenue,Service,Retail Customer,"8,795",cash,Andres,manual adj,Ask owner
07 Jul-26,R&D,Payroll - eng,Payroll,168,ERP,finance ops,late invoice,Timing issue
21 Dec-25,G&A,Legal fees,Europa Law firm,"(3,655)",Pos,TBD,needs mapping,Timing issue
01/05/25,R&D,AI automation,n8n,"4,450",cash,Erik,Posted,
06/01/25,COGS,Materials,Walmart,908,manual Entry,Andres,manual adj,One-off item
2026-05-21,Revenue,Product sales,Retail Customer,"9,646",Check,Erik,needs mapping,Map to GL 6100
10 Oct-25,Revenue,Product sales,Corp. clients,"9,636",cash,M. Chen,posted,One-off item
01-May-25,Services,Prof services,Implementation clients,"6,696",ERP,Erik,posted,Vendor invoice late
27 Oct-25,Mktg,Customer appr.,Gift hamper,(120),cash,Alex - FP&A,needs mapping,Ask owner
05/26/25,Marketing,Google Ads,Google / LinkedIn,"7,182",Pos,TBD,manual adj,Vendor invoice late
04/25/26,Services,Support tools,Zendesk / Gainsight,"8,400",manual Entry,Andres,Posted,
2025-12-29,Revenue,Service,Retail Customer,"2,487",Check,Alex - FP&A,posted,
07/12/26,Marketing,Google Ads,Google / LinkedIn,"7,102",cash,finance ops,posted,One-off item
10 Feb-26,Revenue,Revenue,Corp. clients,"9,008",cash,M. Chen,manual adj,Vendor invoice late
08/28/25,COGS,Cloud hosting,AWS / Datadog,"9,862",manual Entry,Andres,Posted,One-off item
18 Oct-25,Marketing,Paid media,Google / LinkedIn,"(4,001)",manual Entry,Andres,posted,Vendor invoice late
2025-06-16,G&A,Accounting fees,Brandon,(283),cash,M. Chen,needs mapping,Vendor invoice late
03/21/25,Revenue,Product sales,Retail Customer,"5,367",ERP,M. Chen,manual adj,Ask owner
05-May-25,Sales,Sales commission,Payroll,"5,210",manual Entry,TBD,Posted,Check sign
2025-05-16,Revenue,Product sales,Corp. clients,"6,264",Pos,Alex - FP&A,accrual,Vendor invoice late
18 Aug-25,Revenue,Subscr. revenue,Corp. clients,"4,099",ERP,Erik,Posted,Check sign
27 Oct-25,COGS,Cloud hosting,AWS / Datadog,"2,714",Pos,finance ops,manual adj,
01/31/25,COGS,Payroll - eng,Payroll,"3,306",ERP,finance ops,Posted,One-off item
07/11/26,R&D,Payroll - eng,Payroll,"5,361",ERP,TBD,,Timing issue
05/14/25,Mktg,Events & webinars,Various,"7,820",Check,Erik,posted,Vendor invoice late
22-Apr-26,Mktg,Customer appr.,Gift hamper,964,Pos,M. Chen,manual adj,
09/10/25,Mktg,Paid media,Google / LinkedIn,"8,596",manual Entry,TBD,,One-off item
17 Mar-25,Revenue,Product sales,Corp. clients,"(9,006)",Pos,Andres,needs mapping,
05/13/26,Marketing,Paid media,Google / LinkedIn,"5,013",ERP,Alex - FP&A,posted,Timing issue
05/26/25,COGS,Materials,Electric house,"(3,291)",ERP,Alex - FP&A,needs mapping,Ask owner
29-Jul-25,R&D,Cloud hosting,AWS / Datadog,"4,177",Pos,M. Chen,Posted,Vendor invoice late
07-Mar-26,Sales,CRM / RevOps tools,Salesforce / Outreach,"7,384",Pos,finance ops,needs mapping,Vendor invoice late
05/14/25,Mktg,Customer appr.,Soccer Ticket,(155),Pos,TBD,Posted,Ask owner
09/05/25,Revenue,Subscr. revenue,Corp. clients,"8,407",manual Entry,Alex - FP&A,manual adj,
16-Dec-25,G&A,Accounting fees,Brandon,"9,209",Pos,finance ops,,One-off item
30-May-25,Marketing,Google Ads,Google / LinkedIn,"9,185",Check,,accrual,
11-Jan-26,COGS,Materials,Johnsons Supply,"3,337",Pos,,posted,Timing issue
15-Apr-25,R&D,AI automation,n8n,"8,051",ERP,Erik,,
03/31/26,Sales,CRM / RevOps tools,Salesforce / Outreach,"7,073",Pos,TBD,late invoice,Map to GL 6100
09/12/25,Mktg,Paid media,Google / LinkedIn,"9,127",ERP,Andres,late invoice,Check sign
11-Mar-25,Services,Support tools,Zendesk / Gainsight,"5,324",cash,M. Chen,,Timing issue
05-Apr-26,Mktg,Customer appr.,Amazon gift c.,"8,604",cash,Andres,late invoice,Ask owner
31-Aug-25,Sales,CRM / RevOps tools,Salesforce / Outreach,"1,347",Check,,accrual,Check sign
08/05/25,COGS,Cloud hosting,AWS / Datadog,"1,459",Pos,Andres,needs mapping,Timing issue
30 Mar-25,G&A,Legal fees,Europa Law firm,"8,193",Pos,Erik,needs mapping,Ask owner
07/05/26,G&A,Legal fees,Buchalter,"2,180",ERP,Alex - FP&A,,Ask owner
2025-11-30,Sales,CRM / RevOps tools,Salesforce / Outreach,"9,567",manual Entry,,late invoice,Timing issue
03 May-25,Sales,CRM / RevOps tools,Salesforce / Outreach,"4,989",cash,finance ops,manual adj,Timing issue
04 Sep-25,R&D,AI automation,n8n,"1,035",cash,finance ops,needs mapping,
02/10/25,R&D,AI automation,n8n,"7,419",Check,Erik,accrual,Timing issue
09/19/25,G&A,Legal fees,Buchalter,"3,285",Pos,Andres,needs mapping,
05-May-26,G&A,Office rent,Landlord,"2,472",cash,Andres,needs mapping,Timing issue
08/28/25,Services,Prof services,Implementation clients,"9,175",Pos,M. Chen,accrual,One-off item
05-May-25,Mktg,Paid media,Google / LinkedIn,"1,298",Check,,manual adj,Check sign
2026-06-19,Services,Prof services,Implementation clients,"5,364",cash,Erik,Posted,Vendor invoice late
03/29/25,Services,Prof services,Implementation clients,"4,783",Check,Erik,Posted,Map to GL 6100
03/12/25,Mktg,Events & webinars,Various,"9,136",ERP,M. Chen,posted,
2026-04-18,Services,Support tools,Zendesk / Gainsight,"8,470",manual Entry,Alex - FP&A,posted,One-off item
11-Jan-26,COGS,Cloud hosting,AWS / Datadog,(288),cash,Erik,,One-off item
09-Mar-25,Mktg,Paid media,Google / LinkedIn,"3,729",Check,Andres,accrual,
2025-06-04,G&A,Office rent,Landlord,"8,232",Pos,Andres,posted,Timing issue
08-Sep-25,Marketing,Google Ads,Google / LinkedIn,"8,385",ERP,Andres,accrual,Vendor invoice late
2025-06-16,Revenue,Revenue,Retail Customer,"7,850",manual Entry,TBD,manual adj,Vendor invoice late
05/22/26,Marketing,Google Ads,Google / LinkedIn,"2,683",Check,TBD,accrual,One-off item
18 Aug-25,Revenue,Product sales,Corp. clients,"8,411",manual Entry,Erik,Posted,One-off item
2025-10-15,COGS,Materials,Johnsons Supply,"6,535",Pos,M. Chen,manual adj,
2025-12-29,COGS,Materials,Walmart,"8,176",cash,M. Chen,,Check sign
06/23/25,Mktg,Events & webinars,Various,"(1,361)",Check,M. Chen,manual adj,One-off item
23-Sep-25,G&A,Accounting fees,Jason CPA,112,Check,TBD,manual adj,Check sign
07/01/26,COGS,Materials,Home Depot,"3,357",ERP,Alex - FP&A,Posted,Ask owner
09/05/25,Sales,Payroll - sales,Payroll,"3,504",manual Entry,Alex - FP&A,Posted,Vendor invoice late
27-Jan-25,Services,Prof services,Implementation clients,"5,658",cash,M. Chen,,Ask owner
2026-01-04,G&A,Office rent,Landlord,"(6,804)",manual Entry,finance ops,manual adj,
24 Sep-25,Mktg,Events & webinars,Various,"6,395",manual Entry,Andres,manual adj,One-off item
2026-04-18,Services,Prof services,Implementation clients,"8,378",Check,M. Chen,posted,Ask owner
07 Feb-26,Revenue,Subscr. revenue,Corp. clients,"(6,455)",manual Entry,finance ops,late invoice,Timing issue
26 Feb-26,Services,Support tools,Zendesk / Gainsight,"9,771",Check,Erik,,Ask owner
01 Jan-26,Revenue,Product sales,Retail Customer,"2,824",manual Entry,M. Chen,Posted,Timing issue
15-Sep-25,Sales,CRM / RevOps tools,Salesforce / Outreach,481,manual Entry,M. Chen,late invoice,Map to GL 6100
06/04/26,Sales,Payroll - sales,Payroll,"6,887",Pos,Alex - FP&A,posted,Map to GL 6100
2025-06-16,Mktg,Events & webinars,Various,"3,441",cash,finance ops,posted,Map to GL 6100
10 Feb-26,Sales,CRM / RevOps tools,Salesforce / Outreach,"8,857",Pos,Alex - FP&A,Posted,Check sign
06/13/26,R&D,Cloud hosting,AWS / Datadog,"6,064",manual Entry,Erik,late invoice,
06/04/26,Marketing,Events & webinars,Various,"3,271",ERP,M. Chen,Posted,Timing issue
26-Jun-26,Services,Support tools,Zendesk / Gainsight,"9,259",Pos,Andres,,Ask owner
09-Sep-25,Services,Prof services,Implementation clients,"5,026",Check,M. Chen,manual adj,One-off item
11 Dec-25,G&A,Accounting fees,Brandon,"5,439",manual Entry,TBD,needs mapping,
15-Apr-26,Marketing,Google Ads,Google / LinkedIn,"(4,975)",cash,Alex - FP&A,accrual,Ask owner
05/03/26,Sales,Payroll - sales,Payroll,"3,049",cash,Andres,accrual,Vendor invoice late
2026-04-10,Revenue,Subscr. revenue,Retail Customer,"8,602",manual Entry,M. Chen,posted,Map to GL 6100
11-Mar-25,Sales,Sales commission,Payroll,"8,424",Pos,TBD,,Check sign
05/25/25,R&D,AI automation,n8n,"9,424",manual Entry,Andres,Posted,Map to GL 6100
2026-01-20,G&A,Office rent,Landlord,"6,066",manual Entry,Erik,,One-off item
31-Aug-25,Marketing,Events & webinars,Various,"2,655",Pos,finance ops,manual adj,
26 Sep-25,Revenue,Product sales,Corp. clients,"8,537",manual Entry,Erik,accrual,Timing issue
07/05/26,COGS,Payroll - eng,Payroll,"5,030",cash,M. Chen,needs mapping,Check sign
2026-06-19,G&A,Accounting fees,Brandon,"(2,784)",Check,Andres,,Map to GL 6100
01/02/25,R&D,Payroll - eng,Payroll,"(5,074)",cash,Andres,Posted,One-off item
21-Feb-25,Sales,Sales commission,Payroll,"7,259",Check,TBD,needs mapping,Timing issue
2025-09-01,Services,Support tools,Zendesk / Gainsight,"5,545",ERP,,manual adj,Map to GL 6100
2025-04-02,R&D,Payroll - eng,Payroll,"4,820",ERP,finance ops,,Vendor invoice late
2025-12-09,Marketing,Customer appr.,Gift hamper,"8,533",manual Entry,TBD,late invoice,
22 Oct-25,G&A,Office rent,Landlord,"6,046",Pos,Andres,,One-off item
11-Feb-25,G&A,Accounting fees,Brandon,"9,761",ERP,Erik,,Check sign
09-Sep-25,Services,Prof services,Implementation clients,"2,647",Check,Alex - FP&A,Posted,Check sign
26-Feb-25,Mktg,Events & webinars,Various,"2,056",manual Entry,TBD,late invoice,Map to GL 6100
04/03/25,R&D,Cloud hosting,AWS / Datadog,"2,857",ERP,TBD,accrual,Ask owner
29 Oct-25,Mktg,Paid media,Google / LinkedIn,"4,667",ERP,Andres,needs mapping,
02-Mar-25,Services,Support tools,Zendesk / Gainsight,"3,595",Pos,finance ops,accrual,Timing issue
07/15/25,R&D,Cloud hosting,AWS / Datadog,317,ERP,M. Chen,manual adj,Map to GL 6100
13 Nov-25,Revenue,Service,Retail Customer,"6,625",cash,Andres,posted,Timing issue
2026-04-10,Services,Prof services,Implementation clients,"(4,970)",cash,Erik,accrual,Vendor invoice late
17-Jan-25,COGS,Cloud hosting,AWS / Datadog,"1,663",manual Entry,Erik,needs mapping,Map to GL 6100
05-Jun-25,G&A,Office rent,Landlord,"6,925",Pos,Alex - FP&A,needs mapping,Vendor invoice late
07/05/26,Mktg,Events & webinars,Various,"2,292",Pos,TBD,posted,Ask owner
25 Feb-26,R&D,Payroll - eng,Payroll,"2,637",Check,Alex - FP&A,accrual,One-off item
02/21/26,Sales,Sales commission,Payroll,"9,768",Pos,,,Map to GL 6100
15-Mar-26,Sales,Payroll - sales,Payroll,"3,110",Check,Andres,posted,Ask owner
24-Feb-26,Mktg,Events & webinars,Various,"6,302",manual Entry,M. Chen,manual adj,Vendor invoice late
27 Mar-25,COGS,Payroll - eng,Payroll,"4,402",Check,,accrual,One-off item
2025-06-18,COGS,Payroll - eng,Payroll,"4,728",cash,,,Check sign
2025-08-19,Sales,Payroll - sales,Payroll,"9,659",cash,TBD,manual adj,Vendor invoice late
2025-06-18,Mktg,Customer appr.,Amazon gift c.,392,manual Entry,finance ops,manual adj,Check sign
09/12/25,Sales,Payroll - sales,Payroll,"9,298",cash,Andres,Posted,
2026-04-10,Marketing,Google Ads,Google / LinkedIn,"(2,568)",manual Entry,TBD,,Timing issue
06 Feb-25,G&A,Accounting fees,Jason CPA,"5,026",Check,Erik,,Vendor invoice late
2025-04-08,R&D,Cloud hosting,AWS / Datadog,"6,612",Pos,,needs mapping,Map to GL 6100
22-Apr-26,R&D,Payroll - eng,Payroll,"5,378",manual Entry,Andres,posted,Check sign
05/26/25,G&A,Accounting fees,Brandon,"5,034",Check,,late invoice,Timing issue
02/20/25,Marketing,Events & webinars,Various,"9,397",manual Entry,Alex - FP&A,manual adj,Map to GL 6100
25-May-26,Mktg,Customer appr.,Amazon gift c.,"5,895",Check,TBD,,Check sign
02-Mar-25,Sales,CRM / RevOps tools,Salesforce / Outreach,"6,644",manual Entry,TBD,Posted,Ask owner
21 Dec-25,Mktg,Paid media,Google / LinkedIn,"(8,247)",ERP,finance ops,manual adj,Vendor invoice late
2025-11-14,G&A,Legal fees,Europa Law firm,"(8,601)",ERP,TBD,manual adj,Timing issue
02 Jul-25,Services,Support tools,Zendesk / Gainsight,"3,713",cash,TBD,manual adj,Check sign
2025-09-07,COGS,Materials,Walmart,"(4,141)",cash,Andres,accrual,One-off item
04/17/25,COGS,Cloud hosting,AWS / Datadog,"5,739",Check,Alex - FP&A,accrual,Check sign
2025-11-27,COGS,Payroll - eng,Payroll,"(8,836)",Check,Andres,late invoice,Vendor invoice late
06/01/26,R&D,Cloud hosting,AWS / Datadog,"(6,059)",cash,finance ops,,Ask owner
01 Apr-26,R&D,Cloud hosting,AWS / Datadog,"9,785",Check,,accrual,Vendor invoice late
2025-10-15,COGS,Cloud hosting,AWS / Datadog,"8,138",Check,TBD,late invoice,Vendor invoice late
05/15/25,G&A,Office rent,Landlord,"3,630",Pos,Erik,late invoice,Timing issue
03/21/25,Sales,Sales commission,Payroll,"1,397",cash,Alex - FP&A,accrual,Check sign
04-May-26,Sales,Sales commission,Payroll,"8,853",Check,,accrual,Check sign
2026-06-08,G&A,Accounting fees,Jason CPA,"(4,580)",ERP,,posted,Vendor invoice late
2025-01-16,R&D,Cloud hosting,AWS / Datadog,"2,292",Check,TBD,,Ask owner
15-Feb-25,COGS,Materials,Johnsons Supply,"6,975",Check,TBD,Posted,Timing issue
06/04/26,G&A,Office rent,Landlord,865,Check,Alex - FP&A,accrual,Timing issue
04-May-26,COGS,Cloud hosting,AWS / Datadog,"3,232",ERP,finance ops,Posted,Check sign
2025-06-24,Mktg,Events & webinars,Various,"(2,501)",ERP,TBD,manual adj,Map to GL 6100
01/19/26,Mktg,Customer appr.,Amazon gift c.,"6,466",cash,finance ops,,Timing issue
2025-11-30,Marketing,Google Ads,Google / LinkedIn,"(8,489)",Pos,,posted,Ask owner
2025-12-30,Services,Prof services,Implementation clients,"7,748",Check,M. Chen,posted,One-off item
2025-04-10,Sales,CRM / RevOps tools,Salesforce / Outreach,"9,034",manual Entry,finance ops,,Timing issue
16-May-26,Marketing,Paid media,Google / LinkedIn,"6,803",Check,Alex - FP&A,accrual,Vendor invoice late
08/27/25,Sales,Sales commission,Payroll,"9,474",Pos,Andres,late invoice,Timing issue
29-Jul-25,R&D,Cloud hosting,AWS / Datadog,"(3,072)",Pos,M. Chen,manual adj,Vendor invoice late
12/02/25,Marketing,Events & webinars,Various,"5,846",cash,M. Chen,accrual,One-off item
09-Mar-25,COGS,Payroll - eng,Payroll,"1,000",ERP,finance ops,accrual,
27-Mar-26,Marketing,Google Ads,Google / LinkedIn,"1,783",manual Entry,TBD,late invoice,One-off item
2025-04-08,Marketing,Google Ads,Google / LinkedIn,"4,648",cash,,late invoice,Ask owner
05/25/25,Revenue,Service,Retail Customer,"(1,377)",Pos,M. Chen,Posted,Vendor invoice late
22-Apr-26,R&D,AI automation,n8n,"5,548",Pos,finance ops,needs mapping,Timing issue
09-Sep-25,R&D,AI automation,n8n,"(3,109)",ERP,M. Chen,needs mapping,Check sign
22 Jan-26,Mktg,Events & webinars,Various,"7,099",cash,TBD,accrual,Vendor invoice late
2025-02-02,Mktg,Events & webinars,Various,"1,779",cash,Alex - FP&A,needs mapping,
2026-01-17,COGS,Cloud hosting,AWS / Datadog,"1,350",cash,,needs mapping,Ask owner
25-Dec-25,Marketing,Events & webinars,Various,417,cash,,manual adj,One-off item
10 Feb-26,Mktg,Customer appr.,Amazon gift c.,"1,439",Pos,Alex - FP&A,,Check sign
09/19/25,Sales,Sales commission,Payroll,"(5,923)",Check,finance ops,,Timing issue
07 Jul-26,R&D,Cloud hosting,AWS / Datadog,"(7,109)",Check,Alex - FP&A,Posted,Vendor invoice late
09 Nov-25,Marketing,Google Ads,Google / LinkedIn,"6,824",Pos,M. Chen,Posted,One-off item
06/13/26,Marketing,Customer appr.,Soccer Ticket,"1,827",Pos,Andres,late invoice,Map to GL 6100
2025-10-26,G&A,Legal fees,Buchalter,(570),Pos,M. Chen,needs mapping,Check sign
10 Nov-25,Mktg,Paid media,Google / LinkedIn,717,Check,finance ops,accrual,
24-Apr-25,COGS,Cloud hosting,AWS / Datadog,"3,672",manual Entry,finance ops,,
13 Mar-25,R&D,AI automation,n8n,51,ERP,,manual adj,Timing issue
04/27/25,Sales,CRM / RevOps tools,Salesforce / Outreach,"6,722",Check,,,One-off item
02 Jul-25,Services,Support tools,Zendesk / Gainsight,"2,693",Pos,Erik,manual adj,Vendor invoice late
01-Mar-25,COGS,Materials,Johnsons Supply,"1,179",ERP,M. Chen,manual adj,Vendor invoice late
03/31/26,Sales,CRM / RevOps tools,Salesforce / Outreach,"6,215",manual Entry,Andres,manual adj,Vendor invoice late
09-Jul-25,R&D,Cloud hosting,AWS / Datadog,"1,359",Check,Erik,,Vendor invoice late
31-Aug-25,Services,Support tools,Zendesk / Gainsight,"6,460",Pos,finance ops,Posted,Map to GL 6100
2025-09-14,Mktg,Customer appr.,Amazon gift c.,"3,307",Check,,needs mapping,Ask owner
13-Sep-25,Mktg,Customer appr.,Amazon gift c.,"7,881",Check,Andres,,
09/10/25,Revenue,Service,Retail Customer,"(3,860)",manual Entry,finance ops,needs mapping,Timing issue
10 Feb-26,R&D,Cloud hosting,AWS / Datadog,"3,589",ERP,M. Chen,late invoice,Check sign
26-Dec-25,Services,Prof services,Implementation clients,"(4,367)",Pos,M. Chen,accrual,
2025-04-08,Sales,Payroll - sales,Payroll,"(5,789)",Pos,,posted,Check sign
11 Dec-25,Services,Prof services,Implementation clients,"8,500",manual Entry,M. Chen,manual adj,Vendor invoice late
2025-10-08,G&A,Office rent,Landlord,"2,488",cash,M. Chen,accrual,Map to GL 6100
10 Jul-25,Mktg,Events & webinars,Various,319,Pos,M. Chen,posted,
21-Sep-25,G&A,Office rent,Landlord,"7,554",cash,M. Chen,needs mapping,One-off item
2025-05-16,Mktg,Paid media,Google / LinkedIn,"3,782",Check,TBD,accrual,Map to GL 6100
27-Jun-25,Marketing,Google Ads,Google / LinkedIn,"9,901",manual Entry,Alex - FP&A,accrual,Vendor invoice late
12 Jan-25,Revenue,Subscr. revenue,Retail Customer,"(7,729)",manual Entry,Alex - FP&A,needs mapping,Ask owner
03-Dec-25,Revenue,Service,Corp. clients,"7,694",cash,Erik,needs mapping,Vendor invoice late
02/01/26,Sales,CRM / RevOps tools,Salesforce / Outreach,"4,139",cash,TBD,needs mapping,One-off item
2026-05-07,Sales,CRM / RevOps tools,Salesforce / Outreach,"6,213",Pos,,Posted,
2025-07-19,G&A,Legal fees,Europa Law firm,567,Pos,M. Chen,,Map to GL 6100
07/01/26,COGS,Payroll - eng,Payroll,"(2,859)",ERP,Alex - FP&A,posted,Timing issue
26 Feb-26,Sales,Payroll - sales,Payroll,"9,645",Check,TBD,accrual,Timing issue
02/01/26,Sales,Sales commission,Payroll,"6,915",manual Entry,finance ops,manual adj,Timing issue
13 Nov-25,Services,Prof services,Implementation clients,"5,667",cash,Andres,,Check sign
02/01/26,Services,Prof services,Implementation clients,687,Pos,,needs mapping,Map to GL 6100
07/05/26,Revenue,Subscr. revenue,Corp. clients,"2,271",manual Entry,M. Chen,posted,Map to GL 6100
05/22/26,R&D,Cloud hosting,AWS / Datadog,"1,714",cash,Andres,accrual,Timing issue
03/05/25,R&D,Cloud hosting,AWS / Datadog,"(4,343)",manual Entry,finance ops,,Map to GL 6100
02/23/25,Marketing,Events & webinars,Various,"6,167",Pos,Andres,late invoice,Vendor invoice late
23 Jun-26,Sales,CRM / RevOps tools,Salesforce / Outreach,"4,050",Pos,finance ops,Posted,Map to GL 6100
12 Mar-26,Marketing,Paid media,Google / LinkedIn,"4,177",Check,finance ops,posted,
05/22/26,Mktg,Customer appr.,Amazon gift c.,"3,988",ERP,Andres,needs mapping,Check sign
2025-09-07,Services,Prof services,Implementation clients,962,manual Entry,Andres,manual adj,One-off item
06-Jun-26,R&D,Payroll - eng,Payroll,"1,738",Pos,finance ops,,Check sign
2025-08-23,Marketing,Paid media,Google / LinkedIn,"1,518",Check,Erik,,Timing issue
06/01/25,Marketing,Paid media,Google / LinkedIn,"8,720",Check,,,Vendor invoice late
2025-04-21,Revenue,Revenue,Retail Customer,"7,248",manual Entry,Erik,,Timing issue
23-Feb-26,COGS,Materials,Johnsons Supply,"8,828",Check,finance ops,needs mapping,
2025-11-27,COGS,Cloud hosting,AWS / Datadog,873,manual Entry,finance ops,needs mapping,Vendor invoice late
20 Oct-25,Marketing,Google Ads,Google / LinkedIn,"5,595",Pos,Andres,Posted,One-off item
17-Feb-26,Sales,CRM / RevOps tools,Salesforce / Outreach,"5,296",cash,,accrual,Vendor invoice late
05/06/26,COGS,Cloud hosting,AWS / Datadog,"7,187",cash,Andres,posted,Timing issue
03 May-25,Services,Prof services,Implementation clients,"(8,050)",manual Entry,Erik,,Map to GL 6100
03-Dec-25,G&A,Accounting fees,Jason CPA,404,Check,Erik,needs mapping,Vendor invoice late
17 Sep-25,Sales,Sales commission,Payroll,(857),manual Entry,Alex - FP&A,accrual,Vendor invoice late
02/23/25,Sales,Sales commission,Payroll,"5,926",cash,,,One-off item
25 Oct-25,Marketing,Customer appr.,Soccer Ticket,(74),ERP,,Posted,Check sign
17 Mar-25,Marketing,Customer appr.,Soccer Ticket,"9,694",Check,M. Chen,manual adj,Timing issue
04/20/25,Mktg,Paid media,Google / LinkedIn,"8,953",Check,Alex - FP&A,late invoice,Map to GL 6100
06/01/26,COGS,Payroll - eng,Payroll,"3,638",Pos,Andres,,
10 Feb-26,Sales,CRM / RevOps tools,Salesforce / Outreach,"7,546",manual Entry,Andres,Posted,Ask owner
2025-01-15,Marketing,Paid media,Google / LinkedIn,"3,772",ERP,Andres,needs mapping,Check sign
13-Sep-25,R&D,Payroll - eng,Payroll,"9,269",cash,,posted,Check sign
14 Jun-26,COGS,Cloud hosting,AWS / Datadog,"7,519",manual Entry,Erik,late invoice,Timing issue
2025-06-22,Services,Support tools,Zendesk / Gainsight,261,Pos,Erik,needs mapping,Vendor invoice late
2025-12-04,Services,Support tools,Zendesk / Gainsight,"4,067",Pos,Erik,accrual,
16 Nov-25,COGS,Materials,Walmart,"1,090",cash,M. Chen,posted,Timing issue
2025-08-16,Revenue,Revenue,Corp. clients,"2,894",Pos,Alex - FP&A,accrual,Map to GL 6100
